,Timestamp,Prediction,Building 74 - kWh Total Electricity (kWh),1 Step Time Lag,2 Step Time Lag,3 Step Time Lag,4 Step Time Lag
4,2014-01-01 01:30:00,0.0,23.6175,24.95,24.1725,24.665,22.8125
5,2014-01-01 01:45:00,0.0,23.7425,23.6175,24.95,24.1725,24.665
6,2014-01-01 02:00:00,0.0,24.7725,23.7425,23.6175,24.95,24.1725
7,2014-01-01 02:15:00,0.0,23.4475,24.7725,23.7425,23.6175,24.95
8,2014-01-01 02:30:00,0.0,24.4975,23.4475,24.7725,23.7425,23.6175
9,2014-01-01 02:45:00,0.0,24.4175,24.4975,23.4475,24.7725,23.7425
10,2014-01-01 03:00:00,0.0,24.0475,24.4175,24.4975,23.4475,24.7725
11,2014-01-01 03:15:00,0.0,23.085,24.0475,24.4175,24.4975,23.4475
12,2014-01-01 03:30:00,0.0,23.775,23.085,24.0475,24.4175,24.4975
13,2014-01-01 03:45:00,0.0,24.9625,23.775,23.085,24.0475,24.4175
14,2014-01-01 04:00:00,0.0,24.4325,24.9625,23.775,23.085,24.0475
15,2014-01-01 04:15:00,0.0,24.9675,24.4325,24.9625,23.775,23.085
16,2014-01-01 04:30:00,0.0,22.835,24.9675,24.4325,24.9625,23.775
17,2014-01-01 04:45:00,0.0,23.2975,22.835,24.9675,24.4325,24.9625
18,2014-01-01 05:00:00,0.0,23.6625,23.2975,22.835,24.9675,24.4325
19,2014-01-01 05:15:00,0.0,24.4225,23.6625,23.2975,22.835,24.9675
20,2014-01-01 05:30:00,0.0,21.91,24.4225,23.6625,23.2975,22.835
21,2014-01-01 05:45:00,0.0,24.285,21.91,24.4225,23.6625,23.2975
22,2014-01-01 06:00:00,0.0,25.43,24.285,21.91,24.4225,23.6625
23,2014-01-01 06:15:00,0.0,28.485,25.43,24.285,21.91,24.4225
24,2014-01-01 06:30:00,0.0,29.5975,28.485,25.43,24.285,21.91
25,2014-01-01 06:45:00,0.0,28.3825,29.5975,28.485,25.43,24.285
26,2014-01-01 07:00:00,0.0,26.8075,28.3825,29.5975,28.485,25.43
27,2014-01-01 07:15:00,0.0,27.91,26.8075,28.3825,29.5975,28.485
28,2014-01-01 07:30:00,0.0,24.0575,27.91,26.8075,28.3825,29.5975
29,2014-01-01 07:45:00,0.0,27.73,24.0575,27.91,26.8075,28.3825
30,2014-01-01 08:00:00,0.0,27.0,27.73,24.0575,27.91,26.8075
31,2014-01-01 08:15:00,0.0,23.1375,27.0,27.73,24.0575,27.91
32,2014-01-01 08:30:00,0.0,25.1075,23.1375,27.0,27.73,24.0575
33,2014-01-01 08:45:00,0.0,25.8025,25.1075,23.1375,27.0,27.73
34,2014-01-01 09:00:00,0.0,25.06,25.8025,25.1075,23.1375,27.0
35,2014-01-01 09:15:00,0.0,26.28,25.06,25.8025,25.1075,23.1375
36,2014-01-01 09:30:00,0.0,25.925,26.28,25.06,25.8025,25.1075
37,2014-01-01 09:45:00,0.0,24.61,25.925,26.28,25.06,25.8025
38,2014-01-01 10:00:00,0.0,24.9825,24.61,25.925,26.28,25.06
39,2014-01-01 10:15:00,0.0,22.2525,24.9825,24.61,25.925,26.28
40,2014-01-01 10:30:00,0.0,25.0875,22.2525,24.9825,24.61,25.925
41,2014-01-01 10:45:00,0.0,25.4825,25.0875,22.2525,24.9825,24.61
42,2014-01-01 11:00:00,0.0,22.925,25.4825,25.0875,22.2525,24.9825
43,2014-01-01 11:15:00,0.0,25.445,22.925,25.4825,25.0875,22.2525
44,2014-01-01 11:30:00,0.0,24.8875,25.445,22.925,25.4825,25.0875
45,2014-01-01 11:45:00,0.0,24.8825,24.8875,25.445,22.925,25.4825
46,2014-01-01 12:00:00,0.0,24.02,24.8825,24.8875,25.445,22.925
47,2014-01-01 12:15:00,0.0,25.7,24.02,24.8825,24.8875,25.445
48,2014-01-01 12:30:00,0.0,26.5425,25.7,24.02,24.8825,24.8875
49,2014-01-01 12:45:00,0.0,25.5625,26.5425,25.7,24.02,24.8825
50,2014-01-01 13:00:00,0.0,26.1475,25.5625,26.5425,25.7,24.02
51,2014-01-01 13:15:00,0.0,24.935,26.1475,25.5625,26.5425,25.7
52,2014-01-01 13:30:00,0.0,24.165,24.935,26.1475,25.5625,26.5425
53,2014-01-01 13:45:00,0.0,23.225,24.165,24.935,26.1475,25.5625
54,2014-01-01 14:00:00,0.0,25.1675,23.225,24.165,24.935,26.1475
55,2014-01-01 14:15:00,0.0,23.135,25.1675,23.225,24.165,24.935
56,2014-01-01 14:30:00,0.0,25.385,23.135,25.1675,23.225,24.165
57,2014-01-01 14:45:00,0.0,26.2875,25.385,23.135,25.1675,23.225
58,2014-01-01 15:00:00,0.0,23.7575,26.2875,25.385,23.135,25.1675
59,2014-01-01 15:15:00,0.0,24.695,23.7575,26.2875,25.385,23.135
60,2014-01-01 15:30:00,0.0,22.01,24.695,23.7575,26.2875,25.385
61,2014-01-01 15:45:00,0.0,23.8125,22.01,24.695,23.7575,26.2875
62,2014-01-01 16:00:00,0.0,23.6225,23.8125,22.01,24.695,23.7575
63,2014-01-01 16:15:00,0.0,24.575,23.6225,23.8125,22.01,24.695
64,2014-01-01 16:30:00,0.0,23.795,24.575,23.6225,23.8125,22.01
65,2014-01-01 16:45:00,0.0,25.895,23.795,24.575,23.6225,23.8125
66,2014-01-01 17:00:00,0.0,24.6225,25.895,23.795,24.575,23.6225
67,2014-01-01 17:15:00,0.0,24.65,24.6225,25.895,23.795,24.575
68,2014-01-01 17:30:00,0.0,25.88,24.65,24.6225,25.895,23.795
69,2014-01-01 17:45:00,0.0,25.3825,25.88,24.65,24.6225,25.895
70,2014-01-01 18:00:00,0.0,26.23,25.3825,25.88,24.65,24.6225
71,2014-01-01 18:15:00,0.0,25.645,26.23,25.3825,25.88,24.65
72,2014-01-01 18:30:00,0.0,25.295,25.645,26.23,25.3825,25.88
73,2014-01-01 18:45:00,0.0,24.7225,25.295,25.645,26.23,25.3825
74,2014-01-01 19:00:00,0.0,24.18,24.7225,25.295,25.645,26.23
75,2014-01-01 19:15:00,0.0,22.6425,24.18,24.7225,25.295,25.645
76,2014-01-01 19:30:00,0.0,22.885,22.6425,24.18,24.7225,25.295
77,2014-01-01 19:45:00,0.0,25.5725,22.885,22.6425,24.18,24.7225
78,2014-01-01 20:00:00,0.0,26.6625,25.5725,22.885,22.6425,24.18
79,2014-01-01 20:15:00,0.0,24.8875,26.6625,25.5725,22.885,22.6425
80,2014-01-01 20:30:00,0.0,24.3025,24.8875,26.6625,25.5725,22.885
81,2014-01-01 20:45:00,0.0,25.105,24.3025,24.8875,26.6625,25.5725
82,2014-01-01 21:00:00,0.0,24.3775,25.105,24.3025,24.8875,26.6625
83,2014-01-01 21:15:00,0.0,25.24,24.3775,25.105,24.3025,24.8875
84,2014-01-01 21:30:00,0.0,25.26,25.24,24.3775,25.105,24.3025
85,2014-01-01 21:45:00,0.0,26.09,25.26,25.24,24.3775,25.105
86,2014-01-01 22:00:00,0.0,24.97,26.09,25.26,25.24,24.3775
87,2014-01-01 22:15:00,0.0,22.9475,24.97,26.09,25.26,25.24
88,2014-01-01 22:30:00,0.0,23.4125,22.9475,24.97,26.09,25.26
89,2014-01-01 22:45:00,0.0,24.5125,23.4125,22.9475,24.97,26.09
90,2014-01-01 23:00:00,0.0,23.82,24.5125,23.4125,22.9475,24.97
91,2014-01-01 23:15:00,0.0,25.6825,23.82,24.5125,23.4125,22.9475
92,2014-01-01 23:30:00,0.0,23.0175,25.6825,23.82,24.5125,23.4125
93,2014-01-01 23:45:00,0.0,24.42,23.0175,25.6825,23.82,24.5125
94,2014-01-02 00:00:00,0.0,23.255,24.42,23.0175,25.6825,23.82
95,2014-01-02 00:15:00,0.0,22.455,23.255,24.42,23.0175,25.6825
96,2014-01-02 00:30:00,0.0,23.3625,22.455,23.255,24.42,23.0175
97,2014-01-02 00:45:00,0.0,24.9425,23.3625,22.455,23.255,24.42
98,2014-01-02 01:00:00,0.0,24.44,24.9425,23.3625,22.455,23.255
99,2014-01-02 01:15:00,0.0,23.2275,24.44,24.9425,23.3625,22.455
100,2014-01-02 01:30:00,0.0,23.2275,23.2275,24.44,24.9425,23.3625
101,2014-01-02 01:45:00,0.0,21.64,23.2275,23.2275,24.44,24.9425
102,2014-01-02 02:00:00,0.0,24.2075,21.64,23.2275,23.2275,24.44
103,2014-01-02 02:15:00,0.0,21.9825,24.2075,21.64,23.2275,23.2275
104,2014-01-02 02:30:00,0.0,25.0175,21.9825,24.2075,21.64,23.2275
105,2014-01-02 02:45:00,0.0,24.665,25.0175,21.9825,24.2075,21.64
106,2014-01-02 03:00:00,0.0,23.2375,24.665,25.0175,21.9825,24.2075
107,2014-01-02 03:15:00,0.0,23.175,23.2375,24.665,25.0175,21.9825
108,2014-01-02 03:30:00,0.0,24.1625,23.175,23.2375,24.665,25.0175
109,2014-01-02 03:45:00,0.0,24.88,24.1625,23.175,23.2375,24.665
110,2014-01-02 04:00:00,0.0,25.7725,24.88,24.1625,23.175,23.2375
111,2014-01-02 04:15:00,0.0,22.43,25.7725,24.88,24.1625,23.175
112,2014-01-02 04:30:00,0.0,22.125,22.43,25.7725,24.88,24.1625
113,2014-01-02 04:45:00,0.0,24.2825,22.125,22.43,25.7725,24.88
114,2014-01-02 05:00:00,0.0,23.7775,24.2825,22.125,22.43,25.7725
115,2014-01-02 05:15:00,0.0,24.035,23.7775,24.2825,22.125,22.43
116,2014-01-02 05:30:00,0.0,21.94,24.035,23.7775,24.2825,22.125
117,2014-01-02 05:45:00,0.0,26.43,21.94,24.035,23.7775,24.2825
118,2014-01-02 06:00:00,0.0,25.345,26.43,21.94,24.035,23.7775
119,2014-01-02 06:15:00,0.0,27.17,25.345,26.43,21.94,24.035
120,2014-01-02 06:30:00,0.0,29.195,27.17,25.345,26.43,21.94
121,2014-01-02 06:45:00,0.0,29.055,29.195,27.17,25.345,26.43
122,2014-01-02 07:00:00,0.0,28.1225,29.055,29.195,27.17,25.345
123,2014-01-02 07:15:00,0.0,28.645,28.1225,29.055,29.195,27.17
124,2014-01-02 07:30:00,0.0,29.8625,28.645,28.1225,29.055,29.195
125,2014-01-02 07:45:00,0.0,27.425,29.8625,28.645,28.1225,29.055
126,2014-01-02 08:00:00,0.0,27.8775,27.425,29.8625,28.645,28.1225
127,2014-01-02 08:15:00,0.0,27.51,27.8775,27.425,29.8625,28.645
128,2014-01-02 08:30:00,0.0,27.4625,27.51,27.8775,27.425,29.8625
129,2014-01-02 08:45:00,0.0,31.1975,27.4625,27.51,27.8775,27.425
130,2014-01-02 09:00:00,0.0,29.515,31.1975,27.4625,27.51,27.8775
131,2014-01-02 09:15:00,0.0,28.475,29.515,31.1975,27.4625,27.51
132,2014-01-02 09:30:00,0.0,30.565,28.475,29.515,31.1975,27.4625
133,2014-01-02 09:45:00,0.0,30.7075,30.565,28.475,29.515,31.1975
134,2014-01-02 10:00:00,0.0,30.3475,30.7075,30.565,28.475,29.515
135,2014-01-02 10:15:00,0.0,30.03,30.3475,30.7075,30.565,28.475
136,2014-01-02 10:30:00,0.0,29.165,30.03,30.3475,30.7075,30.565
137,2014-01-02 10:45:00,0.0,32.09,29.165,30.03,30.3475,30.7075
138,2014-01-02 11:00:00,0.0,30.1875,32.09,29.165,30.03,30.3475
139,2014-01-02 11:15:00,0.0,32.1325,30.1875,32.09,29.165,30.03
140,2014-01-02 11:30:00,0.0,32.135,32.1325,30.1875,32.09,29.165
141,2014-01-02 11:45:00,0.0,33.5025,32.135,32.1325,30.1875,32.09
142,2014-01-02 12:00:00,0.0,31.05,33.5025,32.135,32.1325,30.1875
143,2014-01-02 12:15:00,0.0,29.8875,31.05,33.5025,32.135,32.1325
144,2014-01-02 12:30:00,0.0,32.8875,29.8875,31.05,33.5025,32.135
145,2014-01-02 12:45:00,0.0,31.765,32.8875,29.8875,31.05,33.5025
146,2014-01-02 13:00:00,0.0,30.235,31.765,32.8875,29.8875,31.05
147,2014-01-02 13:15:00,0.0,28.8875,30.235,31.765,32.8875,29.8875
148,2014-01-02 13:30:00,0.0,29.15,28.8875,30.235,31.765,32.8875
149,2014-01-02 13:45:00,0.0,33.755,29.15,28.8875,30.235,31.765
150,2014-01-02 14:00:00,0.0,35.9925,33.755,29.15,28.8875,30.235
151,2014-01-02 14:15:00,0.0,34.5375,35.9925,33.755,29.15,28.8875
152,2014-01-02 14:30:00,0.0,34.91,34.5375,35.9925,33.755,29.15
153,2014-01-02 14:45:00,0.0,35.8275,34.91,34.5375,35.9925,33.755
154,2014-01-02 15:00:00,0.0,32.4625,35.8275,34.91,34.5375,35.9925
155,2014-01-02 15:15:00,0.0,32.62,32.4625,35.8275,34.91,34.5375
156,2014-01-02 15:30:00,0.0,30.5725,32.62,32.4625,35.8275,34.91
157,2014-01-02 15:45:00,0.0,29.9825,30.5725,32.62,32.4625,35.8275
158,2014-01-02 16:00:00,0.0,31.3125,29.9825,30.5725,32.62,32.4625
159,2014-01-02 16:15:00,0.0,28.6425,31.3125,29.9825,30.5725,32.62
160,2014-01-02 16:30:00,0.0,31.6575,28.6425,31.3125,29.9825,30.5725
161,2014-01-02 16:45:00,0.0,32.7125,31.6575,28.6425,31.3125,29.9825
162,2014-01-02 17:00:00,0.0,32.115,32.7125,31.6575,28.6425,31.3125
163,2014-01-02 17:15:00,0.0,31.6575,32.115,32.7125,31.6575,28.6425
164,2014-01-02 17:30:00,0.0,29.3325,31.6575,32.115,32.7125,31.6575
165,2014-01-02 17:45:00,0.0,30.6825,29.3325,31.6575,32.115,32.7125
166,2014-01-02 18:00:00,0.0,27.7225,30.6825,29.3325,31.6575,32.115
167,2014-01-02 18:15:00,0.0,26.4125,27.7225,30.6825,29.3325,31.6575
168,2014-01-02 18:30:00,0.0,28.1875,26.4125,27.7225,30.6825,29.3325
169,2014-01-02 18:45:00,0.0,28.8125,28.1875,26.4125,27.7225,30.6825
170,2014-01-02 19:00:00,0.0,28.6175,28.8125,28.1875,26.4125,27.7225
171,2014-01-02 19:15:00,0.0,26.9625,28.6175,28.8125,28.1875,26.4125
172,2014-01-02 19:30:00,0.0,25.08,26.9625,28.6175,28.8125,28.1875
173,2014-01-02 19:45:00,0.0,27.845,25.08,26.9625,28.6175,28.8125
174,2014-01-02 20:00:00,0.0,27.6475,27.845,25.08,26.9625,28.6175
175,2014-01-02 20:15:00,0.0,24.17,27.6475,27.845,25.08,26.9625
176,2014-01-02 20:30:00,0.0,26.9075,24.17,27.6475,27.845,25.08
177,2014-01-02 20:45:00,0.0,29.355,26.9075,24.17,27.6475,27.845
178,2014-01-02 21:00:00,0.0,26.93,29.355,26.9075,24.17,27.6475
179,2014-01-02 21:15:00,0.0,24.5625,26.93,29.355,26.9075,24.17
180,2014-01-02 21:30:00,0.0,25.5725,24.5625,26.93,29.355,26.9075
181,2014-01-02 21:45:00,0.0,26.0375,25.5725,24.5625,26.93,29.355
182,2014-01-02 22:00:00,0.0,26.2675,26.0375,25.5725,24.5625,26.93
183,2014-01-02 22:15:00,0.0,24.6475,26.2675,26.0375,25.5725,24.5625
184,2014-01-02 22:30:00,0.0,26.11,24.6475,26.2675,26.0375,25.5725
185,2014-01-02 22:45:00,0.0,24.8375,26.11,24.6475,26.2675,26.0375
186,2014-01-02 23:00:00,0.0,22.7725,24.8375,26.11,24.6475,26.2675
187,2014-01-02 23:15:00,0.0,23.9475,22.7725,24.8375,26.11,24.6475
188,2014-01-02 23:30:00,0.0,23.8775,23.9475,22.7725,24.8375,26.11
189,2014-01-02 23:45:00,0.0,24.245,23.8775,23.9475,22.7725,24.8375
190,2014-01-03 00:00:00,0.0,22.955,24.245,23.8775,23.9475,22.7725
191,2014-01-03 00:15:00,0.0,24.66,22.955,24.245,23.8775,23.9475
192,2014-01-03 00:30:00,0.0,23.1775,24.66,22.955,24.245,23.8775
193,2014-01-03 00:45:00,0.0,22.47,23.1775,24.66,22.955,24.245
194,2014-01-03 01:00:00,0.0,23.105,22.47,23.1775,24.66,22.955
195,2014-01-03 01:15:00,0.0,21.555,23.105,22.47,23.1775,24.66
196,2014-01-03 01:30:00,0.0,23.905,21.555,23.105,22.47,23.1775
197,2014-01-03 01:45:00,0.0,25.2675,23.905,21.555,23.105,22.47
198,2014-01-03 02:00:00,0.0,24.405,25.2675,23.905,21.555,23.105
199,2014-01-03 02:15:00,0.0,23.1575,24.405,25.2675,23.905,21.555
200,2014-01-03 02:30:00,0.0,23.6175,23.1575,24.405,25.2675,23.905
201,2014-01-03 02:45:00,0.0,25.3625,23.6175,23.1575,24.405,25.2675
202,2014-01-03 03:00:00,0.0,22.4225,25.3625,23.6175,23.1575,24.405
203,2014-01-03 03:15:00,0.0,22.9625,22.4225,25.3625,23.6175,23.1575
204,2014-01-03 03:30:00,0.0,24.305,22.9625,22.4225,25.3625,23.6175
205,2014-01-03 03:45:00,0.0,23.4075,24.305,22.9625,22.4225,25.3625
206,2014-01-03 04:00:00,0.0,25.57,23.4075,24.305,22.9625,22.4225
207,2014-01-03 04:15:00,0.0,23.1925,25.57,23.4075,24.305,22.9625
208,2014-01-03 04:30:00,0.0,25.32,23.1925,25.57,23.4075,24.305
209,2014-01-03 04:45:00,0.0,25.0075,25.32,23.1925,25.57,23.4075
210,2014-01-03 05:00:00,0.0,25.295,25.0075,25.32,23.1925,25.57
211,2014-01-03 05:15:00,0.0,25.8475,25.295,25.0075,25.32,23.1925
212,2014-01-03 05:30:00,0.0,24.795,25.8475,25.295,25.0075,25.32
213,2014-01-03 05:45:00,0.0,25.555,24.795,25.8475,25.295,25.0075
214,2014-01-03 06:00:00,0.0,25.53,25.555,24.795,25.8475,25.295
215,2014-01-03 06:15:00,0.0,28.7975,25.53,25.555,24.795,25.8475
216,2014-01-03 06:30:00,0.0,31.2775,28.7975,25.53,25.555,24.795
217,2014-01-03 06:45:00,0.0,27.965,31.2775,28.7975,25.53,25.555
218,2014-01-03 07:00:00,0.0,28.045,27.965,31.2775,28.7975,25.53
219,2014-01-03 07:15:00,0.0,26.8075,28.045,27.965,31.2775,28.7975
220,2014-01-03 07:30:00,0.0,27.325,26.8075,28.045,27.965,31.2775
221,2014-01-03 07:45:00,0.0,29.5875,27.325,26.8075,28.045,27.965
222,2014-01-03 08:00:00,0.0,28.49,29.5875,27.325,26.8075,28.045
223,2014-01-03 08:15:00,0.0,29.115,28.49,29.5875,27.325,26.8075
224,2014-01-03 08:30:00,0.0,29.1375,29.115,28.49,29.5875,27.325
225,2014-01-03 08:45:00,0.0,26.99,29.1375,29.115,28.49,29.5875
226,2014-01-03 09:00:00,0.0,29.41,26.99,29.1375,29.115,28.49
227,2014-01-03 09:15:00,0.0,29.0675,29.41,26.99,29.1375,29.115
228,2014-01-03 09:30:00,0.0,27.2625,29.0675,29.41,26.99,29.1375
229,2014-01-03 09:45:00,0.0,30.035,27.2625,29.0675,29.41,26.99
230,2014-01-03 10:00:00,0.0,32.485,30.035,27.2625,29.0675,29.41
231,2014-01-03 10:15:00,0.0,29.34,32.485,30.035,27.2625,29.0675
232,2014-01-03 10:30:00,0.0,30.6775,29.34,32.485,30.035,27.2625
233,2014-01-03 10:45:00,0.0,31.415,30.6775,29.34,32.485,30.035
234,2014-01-03 11:00:00,0.0,29.89,31.415,30.6775,29.34,32.485
235,2014-01-03 11:15:00,0.0,28.85,29.89,31.415,30.6775,29.34
236,2014-01-03 11:30:00,0.0,31.2475,28.85,29.89,31.415,30.6775
237,2014-01-03 11:45:00,0.0,30.895,31.2475,28.85,29.89,31.415
238,2014-01-03 12:00:00,0.0,33.3125,30.895,31.2475,28.85,29.89
239,2014-01-03 12:15:00,0.0,30.56,33.3125,30.895,31.2475,28.85
240,2014-01-03 12:30:00,0.0,30.9075,30.56,33.3125,30.895,31.2475
241,2014-01-03 12:45:00,0.0,32.5075,30.9075,30.56,33.3125,30.895
242,2014-01-03 13:00:00,0.0,30.5975,32.5075,30.9075,30.56,33.3125
243,2014-01-03 13:15:00,0.0,34.06,30.5975,32.5075,30.9075,30.56
244,2014-01-03 13:30:00,0.0,34.6175,34.06,30.5975,32.5075,30.9075
245,2014-01-03 13:45:00,0.0,34.8725,34.6175,34.06,30.5975,32.5075
246,2014-01-03 14:00:00,0.0,32.715,34.8725,34.6175,34.06,30.5975
247,2014-01-03 14:15:00,0.0,35.38,32.715,34.8725,34.6175,34.06
248,2014-01-03 14:30:00,0.0,33.205,35.38,32.715,34.8725,34.6175
249,2014-01-03 14:45:00,0.0,35.5225,33.205,35.38,32.715,34.8725
250,2014-01-03 15:00:00,0.0,33.8725,35.5225,33.205,35.38,32.715
251,2014-01-03 15:15:00,0.0,33.5275,33.8725,35.5225,33.205,35.38
252,2014-01-03 15:30:00,0.0,34.1475,33.5275,33.8725,35.5225,33.205
253,2014-01-03 15:45:00,0.0,33.1,34.1475,33.5275,33.8725,35.5225
254,2014-01-03 16:00:00,0.0,31.1425,33.1,34.1475,33.5275,33.8725
255,2014-01-03 16:15:00,0.0,30.3375,31.1425,33.1,34.1475,33.5275
256,2014-01-03 16:30:00,0.0,30.525,30.3375,31.1425,33.1,34.1475
257,2014-01-03 16:45:00,0.0,31.83,30.525,30.3375,31.1425,33.1
258,2014-01-03 17:00:00,0.0,29.165,31.83,30.525,30.3375,31.1425
259,2014-01-03 17:15:00,0.0,28.875,29.165,31.83,30.525,30.3375
260,2014-01-03 17:30:00,0.0,29.565,28.875,29.165,31.83,30.525
261,2014-01-03 17:45:00,0.0,32.09,29.565,28.875,29.165,31.83
262,2014-01-03 18:00:00,0.0,28.7075,32.09,29.565,28.875,29.165
263,2014-01-03 18:15:00,0.0,28.0975,28.7075,32.09,29.565,28.875
264,2014-01-03 18:30:00,0.0,25.835,28.0975,28.7075,32.09,29.565
265,2014-01-03 18:45:00,0.0,25.28,25.835,28.0975,28.7075,32.09
266,2014-01-03 19:00:00,0.0,26.625,25.28,25.835,28.0975,28.7075
267,2014-01-03 19:15:00,0.0,26.5775,26.625,25.28,25.835,28.0975
268,2014-01-03 19:30:00,0.0,27.06,26.5775,26.625,25.28,25.835
269,2014-01-03 19:45:00,0.0,25.465,27.06,26.5775,26.625,25.28
270,2014-01-03 20:00:00,0.0,27.445,25.465,27.06,26.5775,26.625
271,2014-01-03 20:15:00,0.0,25.1775,27.445,25.465,27.06,26.5775
272,2014-01-03 20:30:00,0.0,26.0775,25.1775,27.445,25.465,27.06
273,2014-01-03 20:45:00,0.0,27.6175,26.0775,25.1775,27.445,25.465
274,2014-01-03 21:00:00,0.0,25.925,27.6175,26.0775,25.1775,27.445
275,2014-01-03 21:15:00,0.0,26.3475,25.925,27.6175,26.0775,25.1775
276,2014-01-03 21:30:00,0.0,26.37,26.3475,25.925,27.6175,26.0775
277,2014-01-03 21:45:00,0.0,26.08,26.37,26.3475,25.925,27.6175
278,2014-01-03 22:00:00,0.0,23.8525,26.08,26.37,26.3475,25.925
279,2014-01-03 22:15:00,0.0,24.68,23.8525,26.08,26.37,26.3475
280,2014-01-03 22:30:00,0.0,23.83,24.68,23.8525,26.08,26.37
281,2014-01-03 22:45:00,0.0,24.11,23.83,24.68,23.8525,26.08
282,2014-01-03 23:00:00,0.0,24.6625,24.11,23.83,24.68,23.8525
283,2014-01-03 23:15:00,0.0,23.875,24.6625,24.11,23.83,24.68
284,2014-01-03 23:30:00,0.0,23.34,23.875,24.6625,24.11,23.83
285,2014-01-03 23:45:00,0.0,24.5925,23.34,23.875,24.6625,24.11
286,2014-01-04 00:00:00,0.0,25.095,24.5925,23.34,23.875,24.6625
287,2014-01-04 00:15:00,0.0,25.025,25.095,24.5925,23.34,23.875
288,2014-01-04 00:30:00,0.0,24.1275,25.025,25.095,24.5925,23.34
289,2014-01-04 00:45:00,0.0,24.5775,24.1275,25.025,25.095,24.5925
290,2014-01-04 01:00:00,0.0,23.87,24.5775,24.1275,25.025,25.095
291,2014-01-04 01:15:00,0.0,23.7125,23.87,24.5775,24.1275,25.025
292,2014-01-04 01:30:00,0.0,24.5175,23.7125,23.87,24.5775,24.1275
293,2014-01-04 01:45:00,0.0,25.835,24.5175,23.7125,23.87,24.5775
294,2014-01-04 02:00:00,0.0,25.255,25.835,24.5175,23.7125,23.87
295,2014-01-04 02:15:00,0.0,23.95,25.255,25.835,24.5175,23.7125
296,2014-01-04 02:30:00,0.0,24.21,23.95,25.255,25.835,24.5175
297,2014-01-04 02:45:00,0.0,24.835,24.21,23.95,25.255,25.835
298,2014-01-04 03:00:00,0.0,23.7125,24.835,24.21,23.95,25.255
299,2014-01-04 03:15:00,0.0,25.1925,23.7125,24.835,24.21,23.95
300,2014-01-04 03:30:00,0.0,24.15,25.1925,23.7125,24.835,24.21
301,2014-01-04 03:45:00,0.0,23.3425,24.15,25.1925,23.7125,24.835
302,2014-01-04 04:00:00,0.0,25.23,23.3425,24.15,25.1925,23.7125
303,2014-01-04 04:15:00,0.0,23.7475,25.23,23.3425,24.15,25.1925
304,2014-01-04 04:30:00,0.0,24.5575,23.7475,25.23,23.3425,24.15
305,2014-01-04 04:45:00,0.0,23.545,24.5575,23.7475,25.23,23.3425
306,2014-01-04 05:00:00,0.0,25.17,23.545,24.5575,23.7475,25.23
307,2014-01-04 05:15:00,0.0,24.9375,25.17,23.545,24.5575,23.7475
308,2014-01-04 05:30:00,0.0,24.8625,24.9375,25.17,23.545,24.5575
309,2014-01-04 05:45:00,0.0,23.1775,24.8625,24.9375,25.17,23.545
310,2014-01-04 06:00:00,0.0,23.89,23.1775,24.8625,24.9375,25.17
311,2014-01-04 06:15:00,0.0,25.7625,23.89,23.1775,24.8625,24.9375
312,2014-01-04 06:30:00,0.0,24.4225,25.7625,23.89,23.1775,24.8625
313,2014-01-04 06:45:00,0.0,26.6525,24.4225,25.7625,23.89,23.1775
314,2014-01-04 07:00:00,0.0,27.5275,26.6525,24.4225,25.7625,23.89
315,2014-01-04 07:15:00,0.0,26.565,27.5275,26.6525,24.4225,25.7625
316,2014-01-04 07:30:00,0.0,25.8675,26.565,27.5275,26.6525,24.4225
317,2014-01-04 07:45:00,0.0,26.2425,25.8675,26.565,27.5275,26.6525
318,2014-01-04 08:00:00,0.0,24.6875,26.2425,25.8675,26.565,27.5275
319,2014-01-04 08:15:00,0.0,26.085,24.6875,26.2425,25.8675,26.565
320,2014-01-04 08:30:00,0.0,24.9975,26.085,24.6875,26.2425,25.8675
321,2014-01-04 08:45:00,0.0,27.33,24.9975,26.085,24.6875,26.2425
322,2014-01-04 09:00:00,0.0,25.37,27.33,24.9975,26.085,24.6875
323,2014-01-04 09:15:00,0.0,24.665,25.37,27.33,24.9975,26.085
324,2014-01-04 09:30:00,0.0,23.9425,24.665,25.37,27.33,24.9975
325,2014-01-04 09:45:00,0.0,26.07,23.9425,24.665,25.37,27.33
326,2014-01-04 10:00:00,0.0,22.735,26.07,23.9425,24.665,25.37
327,2014-01-04 10:15:00,0.0,27.015,22.735,26.07,23.9425,24.665
328,2014-01-04 10:30:00,0.0,25.8025,27.015,22.735,26.07,23.9425
329,2014-01-04 10:45:00,0.0,25.8925,25.8025,27.015,22.735,26.07
330,2014-01-04 11:00:00,0.0,25.635,25.8925,25.8025,27.015,22.735
331,2014-01-04 11:15:00,0.0,24.9975,25.635,25.8925,25.8025,27.015
332,2014-01-04 11:30:00,0.0,23.8675,24.9975,25.635,25.8925,25.8025
333,2014-01-04 11:45:00,0.0,23.5525,23.8675,24.9975,25.635,25.8925
334,2014-01-04 12:00:00,0.0,23.2325,23.5525,23.8675,24.9975,25.635
335,2014-01-04 12:15:00,0.0,24.9425,23.2325,23.5525,23.8675,24.9975
336,2014-01-04 12:30:00,0.0,25.4225,24.9425,23.2325,23.5525,23.8675
337,2014-01-04 12:45:00,0.0,22.805,25.4225,24.9425,23.2325,23.5525
338,2014-01-04 13:00:00,0.0,25.955,22.805,25.4225,24.9425,23.2325
339,2014-01-04 13:15:00,0.0,24.0275,25.955,22.805,25.4225,24.9425
340,2014-01-04 13:30:00,0.0,24.7275,24.0275,25.955,22.805,25.4225
341,2014-01-04 13:45:00,0.0,25.9425,24.7275,24.0275,25.955,22.805
342,2014-01-04 14:00:00,0.0,23.5775,25.9425,24.7275,24.0275,25.955
343,2014-01-04 14:15:00,0.0,24.845,23.5775,25.9425,24.7275,24.0275
344,2014-01-04 14:30:00,0.0,22.7,24.845,23.5775,25.9425,24.7275
345,2014-01-04 14:45:00,0.0,26.2675,22.7,24.845,23.5775,25.9425
346,2014-01-04 15:00:00,0.0,26.755,26.2675,22.7,24.845,23.5775
347,2014-01-04 15:15:00,0.0,23.515,26.755,26.2675,22.7,24.845
348,2014-01-04 15:30:00,0.0,23.165,23.515,26.755,26.2675,22.7
349,2014-01-04 15:45:00,0.0,27.7875,23.165,23.515,26.755,26.2675
350,2014-01-04 16:00:00,0.0,26.3075,27.7875,23.165,23.515,26.755
351,2014-01-04 16:15:00,0.0,24.8575,26.3075,27.7875,23.165,23.515
352,2014-01-04 16:30:00,0.0,25.3375,24.8575,26.3075,27.7875,23.165
353,2014-01-04 16:45:00,0.0,24.8525,25.3375,24.8575,26.3075,27.7875
354,2014-01-04 17:00:00,0.0,25.0025,24.8525,25.3375,24.8575,26.3075
355,2014-01-04 17:15:00,0.0,25.125,25.0025,24.8525,25.3375,24.8575
356,2014-01-04 17:30:00,0.0,25.565,25.125,25.0025,24.8525,25.3375
357,2014-01-04 17:45:00,0.0,26.1325,25.565,25.125,25.0025,24.8525
358,2014-01-04 18:00:00,0.0,26.02,26.1325,25.565,25.125,25.0025
359,2014-01-04 18:15:00,0.0,25.565,26.02,26.1325,25.565,25.125
360,2014-01-04 18:30:00,0.0,25.7325,25.565,26.02,26.1325,25.565
361,2014-01-04 18:45:00,0.0,25.4575,25.7325,25.565,26.02,26.1325
362,2014-01-04 19:00:00,0.0,25.73,25.4575,25.7325,25.565,26.02
363,2014-01-04 19:15:00,0.0,25.825,25.73,25.4575,25.7325,25.565
364,2014-01-04 19:30:00,0.0,25.9675,25.825,25.73,25.4575,25.7325
365,2014-01-04 19:45:00,0.0,27.055,25.9675,25.825,25.73,25.4575
366,2014-01-04 20:00:00,0.0,24.3875,27.055,25.9675,25.825,25.73
367,2014-01-04 20:15:00,0.0,25.3775,24.3875,27.055,25.9675,25.825
368,2014-01-04 20:30:00,0.0,24.9575,25.3775,24.3875,27.055,25.9675
369,2014-01-04 20:45:00,0.0,26.1625,24.9575,25.3775,24.3875,27.055
370,2014-01-04 21:00:00,0.0,25.0675,26.1625,24.9575,25.3775,24.3875
371,2014-01-04 21:15:00,0.0,26.24,25.0675,26.1625,24.9575,25.3775
372,2014-01-04 21:30:00,0.0,25.06,26.24,25.0675,26.1625,24.9575
373,2014-01-04 21:45:00,0.0,26.5975,25.06,26.24,25.0675,26.1625
374,2014-01-04 22:00:00,0.0,25.3625,26.5975,25.06,26.24,25.0675
375,2014-01-04 22:15:00,0.0,23.9575,25.3625,26.5975,25.06,26.24
376,2014-01-04 22:30:00,0.0,24.105,23.9575,25.3625,26.5975,25.06
377,2014-01-04 22:45:00,0.0,24.37,24.105,23.9575,25.3625,26.5975
378,2014-01-04 23:00:00,0.0,25.39,24.37,24.105,23.9575,25.3625
379,2014-01-04 23:15:00,0.0,25.3025,25.39,24.37,24.105,23.9575
380,2014-01-04 23:30:00,0.0,23.9575,25.3025,25.39,24.37,24.105
381,2014-01-04 23:45:00,0.0,24.6725,23.9575,25.3025,25.39,24.37
382,2014-01-05 00:00:00,0.0,22.89,24.6725,23.9575,25.3025,25.39
383,2014-01-05 00:15:00,0.0,22.9875,22.89,24.6725,23.9575,25.3025
384,2014-01-05 00:30:00,0.0,23.8875,22.9875,22.89,24.6725,23.9575
385,2014-01-05 00:45:00,0.0,24.685,23.8875,22.9875,22.89,24.6725
386,2014-01-05 01:00:00,0.0,22.9525,24.685,23.8875,22.9875,22.89
387,2014-01-05 01:15:00,0.0,23.9325,22.9525,24.685,23.8875,22.9875
388,2014-01-05 01:30:00,0.0,24.6375,23.9325,22.9525,24.685,23.8875
389,2014-01-05 01:45:00,0.0,24.7625,24.6375,23.9325,22.9525,24.685
390,2014-01-05 02:00:00,0.0,25.1325,24.7625,24.6375,23.9325,22.9525
391,2014-01-05 02:15:00,0.0,24.5225,25.1325,24.7625,24.6375,23.9325
392,2014-01-05 02:30:00,0.0,24.4425,24.5225,25.1325,24.7625,24.6375
393,2014-01-05 02:45:00,0.0,26.875,24.4425,24.5225,25.1325,24.7625
394,2014-01-05 03:00:00,0.0,23.19,26.875,24.4425,24.5225,25.1325
395,2014-01-05 03:15:00,0.0,25.4025,23.19,26.875,24.4425,24.5225
396,2014-01-05 03:30:00,0.0,22.775,25.4025,23.19,26.875,24.4425
397,2014-01-05 03:45:00,0.0,23.7425,22.775,25.4025,23.19,26.875
398,2014-01-05 04:00:00,0.0,25.23,23.7425,22.775,25.4025,23.19
399,2014-01-05 04:15:00,0.0,25.225,25.23,23.7425,22.775,25.4025
400,2014-01-05 04:30:00,0.0,22.1375,25.225,25.23,23.7425,22.775
401,2014-01-05 04:45:00,0.0,24.42,22.1375,25.225,25.23,23.7425
402,2014-01-05 05:00:00,0.0,25.3525,24.42,22.1375,25.225,25.23
403,2014-01-05 05:15:00,0.0,23.5775,25.3525,24.42,22.1375,25.225
404,2014-01-05 05:30:00,0.0,24.5075,23.5775,25.3525,24.42,22.1375
405,2014-01-05 05:45:00,0.0,27.0725,24.5075,23.5775,25.3525,24.42
406,2014-01-05 06:00:00,0.0,23.5325,27.0725,24.5075,23.5775,25.3525
407,2014-01-05 06:15:00,0.0,26.2625,23.5325,27.0725,24.5075,23.5775
408,2014-01-05 06:30:00,0.0,24.91,26.2625,23.5325,27.0725,24.5075
409,2014-01-05 06:45:00,0.0,25.55,24.91,26.2625,23.5325,27.0725
410,2014-01-05 07:00:00,0.0,26.12,25.55,24.91,26.2625,23.5325
411,2014-01-05 07:15:00,0.0,25.185,26.12,25.55,24.91,26.2625
412,2014-01-05 07:30:00,0.0,26.3725,25.185,26.12,25.55,24.91
413,2014-01-05 07:45:00,0.0,28.3775,26.3725,25.185,26.12,25.55
414,2014-01-05 08:00:00,0.0,25.56,28.3775,26.3725,25.185,26.12
415,2014-01-05 08:15:00,0.0,24.765,25.56,28.3775,26.3725,25.185
416,2014-01-05 08:30:00,0.0,24.4675,24.765,25.56,28.3775,26.3725
417,2014-01-05 08:45:00,0.0,25.675,24.4675,24.765,25.56,28.3775
418,2014-01-05 09:00:00,0.0,25.8225,25.675,24.4675,24.765,25.56
419,2014-01-05 09:15:00,0.0,25.2175,25.8225,25.675,24.4675,24.765
420,2014-01-05 09:30:00,0.0,21.2425,25.2175,25.8225,25.675,24.4675
421,2014-01-05 09:45:00,0.0,24.6,21.2425,25.2175,25.8225,25.675
422,2014-01-05 10:00:00,0.0,23.195,24.6,21.2425,25.2175,25.8225
423,2014-01-05 10:15:00,0.0,23.5175,23.195,24.6,21.2425,25.2175
424,2014-01-05 10:30:00,0.0,25.3425,23.5175,23.195,24.6,21.2425
425,2014-01-05 10:45:00,0.0,25.495,25.3425,23.5175,23.195,24.6
426,2014-01-05 11:00:00,0.0,25.91,25.495,25.3425,23.5175,23.195
427,2014-01-05 11:15:00,0.0,25.2075,25.91,25.495,25.3425,23.5175
428,2014-01-05 11:30:00,0.0,23.2325,25.2075,25.91,25.495,25.3425
429,2014-01-05 11:45:00,0.0,22.97,23.2325,25.2075,25.91,25.495
430,2014-01-05 12:00:00,0.0,25.275,22.97,23.2325,25.2075,25.91
431,2014-01-05 12:15:00,0.0,25.0825,25.275,22.97,23.2325,25.2075
432,2014-01-05 12:30:00,0.0,22.8125,25.0825,25.275,22.97,23.2325
433,2014-01-05 12:45:00,0.0,26.07,22.8125,25.0825,25.275,22.97
434,2014-01-05 13:00:00,0.0,24.76,26.07,22.8125,25.0825,25.275
435,2014-01-05 13:15:00,0.0,24.265,24.76,26.07,22.8125,25.0825
436,2014-01-05 13:30:00,0.0,24.7475,24.265,24.76,26.07,22.8125
437,2014-01-05 13:45:00,0.0,24.84,24.7475,24.265,24.76,26.07
438,2014-01-05 14:00:00,0.0,25.38,24.84,24.7475,24.265,24.76
439,2014-01-05 14:15:00,0.0,25.2525,25.38,24.84,24.7475,24.265
440,2014-01-05 14:30:00,0.0,23.1425,25.2525,25.38,24.84,24.7475
441,2014-01-05 14:45:00,0.0,26.33,23.1425,25.2525,25.38,24.84
442,2014-01-05 15:00:00,0.0,23.765,26.33,23.1425,25.2525,25.38
443,2014-01-05 15:15:00,0.0,25.725,23.765,26.33,23.1425,25.2525
444,2014-01-05 15:30:00,0.0,24.48,25.725,23.765,26.33,23.1425
445,2014-01-05 15:45:00,0.0,22.39,24.48,25.725,23.765,26.33
446,2014-01-05 16:00:00,0.0,26.325,22.39,24.48,25.725,23.765
447,2014-01-05 16:15:00,0.0,24.8375,26.325,22.39,24.48,25.725
448,2014-01-05 16:30:00,0.0,24.7025,24.8375,26.325,22.39,24.48
449,2014-01-05 16:45:00,0.0,25.8025,24.7025,24.8375,26.325,22.39
450,2014-01-05 17:00:00,0.0,24.585,25.8025,24.7025,24.8375,26.325
451,2014-01-05 17:15:00,0.0,25.785,24.585,25.8025,24.7025,24.8375
452,2014-01-05 17:30:00,0.0,24.6675,25.785,24.585,25.8025,24.7025
453,2014-01-05 17:45:00,0.0,27.4775,24.6675,25.785,24.585,25.8025
454,2014-01-05 18:00:00,0.0,26.65,27.4775,24.6675,25.785,24.585
455,2014-01-05 18:15:00,0.0,25.5475,26.65,27.4775,24.6675,25.785
456,2014-01-05 18:30:00,0.0,26.245,25.5475,26.65,27.4775,24.6675
457,2014-01-05 18:45:00,0.0,26.295,26.245,25.5475,26.65,27.4775
458,2014-01-05 19:00:00,0.0,23.2725,26.295,26.245,25.5475,26.65
459,2014-01-05 19:15:00,0.0,24.61,23.2725,26.295,26.245,25.5475
460,2014-01-05 19:30:00,0.0,24.6575,24.61,23.2725,26.295,26.245
461,2014-01-05 19:45:00,0.0,25.735,24.6575,24.61,23.2725,26.295
462,2014-01-05 20:00:00,0.0,24.99,25.735,24.6575,24.61,23.2725
463,2014-01-05 20:15:00,0.0,25.68,24.99,25.735,24.6575,24.61
464,2014-01-05 20:30:00,0.0,25.995,25.68,24.99,25.735,24.6575
465,2014-01-05 20:45:00,0.0,26.4375,25.995,25.68,24.99,25.735
466,2014-01-05 21:00:00,0.0,25.74,26.4375,25.995,25.68,24.99
467,2014-01-05 21:15:00,0.0,24.5725,25.74,26.4375,25.995,25.68
468,2014-01-05 21:30:00,0.0,25.4675,24.5725,25.74,26.4375,25.995
469,2014-01-05 21:45:00,0.0,24.985,25.4675,24.5725,25.74,26.4375
470,2014-01-05 22:00:00,0.0,24.7125,24.985,25.4675,24.5725,25.74
471,2014-01-05 22:15:00,0.0,25.8775,24.7125,24.985,25.4675,24.5725
472,2014-01-05 22:30:00,0.0,25.1425,25.8775,24.7125,24.985,25.4675
473,2014-01-05 22:45:00,0.0,22.3925,25.1425,25.8775,24.7125,24.985
474,2014-01-05 23:00:00,0.0,24.495,22.3925,25.1425,25.8775,24.7125
475,2014-01-05 23:15:00,0.0,23.7875,24.495,22.3925,25.1425,25.8775
476,2014-01-05 23:30:00,0.0,23.715,23.7875,24.495,22.3925,25.1425
477,2014-01-05 23:45:00,0.0,25.2325,23.715,23.7875,24.495,22.3925
478,2014-01-06 00:00:00,0.0,25.0125,25.2325,23.715,23.7875,24.495
479,2014-01-06 00:15:00,0.0,24.3075,25.0125,25.2325,23.715,23.7875
480,2014-01-06 00:30:00,0.0,23.675,24.3075,25.0125,25.2325,23.715
481,2014-01-06 00:45:00,0.0,25.185,23.675,24.3075,25.0125,25.2325
482,2014-01-06 01:00:00,0.0,24.1475,25.185,23.675,24.3075,25.0125
483,2014-01-06 01:15:00,0.0,23.9575,24.1475,25.185,23.675,24.3075
484,2014-01-06 01:30:00,0.0,22.5575,23.9575,24.1475,25.185,23.675
485,2014-01-06 01:45:00,0.0,25.265,22.5575,23.9575,24.1475,25.185
486,2014-01-06 02:00:00,0.0,24.765,25.265,22.5575,23.9575,24.1475
487,2014-01-06 02:15:00,0.0,24.2,24.765,25.265,22.5575,23.9575
488,2014-01-06 02:30:00,0.0,23.2025,24.2,24.765,25.265,22.5575
489,2014-01-06 02:45:00,0.0,25.1025,23.2025,24.2,24.765,25.265
490,2014-01-06 03:00:00,0.0,23.5025,25.1025,23.2025,24.2,24.765
491,2014-01-06 03:15:00,0.0,25.435,23.5025,25.1025,23.2025,24.2
492,2014-01-06 03:30:00,0.0,25.635,25.435,23.5025,25.1025,23.2025
493,2014-01-06 03:45:00,0.0,25.695,25.635,25.435,23.5025,25.1025
494,2014-01-06 04:00:00,0.0,25.14,25.695,25.635,25.435,23.5025
495,2014-01-06 04:15:00,0.0,24.85,25.14,25.695,25.635,25.435
496,2014-01-06 04:30:00,0.0,25.015,24.85,25.14,25.695,25.635
497,2014-01-06 04:45:00,0.0,25.845,25.015,24.85,25.14,25.695
498,2014-01-06 05:00:00,0.0,25.9875,25.845,25.015,24.85,25.14
499,2014-01-06 05:15:00,0.0,25.8725,25.9875,25.845,25.015,24.85
500,2014-01-06 05:30:00,0.0,24.9875,25.8725,25.9875,25.845,25.015
501,2014-01-06 05:45:00,0.0,26.405,24.9875,25.8725,25.9875,25.845
502,2014-01-06 06:00:00,0.0,24.46,26.405,24.9875,25.8725,25.9875
503,2014-01-06 06:15:00,0.0,28.75,24.46,26.405,24.9875,25.8725
504,2014-01-06 06:30:00,0.0,30.2075,28.75,24.46,26.405,24.9875
505,2014-01-06 06:45:00,0.0,33.045,30.2075,28.75,24.46,26.405
506,2014-01-06 07:00:00,0.0,30.2225,33.045,30.2075,28.75,24.46
507,2014-01-06 07:15:00,0.0,27.5,30.2225,33.045,30.2075,28.75
508,2014-01-06 07:30:00,0.0,29.105,27.5,30.2225,33.045,30.2075
509,2014-01-06 07:45:00,0.0,29.53,29.105,27.5,30.2225,33.045
510,2014-01-06 08:00:00,0.0,29.275,29.53,29.105,27.5,30.2225
511,2014-01-06 08:15:00,0.0,27.785,29.275,29.53,29.105,27.5
512,2014-01-06 08:30:00,0.0,30.8325,27.785,29.275,29.53,29.105
513,2014-01-06 08:45:00,0.0,30.725,30.8325,27.785,29.275,29.53
514,2014-01-06 09:00:00,0.0,29.7125,30.725,30.8325,27.785,29.275
515,2014-01-06 09:15:00,0.0,31.115,29.7125,30.725,30.8325,27.785
516,2014-01-06 09:30:00,0.0,32.66,31.115,29.7125,30.725,30.8325
517,2014-01-06 09:45:00,0.0,30.6075,32.66,31.115,29.7125,30.725
518,2014-01-06 10:00:00,0.0,32.9875,30.6075,32.66,31.115,29.7125
519,2014-01-06 10:15:00,0.0,34.0975,32.9875,30.6075,32.66,31.115
520,2014-01-06 10:30:00,0.0,30.9475,34.0975,32.9875,30.6075,32.66
521,2014-01-06 10:45:00,0.0,34.6275,30.9475,34.0975,32.9875,30.6075
522,2014-01-06 11:00:00,0.0,32.4575,34.6275,30.9475,34.0975,32.9875
523,2014-01-06 11:15:00,0.0,33.0525,32.4575,34.6275,30.9475,34.0975
524,2014-01-06 11:30:00,0.0,32.8525,33.0525,32.4575,34.6275,30.9475
525,2014-01-06 11:45:00,0.0,33.9775,32.8525,33.0525,32.4575,34.6275
526,2014-01-06 12:00:00,0.0,32.95,33.9775,32.8525,33.0525,32.4575
527,2014-01-06 12:15:00,0.0,34.1375,32.95,33.9775,32.8525,33.0525
528,2014-01-06 12:30:00,0.0,35.4175,34.1375,32.95,33.9775,32.8525
529,2014-01-06 12:45:00,0.0,34.3875,35.4175,34.1375,32.95,33.9775
530,2014-01-06 13:00:00,0.0,32.0675,34.3875,35.4175,34.1375,32.95
531,2014-01-06 13:15:00,0.0,32.11,32.0675,34.3875,35.4175,34.1375
532,2014-01-06 13:30:00,0.0,32.725,32.11,32.0675,34.3875,35.4175
533,2014-01-06 13:45:00,0.0,33.32,32.725,32.11,32.0675,34.3875
534,2014-01-06 14:00:00,0.0,34.975,33.32,32.725,32.11,32.0675
535,2014-01-06 14:15:00,0.0,35.38,34.975,33.32,32.725,32.11
536,2014-01-06 14:30:00,0.0,33.9125,35.38,34.975,33.32,32.725
537,2014-01-06 14:45:00,0.0,33.9125,33.9125,35.38,34.975,33.32
538,2014-01-06 15:00:00,0.0,34.755,33.9125,33.9125,35.38,34.975
539,2014-01-06 15:15:00,0.0,32.1575,34.755,33.9125,33.9125,35.38
540,2014-01-06 15:30:00,0.0,33.3325,32.1575,34.755,33.9125,33.9125
541,2014-01-06 15:45:00,0.0,33.5,33.3325,32.1575,34.755,33.9125
542,2014-01-06 16:00:00,0.0,33.9525,33.5,33.3325,32.1575,34.755
543,2014-01-06 16:15:00,0.0,33.4375,33.9525,33.5,33.3325,32.1575
544,2014-01-06 16:30:00,0.0,32.2025,33.4375,33.9525,33.5,33.3325
545,2014-01-06 16:45:00,0.0,33.005,32.2025,33.4375,33.9525,33.5
546,2014-01-06 17:00:00,0.0,31.2625,33.005,32.2025,33.4375,33.9525
547,2014-01-06 17:15:00,0.0,32.3275,31.2625,33.005,32.2025,33.4375
548,2014-01-06 17:30:00,0.0,32.4025,32.3275,31.2625,33.005,32.2025
549,2014-01-06 17:45:00,0.0,33.62,32.4025,32.3275,31.2625,33.005
550,2014-01-06 18:00:00,0.0,31.74,33.62,32.4025,32.3275,31.2625
551,2014-01-06 18:15:00,0.0,30.21,31.74,33.62,32.4025,32.3275
552,2014-01-06 18:30:00,0.0,30.03,30.21,31.74,33.62,32.4025
553,2014-01-06 18:45:00,0.0,28.6,30.03,30.21,31.74,33.62
554,2014-01-06 19:00:00,0.0,26.825,28.6,30.03,30.21,31.74
555,2014-01-06 19:15:00,0.0,28.2175,26.825,28.6,30.03,30.21
556,2014-01-06 19:30:00,0.0,28.625,28.2175,26.825,28.6,30.03
557,2014-01-06 19:45:00,0.0,29.22,28.625,28.2175,26.825,28.6
558,2014-01-06 20:00:00,0.0,27.18,29.22,28.625,28.2175,26.825
559,2014-01-06 20:15:00,0.0,29.1,27.18,29.22,28.625,28.2175
560,2014-01-06 20:30:00,0.0,29.385,29.1,27.18,29.22,28.625
561,2014-01-06 20:45:00,0.0,28.3775,29.385,29.1,27.18,29.22
562,2014-01-06 21:00:00,0.0,28.4575,28.3775,29.385,29.1,27.18
563,2014-01-06 21:15:00,0.0,27.5825,28.4575,28.3775,29.385,29.1
564,2014-01-06 21:30:00,0.0,27.18,27.5825,28.4575,28.3775,29.385
565,2014-01-06 21:45:00,0.0,28.08,27.18,27.5825,28.4575,28.3775
566,2014-01-06 22:00:00,0.0,28.015,28.08,27.18,27.5825,28.4575
567,2014-01-06 22:15:00,0.0,26.44,28.015,28.08,27.18,27.5825
568,2014-01-06 22:30:00,0.0,22.8825,26.44,28.015,28.08,27.18
569,2014-01-06 22:45:00,0.0,23.47,22.8825,26.44,28.015,28.08
570,2014-01-06 23:00:00,0.0,22.605,23.47,22.8825,26.44,28.015
571,2014-01-06 23:15:00,0.0,24.22,22.605,23.47,22.8825,26.44
572,2014-01-06 23:30:00,0.0,23.9425,24.22,22.605,23.47,22.8825
573,2014-01-06 23:45:00,0.0,25.1525,23.9425,24.22,22.605,23.47
574,2014-01-07 00:00:00,0.0,26.765,25.1525,23.9425,24.22,22.605
575,2014-01-07 00:15:00,0.0,24.0725,26.765,25.1525,23.9425,24.22
576,2014-01-07 00:30:00,0.0,24.705,24.0725,26.765,25.1525,23.9425
577,2014-01-07 00:45:00,0.0,25.2175,24.705,24.0725,26.765,25.1525
578,2014-01-07 01:00:00,0.0,24.7275,25.2175,24.705,24.0725,26.765
579,2014-01-07 01:15:00,0.0,25.73,24.7275,25.2175,24.705,24.0725
580,2014-01-07 01:30:00,0.0,25.5,25.73,24.7275,25.2175,24.705
581,2014-01-07 01:45:00,0.0,25.4875,25.5,25.73,24.7275,25.2175
582,2014-01-07 02:00:00,0.0,24.935,25.4875,25.5,25.73,24.7275
583,2014-01-07 02:15:00,0.0,24.28,24.935,25.4875,25.5,25.73
584,2014-01-07 02:30:00,0.0,24.7425,24.28,24.935,25.4875,25.5
585,2014-01-07 02:45:00,0.0,26.02,24.7425,24.28,24.935,25.4875
586,2014-01-07 03:00:00,0.0,25.46,26.02,24.7425,24.28,24.935
587,2014-01-07 03:15:00,0.0,23.45,25.46,26.02,24.7425,24.28
588,2014-01-07 03:30:00,0.0,25.66,23.45,25.46,26.02,24.7425
589,2014-01-07 03:45:00,0.0,26.175,25.66,23.45,25.46,26.02
590,2014-01-07 04:00:00,0.0,25.04,26.175,25.66,23.45,25.46
591,2014-01-07 04:15:00,0.0,24.02,25.04,26.175,25.66,23.45
592,2014-01-07 04:30:00,0.0,25.295,24.02,25.04,26.175,25.66
593,2014-01-07 04:45:00,0.0,27.7975,25.295,24.02,25.04,26.175
594,2014-01-07 05:00:00,0.0,26.3225,27.7975,25.295,24.02,25.04
595,2014-01-07 05:15:00,0.0,25.97,26.3225,27.7975,25.295,24.02
596,2014-01-07 05:30:00,0.0,24.0025,25.97,26.3225,27.7975,25.295
597,2014-01-07 05:45:00,0.0,26.9175,24.0025,25.97,26.3225,27.7975
598,2014-01-07 06:00:00,0.0,26.4025,26.9175,24.0025,25.97,26.3225
599,2014-01-07 06:15:00,0.0,30.25,26.4025,26.9175,24.0025,25.97
600,2014-01-07 06:30:00,0.0,33.5825,30.25,26.4025,26.9175,24.0025
601,2014-01-07 06:45:00,0.0,32.26,33.5825,30.25,26.4025,26.9175
602,2014-01-07 07:00:00,0.0,29.195,32.26,33.5825,30.25,26.4025
603,2014-01-07 07:15:00,0.0,30.3975,29.195,32.26,33.5825,30.25
604,2014-01-07 07:30:00,0.0,30.925,30.3975,29.195,32.26,33.5825
605,2014-01-07 07:45:00,0.0,31.0175,30.925,30.3975,29.195,32.26
606,2014-01-07 08:00:00,0.0,33.1675,31.0175,30.925,30.3975,29.195
607,2014-01-07 08:15:00,0.0,30.35,33.1675,31.0175,30.925,30.3975
608,2014-01-07 08:30:00,0.0,31.6425,30.35,33.1675,31.0175,30.925
609,2014-01-07 08:45:00,0.0,29.6675,31.6425,30.35,33.1675,31.0175
610,2014-01-07 09:00:00,0.0,30.9775,29.6675,31.6425,30.35,33.1675
611,2014-01-07 09:15:00,0.0,31.275,30.9775,29.6675,31.6425,30.35
612,2014-01-07 09:30:00,0.0,32.5975,31.275,30.9775,29.6675,31.6425
613,2014-01-07 09:45:00,0.0,31.1875,32.5975,31.275,30.9775,29.6675
614,2014-01-07 10:00:00,0.0,32.9925,31.1875,32.5975,31.275,30.9775
615,2014-01-07 10:15:00,0.0,34.165,32.9925,31.1875,32.5975,31.275
616,2014-01-07 10:30:00,0.0,31.9775,34.165,32.9925,31.1875,32.5975
617,2014-01-07 10:45:00,0.0,35.48,31.9775,34.165,32.9925,31.1875
618,2014-01-07 11:00:00,0.0,33.58,35.48,31.9775,34.165,32.9925
619,2014-01-07 11:15:00,0.0,33.2775,33.58,35.48,31.9775,34.165
620,2014-01-07 11:30:00,0.0,34.1325,33.2775,33.58,35.48,31.9775
621,2014-01-07 11:45:00,0.0,34.29,34.1325,33.2775,33.58,35.48
622,2014-01-07 12:00:00,0.0,34.5575,34.29,34.1325,33.2775,33.58
623,2014-01-07 12:15:00,0.0,34.455,34.5575,34.29,34.1325,33.2775
624,2014-01-07 12:30:00,0.0,34.3775,34.455,34.5575,34.29,34.1325
625,2014-01-07 12:45:00,0.0,34.67,34.3775,34.455,34.5575,34.29
626,2014-01-07 13:00:00,0.0,33.6825,34.67,34.3775,34.455,34.5575
627,2014-01-07 13:15:00,0.0,34.045,33.6825,34.67,34.3775,34.455
628,2014-01-07 13:30:00,0.0,34.38,34.045,33.6825,34.67,34.3775
629,2014-01-07 13:45:00,0.0,29.9725,34.38,34.045,33.6825,34.67
630,2014-01-07 14:00:00,0.0,33.3975,29.9725,34.38,34.045,33.6825
631,2014-01-07 14:15:00,0.0,31.7875,33.3975,29.9725,34.38,34.045
632,2014-01-07 14:30:00,0.0,34.37,31.7875,33.3975,29.9725,34.38
633,2014-01-07 14:45:00,0.0,32.375,34.37,31.7875,33.3975,29.9725
634,2014-01-07 15:00:00,0.0,33.8175,32.375,34.37,31.7875,33.3975
635,2014-01-07 15:15:00,0.0,34.1275,33.8175,32.375,34.37,31.7875
636,2014-01-07 15:30:00,0.0,32.7775,34.1275,33.8175,32.375,34.37
637,2014-01-07 15:45:00,0.0,34.5225,32.7775,34.1275,33.8175,32.375
638,2014-01-07 16:00:00,0.0,32.15,34.5225,32.7775,34.1275,33.8175
639,2014-01-07 16:15:00,0.0,32.755,32.15,34.5225,32.7775,34.1275
640,2014-01-07 16:30:00,0.0,31.6775,32.755,32.15,34.5225,32.7775
641,2014-01-07 16:45:00,0.0,32.2475,31.6775,32.755,32.15,34.5225
642,2014-01-07 17:00:00,0.0,33.8525,32.2475,31.6775,32.755,32.15
643,2014-01-07 17:15:00,0.0,31.135,33.8525,32.2475,31.6775,32.755
644,2014-01-07 17:30:00,0.0,32.13,31.135,33.8525,32.2475,31.6775
645,2014-01-07 17:45:00,0.0,33.2925,32.13,31.135,33.8525,32.2475
646,2014-01-07 18:00:00,0.0,31.295,33.2925,32.13,31.135,33.8525
647,2014-01-07 18:15:00,0.0,30.5125,31.295,33.2925,32.13,31.135
648,2014-01-07 18:30:00,0.0,29.9625,30.5125,31.295,33.2925,32.13
649,2014-01-07 18:45:00,0.0,29.0525,29.9625,30.5125,31.295,33.2925
650,2014-01-07 19:00:00,0.0,29.0875,29.0525,29.9625,30.5125,31.295
651,2014-01-07 19:15:00,0.0,28.965,29.0875,29.0525,29.9625,30.5125
652,2014-01-07 19:30:00,0.0,28.2,28.965,29.0875,29.0525,29.9625
653,2014-01-07 19:45:00,0.0,29.7,28.2,28.965,29.0875,29.0525
654,2014-01-07 20:00:00,0.0,27.95,29.7,28.2,28.965,29.0875
655,2014-01-07 20:15:00,0.0,26.5475,27.95,29.7,28.2,28.965
656,2014-01-07 20:30:00,0.0,27.985,26.5475,27.95,29.7,28.2
657,2014-01-07 20:45:00,0.0,28.4325,27.985,26.5475,27.95,29.7
658,2014-01-07 21:00:00,0.0,27.415,28.4325,27.985,26.5475,27.95
659,2014-01-07 21:15:00,0.0,27.465,27.415,28.4325,27.985,26.5475
660,2014-01-07 21:30:00,0.0,26.485,27.465,27.415,28.4325,27.985
661,2014-01-07 21:45:00,0.0,28.6,26.485,27.465,27.415,28.4325
662,2014-01-07 22:00:00,0.0,26.28,28.6,26.485,27.465,27.415
663,2014-01-07 22:15:00,0.0,25.395,26.28,28.6,26.485,27.465
664,2014-01-07 22:30:00,0.0,24.965,25.395,26.28,28.6,26.485
665,2014-01-07 22:45:00,0.0,24.05,24.965,25.395,26.28,28.6
666,2014-01-07 23:00:00,0.0,26.0925,24.05,24.965,25.395,26.28
667,2014-01-07 23:15:00,0.0,25.835,26.0925,24.05,24.965,25.395
668,2014-01-07 23:30:00,0.0,25.2825,25.835,26.0925,24.05,24.965
669,2014-01-07 23:45:00,0.0,26.5575,25.2825,25.835,26.0925,24.05
670,2014-01-08 00:00:00,0.0,23.9075,26.5575,25.2825,25.835,26.0925
671,2014-01-08 00:15:00,0.0,25.185,23.9075,26.5575,25.2825,25.835
672,2014-01-08 00:30:00,0.0,25.125,25.185,23.9075,26.5575,25.2825
673,2014-01-08 00:45:00,0.0,24.8725,25.125,25.185,23.9075,26.5575
674,2014-01-08 01:00:00,0.0,26.5725,24.8725,25.125,25.185,23.9075
675,2014-01-08 01:15:00,0.0,26.0725,26.5725,24.8725,25.125,25.185
676,2014-01-08 01:30:00,0.0,25.8975,26.0725,26.5725,24.8725,25.125
677,2014-01-08 01:45:00,0.0,25.99,25.8975,26.0725,26.5725,24.8725
678,2014-01-08 02:00:00,0.0,25.79,25.99,25.8975,26.0725,26.5725
679,2014-01-08 02:15:00,0.0,24.9775,25.79,25.99,25.8975,26.0725
680,2014-01-08 02:30:00,0.0,25.6425,24.9775,25.79,25.99,25.8975
681,2014-01-08 02:45:00,0.0,25.5225,25.6425,24.9775,25.79,25.99
682,2014-01-08 03:00:00,0.0,25.95,25.5225,25.6425,24.9775,25.79
683,2014-01-08 03:15:00,0.0,25.6375,25.95,25.5225,25.6425,24.9775
684,2014-01-08 03:30:00,0.0,25.665,25.6375,25.95,25.5225,25.6425
685,2014-01-08 03:45:00,0.0,25.9925,25.665,25.6375,25.95,25.5225
686,2014-01-08 04:00:00,0.0,25.21,25.9925,25.665,25.6375,25.95
687,2014-01-08 04:15:00,0.0,27.025,25.21,25.9925,25.665,25.6375
688,2014-01-08 04:30:00,0.0,27.72,27.025,25.21,25.9925,25.665
689,2014-01-08 04:45:00,0.0,26.9325,27.72,27.025,25.21,25.9925
690,2014-01-08 05:00:00,0.0,26.7475,26.9325,27.72,27.025,25.21
691,2014-01-08 05:15:00,0.0,27.0325,26.7475,26.9325,27.72,27.025
692,2014-01-08 05:30:00,0.0,25.9525,27.0325,26.7475,26.9325,27.72
693,2014-01-08 05:45:00,0.0,26.45,25.9525,27.0325,26.7475,26.9325
694,2014-01-08 06:00:00,0.0,28.3675,26.45,25.9525,27.0325,26.7475
695,2014-01-08 06:15:00,0.0,30.0575,28.3675,26.45,25.9525,27.0325
696,2014-01-08 06:30:00,0.0,31.385,30.0575,28.3675,26.45,25.9525
697,2014-01-08 06:45:00,0.0,30.575,31.385,30.0575,28.3675,26.45
698,2014-01-08 07:00:00,0.0,29.9575,30.575,31.385,30.0575,28.3675
699,2014-01-08 07:15:00,0.0,29.915,29.9575,30.575,31.385,30.0575
700,2014-01-08 07:30:00,0.0,29.8475,29.915,29.9575,30.575,31.385
701,2014-01-08 07:45:00,0.0,30.2825,29.8475,29.915,29.9575,30.575
702,2014-01-08 08:00:00,0.0,28.8025,30.2825,29.8475,29.915,29.9575
703,2014-01-08 08:15:00,0.0,30.4975,28.8025,30.2825,29.8475,29.915
704,2014-01-08 08:30:00,0.0,32.7475,30.4975,28.8025,30.2825,29.8475
705,2014-01-08 08:45:00,0.0,32.0075,32.7475,30.4975,28.8025,30.2825
706,2014-01-08 09:00:00,0.0,30.555,32.0075,32.7475,30.4975,28.8025
707,2014-01-08 09:15:00,0.0,29.495,30.555,32.0075,32.7475,30.4975
708,2014-01-08 09:30:00,0.0,32.425,29.495,30.555,32.0075,32.7475
709,2014-01-08 09:45:00,0.0,32.195,32.425,29.495,30.555,32.0075
710,2014-01-08 10:00:00,0.0,32.7425,32.195,32.425,29.495,30.555
711,2014-01-08 10:15:00,0.0,34.17,32.7425,32.195,32.425,29.495
712,2014-01-08 10:30:00,0.0,34.2975,34.17,32.7425,32.195,32.425
713,2014-01-08 10:45:00,0.0,34.0825,34.2975,34.17,32.7425,32.195
714,2014-01-08 11:00:00,0.0,32.01,34.0825,34.2975,34.17,32.7425
715,2014-01-08 11:15:00,0.0,33.375,32.01,34.0825,34.2975,34.17
716,2014-01-08 11:30:00,0.0,31.875,33.375,32.01,34.0825,34.2975
717,2014-01-08 11:45:00,0.0,36.065,31.875,33.375,32.01,34.0825
718,2014-01-08 12:00:00,0.0,34.225,36.065,31.875,33.375,32.01
719,2014-01-08 12:15:00,0.0,32.7175,34.225,36.065,31.875,33.375
720,2014-01-08 12:30:00,0.0,35.205,32.7175,34.225,36.065,31.875
721,2014-01-08 12:45:00,0.0,34.6025,35.205,32.7175,34.225,36.065
722,2014-01-08 13:00:00,0.0,35.015,34.6025,35.205,32.7175,34.225
723,2014-01-08 13:15:00,0.0,35.045,35.015,34.6025,35.205,32.7175
724,2014-01-08 13:30:00,0.0,35.84,35.045,35.015,34.6025,35.205
725,2014-01-08 13:45:00,0.0,35.45,35.84,35.045,35.015,34.6025
726,2014-01-08 14:00:00,0.0,34.3625,35.45,35.84,35.045,35.015
727,2014-01-08 14:15:00,0.0,34.2375,34.3625,35.45,35.84,35.045
728,2014-01-08 14:30:00,0.0,33.1475,34.2375,34.3625,35.45,35.84
729,2014-01-08 14:45:00,0.0,34.705,33.1475,34.2375,34.3625,35.45
730,2014-01-08 15:00:00,0.0,35.605,34.705,33.1475,34.2375,34.3625
731,2014-01-08 15:15:00,0.0,35.28,35.605,34.705,33.1475,34.2375
732,2014-01-08 15:30:00,0.0,34.165,35.28,35.605,34.705,33.1475
733,2014-01-08 15:45:00,0.0,35.19,34.165,35.28,35.605,34.705
734,2014-01-08 16:00:00,0.0,35.3725,35.19,34.165,35.28,35.605
735,2014-01-08 16:15:00,0.0,33.2225,35.3725,35.19,34.165,35.28
736,2014-01-08 16:30:00,0.0,34.6375,33.2225,35.3725,35.19,34.165
737,2014-01-08 16:45:00,0.0,35.6025,34.6375,33.2225,35.3725,35.19
738,2014-01-08 17:00:00,0.0,34.6825,35.6025,34.6375,33.2225,35.3725
739,2014-01-08 17:15:00,0.0,33.25,34.6825,35.6025,34.6375,33.2225
740,2014-01-08 17:30:00,0.0,34.365,33.25,34.6825,35.6025,34.6375
741,2014-01-08 17:45:00,0.0,31.6975,34.365,33.25,34.6825,35.6025
742,2014-01-08 18:00:00,0.0,32.15,31.6975,34.365,33.25,34.6825
743,2014-01-08 18:15:00,0.0,30.9,32.15,31.6975,34.365,33.25
744,2014-01-08 18:30:00,0.0,31.1575,30.9,32.15,31.6975,34.365
745,2014-01-08 18:45:00,0.0,30.3175,31.1575,30.9,32.15,31.6975
746,2014-01-08 19:00:00,0.0,29.165,30.3175,31.1575,30.9,32.15
747,2014-01-08 19:15:00,0.0,29.1075,29.165,30.3175,31.1575,30.9
748,2014-01-08 19:30:00,0.0,28.475,29.1075,29.165,30.3175,31.1575
749,2014-01-08 19:45:00,0.0,29.9475,28.475,29.1075,29.165,30.3175
750,2014-01-08 20:00:00,0.0,28.935,29.9475,28.475,29.1075,29.165
751,2014-01-08 20:15:00,0.0,29.455,28.935,29.9475,28.475,29.1075
752,2014-01-08 20:30:00,0.0,26.6675,29.455,28.935,29.9475,28.475
753,2014-01-08 20:45:00,0.0,28.1825,26.6675,29.455,28.935,29.9475
754,2014-01-08 21:00:00,0.0,27.3575,28.1825,26.6675,29.455,28.935
755,2014-01-08 21:15:00,0.0,27.2625,27.3575,28.1825,26.6675,29.455
756,2014-01-08 21:30:00,0.0,28.685,27.2625,27.3575,28.1825,26.6675
757,2014-01-08 21:45:00,0.0,29.64,28.685,27.2625,27.3575,28.1825
758,2014-01-08 22:00:00,0.0,27.4175,29.64,28.685,27.2625,27.3575
759,2014-01-08 22:15:00,0.0,25.0875,27.4175,29.64,28.685,27.2625
760,2014-01-08 22:30:00,0.0,24.845,25.0875,27.4175,29.64,28.685
761,2014-01-08 22:45:00,0.0,25.095,24.845,25.0875,27.4175,29.64
762,2014-01-08 23:00:00,0.0,24.9075,25.095,24.845,25.0875,27.4175
763,2014-01-08 23:15:00,0.0,25.9625,24.9075,25.095,24.845,25.0875
764,2014-01-08 23:30:00,0.0,26.04,25.9625,24.9075,25.095,24.845
765,2014-01-08 23:45:00,0.0,26.43,26.04,25.9625,24.9075,25.095
766,2014-01-09 00:00:00,0.0,25.9525,26.43,26.04,25.9625,24.9075
767,2014-01-09 00:15:00,0.0,23.515,25.9525,26.43,26.04,25.9625
768,2014-01-09 00:30:00,0.0,25.815,23.515,25.9525,26.43,26.04
769,2014-01-09 00:45:00,0.0,26.26,25.815,23.515,25.9525,26.43
770,2014-01-09 01:00:00,0.0,26.295,26.26,25.815,23.515,25.9525
771,2014-01-09 01:15:00,0.0,25.395,26.295,26.26,25.815,23.515
772,2014-01-09 01:30:00,0.0,26.1175,25.395,26.295,26.26,25.815
773,2014-01-09 01:45:00,0.0,24.8225,26.1175,25.395,26.295,26.26
774,2014-01-09 02:00:00,0.0,25.78,24.8225,26.1175,25.395,26.295
775,2014-01-09 02:15:00,0.0,26.5275,25.78,24.8225,26.1175,25.395
776,2014-01-09 02:30:00,0.0,25.0875,26.5275,25.78,24.8225,26.1175
777,2014-01-09 02:45:00,0.0,27.175,25.0875,26.5275,25.78,24.8225
778,2014-01-09 03:00:00,0.0,25.45,27.175,25.0875,26.5275,25.78
779,2014-01-09 03:15:00,0.0,24.1825,25.45,27.175,25.0875,26.5275
780,2014-01-09 03:30:00,0.0,26.05,24.1825,25.45,27.175,25.0875
781,2014-01-09 03:45:00,0.0,26.55,26.05,24.1825,25.45,27.175
782,2014-01-09 04:00:00,0.0,27.5025,26.55,26.05,24.1825,25.45
783,2014-01-09 04:15:00,0.0,26.96,27.5025,26.55,26.05,24.1825
784,2014-01-09 04:30:00,0.0,25.755,26.96,27.5025,26.55,26.05
785,2014-01-09 04:45:00,0.0,25.5975,25.755,26.96,27.5025,26.55
786,2014-01-09 05:00:00,0.0,27.3475,25.5975,25.755,26.96,27.5025
787,2014-01-09 05:15:00,0.0,26.2625,27.3475,25.5975,25.755,26.96
788,2014-01-09 05:30:00,0.0,28.345,26.2625,27.3475,25.5975,25.755
789,2014-01-09 05:45:00,0.0,26.4375,28.345,26.2625,27.3475,25.5975
790,2014-01-09 06:00:00,0.0,26.895,26.4375,28.345,26.2625,27.3475
791,2014-01-09 06:15:00,0.0,30.7475,26.895,26.4375,28.345,26.2625
792,2014-01-09 06:30:00,0.0,32.05,30.7475,26.895,26.4375,28.345
793,2014-01-09 06:45:00,0.0,31.78,32.05,30.7475,26.895,26.4375
794,2014-01-09 07:00:00,0.0,31.625,31.78,32.05,30.7475,26.895
795,2014-01-09 07:15:00,0.0,31.2575,31.625,31.78,32.05,30.7475
796,2014-01-09 07:30:00,0.0,30.81,31.2575,31.625,31.78,32.05
797,2014-01-09 07:45:00,0.0,31.965,30.81,31.2575,31.625,31.78
798,2014-01-09 08:00:00,0.0,29.7825,31.965,30.81,31.2575,31.625
799,2014-01-09 08:15:00,0.0,30.99,29.7825,31.965,30.81,31.2575
800,2014-01-09 08:30:00,0.0,29.0775,30.99,29.7825,31.965,30.81
801,2014-01-09 08:45:00,0.0,31.2975,29.0775,30.99,29.7825,31.965
802,2014-01-09 09:00:00,0.0,32.2925,31.2975,29.0775,30.99,29.7825
803,2014-01-09 09:15:00,0.0,30.5875,32.2925,31.2975,29.0775,30.99
804,2014-01-09 09:30:00,0.0,31.59,30.5875,32.2925,31.2975,29.0775
805,2014-01-09 09:45:00,0.0,30.285,31.59,30.5875,32.2925,31.2975
806,2014-01-09 10:00:00,0.0,30.4175,30.285,31.59,30.5875,32.2925
807,2014-01-09 10:15:00,0.0,31.5925,30.4175,30.285,31.59,30.5875
808,2014-01-09 10:30:00,0.0,33.87,31.5925,30.4175,30.285,31.59
809,2014-01-09 10:45:00,0.0,34.7425,33.87,31.5925,30.4175,30.285
810,2014-01-09 11:00:00,0.0,33.115,34.7425,33.87,31.5925,30.4175
811,2014-01-09 11:15:00,0.0,31.28,33.115,34.7425,33.87,31.5925
812,2014-01-09 11:30:00,0.0,33.94,31.28,33.115,34.7425,33.87
813,2014-01-09 11:45:00,0.0,34.3225,33.94,31.28,33.115,34.7425
814,2014-01-09 12:00:00,0.0,34.3025,34.3225,33.94,31.28,33.115
815,2014-01-09 12:15:00,0.0,34.9525,34.3025,34.3225,33.94,31.28
816,2014-01-09 12:30:00,0.0,35.4525,34.9525,34.3025,34.3225,33.94
817,2014-01-09 12:45:00,0.0,32.9675,35.4525,34.9525,34.3025,34.3225
818,2014-01-09 13:00:00,0.0,35.5925,32.9675,35.4525,34.9525,34.3025
819,2014-01-09 13:15:00,0.0,34.1425,35.5925,32.9675,35.4525,34.9525
820,2014-01-09 13:30:00,0.0,30.8675,34.1425,35.5925,32.9675,35.4525
821,2014-01-09 13:45:00,0.0,36.0475,30.8675,34.1425,35.5925,32.9675
822,2014-01-09 14:00:00,0.0,35.31,36.0475,30.8675,34.1425,35.5925
823,2014-01-09 14:15:00,0.0,33.9125,35.31,36.0475,30.8675,34.1425
824,2014-01-09 14:30:00,0.0,35.995,33.9125,35.31,36.0475,30.8675
825,2014-01-09 14:45:00,0.0,34.755,35.995,33.9125,35.31,36.0475
826,2014-01-09 15:00:00,0.0,33.9675,34.755,35.995,33.9125,35.31
827,2014-01-09 15:15:00,0.0,33.1025,33.9675,34.755,35.995,33.9125
828,2014-01-09 15:30:00,0.0,34.85,33.1025,33.9675,34.755,35.995
829,2014-01-09 15:45:00,0.0,31.9325,34.85,33.1025,33.9675,34.755
830,2014-01-09 16:00:00,0.0,31.5825,31.9325,34.85,33.1025,33.9675
831,2014-01-09 16:15:00,0.0,34.0775,31.5825,31.9325,34.85,33.1025
832,2014-01-09 16:30:00,0.0,30.67,34.0775,31.5825,31.9325,34.85
833,2014-01-09 16:45:00,0.0,32.5625,30.67,34.0775,31.5825,31.9325
834,2014-01-09 17:00:00,0.0,33.04,32.5625,30.67,34.0775,31.5825
835,2014-01-09 17:15:00,0.0,31.8,33.04,32.5625,30.67,34.0775
836,2014-01-09 17:30:00,0.0,35.045,31.8,33.04,32.5625,30.67
837,2014-01-09 17:45:00,0.0,31.98,35.045,31.8,33.04,32.5625
838,2014-01-09 18:00:00,0.0,30.35,31.98,35.045,31.8,33.04
839,2014-01-09 18:15:00,0.0,28.6675,30.35,31.98,35.045,31.8
840,2014-01-09 18:30:00,0.0,28.24,28.6675,30.35,31.98,35.045
841,2014-01-09 18:45:00,0.0,31.0225,28.24,28.6675,30.35,31.98
842,2014-01-09 19:00:00,0.0,31.56,31.0225,28.24,28.6675,30.35
843,2014-01-09 19:15:00,0.0,29.8875,31.56,31.0225,28.24,28.6675
844,2014-01-09 19:30:00,0.0,30.09,29.8875,31.56,31.0225,28.24
845,2014-01-09 19:45:00,0.0,28.7325,30.09,29.8875,31.56,31.0225
846,2014-01-09 20:00:00,0.0,27.805,28.7325,30.09,29.8875,31.56
847,2014-01-09 20:15:00,0.0,28.7575,27.805,28.7325,30.09,29.8875
848,2014-01-09 20:30:00,0.0,30.84,28.7575,27.805,28.7325,30.09
849,2014-01-09 20:45:00,0.0,30.225,30.84,28.7575,27.805,28.7325
850,2014-01-09 21:00:00,0.0,29.8,30.225,30.84,28.7575,27.805
851,2014-01-09 21:15:00,0.0,27.6325,29.8,30.225,30.84,28.7575
852,2014-01-09 21:30:00,0.0,28.16,27.6325,29.8,30.225,30.84
853,2014-01-09 21:45:00,0.0,29.17,28.16,27.6325,29.8,30.225
854,2014-01-09 22:00:00,0.0,27.9175,29.17,28.16,27.6325,29.8
855,2014-01-09 22:15:00,0.0,26.55,27.9175,29.17,28.16,27.6325
856,2014-01-09 22:30:00,0.0,25.91,26.55,27.9175,29.17,28.16
857,2014-01-09 22:45:00,0.0,25.4375,25.91,26.55,27.9175,29.17
858,2014-01-09 23:00:00,0.0,23.89,25.4375,25.91,26.55,27.9175
859,2014-01-09 23:15:00,0.0,25.575,23.89,25.4375,25.91,26.55
860,2014-01-09 23:30:00,0.0,24.485,25.575,23.89,25.4375,25.91
861,2014-01-09 23:45:00,0.0,24.1325,24.485,25.575,23.89,25.4375
862,2014-01-10 00:00:00,0.0,26.295,24.1325,24.485,25.575,23.89
863,2014-01-10 00:15:00,0.0,25.9125,26.295,24.1325,24.485,25.575
864,2014-01-10 00:30:00,0.0,24.2,25.9125,26.295,24.1325,24.485
865,2014-01-10 00:45:00,0.0,26.605,24.2,25.9125,26.295,24.1325
866,2014-01-10 01:00:00,0.0,24.465,26.605,24.2,25.9125,26.295
867,2014-01-10 01:15:00,0.0,26.145,24.465,26.605,24.2,25.9125
868,2014-01-10 01:30:00,0.0,25.665,26.145,24.465,26.605,24.2
869,2014-01-10 01:45:00,0.0,24.8125,25.665,26.145,24.465,26.605
870,2014-01-10 02:00:00,0.0,26.1425,24.8125,25.665,26.145,24.465
871,2014-01-10 02:15:00,0.0,25.1525,26.1425,24.8125,25.665,26.145
872,2014-01-10 02:30:00,0.0,24.06,25.1525,26.1425,24.8125,25.665
873,2014-01-10 02:45:00,0.0,26.5625,24.06,25.1525,26.1425,24.8125
874,2014-01-10 03:00:00,0.0,25.78,26.5625,24.06,25.1525,26.1425
875,2014-01-10 03:15:00,0.0,26.7775,25.78,26.5625,24.06,25.1525
876,2014-01-10 03:30:00,0.0,27.8375,26.7775,25.78,26.5625,24.06
877,2014-01-10 03:45:00,0.0,27.6975,27.8375,26.7775,25.78,26.5625
878,2014-01-10 04:00:00,0.0,25.585,27.6975,27.8375,26.7775,25.78
879,2014-01-10 04:15:00,0.0,24.6125,25.585,27.6975,27.8375,26.7775
880,2014-01-10 04:30:00,0.0,25.3575,24.6125,25.585,27.6975,27.8375
881,2014-01-10 04:45:00,0.0,26.515,25.3575,24.6125,25.585,27.6975
882,2014-01-10 05:00:00,0.0,27.5025,26.515,25.3575,24.6125,25.585
883,2014-01-10 05:15:00,0.0,27.5275,27.5025,26.515,25.3575,24.6125
884,2014-01-10 05:30:00,0.0,26.4925,27.5275,27.5025,26.515,25.3575
885,2014-01-10 05:45:00,0.0,26.6475,26.4925,27.5275,27.5025,26.515
886,2014-01-10 06:00:00,0.0,27.7925,26.6475,26.4925,27.5275,27.5025
887,2014-01-10 06:15:00,0.0,29.905,27.7925,26.6475,26.4925,27.5275
888,2014-01-10 06:30:00,0.0,33.155,29.905,27.7925,26.6475,26.4925
889,2014-01-10 06:45:00,0.0,33.2525,33.155,29.905,27.7925,26.6475
890,2014-01-10 07:00:00,0.0,31.4225,33.2525,33.155,29.905,27.7925
891,2014-01-10 07:15:00,0.0,32.9,31.4225,33.2525,33.155,29.905
892,2014-01-10 07:30:00,0.0,30.235,32.9,31.4225,33.2525,33.155
893,2014-01-10 07:45:00,0.0,32.82,30.235,32.9,31.4225,33.2525
894,2014-01-10 08:00:00,0.0,31.7275,32.82,30.235,32.9,31.4225
895,2014-01-10 08:15:00,0.0,31.7175,31.7275,32.82,30.235,32.9
896,2014-01-10 08:30:00,0.0,32.1625,31.7175,31.7275,32.82,30.235
897,2014-01-10 08:45:00,0.0,33.01,32.1625,31.7175,31.7275,32.82
898,2014-01-10 09:00:00,0.0,33.4225,33.01,32.1625,31.7175,31.7275
899,2014-01-10 09:15:00,0.0,33.6275,33.4225,33.01,32.1625,31.7175
900,2014-01-10 09:30:00,0.0,32.465,33.6275,33.4225,33.01,32.1625
901,2014-01-10 09:45:00,0.0,32.86,32.465,33.6275,33.4225,33.01
902,2014-01-10 10:00:00,0.0,36.475,32.86,32.465,33.6275,33.4225
903,2014-01-10 10:15:00,0.0,34.5225,36.475,32.86,32.465,33.6275
904,2014-01-10 10:30:00,0.0,34.84,34.5225,36.475,32.86,32.465
905,2014-01-10 10:45:00,0.0,34.46,34.84,34.5225,36.475,32.86
906,2014-01-10 11:00:00,0.0,34.255,34.46,34.84,34.5225,36.475
907,2014-01-10 11:15:00,0.0,33.5225,34.255,34.46,34.84,34.5225
908,2014-01-10 11:30:00,0.0,34.3025,33.5225,34.255,34.46,34.84
909,2014-01-10 11:45:00,0.0,35.1525,34.3025,33.5225,34.255,34.46
910,2014-01-10 12:00:00,0.0,35.365,35.1525,34.3025,33.5225,34.255
911,2014-01-10 12:15:00,0.0,33.99,35.365,35.1525,34.3025,33.5225
912,2014-01-10 12:30:00,0.0,35.09,33.99,35.365,35.1525,34.3025
913,2014-01-10 12:45:00,0.0,34.955,35.09,33.99,35.365,35.1525
914,2014-01-10 13:00:00,0.0,36.265,34.955,35.09,33.99,35.365
915,2014-01-10 13:15:00,0.0,30.9525,36.265,34.955,35.09,33.99
916,2014-01-10 13:30:00,0.0,36.3475,30.9525,36.265,34.955,35.09
917,2014-01-10 13:45:00,0.0,35.6525,36.3475,30.9525,36.265,34.955
918,2014-01-10 14:00:00,0.0,36.26,35.6525,36.3475,30.9525,36.265
919,2014-01-10 14:15:00,0.0,31.645,36.26,35.6525,36.3475,30.9525
920,2014-01-10 14:30:00,0.0,34.67,31.645,36.26,35.6525,36.3475
921,2014-01-10 14:45:00,0.0,33.7425,34.67,31.645,36.26,35.6525
922,2014-01-10 15:00:00,0.0,34.5275,33.7425,34.67,31.645,36.26
923,2014-01-10 15:15:00,0.0,32.69,34.5275,33.7425,34.67,31.645
924,2014-01-10 15:30:00,0.0,36.0525,32.69,34.5275,33.7425,34.67
925,2014-01-10 15:45:00,0.0,37.3525,36.0525,32.69,34.5275,33.7425
926,2014-01-10 16:00:00,0.0,33.595,37.3525,36.0525,32.69,34.5275
927,2014-01-10 16:15:00,0.0,34.335,33.595,37.3525,36.0525,32.69
928,2014-01-10 16:30:00,0.0,32.3375,34.335,33.595,37.3525,36.0525
929,2014-01-10 16:45:00,0.0,35.44,32.3375,34.335,33.595,37.3525
930,2014-01-10 17:00:00,0.0,32.8225,35.44,32.3375,34.335,33.595
931,2014-01-10 17:15:00,0.0,34.69,32.8225,35.44,32.3375,34.335
932,2014-01-10 17:30:00,0.0,30.78,34.69,32.8225,35.44,32.3375
933,2014-01-10 17:45:00,0.0,32.2225,30.78,34.69,32.8225,35.44
934,2014-01-10 18:00:00,0.0,30.875,32.2225,30.78,34.69,32.8225
935,2014-01-10 18:15:00,0.0,28.5375,30.875,32.2225,30.78,34.69
936,2014-01-10 18:30:00,0.0,29.4575,28.5375,30.875,32.2225,30.78
937,2014-01-10 18:45:00,0.0,29.8275,29.4575,28.5375,30.875,32.2225
938,2014-01-10 19:00:00,0.0,29.6175,29.8275,29.4575,28.5375,30.875
939,2014-01-10 19:15:00,0.0,26.9025,29.6175,29.8275,29.4575,28.5375
940,2014-01-10 19:30:00,0.0,26.095,26.9025,29.6175,29.8275,29.4575
941,2014-01-10 19:45:00,0.0,27.255,26.095,26.9025,29.6175,29.8275
942,2014-01-10 20:00:00,0.0,27.83,27.255,26.095,26.9025,29.6175
943,2014-01-10 20:15:00,0.0,26.6725,27.83,27.255,26.095,26.9025
944,2014-01-10 20:30:00,0.0,29.175,26.6725,27.83,27.255,26.095
945,2014-01-10 20:45:00,0.0,28.2075,29.175,26.6725,27.83,27.255
946,2014-01-10 21:00:00,0.0,25.87,28.2075,29.175,26.6725,27.83
947,2014-01-10 21:15:00,0.0,27.1475,25.87,28.2075,29.175,26.6725
948,2014-01-10 21:30:00,0.0,26.725,27.1475,25.87,28.2075,29.175
949,2014-01-10 21:45:00,0.0,26.635,26.725,27.1475,25.87,28.2075
950,2014-01-10 22:00:00,0.0,26.865,26.635,26.725,27.1475,25.87
951,2014-01-10 22:15:00,0.0,26.5725,26.865,26.635,26.725,27.1475
952,2014-01-10 22:30:00,0.0,23.7975,26.5725,26.865,26.635,26.725
953,2014-01-10 22:45:00,0.0,24.51,23.7975,26.5725,26.865,26.635
954,2014-01-10 23:00:00,0.0,23.3825,24.51,23.7975,26.5725,26.865
955,2014-01-10 23:15:00,0.0,24.8725,23.3825,24.51,23.7975,26.5725
956,2014-01-10 23:30:00,0.0,23.9975,24.8725,23.3825,24.51,23.7975
957,2014-01-10 23:45:00,0.0,25.1975,23.9975,24.8725,23.3825,24.51
958,2014-01-11 00:00:00,0.0,25.985,25.1975,23.9975,24.8725,23.3825
959,2014-01-11 00:15:00,0.0,24.865,25.985,25.1975,23.9975,24.8725
960,2014-01-11 00:30:00,0.0,24.21,24.865,25.985,25.1975,23.9975
961,2014-01-11 00:45:00,0.0,24.795,24.21,24.865,25.985,25.1975
962,2014-01-11 01:00:00,0.0,24.825,24.795,24.21,24.865,25.985
963,2014-01-11 01:15:00,0.0,23.775,24.825,24.795,24.21,24.865
964,2014-01-11 01:30:00,0.0,25.8,23.775,24.825,24.795,24.21
965,2014-01-11 01:45:00,0.0,25.2225,25.8,23.775,24.825,24.795
966,2014-01-11 02:00:00,0.0,23.865,25.2225,25.8,23.775,24.825
967,2014-01-11 02:15:00,0.0,24.105,23.865,25.2225,25.8,23.775
968,2014-01-11 02:30:00,0.0,24.1975,24.105,23.865,25.2225,25.8
969,2014-01-11 02:45:00,0.0,24.715,24.1975,24.105,23.865,25.2225
970,2014-01-11 03:00:00,0.0,24.4175,24.715,24.1975,24.105,23.865
971,2014-01-11 03:15:00,0.0,25.3875,24.4175,24.715,24.1975,24.105
972,2014-01-11 03:30:00,0.0,24.655,25.3875,24.4175,24.715,24.1975
973,2014-01-11 03:45:00,0.0,23.57,24.655,25.3875,24.4175,24.715
974,2014-01-11 04:00:00,0.0,24.165,23.57,24.655,25.3875,24.4175
975,2014-01-11 04:15:00,0.0,24.5925,24.165,23.57,24.655,25.3875
976,2014-01-11 04:30:00,0.0,24.42,24.5925,24.165,23.57,24.655
977,2014-01-11 04:45:00,0.0,27.025,24.42,24.5925,24.165,23.57
978,2014-01-11 05:00:00,0.0,24.9225,27.025,24.42,24.5925,24.165
979,2014-01-11 05:15:00,0.0,23.72,24.9225,27.025,24.42,24.5925
980,2014-01-11 05:30:00,0.0,23.7125,23.72,24.9225,27.025,24.42
981,2014-01-11 05:45:00,0.0,22.8875,23.7125,23.72,24.9225,27.025
982,2014-01-11 06:00:00,0.0,25.6525,22.8875,23.7125,23.72,24.9225
983,2014-01-11 06:15:00,0.0,24.2725,25.6525,22.8875,23.7125,23.72
984,2014-01-11 06:30:00,0.0,27.955,24.2725,25.6525,22.8875,23.7125
985,2014-01-11 06:45:00,0.0,27.3075,27.955,24.2725,25.6525,22.8875
986,2014-01-11 07:00:00,0.0,27.5175,27.3075,27.955,24.2725,25.6525
987,2014-01-11 07:15:00,0.0,26.5725,27.5175,27.3075,27.955,24.2725
988,2014-01-11 07:30:00,0.0,26.175,26.5725,27.5175,27.3075,27.955
989,2014-01-11 07:45:00,0.0,28.0225,26.175,26.5725,27.5175,27.3075
990,2014-01-11 08:00:00,0.0,26.3275,28.0225,26.175,26.5725,27.5175
991,2014-01-11 08:15:00,0.0,26.505,26.3275,28.0225,26.175,26.5725
992,2014-01-11 08:30:00,0.0,24.63,26.505,26.3275,28.0225,26.175
993,2014-01-11 08:45:00,0.0,26.625,24.63,26.505,26.3275,28.0225
994,2014-01-11 09:00:00,0.0,24.625,26.625,24.63,26.505,26.3275
995,2014-01-11 09:15:00,0.0,26.755,24.625,26.625,24.63,26.505
996,2014-01-11 09:30:00,0.0,26.41,26.755,24.625,26.625,24.63
997,2014-01-11 09:45:00,0.0,28.2,26.41,26.755,24.625,26.625
998,2014-01-11 10:00:00,0.0,25.3625,28.2,26.41,26.755,24.625
999,2014-01-11 10:15:00,0.0,24.335,25.3625,28.2,26.41,26.755
1000,2014-01-11 10:30:00,0.0,24.2575,24.335,25.3625,28.2,26.41
1001,2014-01-11 10:45:00,0.0,26.32,24.2575,24.335,25.3625,28.2
1002,2014-01-11 11:00:00,0.0,25.4775,26.32,24.2575,24.335,25.3625
1003,2014-01-11 11:15:00,0.0,24.95,25.4775,26.32,24.2575,24.335
1004,2014-01-11 11:30:00,0.0,24.415,24.95,25.4775,26.32,24.2575
1005,2014-01-11 11:45:00,0.0,26.9725,24.415,24.95,25.4775,26.32
1006,2014-01-11 12:00:00,0.0,28.42,26.9725,24.415,24.95,25.4775
1007,2014-01-11 12:15:00,0.0,26.745,28.42,26.9725,24.415,24.95
1008,2014-01-11 12:30:00,0.0,27.71,26.745,28.42,26.9725,24.415
1009,2014-01-11 12:45:00,0.0,26.3125,27.71,26.745,28.42,26.9725
1010,2014-01-11 13:00:00,0.0,26.4825,26.3125,27.71,26.745,28.42
1011,2014-01-11 13:15:00,0.0,22.7975,26.4825,26.3125,27.71,26.745
1012,2014-01-11 13:30:00,0.0,26.375,22.7975,26.4825,26.3125,27.71
1013,2014-01-11 13:45:00,0.0,26.94,26.375,22.7975,26.4825,26.3125
1014,2014-01-11 14:00:00,0.0,26.095,26.94,26.375,22.7975,26.4825
1015,2014-01-11 14:15:00,0.0,26.0675,26.095,26.94,26.375,22.7975
1016,2014-01-11 14:30:00,0.0,26.25,26.0675,26.095,26.94,26.375
1017,2014-01-11 14:45:00,0.0,27.235,26.25,26.0675,26.095,26.94
1018,2014-01-11 15:00:00,0.0,26.105,27.235,26.25,26.0675,26.095
1019,2014-01-11 15:15:00,0.0,27.515,26.105,27.235,26.25,26.0675
1020,2014-01-11 15:30:00,0.0,25.4375,27.515,26.105,27.235,26.25
1021,2014-01-11 15:45:00,0.0,26.8225,25.4375,27.515,26.105,27.235
1022,2014-01-11 16:00:00,0.0,25.8025,26.8225,25.4375,27.515,26.105
1023,2014-01-11 16:15:00,0.0,25.745,25.8025,26.8225,25.4375,27.515
1024,2014-01-11 16:30:00,0.0,26.1575,25.745,25.8025,26.8225,25.4375
1025,2014-01-11 16:45:00,0.0,26.7025,26.1575,25.745,25.8025,26.8225
1026,2014-01-11 17:00:00,0.0,29.1425,26.7025,26.1575,25.745,25.8025
1027,2014-01-11 17:15:00,0.0,26.29,29.1425,26.7025,26.1575,25.745
1028,2014-01-11 17:30:00,0.0,27.3275,26.29,29.1425,26.7025,26.1575
1029,2014-01-11 17:45:00,0.0,25.835,27.3275,26.29,29.1425,26.7025
1030,2014-01-11 18:00:00,0.0,26.9875,25.835,27.3275,26.29,29.1425
1031,2014-01-11 18:15:00,0.0,26.34,26.9875,25.835,27.3275,26.29
1032,2014-01-11 18:30:00,0.0,26.9825,26.34,26.9875,25.835,27.3275
1033,2014-01-11 18:45:00,0.0,27.745,26.9825,26.34,26.9875,25.835
1034,2014-01-11 19:00:00,0.0,27.37,27.745,26.9825,26.34,26.9875
1035,2014-01-11 19:15:00,0.0,26.4275,27.37,27.745,26.9825,26.34
1036,2014-01-11 19:30:00,0.0,24.8325,26.4275,27.37,27.745,26.9825
1037,2014-01-11 19:45:00,0.0,27.7375,24.8325,26.4275,27.37,27.745
1038,2014-01-11 20:00:00,0.0,26.16,27.7375,24.8325,26.4275,27.37
1039,2014-01-11 20:15:00,0.0,25.57,26.16,27.7375,24.8325,26.4275
1040,2014-01-11 20:30:00,0.0,25.685,25.57,26.16,27.7375,24.8325
1041,2014-01-11 20:45:00,0.0,28.94,25.685,25.57,26.16,27.7375
1042,2014-01-11 21:00:00,0.0,27.36,28.94,25.685,25.57,26.16
1043,2014-01-11 21:15:00,0.0,27.0675,27.36,28.94,25.685,25.57
1044,2014-01-11 21:30:00,0.0,25.9775,27.0675,27.36,28.94,25.685
1045,2014-01-11 21:45:00,0.0,27.7,25.9775,27.0675,27.36,28.94
1046,2014-01-11 22:00:00,0.0,26.3525,27.7,25.9775,27.0675,27.36
1047,2014-01-11 22:15:00,0.0,26.5775,26.3525,27.7,25.9775,27.0675
1048,2014-01-11 22:30:00,0.0,23.685,26.5775,26.3525,27.7,25.9775
1049,2014-01-11 22:45:00,0.0,25.8125,23.685,26.5775,26.3525,27.7
1050,2014-01-11 23:00:00,0.0,25.295,25.8125,23.685,26.5775,26.3525
1051,2014-01-11 23:15:00,0.0,24.6725,25.295,25.8125,23.685,26.5775
1052,2014-01-11 23:30:00,0.0,22.9925,24.6725,25.295,25.8125,23.685
1053,2014-01-11 23:45:00,0.0,25.5025,22.9925,24.6725,25.295,25.8125
1054,2014-01-12 00:00:00,0.0,26.265,25.5025,22.9925,24.6725,25.295
1055,2014-01-12 00:15:00,0.0,22.74,26.265,25.5025,22.9925,24.6725
1056,2014-01-12 00:30:00,0.0,25.13,22.74,26.265,25.5025,22.9925
1057,2014-01-12 00:45:00,0.0,25.7825,25.13,22.74,26.265,25.5025
1058,2014-01-12 01:00:00,0.0,26.865,25.7825,25.13,22.74,26.265
1059,2014-01-12 01:15:00,0.0,25.7675,26.865,25.7825,25.13,22.74
1060,2014-01-12 01:30:00,0.0,25.465,25.7675,26.865,25.7825,25.13
1061,2014-01-12 01:45:00,0.0,24.5875,25.465,25.7675,26.865,25.7825
1062,2014-01-12 02:00:00,0.0,26.2425,24.5875,25.465,25.7675,26.865
1063,2014-01-12 02:15:00,0.0,24.065,26.2425,24.5875,25.465,25.7675
1064,2014-01-12 02:30:00,0.0,24.47,24.065,26.2425,24.5875,25.465
1065,2014-01-12 02:45:00,0.0,26.785,24.47,24.065,26.2425,24.5875
1066,2014-01-12 03:00:00,0.0,23.7375,26.785,24.47,24.065,26.2425
1067,2014-01-12 03:15:00,0.0,24.19,23.7375,26.785,24.47,24.065
1068,2014-01-12 03:30:00,0.0,25.4125,24.19,23.7375,26.785,24.47
1069,2014-01-12 03:45:00,0.0,26.47,25.4125,24.19,23.7375,26.785
1070,2014-01-12 04:00:00,0.0,24.025,26.47,25.4125,24.19,23.7375
1071,2014-01-12 04:15:00,0.0,26.355,24.025,26.47,25.4125,24.19
1072,2014-01-12 04:30:00,0.0,25.72,26.355,24.025,26.47,25.4125
1073,2014-01-12 04:45:00,0.0,24.65,25.72,26.355,24.025,26.47
1074,2014-01-12 05:00:00,0.0,25.0375,24.65,25.72,26.355,24.025
1075,2014-01-12 05:15:00,0.0,24.1675,25.0375,24.65,25.72,26.355
1076,2014-01-12 05:30:00,0.0,24.5275,24.1675,25.0375,24.65,25.72
1077,2014-01-12 05:45:00,0.0,25.3,24.5275,24.1675,25.0375,24.65
1078,2014-01-12 06:00:00,0.0,26.97,25.3,24.5275,24.1675,25.0375
1079,2014-01-12 06:15:00,0.0,26.455,26.97,25.3,24.5275,24.1675
1080,2014-01-12 06:30:00,0.0,26.7675,26.455,26.97,25.3,24.5275
1081,2014-01-12 06:45:00,0.0,26.355,26.7675,26.455,26.97,25.3
1082,2014-01-12 07:00:00,0.0,27.1425,26.355,26.7675,26.455,26.97
1083,2014-01-12 07:15:00,0.0,26.63,27.1425,26.355,26.7675,26.455
1084,2014-01-12 07:30:00,0.0,26.8775,26.63,27.1425,26.355,26.7675
1085,2014-01-12 07:45:00,0.0,26.62,26.8775,26.63,27.1425,26.355
1086,2014-01-12 08:00:00,0.0,27.395,26.62,26.8775,26.63,27.1425
1087,2014-01-12 08:15:00,0.0,26.0225,27.395,26.62,26.8775,26.63
1088,2014-01-12 08:30:00,0.0,25.995,26.0225,27.395,26.62,26.8775
1089,2014-01-12 08:45:00,0.0,27.715,25.995,26.0225,27.395,26.62
1090,2014-01-12 09:00:00,0.0,26.0275,27.715,25.995,26.0225,27.395
1091,2014-01-12 09:15:00,0.0,26.875,26.0275,27.715,25.995,26.0225
1092,2014-01-12 09:30:00,0.0,26.18,26.875,26.0275,27.715,25.995
1093,2014-01-12 09:45:00,0.0,25.68,26.18,26.875,26.0275,27.715
1094,2014-01-12 10:00:00,0.0,23.735,25.68,26.18,26.875,26.0275
1095,2014-01-12 10:15:00,0.0,24.695,23.735,25.68,26.18,26.875
1096,2014-01-12 10:30:00,0.0,25.655,24.695,23.735,25.68,26.18
1097,2014-01-12 10:45:00,0.0,27.45,25.655,24.695,23.735,25.68
1098,2014-01-12 11:00:00,0.0,28.1275,27.45,25.655,24.695,23.735
1099,2014-01-12 11:15:00,0.0,26.4125,28.1275,27.45,25.655,24.695
1100,2014-01-12 11:30:00,0.0,26.29,26.4125,28.1275,27.45,25.655
1101,2014-01-12 11:45:00,0.0,26.155,26.29,26.4125,28.1275,27.45
1102,2014-01-12 12:00:00,0.0,26.3675,26.155,26.29,26.4125,28.1275
1103,2014-01-12 12:15:00,0.0,27.16,26.3675,26.155,26.29,26.4125
1104,2014-01-12 12:30:00,0.0,24.7975,27.16,26.3675,26.155,26.29
1105,2014-01-12 12:45:00,0.0,29.0,24.7975,27.16,26.3675,26.155
1106,2014-01-12 13:00:00,0.0,26.4675,29.0,24.7975,27.16,26.3675
1107,2014-01-12 13:15:00,0.0,26.925,26.4675,29.0,24.7975,27.16
1108,2014-01-12 13:30:00,0.0,23.575,26.925,26.4675,29.0,24.7975
1109,2014-01-12 13:45:00,0.0,27.2025,23.575,26.925,26.4675,29.0
1110,2014-01-12 14:00:00,0.0,25.5925,27.2025,23.575,26.925,26.4675
1111,2014-01-12 14:15:00,0.0,25.9475,25.5925,27.2025,23.575,26.925
1112,2014-01-12 14:30:00,0.0,26.4975,25.9475,25.5925,27.2025,23.575
1113,2014-01-12 14:45:00,0.0,25.025,26.4975,25.9475,25.5925,27.2025
1114,2014-01-12 15:00:00,0.0,27.6975,25.025,26.4975,25.9475,25.5925
1115,2014-01-12 15:15:00,0.0,26.2125,27.6975,25.025,26.4975,25.9475
1116,2014-01-12 15:30:00,0.0,24.4975,26.2125,27.6975,25.025,26.4975
1117,2014-01-12 15:45:00,0.0,26.1375,24.4975,26.2125,27.6975,25.025
1118,2014-01-12 16:00:00,0.0,24.72,26.1375,24.4975,26.2125,27.6975
1119,2014-01-12 16:15:00,0.0,23.285,24.72,26.1375,24.4975,26.2125
1120,2014-01-12 16:30:00,0.0,25.6775,23.285,24.72,26.1375,24.4975
1121,2014-01-12 16:45:00,0.0,26.75,25.6775,23.285,24.72,26.1375
1122,2014-01-12 17:00:00,0.0,25.2775,26.75,25.6775,23.285,24.72
1123,2014-01-12 17:15:00,0.0,24.86,25.2775,26.75,25.6775,23.285
1124,2014-01-12 17:30:00,0.0,24.355,24.86,25.2775,26.75,25.6775
1125,2014-01-12 17:45:00,0.0,28.9625,24.355,24.86,25.2775,26.75
1126,2014-01-12 18:00:00,0.0,27.09,28.9625,24.355,24.86,25.2775
1127,2014-01-12 18:15:00,0.0,26.485,27.09,28.9625,24.355,24.86
1128,2014-01-12 18:30:00,0.0,24.5575,26.485,27.09,28.9625,24.355
1129,2014-01-12 18:45:00,0.0,27.715,24.5575,26.485,27.09,28.9625
1130,2014-01-12 19:00:00,0.0,25.7,27.715,24.5575,26.485,27.09
1131,2014-01-12 19:15:00,0.0,25.61,25.7,27.715,24.5575,26.485
1132,2014-01-12 19:30:00,0.0,27.525,25.61,25.7,27.715,24.5575
1133,2014-01-12 19:45:00,0.0,26.6375,27.525,25.61,25.7,27.715
1134,2014-01-12 20:00:00,0.0,27.3475,26.6375,27.525,25.61,25.7
1135,2014-01-12 20:15:00,0.0,24.9775,27.3475,26.6375,27.525,25.61
1136,2014-01-12 20:30:00,0.0,24.6025,24.9775,27.3475,26.6375,27.525
1137,2014-01-12 20:45:00,0.0,26.6425,24.6025,24.9775,27.3475,26.6375
1138,2014-01-12 21:00:00,0.0,27.6925,26.6425,24.6025,24.9775,27.3475
1139,2014-01-12 21:15:00,0.0,26.5525,27.6925,26.6425,24.6025,24.9775
1140,2014-01-12 21:30:00,0.0,27.805,26.5525,27.6925,26.6425,24.6025
1141,2014-01-12 21:45:00,0.0,27.1775,27.805,26.5525,27.6925,26.6425
1142,2014-01-12 22:00:00,0.0,25.8775,27.1775,27.805,26.5525,27.6925
1143,2014-01-12 22:15:00,0.0,23.9775,25.8775,27.1775,27.805,26.5525
1144,2014-01-12 22:30:00,0.0,21.9125,23.9775,25.8775,27.1775,27.805
1145,2014-01-12 22:45:00,0.0,26.4175,21.9125,23.9775,25.8775,27.1775
1146,2014-01-12 23:00:00,0.0,25.2325,26.4175,21.9125,23.9775,25.8775
1147,2014-01-12 23:15:00,0.0,24.495,25.2325,26.4175,21.9125,23.9775
1148,2014-01-12 23:30:00,0.0,24.1125,24.495,25.2325,26.4175,21.9125
1149,2014-01-12 23:45:00,0.0,24.4575,24.1125,24.495,25.2325,26.4175
1150,2014-01-13 00:00:00,0.0,23.565,24.4575,24.1125,24.495,25.2325
1151,2014-01-13 00:15:00,0.0,25.03,23.565,24.4575,24.1125,24.495
1152,2014-01-13 00:30:00,0.0,24.5975,25.03,23.565,24.4575,24.1125
1153,2014-01-13 00:45:00,0.0,25.6725,24.5975,25.03,23.565,24.4575
1154,2014-01-13 01:00:00,0.0,25.19,25.6725,24.5975,25.03,23.565
1155,2014-01-13 01:15:00,0.0,24.85,25.19,25.6725,24.5975,25.03
1156,2014-01-13 01:30:00,0.0,25.29,24.85,25.19,25.6725,24.5975
1157,2014-01-13 01:45:00,0.0,25.6425,25.29,24.85,25.19,25.6725
1158,2014-01-13 02:00:00,0.0,26.3375,25.6425,25.29,24.85,25.19
1159,2014-01-13 02:15:00,0.0,24.7375,26.3375,25.6425,25.29,24.85
1160,2014-01-13 02:30:00,0.0,26.4175,24.7375,26.3375,25.6425,25.29
1161,2014-01-13 02:45:00,0.0,25.0425,26.4175,24.7375,26.3375,25.6425
1162,2014-01-13 03:00:00,0.0,25.6225,25.0425,26.4175,24.7375,26.3375
1163,2014-01-13 03:15:00,0.0,24.945,25.6225,25.0425,26.4175,24.7375
1164,2014-01-13 03:30:00,0.0,25.285,24.945,25.6225,25.0425,26.4175
1165,2014-01-13 03:45:00,0.0,25.4875,25.285,24.945,25.6225,25.0425
1166,2014-01-13 04:00:00,0.0,24.72,25.4875,25.285,24.945,25.6225
1167,2014-01-13 04:15:00,0.0,26.4275,24.72,25.4875,25.285,24.945
1168,2014-01-13 04:30:00,0.0,24.82,26.4275,24.72,25.4875,25.285
1169,2014-01-13 04:45:00,0.0,26.23,24.82,26.4275,24.72,25.4875
1170,2014-01-13 05:00:00,0.0,23.8325,26.23,24.82,26.4275,24.72
1171,2014-01-13 05:15:00,0.0,24.3575,23.8325,26.23,24.82,26.4275
1172,2014-01-13 05:30:00,0.0,25.2675,24.3575,23.8325,26.23,24.82
1173,2014-01-13 05:45:00,0.0,25.305,25.2675,24.3575,23.8325,26.23
1174,2014-01-13 06:00:00,0.0,26.315,25.305,25.2675,24.3575,23.8325
1175,2014-01-13 06:15:00,0.0,26.4925,26.315,25.305,25.2675,24.3575
1176,2014-01-13 06:30:00,0.0,33.39,26.4925,26.315,25.305,25.2675
1177,2014-01-13 06:45:00,0.0,33.24,33.39,26.4925,26.315,25.305
1178,2014-01-13 07:00:00,0.0,32.825,33.24,33.39,26.4925,26.315
1179,2014-01-13 07:15:00,0.0,28.07,32.825,33.24,33.39,26.4925
1180,2014-01-13 07:30:00,0.0,31.8225,28.07,32.825,33.24,33.39
1181,2014-01-13 07:45:00,0.0,31.025,31.8225,28.07,32.825,33.24
1182,2014-01-13 08:00:00,0.0,31.61,31.025,31.8225,28.07,32.825
1183,2014-01-13 08:15:00,0.0,31.21,31.61,31.025,31.8225,28.07
1184,2014-01-13 08:30:00,0.0,32.19,31.21,31.61,31.025,31.8225
1185,2014-01-13 08:45:00,0.0,31.3,32.19,31.21,31.61,31.025
1186,2014-01-13 09:00:00,0.0,33.5925,31.3,32.19,31.21,31.61
1187,2014-01-13 09:15:00,0.0,33.44,33.5925,31.3,32.19,31.21
1188,2014-01-13 09:30:00,0.0,32.7275,33.44,33.5925,31.3,32.19
1189,2014-01-13 09:45:00,0.0,36.0825,32.7275,33.44,33.5925,31.3
1190,2014-01-13 10:00:00,0.0,32.63,36.0825,32.7275,33.44,33.5925
1191,2014-01-13 10:15:00,0.0,34.2575,32.63,36.0825,32.7275,33.44
1192,2014-01-13 10:30:00,0.0,34.2,34.2575,32.63,36.0825,32.7275
1193,2014-01-13 10:45:00,0.0,33.415,34.2,34.2575,32.63,36.0825
1194,2014-01-13 11:00:00,0.0,32.6,33.415,34.2,34.2575,32.63
1195,2014-01-13 11:15:00,0.0,35.5625,32.6,33.415,34.2,34.2575
1196,2014-01-13 11:30:00,0.0,33.6175,35.5625,32.6,33.415,34.2
1197,2014-01-13 11:45:00,0.0,35.4375,33.6175,35.5625,32.6,33.415
1198,2014-01-13 12:00:00,0.0,33.095,35.4375,33.6175,35.5625,32.6
1199,2014-01-13 12:15:00,0.0,32.83,33.095,35.4375,33.6175,35.5625
1200,2014-01-13 12:30:00,0.0,36.29,32.83,33.095,35.4375,33.6175
1201,2014-01-13 12:45:00,0.0,36.75,36.29,32.83,33.095,35.4375
1202,2014-01-13 13:00:00,0.0,34.21,36.75,36.29,32.83,33.095
1203,2014-01-13 13:15:00,0.0,34.945,34.21,36.75,36.29,32.83
1204,2014-01-13 13:30:00,0.0,32.4475,34.945,34.21,36.75,36.29
1205,2014-01-13 13:45:00,0.0,35.1525,32.4475,34.945,34.21,36.75
1206,2014-01-13 14:00:00,0.0,33.775,35.1525,32.4475,34.945,34.21
1207,2014-01-13 14:15:00,0.0,34.5225,33.775,35.1525,32.4475,34.945
1208,2014-01-13 14:30:00,0.0,34.755,34.5225,33.775,35.1525,32.4475
1209,2014-01-13 14:45:00,0.0,34.92,34.755,34.5225,33.775,35.1525
1210,2014-01-13 15:00:00,0.0,34.88,34.92,34.755,34.5225,33.775
1211,2014-01-13 15:15:00,0.0,35.08,34.88,34.92,34.755,34.5225
1212,2014-01-13 15:30:00,0.0,34.96,35.08,34.88,34.92,34.755
1213,2014-01-13 15:45:00,0.0,35.595,34.96,35.08,34.88,34.92
1214,2014-01-13 16:00:00,0.0,33.7825,35.595,34.96,35.08,34.88
1215,2014-01-13 16:15:00,0.0,35.1125,33.7825,35.595,34.96,35.08
1216,2014-01-13 16:30:00,0.0,35.9275,35.1125,33.7825,35.595,34.96
1217,2014-01-13 16:45:00,0.0,36.3375,35.9275,35.1125,33.7825,35.595
1218,2014-01-13 17:00:00,0.0,32.775,36.3375,35.9275,35.1125,33.7825
1219,2014-01-13 17:15:00,0.0,33.595,32.775,36.3375,35.9275,35.1125
1220,2014-01-13 17:30:00,0.0,34.88,33.595,32.775,36.3375,35.9275
1221,2014-01-13 17:45:00,0.0,33.7075,34.88,33.595,32.775,36.3375
1222,2014-01-13 18:00:00,0.0,33.36,33.7075,34.88,33.595,32.775
1223,2014-01-13 18:15:00,0.0,31.0875,33.36,33.7075,34.88,33.595
1224,2014-01-13 18:30:00,0.0,31.445,31.0875,33.36,33.7075,34.88
1225,2014-01-13 18:45:00,0.0,28.7625,31.445,31.0875,33.36,33.7075
1226,2014-01-13 19:00:00,0.0,30.29,28.7625,31.445,31.0875,33.36
1227,2014-01-13 19:15:00,0.0,29.6125,30.29,28.7625,31.445,31.0875
1228,2014-01-13 19:30:00,0.0,28.54,29.6125,30.29,28.7625,31.445
1229,2014-01-13 19:45:00,0.0,30.04,28.54,29.6125,30.29,28.7625
1230,2014-01-13 20:00:00,0.0,30.5075,30.04,28.54,29.6125,30.29
1231,2014-01-13 20:15:00,0.0,27.6425,30.5075,30.04,28.54,29.6125
1232,2014-01-13 20:30:00,0.0,29.075,27.6425,30.5075,30.04,28.54
1233,2014-01-13 20:45:00,0.0,29.3775,29.075,27.6425,30.5075,30.04
1234,2014-01-13 21:00:00,0.0,27.6325,29.3775,29.075,27.6425,30.5075
1235,2014-01-13 21:15:00,0.0,28.5425,27.6325,29.3775,29.075,27.6425
1236,2014-01-13 21:30:00,0.0,28.4225,28.5425,27.6325,29.3775,29.075
1237,2014-01-13 21:45:00,0.0,29.2,28.4225,28.5425,27.6325,29.3775
1238,2014-01-13 22:00:00,0.0,27.0675,29.2,28.4225,28.5425,27.6325
1239,2014-01-13 22:15:00,0.0,24.91,27.0675,29.2,28.4225,28.5425
1240,2014-01-13 22:30:00,0.0,25.6875,24.91,27.0675,29.2,28.4225
1241,2014-01-13 22:45:00,0.0,25.0175,25.6875,24.91,27.0675,29.2
1242,2014-01-13 23:00:00,0.0,26.3125,25.0175,25.6875,24.91,27.0675
1243,2014-01-13 23:15:00,0.0,24.05,26.3125,25.0175,25.6875,24.91
1244,2014-01-13 23:30:00,0.0,26.2275,24.05,26.3125,25.0175,25.6875
1245,2014-01-13 23:45:00,0.0,23.32,26.2275,24.05,26.3125,25.0175
1246,2014-01-14 00:00:00,0.0,25.02,23.32,26.2275,24.05,26.3125
1247,2014-01-14 00:15:00,0.0,23.5975,25.02,23.32,26.2275,24.05
1248,2014-01-14 00:30:00,0.0,24.4025,23.5975,25.02,23.32,26.2275
1249,2014-01-14 00:45:00,0.0,24.9675,24.4025,23.5975,25.02,23.32
1250,2014-01-14 01:00:00,0.0,26.0925,24.9675,24.4025,23.5975,25.02
1251,2014-01-14 01:15:00,0.0,25.53,26.0925,24.9675,24.4025,23.5975
1252,2014-01-14 01:30:00,0.0,24.75,25.53,26.0925,24.9675,24.4025
1253,2014-01-14 01:45:00,0.0,25.315,24.75,25.53,26.0925,24.9675
1254,2014-01-14 02:00:00,0.0,23.1175,25.315,24.75,25.53,26.0925
1255,2014-01-14 02:15:00,0.0,24.4475,23.1175,25.315,24.75,25.53
1256,2014-01-14 02:30:00,0.0,23.7475,24.4475,23.1175,25.315,24.75
1257,2014-01-14 02:45:00,0.0,26.5425,23.7475,24.4475,23.1175,25.315
1258,2014-01-14 03:00:00,0.0,25.705,26.5425,23.7475,24.4475,23.1175
1259,2014-01-14 03:15:00,0.0,24.6125,25.705,26.5425,23.7475,24.4475
1260,2014-01-14 03:30:00,0.0,22.1025,24.6125,25.705,26.5425,23.7475
1261,2014-01-14 03:45:00,0.0,25.5475,22.1025,24.6125,25.705,26.5425
1262,2014-01-14 04:00:00,0.0,24.9,25.5475,22.1025,24.6125,25.705
1263,2014-01-14 04:15:00,0.0,26.0775,24.9,25.5475,22.1025,24.6125
1264,2014-01-14 04:30:00,0.0,26.185,26.0775,24.9,25.5475,22.1025
1265,2014-01-14 04:45:00,0.0,27.6675,26.185,26.0775,24.9,25.5475
1266,2014-01-14 05:00:00,0.0,24.78,27.6675,26.185,26.0775,24.9
1267,2014-01-14 05:15:00,0.0,25.54,24.78,27.6675,26.185,26.0775
1268,2014-01-14 05:30:00,0.0,24.6475,25.54,24.78,27.6675,26.185
1269,2014-01-14 05:45:00,0.0,27.035,24.6475,25.54,24.78,27.6675
1270,2014-01-14 06:00:00,0.0,26.3425,27.035,24.6475,25.54,24.78
1271,2014-01-14 06:15:00,0.0,30.3925,26.3425,27.035,24.6475,25.54
1272,2014-01-14 06:30:00,0.0,31.3575,30.3925,26.3425,27.035,24.6475
1273,2014-01-14 06:45:00,0.0,32.795,31.3575,30.3925,26.3425,27.035
1274,2014-01-14 07:00:00,0.0,29.775,32.795,31.3575,30.3925,26.3425
1275,2014-01-14 07:15:00,0.0,30.345,29.775,32.795,31.3575,30.3925
1276,2014-01-14 07:30:00,0.0,28.6425,30.345,29.775,32.795,31.3575
1277,2014-01-14 07:45:00,0.0,29.9875,28.6425,30.345,29.775,32.795
1278,2014-01-14 08:00:00,0.0,31.005,29.9875,28.6425,30.345,29.775
1279,2014-01-14 08:15:00,0.0,32.0425,31.005,29.9875,28.6425,30.345
1280,2014-01-14 08:30:00,0.0,30.4525,32.0425,31.005,29.9875,28.6425
1281,2014-01-14 08:45:00,0.0,31.35,30.4525,32.0425,31.005,29.9875
1282,2014-01-14 09:00:00,0.0,30.1875,31.35,30.4525,32.0425,31.005
1283,2014-01-14 09:15:00,0.0,32.4475,30.1875,31.35,30.4525,32.0425
1284,2014-01-14 09:30:00,0.0,31.5625,32.4475,30.1875,31.35,30.4525
1285,2014-01-14 09:45:00,0.0,35.9975,31.5625,32.4475,30.1875,31.35
1286,2014-01-14 10:00:00,0.0,34.8625,35.9975,31.5625,32.4475,30.1875
1287,2014-01-14 10:15:00,0.0,32.5875,34.8625,35.9975,31.5625,32.4475
1288,2014-01-14 10:30:00,0.0,32.6275,32.5875,34.8625,35.9975,31.5625
1289,2014-01-14 10:45:00,0.0,36.355,32.6275,32.5875,34.8625,35.9975
1290,2014-01-14 11:00:00,0.0,31.9225,36.355,32.6275,32.5875,34.8625
1291,2014-01-14 11:15:00,0.0,35.2525,31.9225,36.355,32.6275,32.5875
1292,2014-01-14 11:30:00,0.0,36.365,35.2525,31.9225,36.355,32.6275
1293,2014-01-14 11:45:00,0.0,37.0775,36.365,35.2525,31.9225,36.355
1294,2014-01-14 12:00:00,0.0,37.0875,37.0775,36.365,35.2525,31.9225
1295,2014-01-14 12:15:00,0.0,37.26,37.0875,37.0775,36.365,35.2525
1296,2014-01-14 12:30:00,0.0,36.21,37.26,37.0875,37.0775,36.365
1297,2014-01-14 12:45:00,0.0,41.3775,36.21,37.26,37.0875,37.0775
1298,2014-01-14 13:00:00,0.0,37.1275,41.3775,36.21,37.26,37.0875
1299,2014-01-14 13:15:00,0.0,40.2925,37.1275,41.3775,36.21,37.26
1300,2014-01-14 13:30:00,0.0,39.2875,40.2925,37.1275,41.3775,36.21
1301,2014-01-14 13:45:00,0.0,41.2975,39.2875,40.2925,37.1275,41.3775
1302,2014-01-14 14:00:00,0.0,42.3625,41.2975,39.2875,40.2925,37.1275
1303,2014-01-14 14:15:00,0.0,38.5275,42.3625,41.2975,39.2875,40.2925
1304,2014-01-14 14:30:00,0.0,38.975,38.5275,42.3625,41.2975,39.2875
1305,2014-01-14 14:45:00,0.0,40.38,38.975,38.5275,42.3625,41.2975
1306,2014-01-14 15:00:00,0.0,38.6775,40.38,38.975,38.5275,42.3625
1307,2014-01-14 15:15:00,0.0,40.96,38.6775,40.38,38.975,38.5275
1308,2014-01-14 15:30:00,0.0,40.955,40.96,38.6775,40.38,38.975
1309,2014-01-14 15:45:00,0.0,38.3675,40.955,40.96,38.6775,40.38
1310,2014-01-14 16:00:00,0.0,39.245,38.3675,40.955,40.96,38.6775
1311,2014-01-14 16:15:00,0.0,39.365,39.245,38.3675,40.955,40.96
1312,2014-01-14 16:30:00,0.0,36.2925,39.365,39.245,38.3675,40.955
1313,2014-01-14 16:45:00,0.0,37.87,36.2925,39.365,39.245,38.3675
1314,2014-01-14 17:00:00,0.0,34.0425,37.87,36.2925,39.365,39.245
1315,2014-01-14 17:15:00,0.0,35.1425,34.0425,37.87,36.2925,39.365
1316,2014-01-14 17:30:00,0.0,34.5475,35.1425,34.0425,37.87,36.2925
1317,2014-01-14 17:45:00,0.0,34.0025,34.5475,35.1425,34.0425,37.87
1318,2014-01-14 18:00:00,0.0,32.6625,34.0025,34.5475,35.1425,34.0425
1319,2014-01-14 18:15:00,0.0,31.4075,32.6625,34.0025,34.5475,35.1425
1320,2014-01-14 18:30:00,0.0,29.9125,31.4075,32.6625,34.0025,34.5475
1321,2014-01-14 18:45:00,0.0,29.94,29.9125,31.4075,32.6625,34.0025
1322,2014-01-14 19:00:00,0.0,29.64,29.94,29.9125,31.4075,32.6625
1323,2014-01-14 19:15:00,0.0,29.7175,29.64,29.94,29.9125,31.4075
1324,2014-01-14 19:30:00,0.0,30.5475,29.7175,29.64,29.94,29.9125
1325,2014-01-14 19:45:00,0.0,26.675,30.5475,29.7175,29.64,29.94
1326,2014-01-14 20:00:00,0.0,29.1025,26.675,30.5475,29.7175,29.64
1327,2014-01-14 20:15:00,0.0,28.81,29.1025,26.675,30.5475,29.7175
1328,2014-01-14 20:30:00,0.0,27.785,28.81,29.1025,26.675,30.5475
1329,2014-01-14 20:45:00,0.0,29.3225,27.785,28.81,29.1025,26.675
1330,2014-01-14 21:00:00,0.0,27.7125,29.3225,27.785,28.81,29.1025
1331,2014-01-14 21:15:00,0.0,29.2175,27.7125,29.3225,27.785,28.81
1332,2014-01-14 21:30:00,0.0,28.4525,29.2175,27.7125,29.3225,27.785
1333,2014-01-14 21:45:00,0.0,25.865,28.4525,29.2175,27.7125,29.3225
1334,2014-01-14 22:00:00,0.0,28.485,25.865,28.4525,29.2175,27.7125
1335,2014-01-14 22:15:00,0.0,23.57,28.485,25.865,28.4525,29.2175
1336,2014-01-14 22:30:00,0.0,25.145,23.57,28.485,25.865,28.4525
1337,2014-01-14 22:45:00,0.0,24.97,25.145,23.57,28.485,25.865
1338,2014-01-14 23:00:00,0.0,25.575,24.97,25.145,23.57,28.485
1339,2014-01-14 23:15:00,0.0,26.9325,25.575,24.97,25.145,23.57
1340,2014-01-14 23:30:00,0.0,26.235,26.9325,25.575,24.97,25.145
1341,2014-01-14 23:45:00,0.0,26.59,26.235,26.9325,25.575,24.97
1342,2014-01-15 00:00:00,0.0,26.3275,26.59,26.235,26.9325,25.575
1343,2014-01-15 00:15:00,0.0,23.37,26.3275,26.59,26.235,26.9325
1344,2014-01-15 00:30:00,0.0,24.08,23.37,26.3275,26.59,26.235
1345,2014-01-15 00:45:00,0.0,26.6725,24.08,23.37,26.3275,26.59
1346,2014-01-15 01:00:00,0.0,24.24,26.6725,24.08,23.37,26.3275
1347,2014-01-15 01:15:00,0.0,24.715,24.24,26.6725,24.08,23.37
1348,2014-01-15 01:30:00,0.0,25.55,24.715,24.24,26.6725,24.08
1349,2014-01-15 01:45:00,0.0,25.27,25.55,24.715,24.24,26.6725
1350,2014-01-15 02:00:00,0.0,25.0625,25.27,25.55,24.715,24.24
1351,2014-01-15 02:15:00,0.0,25.9525,25.0625,25.27,25.55,24.715
1352,2014-01-15 02:30:00,0.0,25.21,25.9525,25.0625,25.27,25.55
1353,2014-01-15 02:45:00,0.0,23.86,25.21,25.9525,25.0625,25.27
1354,2014-01-15 03:00:00,0.0,24.775,23.86,25.21,25.9525,25.0625
1355,2014-01-15 03:15:00,0.0,25.5675,24.775,23.86,25.21,25.9525
1356,2014-01-15 03:30:00,0.0,24.3175,25.5675,24.775,23.86,25.21
1357,2014-01-15 03:45:00,0.0,26.295,24.3175,25.5675,24.775,23.86
1358,2014-01-15 04:00:00,0.0,27.0975,26.295,24.3175,25.5675,24.775
1359,2014-01-15 04:15:00,0.0,24.8375,27.0975,26.295,24.3175,25.5675
1360,2014-01-15 04:30:00,0.0,26.69,24.8375,27.0975,26.295,24.3175
1361,2014-01-15 04:45:00,0.0,22.8225,26.69,24.8375,27.0975,26.295
1362,2014-01-15 05:00:00,0.0,26.46,22.8225,26.69,24.8375,27.0975
1363,2014-01-15 05:15:00,0.0,26.6525,26.46,22.8225,26.69,24.8375
1364,2014-01-15 05:30:00,0.0,26.7875,26.6525,26.46,22.8225,26.69
1365,2014-01-15 05:45:00,0.0,28.415,26.7875,26.6525,26.46,22.8225
1366,2014-01-15 06:00:00,0.0,24.455,28.415,26.7875,26.6525,26.46
1367,2014-01-15 06:15:00,0.0,25.74,24.455,28.415,26.7875,26.6525
1368,2014-01-15 06:30:00,0.0,29.71,25.74,24.455,28.415,26.7875
1369,2014-01-15 06:45:00,0.0,31.68,29.71,25.74,24.455,28.415
1370,2014-01-15 07:00:00,0.0,28.61,31.68,29.71,25.74,24.455
1371,2014-01-15 07:15:00,0.0,30.8575,28.61,31.68,29.71,25.74
1372,2014-01-15 07:30:00,0.0,29.145,30.8575,28.61,31.68,29.71
1373,2014-01-15 07:45:00,0.0,29.735,29.145,30.8575,28.61,31.68
1374,2014-01-15 08:00:00,0.0,29.7125,29.735,29.145,30.8575,28.61
1375,2014-01-15 08:15:00,0.0,27.4025,29.7125,29.735,29.145,30.8575
1376,2014-01-15 08:30:00,0.0,31.985,27.4025,29.7125,29.735,29.145
1377,2014-01-15 08:45:00,0.0,32.665,31.985,27.4025,29.7125,29.735
1378,2014-01-15 09:00:00,0.0,30.6575,32.665,31.985,27.4025,29.7125
1379,2014-01-15 09:15:00,0.0,32.525,30.6575,32.665,31.985,27.4025
1380,2014-01-15 09:30:00,0.0,30.36,32.525,30.6575,32.665,31.985
1381,2014-01-15 09:45:00,0.0,31.93,30.36,32.525,30.6575,32.665
1382,2014-01-15 10:00:00,0.0,33.5525,31.93,30.36,32.525,30.6575
1383,2014-01-15 10:15:00,0.0,34.195,33.5525,31.93,30.36,32.525
1384,2014-01-15 10:30:00,0.0,35.0825,34.195,33.5525,31.93,30.36
1385,2014-01-15 10:45:00,0.0,33.58,35.0825,34.195,33.5525,31.93
1386,2014-01-15 11:00:00,0.0,35.6425,33.58,35.0825,34.195,33.5525
1387,2014-01-15 11:15:00,0.0,35.315,35.6425,33.58,35.0825,34.195
1388,2014-01-15 11:30:00,0.0,35.8775,35.315,35.6425,33.58,35.0825
1389,2014-01-15 11:45:00,0.0,34.465,35.8775,35.315,35.6425,33.58
1390,2014-01-15 12:00:00,0.0,37.3675,34.465,35.8775,35.315,35.6425
1391,2014-01-15 12:15:00,0.0,35.6375,37.3675,34.465,35.8775,35.315
1392,2014-01-15 12:30:00,0.0,34.465,35.6375,37.3675,34.465,35.8775
1393,2014-01-15 12:45:00,0.0,36.44,34.465,35.6375,37.3675,34.465
1394,2014-01-15 13:00:00,0.0,35.5125,36.44,34.465,35.6375,37.3675
1395,2014-01-15 13:15:00,0.0,38.87,35.5125,36.44,34.465,35.6375
1396,2014-01-15 13:30:00,0.0,37.825,38.87,35.5125,36.44,34.465
1397,2014-01-15 13:45:00,0.0,37.8525,37.825,38.87,35.5125,36.44
1398,2014-01-15 14:00:00,0.0,41.7275,37.8525,37.825,38.87,35.5125
1399,2014-01-15 14:15:00,0.0,40.1775,41.7275,37.8525,37.825,38.87
1400,2014-01-15 14:30:00,0.0,37.6475,40.1775,41.7275,37.8525,37.825
1401,2014-01-15 14:45:00,0.0,42.4025,37.6475,40.1775,41.7275,37.8525
1402,2014-01-15 15:00:00,0.0,38.6725,42.4025,37.6475,40.1775,41.7275
1403,2014-01-15 15:15:00,0.0,37.7675,38.6725,42.4025,37.6475,40.1775
1404,2014-01-15 15:30:00,0.0,40.4325,37.7675,38.6725,42.4025,37.6475
1405,2014-01-15 15:45:00,0.0,41.85,40.4325,37.7675,38.6725,42.4025
1406,2014-01-15 16:00:00,0.0,40.74,41.85,40.4325,37.7675,38.6725
1407,2014-01-15 16:15:00,0.0,41.7525,40.74,41.85,40.4325,37.7675
1408,2014-01-15 16:30:00,0.0,39.37,41.7525,40.74,41.85,40.4325
1409,2014-01-15 16:45:00,0.0,40.0725,39.37,41.7525,40.74,41.85
1410,2014-01-15 17:00:00,0.0,38.9125,40.0725,39.37,41.7525,40.74
1411,2014-01-15 17:15:00,0.0,40.165,38.9125,40.0725,39.37,41.7525
1412,2014-01-15 17:30:00,0.0,38.8525,40.165,38.9125,40.0725,39.37
1413,2014-01-15 17:45:00,0.0,36.3925,38.8525,40.165,38.9125,40.0725
1414,2014-01-15 18:00:00,0.0,36.805,36.3925,38.8525,40.165,38.9125
1415,2014-01-15 18:15:00,0.0,35.51,36.805,36.3925,38.8525,40.165
1416,2014-01-15 18:30:00,0.0,35.01,35.51,36.805,36.3925,38.8525
1417,2014-01-15 18:45:00,0.0,34.5375,35.01,35.51,36.805,36.3925
1418,2014-01-15 19:00:00,0.0,34.185,34.5375,35.01,35.51,36.805
1419,2014-01-15 19:15:00,0.0,32.63,34.185,34.5375,35.01,35.51
1420,2014-01-15 19:30:00,0.0,30.93,32.63,34.185,34.5375,35.01
1421,2014-01-15 19:45:00,0.0,32.5575,30.93,32.63,34.185,34.5375
1422,2014-01-15 20:00:00,0.0,34.17,32.5575,30.93,32.63,34.185
1423,2014-01-15 20:15:00,0.0,31.18,34.17,32.5575,30.93,32.63
1424,2014-01-15 20:30:00,0.0,30.68,31.18,34.17,32.5575,30.93
1425,2014-01-15 20:45:00,0.0,32.59,30.68,31.18,34.17,32.5575
1426,2014-01-15 21:00:00,0.0,29.7825,32.59,30.68,31.18,34.17
1427,2014-01-15 21:15:00,0.0,33.805,29.7825,32.59,30.68,31.18
1428,2014-01-15 21:30:00,0.0,30.36,33.805,29.7825,32.59,30.68
1429,2014-01-15 21:45:00,0.0,29.4225,30.36,33.805,29.7825,32.59
1430,2014-01-15 22:00:00,0.0,32.21,29.4225,30.36,33.805,29.7825
1431,2014-01-15 22:15:00,0.0,28.6275,32.21,29.4225,30.36,33.805
1432,2014-01-15 22:30:00,0.0,27.155,28.6275,32.21,29.4225,30.36
1433,2014-01-15 22:45:00,0.0,29.8725,27.155,28.6275,32.21,29.4225
1434,2014-01-15 23:00:00,0.0,27.5775,29.8725,27.155,28.6275,32.21
1435,2014-01-15 23:15:00,0.0,27.14,27.5775,29.8725,27.155,28.6275
1436,2014-01-15 23:30:00,0.0,29.3425,27.14,27.5775,29.8725,27.155
1437,2014-01-15 23:45:00,0.0,27.6175,29.3425,27.14,27.5775,29.8725
1438,2014-01-16 00:00:00,0.0,26.8225,27.6175,29.3425,27.14,27.5775
1439,2014-01-16 00:15:00,0.0,25.9475,26.8225,27.6175,29.3425,27.14
1440,2014-01-16 00:30:00,0.0,27.295,25.9475,26.8225,27.6175,29.3425
1441,2014-01-16 00:45:00,0.0,25.9975,27.295,25.9475,26.8225,27.6175
1442,2014-01-16 01:00:00,0.0,25.605,25.9975,27.295,25.9475,26.8225
1443,2014-01-16 01:15:00,0.0,26.54,25.605,25.9975,27.295,25.9475
1444,2014-01-16 01:30:00,0.0,24.0575,26.54,25.605,25.9975,27.295
1445,2014-01-16 01:45:00,0.0,26.8275,24.0575,26.54,25.605,25.9975
1446,2014-01-16 02:00:00,0.0,27.1325,26.8275,24.0575,26.54,25.605
1447,2014-01-16 02:15:00,0.0,24.53,27.1325,26.8275,24.0575,26.54
1448,2014-01-16 02:30:00,0.0,26.03,24.53,27.1325,26.8275,24.0575
1449,2014-01-16 02:45:00,0.0,25.9575,26.03,24.53,27.1325,26.8275
1450,2014-01-16 03:00:00,0.0,22.37,25.9575,26.03,24.53,27.1325
1451,2014-01-16 03:15:00,0.0,25.2175,22.37,25.9575,26.03,24.53
1452,2014-01-16 03:30:00,0.0,25.5575,25.2175,22.37,25.9575,26.03
1453,2014-01-16 03:45:00,0.0,26.06,25.5575,25.2175,22.37,25.9575
1454,2014-01-16 04:00:00,0.0,26.945,26.06,25.5575,25.2175,22.37
1455,2014-01-16 04:15:00,0.0,26.4225,26.945,26.06,25.5575,25.2175
1456,2014-01-16 04:30:00,0.0,25.8525,26.4225,26.945,26.06,25.5575
1457,2014-01-16 04:45:00,0.0,27.6325,25.8525,26.4225,26.945,26.06
1458,2014-01-16 05:00:00,0.0,25.65,27.6325,25.8525,26.4225,26.945
1459,2014-01-16 05:15:00,0.0,25.6075,25.65,27.6325,25.8525,26.4225
1460,2014-01-16 05:30:00,0.0,27.5,25.6075,25.65,27.6325,25.8525
1461,2014-01-16 05:45:00,0.0,28.315,27.5,25.6075,25.65,27.6325
1462,2014-01-16 06:00:00,0.0,24.04,28.315,27.5,25.6075,25.65
1463,2014-01-16 06:15:00,0.0,28.625,24.04,28.315,27.5,25.6075
1464,2014-01-16 06:30:00,0.0,30.295,28.625,24.04,28.315,27.5
1465,2014-01-16 06:45:00,0.0,28.95,30.295,28.625,24.04,28.315
1466,2014-01-16 07:00:00,0.0,29.6675,28.95,30.295,28.625,24.04
1467,2014-01-16 07:15:00,0.0,30.035,29.6675,28.95,30.295,28.625
1468,2014-01-16 07:30:00,0.0,28.565,30.035,29.6675,28.95,30.295
1469,2014-01-16 07:45:00,0.0,32.7225,28.565,30.035,29.6675,28.95
1470,2014-01-16 08:00:00,0.0,31.6025,32.7225,28.565,30.035,29.6675
1471,2014-01-16 08:15:00,0.0,29.9125,31.6025,32.7225,28.565,30.035
1472,2014-01-16 08:30:00,0.0,30.72,29.9125,31.6025,32.7225,28.565
1473,2014-01-16 08:45:00,0.0,29.9,30.72,29.9125,31.6025,32.7225
1474,2014-01-16 09:00:00,0.0,32.53,29.9,30.72,29.9125,31.6025
1475,2014-01-16 09:15:00,0.0,32.2125,32.53,29.9,30.72,29.9125
1476,2014-01-16 09:30:00,0.0,33.1675,32.2125,32.53,29.9,30.72
1477,2014-01-16 09:45:00,0.0,35.35,33.1675,32.2125,32.53,29.9
1478,2014-01-16 10:00:00,0.0,34.105,35.35,33.1675,32.2125,32.53
1479,2014-01-16 10:15:00,0.0,34.69,34.105,35.35,33.1675,32.2125
1480,2014-01-16 10:30:00,0.0,36.015,34.69,34.105,35.35,33.1675
1481,2014-01-16 10:45:00,0.0,35.6325,36.015,34.69,34.105,35.35
1482,2014-01-16 11:00:00,0.0,37.56,35.6325,36.015,34.69,34.105
1483,2014-01-16 11:15:00,0.0,35.8675,37.56,35.6325,36.015,34.69
1484,2014-01-16 11:30:00,0.0,37.8975,35.8675,37.56,35.6325,36.015
1485,2014-01-16 11:45:00,0.0,42.9825,37.8975,35.8675,37.56,35.6325
1486,2014-01-16 12:00:00,0.0,38.2475,42.9825,37.8975,35.8675,37.56
1487,2014-01-16 12:15:00,0.0,38.2675,38.2475,42.9825,37.8975,35.8675
1488,2014-01-16 12:30:00,0.0,41.0275,38.2675,38.2475,42.9825,37.8975
1489,2014-01-16 12:45:00,0.0,39.535,41.0275,38.2675,38.2475,42.9825
1490,2014-01-16 13:00:00,0.0,43.445,39.535,41.0275,38.2675,38.2475
1491,2014-01-16 13:15:00,0.0,43.035,43.445,39.535,41.0275,38.2675
1492,2014-01-16 13:30:00,0.0,40.3725,43.035,43.445,39.535,41.0275
1493,2014-01-16 13:45:00,0.0,43.76,40.3725,43.035,43.445,39.535
1494,2014-01-16 14:00:00,0.0,42.055,43.76,40.3725,43.035,43.445
1495,2014-01-16 14:15:00,0.0,39.2675,42.055,43.76,40.3725,43.035
1496,2014-01-16 14:30:00,0.0,41.265,39.2675,42.055,43.76,40.3725
1497,2014-01-16 14:45:00,0.0,40.745,41.265,39.2675,42.055,43.76
1498,2014-01-16 15:00:00,0.0,40.7725,40.745,41.265,39.2675,42.055
1499,2014-01-16 15:15:00,0.0,42.66,40.7725,40.745,41.265,39.2675
1500,2014-01-16 15:30:00,0.0,42.43,42.66,40.7725,40.745,41.265
1501,2014-01-16 15:45:00,0.0,40.94,42.43,42.66,40.7725,40.745
1502,2014-01-16 16:00:00,0.0,42.26,40.94,42.43,42.66,40.7725
1503,2014-01-16 16:15:00,0.0,40.5975,42.26,40.94,42.43,42.66
1504,2014-01-16 16:30:00,0.0,40.7275,40.5975,42.26,40.94,42.43
1505,2014-01-16 16:45:00,0.0,42.45,40.7275,40.5975,42.26,40.94
1506,2014-01-16 17:00:00,0.0,40.41,42.45,40.7275,40.5975,42.26
1507,2014-01-16 17:15:00,0.0,41.1075,40.41,42.45,40.7275,40.5975
1508,2014-01-16 17:30:00,0.0,38.12,41.1075,40.41,42.45,40.7275
1509,2014-01-16 17:45:00,0.0,37.3575,38.12,41.1075,40.41,42.45
1510,2014-01-16 18:00:00,0.0,35.76,37.3575,38.12,41.1075,40.41
1511,2014-01-16 18:15:00,0.0,35.365,35.76,37.3575,38.12,41.1075
1512,2014-01-16 18:30:00,0.0,36.8875,35.365,35.76,37.3575,38.12
1513,2014-01-16 18:45:00,0.0,34.36,36.8875,35.365,35.76,37.3575
1514,2014-01-16 19:00:00,0.0,36.295,34.36,36.8875,35.365,35.76
1515,2014-01-16 19:15:00,0.0,36.225,36.295,34.36,36.8875,35.365
1516,2014-01-16 19:30:00,0.0,31.6375,36.225,36.295,34.36,36.8875
1517,2014-01-16 19:45:00,0.0,33.735,31.6375,36.225,36.295,34.36
1518,2014-01-16 20:00:00,0.0,32.335,33.735,31.6375,36.225,36.295
1519,2014-01-16 20:15:00,0.0,32.8975,32.335,33.735,31.6375,36.225
1520,2014-01-16 20:30:00,0.0,34.0275,32.8975,32.335,33.735,31.6375
1521,2014-01-16 20:45:00,0.0,37.4575,34.0275,32.8975,32.335,33.735
1522,2014-01-16 21:00:00,0.0,32.165,37.4575,34.0275,32.8975,32.335
1523,2014-01-16 21:15:00,0.0,32.6975,32.165,37.4575,34.0275,32.8975
1524,2014-01-16 21:30:00,0.0,31.0275,32.6975,32.165,37.4575,34.0275
1525,2014-01-16 21:45:00,0.0,31.9625,31.0275,32.6975,32.165,37.4575
1526,2014-01-16 22:00:00,0.0,32.3525,31.9625,31.0275,32.6975,32.165
1527,2014-01-16 22:15:00,0.0,28.0925,32.3525,31.9625,31.0275,32.6975
1528,2014-01-16 22:30:00,0.0,27.77,28.0925,32.3525,31.9625,31.0275
1529,2014-01-16 22:45:00,0.0,32.235,27.77,28.0925,32.3525,31.9625
1530,2014-01-16 23:00:00,0.0,26.8575,32.235,27.77,28.0925,32.3525
1531,2014-01-16 23:15:00,0.0,25.6175,26.8575,32.235,27.77,28.0925
1532,2014-01-16 23:30:00,0.0,26.6275,25.6175,26.8575,32.235,27.77
1533,2014-01-16 23:45:00,0.0,26.865,26.6275,25.6175,26.8575,32.235
1534,2014-01-17 00:00:00,0.0,25.715,26.865,26.6275,25.6175,26.8575
1535,2014-01-17 00:15:00,0.0,26.5475,25.715,26.865,26.6275,25.6175
1536,2014-01-17 00:30:00,0.0,27.3425,26.5475,25.715,26.865,26.6275
1537,2014-01-17 00:45:00,0.0,24.025,27.3425,26.5475,25.715,26.865
1538,2014-01-17 01:00:00,0.0,26.555,24.025,27.3425,26.5475,25.715
1539,2014-01-17 01:15:00,0.0,23.3325,26.555,24.025,27.3425,26.5475
1540,2014-01-17 01:30:00,0.0,25.18,23.3325,26.555,24.025,27.3425
1541,2014-01-17 01:45:00,0.0,26.62,25.18,23.3325,26.555,24.025
1542,2014-01-17 02:00:00,0.0,26.9625,26.62,25.18,23.3325,26.555
1543,2014-01-17 02:15:00,0.0,26.46,26.9625,26.62,25.18,23.3325
1544,2014-01-17 02:30:00,0.0,26.1925,26.46,26.9625,26.62,25.18
1545,2014-01-17 02:45:00,0.0,26.1475,26.1925,26.46,26.9625,26.62
1546,2014-01-17 03:00:00,0.0,23.935,26.1475,26.1925,26.46,26.9625
1547,2014-01-17 03:15:00,0.0,25.405,23.935,26.1475,26.1925,26.46
1548,2014-01-17 03:30:00,0.0,25.6725,25.405,23.935,26.1475,26.1925
1549,2014-01-17 03:45:00,0.0,27.9725,25.6725,25.405,23.935,26.1475
1550,2014-01-17 04:00:00,0.0,26.905,27.9725,25.6725,25.405,23.935
1551,2014-01-17 04:15:00,0.0,25.6575,26.905,27.9725,25.6725,25.405
1552,2014-01-17 04:30:00,0.0,25.715,25.6575,26.905,27.9725,25.6725
1553,2014-01-17 04:45:00,0.0,25.9575,25.715,25.6575,26.905,27.9725
1554,2014-01-17 05:00:00,0.0,26.5475,25.9575,25.715,25.6575,26.905
1555,2014-01-17 05:15:00,0.0,25.575,26.5475,25.9575,25.715,25.6575
1556,2014-01-17 05:30:00,0.0,27.0475,25.575,26.5475,25.9575,25.715
1557,2014-01-17 05:45:00,0.0,28.455,27.0475,25.575,26.5475,25.9575
1558,2014-01-17 06:00:00,0.0,27.3675,28.455,27.0475,25.575,26.5475
1559,2014-01-17 06:15:00,0.0,29.7825,27.3675,28.455,27.0475,25.575
1560,2014-01-17 06:30:00,0.0,30.2425,29.7825,27.3675,28.455,27.0475
1561,2014-01-17 06:45:00,0.0,29.4425,30.2425,29.7825,27.3675,28.455
1562,2014-01-17 07:00:00,0.0,29.2475,29.4425,30.2425,29.7825,27.3675
1563,2014-01-17 07:15:00,0.0,33.6825,29.2475,29.4425,30.2425,29.7825
1564,2014-01-17 07:30:00,0.0,29.0975,33.6825,29.2475,29.4425,30.2425
1565,2014-01-17 07:45:00,0.0,32.0925,29.0975,33.6825,29.2475,29.4425
1566,2014-01-17 08:00:00,0.0,28.8275,32.0925,29.0975,33.6825,29.2475
1567,2014-01-17 08:15:00,0.0,31.37,28.8275,32.0925,29.0975,33.6825
1568,2014-01-17 08:30:00,0.0,31.45,31.37,28.8275,32.0925,29.0975
1569,2014-01-17 08:45:00,0.0,31.275,31.45,31.37,28.8275,32.0925
1570,2014-01-17 09:00:00,0.0,33.745,31.275,31.45,31.37,28.8275
1571,2014-01-17 09:15:00,0.0,34.3075,33.745,31.275,31.45,31.37
1572,2014-01-17 09:30:00,0.0,29.66,34.3075,33.745,31.275,31.45
1573,2014-01-17 09:45:00,0.0,32.2425,29.66,34.3075,33.745,31.275
1574,2014-01-17 10:00:00,0.0,33.8375,32.2425,29.66,34.3075,33.745
1575,2014-01-17 10:15:00,0.0,36.28,33.8375,32.2425,29.66,34.3075
1576,2014-01-17 10:30:00,0.0,36.855,36.28,33.8375,32.2425,29.66
1577,2014-01-17 10:45:00,0.0,36.3925,36.855,36.28,33.8375,32.2425
1578,2014-01-17 11:00:00,0.0,34.685,36.3925,36.855,36.28,33.8375
1579,2014-01-17 11:15:00,0.0,39.0275,34.685,36.3925,36.855,36.28
1580,2014-01-17 11:30:00,0.0,34.7675,39.0275,34.685,36.3925,36.855
1581,2014-01-17 11:45:00,0.0,40.2,34.7675,39.0275,34.685,36.3925
1582,2014-01-17 12:00:00,0.0,37.355,40.2,34.7675,39.0275,34.685
1583,2014-01-17 12:15:00,0.0,39.73,37.355,40.2,34.7675,39.0275
1584,2014-01-17 12:30:00,0.0,39.2875,39.73,37.355,40.2,34.7675
1585,2014-01-17 12:45:00,0.0,41.8775,39.2875,39.73,37.355,40.2
1586,2014-01-17 13:00:00,0.0,41.14,41.8775,39.2875,39.73,37.355
1587,2014-01-17 13:15:00,0.0,40.7975,41.14,41.8775,39.2875,39.73
1588,2014-01-17 13:30:00,0.0,41.4025,40.7975,41.14,41.8775,39.2875
1589,2014-01-17 13:45:00,0.0,42.2625,41.4025,40.7975,41.14,41.8775
1590,2014-01-17 14:00:00,0.0,40.445,42.2625,41.4025,40.7975,41.14
1591,2014-01-17 14:15:00,0.0,44.67,40.445,42.2625,41.4025,40.7975
1592,2014-01-17 14:30:00,0.0,42.73,44.67,40.445,42.2625,41.4025
1593,2014-01-17 14:45:00,0.0,41.615,42.73,44.67,40.445,42.2625
1594,2014-01-17 15:00:00,0.0,42.7425,41.615,42.73,44.67,40.445
1595,2014-01-17 15:15:00,0.0,44.0025,42.7425,41.615,42.73,44.67
1596,2014-01-17 15:30:00,0.0,41.2225,44.0025,42.7425,41.615,42.73
1597,2014-01-17 15:45:00,0.0,40.48,41.2225,44.0025,42.7425,41.615
1598,2014-01-17 16:00:00,0.0,39.575,40.48,41.2225,44.0025,42.7425
1599,2014-01-17 16:15:00,0.0,39.385,39.575,40.48,41.2225,44.0025
1600,2014-01-17 16:30:00,0.0,40.2325,39.385,39.575,40.48,41.2225
1601,2014-01-17 16:45:00,0.0,37.8925,40.2325,39.385,39.575,40.48
1602,2014-01-17 17:00:00,0.0,39.84,37.8925,40.2325,39.385,39.575
1603,2014-01-17 17:15:00,0.0,36.915,39.84,37.8925,40.2325,39.385
1604,2014-01-17 17:30:00,0.0,36.9575,36.915,39.84,37.8925,40.2325
1605,2014-01-17 17:45:00,0.0,36.24,36.9575,36.915,39.84,37.8925
1606,2014-01-17 18:00:00,0.0,35.615,36.24,36.9575,36.915,39.84
1607,2014-01-17 18:15:00,0.0,33.7225,35.615,36.24,36.9575,36.915
1608,2014-01-17 18:30:00,0.0,32.385,33.7225,35.615,36.24,36.9575
1609,2014-01-17 18:45:00,0.0,32.545,32.385,33.7225,35.615,36.24
1610,2014-01-17 19:00:00,0.0,30.3,32.545,32.385,33.7225,35.615
1611,2014-01-17 19:15:00,0.0,29.2375,30.3,32.545,32.385,33.7225
1612,2014-01-17 19:30:00,0.0,30.8675,29.2375,30.3,32.545,32.385
1613,2014-01-17 19:45:00,0.0,30.3275,30.8675,29.2375,30.3,32.545
1614,2014-01-17 20:00:00,0.0,29.5875,30.3275,30.8675,29.2375,30.3
1615,2014-01-17 20:15:00,0.0,28.025,29.5875,30.3275,30.8675,29.2375
1616,2014-01-17 20:30:00,0.0,29.2,28.025,29.5875,30.3275,30.8675
1617,2014-01-17 20:45:00,0.0,28.5425,29.2,28.025,29.5875,30.3275
1618,2014-01-17 21:00:00,0.0,28.775,28.5425,29.2,28.025,29.5875
1619,2014-01-17 21:15:00,0.0,26.0525,28.775,28.5425,29.2,28.025
1620,2014-01-17 21:30:00,0.0,28.6975,26.0525,28.775,28.5425,29.2
1621,2014-01-17 21:45:00,0.0,25.855,28.6975,26.0525,28.775,28.5425
1622,2014-01-17 22:00:00,0.0,27.81,25.855,28.6975,26.0525,28.775
1623,2014-01-17 22:15:00,0.0,25.31,27.81,25.855,28.6975,26.0525
1624,2014-01-17 22:30:00,0.0,26.015,25.31,27.81,25.855,28.6975
1625,2014-01-17 22:45:00,0.0,24.1925,26.015,25.31,27.81,25.855
1626,2014-01-17 23:00:00,0.0,26.1825,24.1925,26.015,25.31,27.81
1627,2014-01-17 23:15:00,0.0,23.7625,26.1825,24.1925,26.015,25.31
1628,2014-01-17 23:30:00,0.0,25.695,23.7625,26.1825,24.1925,26.015
1629,2014-01-17 23:45:00,0.0,25.0725,25.695,23.7625,26.1825,24.1925
1630,2014-01-18 00:00:00,0.0,26.2275,25.0725,25.695,23.7625,26.1825
1631,2014-01-18 00:15:00,0.0,24.605,26.2275,25.0725,25.695,23.7625
1632,2014-01-18 00:30:00,0.0,26.005,24.605,26.2275,25.0725,25.695
1633,2014-01-18 00:45:00,0.0,25.545,26.005,24.605,26.2275,25.0725
1634,2014-01-18 01:00:00,0.0,26.31,25.545,26.005,24.605,26.2275
1635,2014-01-18 01:15:00,0.0,23.5325,26.31,25.545,26.005,24.605
1636,2014-01-18 01:30:00,0.0,25.0375,23.5325,26.31,25.545,26.005
1637,2014-01-18 01:45:00,0.0,25.6325,25.0375,23.5325,26.31,25.545
1638,2014-01-18 02:00:00,0.0,25.4425,25.6325,25.0375,23.5325,26.31
1639,2014-01-18 02:15:00,0.0,25.3625,25.4425,25.6325,25.0375,23.5325
1640,2014-01-18 02:30:00,0.0,23.6725,25.3625,25.4425,25.6325,25.0375
1641,2014-01-18 02:45:00,0.0,26.74,23.6725,25.3625,25.4425,25.6325
1642,2014-01-18 03:00:00,0.0,24.7175,26.74,23.6725,25.3625,25.4425
1643,2014-01-18 03:15:00,0.0,26.16,24.7175,26.74,23.6725,25.3625
1644,2014-01-18 03:30:00,0.0,24.9525,26.16,24.7175,26.74,23.6725
1645,2014-01-18 03:45:00,0.0,26.515,24.9525,26.16,24.7175,26.74
1646,2014-01-18 04:00:00,0.0,25.95,26.515,24.9525,26.16,24.7175
1647,2014-01-18 04:15:00,0.0,24.4875,25.95,26.515,24.9525,26.16
1648,2014-01-18 04:30:00,0.0,27.575,24.4875,25.95,26.515,24.9525
1649,2014-01-18 04:45:00,0.0,27.63,27.575,24.4875,25.95,26.515
1650,2014-01-18 05:00:00,0.0,26.2525,27.63,27.575,24.4875,25.95
1651,2014-01-18 05:15:00,0.0,23.9375,26.2525,27.63,27.575,24.4875
1652,2014-01-18 05:30:00,0.0,24.475,23.9375,26.2525,27.63,27.575
1653,2014-01-18 05:45:00,0.0,26.915,24.475,23.9375,26.2525,27.63
1654,2014-01-18 06:00:00,0.0,25.925,26.915,24.475,23.9375,26.2525
1655,2014-01-18 06:15:00,0.0,28.0075,25.925,26.915,24.475,23.9375
1656,2014-01-18 06:30:00,0.0,26.9475,28.0075,25.925,26.915,24.475
1657,2014-01-18 06:45:00,0.0,27.0125,26.9475,28.0075,25.925,26.915
1658,2014-01-18 07:00:00,0.0,26.38,27.0125,26.9475,28.0075,25.925
1659,2014-01-18 07:15:00,0.0,28.2025,26.38,27.0125,26.9475,28.0075
1660,2014-01-18 07:30:00,0.0,25.3,28.2025,26.38,27.0125,26.9475
1661,2014-01-18 07:45:00,0.0,28.5775,25.3,28.2025,26.38,27.0125
1662,2014-01-18 08:00:00,0.0,27.0025,28.5775,25.3,28.2025,26.38
1663,2014-01-18 08:15:00,0.0,27.51,27.0025,28.5775,25.3,28.2025
1664,2014-01-18 08:30:00,0.0,27.1075,27.51,27.0025,28.5775,25.3
1665,2014-01-18 08:45:00,0.0,27.03,27.1075,27.51,27.0025,28.5775
1666,2014-01-18 09:00:00,0.0,26.405,27.03,27.1075,27.51,27.0025
1667,2014-01-18 09:15:00,0.0,26.1625,26.405,27.03,27.1075,27.51
1668,2014-01-18 09:30:00,0.0,25.3,26.1625,26.405,27.03,27.1075
1669,2014-01-18 09:45:00,0.0,28.4775,25.3,26.1625,26.405,27.03
1670,2014-01-18 10:00:00,0.0,27.04,28.4775,25.3,26.1625,26.405
1671,2014-01-18 10:15:00,0.0,26.5875,27.04,28.4775,25.3,26.1625
1672,2014-01-18 10:30:00,0.0,24.865,26.5875,27.04,28.4775,25.3
1673,2014-01-18 10:45:00,0.0,26.8475,24.865,26.5875,27.04,28.4775
1674,2014-01-18 11:00:00,0.0,24.4775,26.8475,24.865,26.5875,27.04
1675,2014-01-18 11:15:00,0.0,25.265,24.4775,26.8475,24.865,26.5875
1676,2014-01-18 11:30:00,0.0,26.2375,25.265,24.4775,26.8475,24.865
1677,2014-01-18 11:45:00,0.0,27.5725,26.2375,25.265,24.4775,26.8475
1678,2014-01-18 12:00:00,0.0,27.7225,27.5725,26.2375,25.265,24.4775
1679,2014-01-18 12:15:00,0.0,27.085,27.7225,27.5725,26.2375,25.265
1680,2014-01-18 12:30:00,0.0,28.5175,27.085,27.7225,27.5725,26.2375
1681,2014-01-18 12:45:00,0.0,31.405,28.5175,27.085,27.7225,27.5725
1682,2014-01-18 13:00:00,0.0,31.1175,31.405,28.5175,27.085,27.7225
1683,2014-01-18 13:15:00,0.0,29.94,31.1175,31.405,28.5175,27.085
1684,2014-01-18 13:30:00,0.0,30.96,29.94,31.1175,31.405,28.5175
1685,2014-01-18 13:45:00,0.0,30.7325,30.96,29.94,31.1175,31.405
1686,2014-01-18 14:00:00,0.0,30.27,30.7325,30.96,29.94,31.1175
1687,2014-01-18 14:15:00,0.0,29.7575,30.27,30.7325,30.96,29.94
1688,2014-01-18 14:30:00,0.0,33.2325,29.7575,30.27,30.7325,30.96
1689,2014-01-18 14:45:00,0.0,30.68,33.2325,29.7575,30.27,30.7325
1690,2014-01-18 15:00:00,0.0,29.2175,30.68,33.2325,29.7575,30.27
1691,2014-01-18 15:15:00,0.0,33.41,29.2175,30.68,33.2325,29.7575
1692,2014-01-18 15:30:00,0.0,30.3975,33.41,29.2175,30.68,33.2325
1693,2014-01-18 15:45:00,0.0,34.32,30.3975,33.41,29.2175,30.68
1694,2014-01-18 16:00:00,0.0,30.5425,34.32,30.3975,33.41,29.2175
1695,2014-01-18 16:15:00,0.0,30.195,30.5425,34.32,30.3975,33.41
1696,2014-01-18 16:30:00,0.0,32.02,30.195,30.5425,34.32,30.3975
1697,2014-01-18 16:45:00,0.0,27.7575,32.02,30.195,30.5425,34.32
1698,2014-01-18 17:00:00,0.0,31.38,27.7575,32.02,30.195,30.5425
1699,2014-01-18 17:15:00,0.0,30.6375,31.38,27.7575,32.02,30.195
1700,2014-01-18 17:30:00,0.0,30.21,30.6375,31.38,27.7575,32.02
1701,2014-01-18 17:45:00,0.0,29.95,30.21,30.6375,31.38,27.7575
1702,2014-01-18 18:00:00,0.0,28.84,29.95,30.21,30.6375,31.38
1703,2014-01-18 18:15:00,0.0,27.8575,28.84,29.95,30.21,30.6375
1704,2014-01-18 18:30:00,0.0,27.345,27.8575,28.84,29.95,30.21
1705,2014-01-18 18:45:00,0.0,29.21,27.345,27.8575,28.84,29.95
1706,2014-01-18 19:00:00,0.0,27.5575,29.21,27.345,27.8575,28.84
1707,2014-01-18 19:15:00,0.0,29.34,27.5575,29.21,27.345,27.8575
1708,2014-01-18 19:30:00,0.0,28.475,29.34,27.5575,29.21,27.345
1709,2014-01-18 19:45:00,0.0,28.955,28.475,29.34,27.5575,29.21
1710,2014-01-18 20:00:00,0.0,28.485,28.955,28.475,29.34,27.5575
1711,2014-01-18 20:15:00,0.0,28.8225,28.485,28.955,28.475,29.34
1712,2014-01-18 20:30:00,0.0,28.1725,28.8225,28.485,28.955,28.475
1713,2014-01-18 20:45:00,0.0,28.8275,28.1725,28.8225,28.485,28.955
1714,2014-01-18 21:00:00,0.0,28.955,28.8275,28.1725,28.8225,28.485
1715,2014-01-18 21:15:00,0.0,28.585,28.955,28.8275,28.1725,28.8225
1716,2014-01-18 21:30:00,0.0,28.355,28.585,28.955,28.8275,28.1725
1717,2014-01-18 21:45:00,0.0,27.8025,28.355,28.585,28.955,28.8275
1718,2014-01-18 22:00:00,0.0,28.66,27.8025,28.355,28.585,28.955
1719,2014-01-18 22:15:00,0.0,25.885,28.66,27.8025,28.355,28.585
1720,2014-01-18 22:30:00,0.0,25.7825,25.885,28.66,27.8025,28.355
1721,2014-01-18 22:45:00,0.0,27.1525,25.7825,25.885,28.66,27.8025
1722,2014-01-18 23:00:00,0.0,26.2275,27.1525,25.7825,25.885,28.66
1723,2014-01-18 23:15:00,0.0,25.775,26.2275,27.1525,25.7825,25.885
1724,2014-01-18 23:30:00,0.0,25.2525,25.775,26.2275,27.1525,25.7825
1725,2014-01-18 23:45:00,0.0,25.6075,25.2525,25.775,26.2275,27.1525
1726,2014-01-19 00:00:00,0.0,24.755,25.6075,25.2525,25.775,26.2275
1727,2014-01-19 00:15:00,0.0,25.4675,24.755,25.6075,25.2525,25.775
1728,2014-01-19 00:30:00,0.0,23.82,25.4675,24.755,25.6075,25.2525
1729,2014-01-19 00:45:00,0.0,26.2225,23.82,25.4675,24.755,25.6075
1730,2014-01-19 01:00:00,0.0,24.1325,26.2225,23.82,25.4675,24.755
1731,2014-01-19 01:15:00,0.0,24.87,24.1325,26.2225,23.82,25.4675
1732,2014-01-19 01:30:00,0.0,25.2525,24.87,24.1325,26.2225,23.82
1733,2014-01-19 01:45:00,0.0,25.655,25.2525,24.87,24.1325,26.2225
1734,2014-01-19 02:00:00,0.0,26.075,25.655,25.2525,24.87,24.1325
1735,2014-01-19 02:15:00,0.0,25.4175,26.075,25.655,25.2525,24.87
1736,2014-01-19 02:30:00,0.0,26.485,25.4175,26.075,25.655,25.2525
1737,2014-01-19 02:45:00,0.0,22.975,26.485,25.4175,26.075,25.655
1738,2014-01-19 03:00:00,0.0,25.9575,22.975,26.485,25.4175,26.075
1739,2014-01-19 03:15:00,0.0,25.105,25.9575,22.975,26.485,25.4175
1740,2014-01-19 03:30:00,0.0,23.7475,25.105,25.9575,22.975,26.485
1741,2014-01-19 03:45:00,0.0,25.1,23.7475,25.105,25.9575,22.975
1742,2014-01-19 04:00:00,0.0,25.8475,25.1,23.7475,25.105,25.9575
1743,2014-01-19 04:15:00,0.0,26.4725,25.8475,25.1,23.7475,25.105
1744,2014-01-19 04:30:00,0.0,25.17,26.4725,25.8475,25.1,23.7475
1745,2014-01-19 04:45:00,0.0,26.2375,25.17,26.4725,25.8475,25.1
1746,2014-01-19 05:00:00,0.0,24.9525,26.2375,25.17,26.4725,25.8475
1747,2014-01-19 05:15:00,0.0,24.91,24.9525,26.2375,25.17,26.4725
1748,2014-01-19 05:30:00,0.0,26.275,24.91,24.9525,26.2375,25.17
1749,2014-01-19 05:45:00,0.0,27.0275,26.275,24.91,24.9525,26.2375
1750,2014-01-19 06:00:00,0.0,25.9125,27.0275,26.275,24.91,24.9525
1751,2014-01-19 06:15:00,0.0,25.375,25.9125,27.0275,26.275,24.91
1752,2014-01-19 06:30:00,0.0,28.1875,25.375,25.9125,27.0275,26.275
1753,2014-01-19 06:45:00,0.0,27.6175,28.1875,25.375,25.9125,27.0275
1754,2014-01-19 07:00:00,0.0,27.5725,27.6175,28.1875,25.375,25.9125
1755,2014-01-19 07:15:00,0.0,29.115,27.5725,27.6175,28.1875,25.375
1756,2014-01-19 07:30:00,0.0,28.945,29.115,27.5725,27.6175,28.1875
1757,2014-01-19 07:45:00,0.0,26.4375,28.945,29.115,27.5725,27.6175
1758,2014-01-19 08:00:00,0.0,28.15,26.4375,28.945,29.115,27.5725
1759,2014-01-19 08:15:00,0.0,28.5,28.15,26.4375,28.945,29.115
1760,2014-01-19 08:30:00,0.0,24.275,28.5,28.15,26.4375,28.945
1761,2014-01-19 08:45:00,0.0,28.93,24.275,28.5,28.15,26.4375
1762,2014-01-19 09:00:00,0.0,27.9975,28.93,24.275,28.5,28.15
1763,2014-01-19 09:15:00,0.0,27.8525,27.9975,28.93,24.275,28.5
1764,2014-01-19 09:30:00,0.0,26.625,27.8525,27.9975,28.93,24.275
1765,2014-01-19 09:45:00,0.0,27.175,26.625,27.8525,27.9975,28.93
1766,2014-01-19 10:00:00,0.0,26.5425,27.175,26.625,27.8525,27.9975
1767,2014-01-19 10:15:00,0.0,25.9575,26.5425,27.175,26.625,27.8525
1768,2014-01-19 10:30:00,0.0,26.975,25.9575,26.5425,27.175,26.625
1769,2014-01-19 10:45:00,0.0,26.555,26.975,25.9575,26.5425,27.175
1770,2014-01-19 11:00:00,0.0,27.58,26.555,26.975,25.9575,26.5425
1771,2014-01-19 11:15:00,0.0,25.5575,27.58,26.555,26.975,25.9575
1772,2014-01-19 11:30:00,0.0,28.88,25.5575,27.58,26.555,26.975
1773,2014-01-19 11:45:00,0.0,28.5025,28.88,25.5575,27.58,26.555
1774,2014-01-19 12:00:00,0.0,26.2675,28.5025,28.88,25.5575,27.58
1775,2014-01-19 12:15:00,0.0,26.9325,26.2675,28.5025,28.88,25.5575
1776,2014-01-19 12:30:00,0.0,28.3825,26.9325,26.2675,28.5025,28.88
1777,2014-01-19 12:45:00,0.0,30.0725,28.3825,26.9325,26.2675,28.5025
1778,2014-01-19 13:00:00,0.0,27.555,30.0725,28.3825,26.9325,26.2675
1779,2014-01-19 13:15:00,0.0,28.54,27.555,30.0725,28.3825,26.9325
1780,2014-01-19 13:30:00,0.0,30.4575,28.54,27.555,30.0725,28.3825
1781,2014-01-19 13:45:00,0.0,29.3475,30.4575,28.54,27.555,30.0725
1782,2014-01-19 14:00:00,0.0,28.375,29.3475,30.4575,28.54,27.555
1783,2014-01-19 14:15:00,0.0,32.985,28.375,29.3475,30.4575,28.54
1784,2014-01-19 14:30:00,0.0,27.8475,32.985,28.375,29.3475,30.4575
1785,2014-01-19 14:45:00,0.0,29.5975,27.8475,32.985,28.375,29.3475
1786,2014-01-19 15:00:00,0.0,31.5175,29.5975,27.8475,32.985,28.375
1787,2014-01-19 15:15:00,0.0,29.225,31.5175,29.5975,27.8475,32.985
1788,2014-01-19 15:30:00,0.0,32.3775,29.225,31.5175,29.5975,27.8475
1789,2014-01-19 15:45:00,0.0,32.585,32.3775,29.225,31.5175,29.5975
1790,2014-01-19 16:00:00,0.0,28.8025,32.585,32.3775,29.225,31.5175
1791,2014-01-19 16:15:00,0.0,30.6,28.8025,32.585,32.3775,29.225
1792,2014-01-19 16:30:00,0.0,25.2175,30.6,28.8025,32.585,32.3775
1793,2014-01-19 16:45:00,0.0,28.9225,25.2175,30.6,28.8025,32.585
1794,2014-01-19 17:00:00,0.0,27.045,28.9225,25.2175,30.6,28.8025
1795,2014-01-19 17:15:00,0.0,27.4025,27.045,28.9225,25.2175,30.6
1796,2014-01-19 17:30:00,0.0,25.125,27.4025,27.045,28.9225,25.2175
1797,2014-01-19 17:45:00,0.0,26.4975,25.125,27.4025,27.045,28.9225
1798,2014-01-19 18:00:00,0.0,27.13,26.4975,25.125,27.4025,27.045
1799,2014-01-19 18:15:00,0.0,27.4625,27.13,26.4975,25.125,27.4025
1800,2014-01-19 18:30:00,0.0,27.0025,27.4625,27.13,26.4975,25.125
1801,2014-01-19 18:45:00,0.0,25.0275,27.0025,27.4625,27.13,26.4975
1802,2014-01-19 19:00:00,0.0,26.9675,25.0275,27.0025,27.4625,27.13
1803,2014-01-19 19:15:00,0.0,25.665,26.9675,25.0275,27.0025,27.4625
1804,2014-01-19 19:30:00,0.0,27.1525,25.665,26.9675,25.0275,27.0025
1805,2014-01-19 19:45:00,0.0,26.6625,27.1525,25.665,26.9675,25.0275
1806,2014-01-19 20:00:00,0.0,28.8475,26.6625,27.1525,25.665,26.9675
1807,2014-01-19 20:15:00,0.0,25.9325,28.8475,26.6625,27.1525,25.665
1808,2014-01-19 20:30:00,0.0,26.6625,25.9325,28.8475,26.6625,27.1525
1809,2014-01-19 20:45:00,0.0,26.735,26.6625,25.9325,28.8475,26.6625
1810,2014-01-19 21:00:00,0.0,25.67,26.735,26.6625,25.9325,28.8475
1811,2014-01-19 21:15:00,0.0,26.5025,25.67,26.735,26.6625,25.9325
1812,2014-01-19 21:30:00,0.0,26.075,26.5025,25.67,26.735,26.6625
1813,2014-01-19 21:45:00,0.0,27.95,26.075,26.5025,25.67,26.735
1814,2014-01-19 22:00:00,0.0,26.3975,27.95,26.075,26.5025,25.67
1815,2014-01-19 22:15:00,0.0,24.82,26.3975,27.95,26.075,26.5025
1816,2014-01-19 22:30:00,0.0,24.135,24.82,26.3975,27.95,26.075
1817,2014-01-19 22:45:00,0.0,26.3975,24.135,24.82,26.3975,27.95
1818,2014-01-19 23:00:00,0.0,24.4725,26.3975,24.135,24.82,26.3975
1819,2014-01-19 23:15:00,0.0,25.5825,24.4725,26.3975,24.135,24.82
1820,2014-01-19 23:30:00,0.0,27.325,25.5825,24.4725,26.3975,24.135
1821,2014-01-19 23:45:00,0.0,23.175,27.325,25.5825,24.4725,26.3975
1822,2014-01-20 00:00:00,0.0,26.11,23.175,27.325,25.5825,24.4725
1823,2014-01-20 00:15:00,0.0,24.985,26.11,23.175,27.325,25.5825
1824,2014-01-20 00:30:00,0.0,24.8475,24.985,26.11,23.175,27.325
1825,2014-01-20 00:45:00,0.0,25.3925,24.8475,24.985,26.11,23.175
1826,2014-01-20 01:00:00,0.0,25.52,25.3925,24.8475,24.985,26.11
1827,2014-01-20 01:15:00,0.0,25.125,25.52,25.3925,24.8475,24.985
1828,2014-01-20 01:30:00,0.0,21.87,25.125,25.52,25.3925,24.8475
1829,2014-01-20 01:45:00,0.0,26.48,21.87,25.125,25.52,25.3925
1830,2014-01-20 02:00:00,0.0,23.6325,26.48,21.87,25.125,25.52
1831,2014-01-20 02:15:00,0.0,23.31,23.6325,26.48,21.87,25.125
1832,2014-01-20 02:30:00,0.0,24.4975,23.31,23.6325,26.48,21.87
1833,2014-01-20 02:45:00,0.0,26.735,24.4975,23.31,23.6325,26.48
1834,2014-01-20 03:00:00,0.0,25.5275,26.735,24.4975,23.31,23.6325
1835,2014-01-20 03:15:00,0.0,24.7125,25.5275,26.735,24.4975,23.31
1836,2014-01-20 03:30:00,0.0,25.9575,24.7125,25.5275,26.735,24.4975
1837,2014-01-20 03:45:00,0.0,25.6725,25.9575,24.7125,25.5275,26.735
1838,2014-01-20 04:00:00,0.0,26.3825,25.6725,25.9575,24.7125,25.5275
1839,2014-01-20 04:15:00,0.0,26.4475,26.3825,25.6725,25.9575,24.7125
1840,2014-01-20 04:30:00,0.0,27.5075,26.4475,26.3825,25.6725,25.9575
1841,2014-01-20 04:45:00,0.0,26.6225,27.5075,26.4475,26.3825,25.6725
1842,2014-01-20 05:00:00,0.0,26.2525,26.6225,27.5075,26.4475,26.3825
1843,2014-01-20 05:15:00,0.0,24.8875,26.2525,26.6225,27.5075,26.4475
1844,2014-01-20 05:30:00,0.0,24.2425,24.8875,26.2525,26.6225,27.5075
1845,2014-01-20 05:45:00,0.0,27.325,24.2425,24.8875,26.2525,26.6225
1846,2014-01-20 06:00:00,0.0,26.905,27.325,24.2425,24.8875,26.2525
1847,2014-01-20 06:15:00,0.0,31.6025,26.905,27.325,24.2425,24.8875
1848,2014-01-20 06:30:00,0.0,29.6925,31.6025,26.905,27.325,24.2425
1849,2014-01-20 06:45:00,0.0,31.92,29.6925,31.6025,26.905,27.325
1850,2014-01-20 07:00:00,0.0,29.66,31.92,29.6925,31.6025,26.905
1851,2014-01-20 07:15:00,0.0,29.845,29.66,31.92,29.6925,31.6025
1852,2014-01-20 07:30:00,0.0,29.695,29.845,29.66,31.92,29.6925
1853,2014-01-20 07:45:00,0.0,28.48,29.695,29.845,29.66,31.92
1854,2014-01-20 08:00:00,0.0,31.375,28.48,29.695,29.845,29.66
1855,2014-01-20 08:15:00,0.0,27.2825,31.375,28.48,29.695,29.845
1856,2014-01-20 08:30:00,0.0,29.2025,27.2825,31.375,28.48,29.695
1857,2014-01-20 08:45:00,0.0,29.4225,29.2025,27.2825,31.375,28.48
1858,2014-01-20 09:00:00,0.0,28.2475,29.4225,29.2025,27.2825,31.375
1859,2014-01-20 09:15:00,0.0,28.885,28.2475,29.4225,29.2025,27.2825
1860,2014-01-20 09:30:00,0.0,28.8775,28.885,28.2475,29.4225,29.2025
1861,2014-01-20 09:45:00,0.0,29.665,28.8775,28.885,28.2475,29.4225
1862,2014-01-20 10:00:00,0.0,28.9875,29.665,28.8775,28.885,28.2475
1863,2014-01-20 10:15:00,0.0,30.42,28.9875,29.665,28.8775,28.885
1864,2014-01-20 10:30:00,0.0,27.8,30.42,28.9875,29.665,28.8775
1865,2014-01-20 10:45:00,0.0,31.8125,27.8,30.42,28.9875,29.665
1866,2014-01-20 11:00:00,0.0,26.19,31.8125,27.8,30.42,28.9875
1867,2014-01-20 11:15:00,0.0,30.39,26.19,31.8125,27.8,30.42
1868,2014-01-20 11:30:00,0.0,27.7325,30.39,26.19,31.8125,27.8
1869,2014-01-20 11:45:00,0.0,29.5975,27.7325,30.39,26.19,31.8125
1870,2014-01-20 12:00:00,0.0,30.7575,29.5975,27.7325,30.39,26.19
1871,2014-01-20 12:15:00,0.0,30.8875,30.7575,29.5975,27.7325,30.39
1872,2014-01-20 12:30:00,0.0,33.6225,30.8875,30.7575,29.5975,27.7325
1873,2014-01-20 12:45:00,0.0,31.715,33.6225,30.8875,30.7575,29.5975
1874,2014-01-20 13:00:00,0.0,33.445,31.715,33.6225,30.8875,30.7575
1875,2014-01-20 13:15:00,0.0,34.475,33.445,31.715,33.6225,30.8875
1876,2014-01-20 13:30:00,0.0,33.2775,34.475,33.445,31.715,33.6225
1877,2014-01-20 13:45:00,0.0,34.5975,33.2775,34.475,33.445,31.715
1878,2014-01-20 14:00:00,0.0,35.57,34.5975,33.2775,34.475,33.445
1879,2014-01-20 14:15:00,0.0,32.6775,35.57,34.5975,33.2775,34.475
1880,2014-01-20 14:30:00,0.0,33.225,32.6775,35.57,34.5975,33.2775
1881,2014-01-20 14:45:00,0.0,37.0075,33.225,32.6775,35.57,34.5975
1882,2014-01-20 15:00:00,0.0,36.64,37.0075,33.225,32.6775,35.57
1883,2014-01-20 15:15:00,0.0,34.7375,36.64,37.0075,33.225,32.6775
1884,2014-01-20 15:30:00,0.0,33.845,34.7375,36.64,37.0075,33.225
1885,2014-01-20 15:45:00,0.0,35.5525,33.845,34.7375,36.64,37.0075
1886,2014-01-20 16:00:00,0.0,31.595,35.5525,33.845,34.7375,36.64
1887,2014-01-20 16:15:00,0.0,33.16,31.595,35.5525,33.845,34.7375
1888,2014-01-20 16:30:00,0.0,31.9175,33.16,31.595,35.5525,33.845
1889,2014-01-20 16:45:00,0.0,33.3875,31.9175,33.16,31.595,35.5525
1890,2014-01-20 17:00:00,0.0,33.9425,33.3875,31.9175,33.16,31.595
1891,2014-01-20 17:15:00,0.0,30.87,33.9425,33.3875,31.9175,33.16
1892,2014-01-20 17:30:00,0.0,29.765,30.87,33.9425,33.3875,31.9175
1893,2014-01-20 17:45:00,0.0,30.41,29.765,30.87,33.9425,33.3875
1894,2014-01-20 18:00:00,0.0,26.2925,30.41,29.765,30.87,33.9425
1895,2014-01-20 18:15:00,0.0,29.3075,26.2925,30.41,29.765,30.87
1896,2014-01-20 18:30:00,0.0,28.35,29.3075,26.2925,30.41,29.765
1897,2014-01-20 18:45:00,0.0,31.0225,28.35,29.3075,26.2925,30.41
1898,2014-01-20 19:00:00,0.0,26.5925,31.0225,28.35,29.3075,26.2925
1899,2014-01-20 19:15:00,0.0,28.5775,26.5925,31.0225,28.35,29.3075
1900,2014-01-20 19:30:00,0.0,26.64,28.5775,26.5925,31.0225,28.35
1901,2014-01-20 19:45:00,0.0,26.98,26.64,28.5775,26.5925,31.0225
1902,2014-01-20 20:00:00,0.0,28.0575,26.98,26.64,28.5775,26.5925
1903,2014-01-20 20:15:00,0.0,27.825,28.0575,26.98,26.64,28.5775
1904,2014-01-20 20:30:00,0.0,28.715,27.825,28.0575,26.98,26.64
1905,2014-01-20 20:45:00,0.0,28.5,28.715,27.825,28.0575,26.98
1906,2014-01-20 21:00:00,0.0,28.195,28.5,28.715,27.825,28.0575
1907,2014-01-20 21:15:00,0.0,23.79,28.195,28.5,28.715,27.825
1908,2014-01-20 21:30:00,0.0,27.6625,23.79,28.195,28.5,28.715
1909,2014-01-20 21:45:00,0.0,26.2125,27.6625,23.79,28.195,28.5
1910,2014-01-20 22:00:00,0.0,24.8425,26.2125,27.6625,23.79,28.195
1911,2014-01-20 22:15:00,0.0,24.9575,24.8425,26.2125,27.6625,23.79
1912,2014-01-20 22:30:00,0.0,25.305,24.9575,24.8425,26.2125,27.6625
1913,2014-01-20 22:45:00,0.0,26.1025,25.305,24.9575,24.8425,26.2125
1914,2014-01-20 23:00:00,0.0,24.05,26.1025,25.305,24.9575,24.8425
1915,2014-01-20 23:15:00,0.0,23.4075,24.05,26.1025,25.305,24.9575
1916,2014-01-20 23:30:00,0.0,24.24,23.4075,24.05,26.1025,25.305
1917,2014-01-20 23:45:00,0.0,27.3475,24.24,23.4075,24.05,26.1025
1918,2014-01-21 00:00:00,0.0,24.635,27.3475,24.24,23.4075,24.05
1919,2014-01-21 00:15:00,0.0,25.7175,24.635,27.3475,24.24,23.4075
1920,2014-01-21 00:30:00,0.0,24.7075,25.7175,24.635,27.3475,24.24
1921,2014-01-21 00:45:00,0.0,25.57,24.7075,25.7175,24.635,27.3475
1922,2014-01-21 01:00:00,0.0,24.99,25.57,24.7075,25.7175,24.635
1923,2014-01-21 01:15:00,0.0,24.08,24.99,25.57,24.7075,25.7175
1924,2014-01-21 01:30:00,0.0,26.0925,24.08,24.99,25.57,24.7075
1925,2014-01-21 01:45:00,0.0,26.235,26.0925,24.08,24.99,25.57
1926,2014-01-21 02:00:00,0.0,26.325,26.235,26.0925,24.08,24.99
1927,2014-01-21 02:15:00,0.0,25.115,26.325,26.235,26.0925,24.08
1928,2014-01-21 02:30:00,0.0,22.75,25.115,26.325,26.235,26.0925
1929,2014-01-21 02:45:00,0.0,25.2825,22.75,25.115,26.325,26.235
1930,2014-01-21 03:00:00,0.0,24.47,25.2825,22.75,25.115,26.325
1931,2014-01-21 03:15:00,0.0,24.37,24.47,25.2825,22.75,25.115
1932,2014-01-21 03:30:00,0.0,25.1225,24.37,24.47,25.2825,22.75
1933,2014-01-21 03:45:00,0.0,26.1375,25.1225,24.37,24.47,25.2825
1934,2014-01-21 04:00:00,0.0,25.03,26.1375,25.1225,24.37,24.47
1935,2014-01-21 04:15:00,0.0,27.2775,25.03,26.1375,25.1225,24.37
1936,2014-01-21 04:30:00,0.0,25.7025,27.2775,25.03,26.1375,25.1225
1937,2014-01-21 04:45:00,0.0,26.44,25.7025,27.2775,25.03,26.1375
1938,2014-01-21 05:00:00,0.0,27.1,26.44,25.7025,27.2775,25.03
1939,2014-01-21 05:15:00,0.0,26.8575,27.1,26.44,25.7025,27.2775
1940,2014-01-21 05:30:00,0.0,26.1825,26.8575,27.1,26.44,25.7025
1941,2014-01-21 05:45:00,0.0,26.8175,26.1825,26.8575,27.1,26.44
1942,2014-01-21 06:00:00,0.0,27.5,26.8175,26.1825,26.8575,27.1
1943,2014-01-21 06:15:00,0.0,28.8925,27.5,26.8175,26.1825,26.8575
1944,2014-01-21 06:30:00,0.0,33.27,28.8925,27.5,26.8175,26.1825
1945,2014-01-21 06:45:00,0.0,32.3375,33.27,28.8925,27.5,26.8175
1946,2014-01-21 07:00:00,0.0,31.125,32.3375,33.27,28.8925,27.5
1947,2014-01-21 07:15:00,0.0,29.3475,31.125,32.3375,33.27,28.8925
1948,2014-01-21 07:30:00,0.0,30.895,29.3475,31.125,32.3375,33.27
1949,2014-01-21 07:45:00,0.0,30.02,30.895,29.3475,31.125,32.3375
1950,2014-01-21 08:00:00,0.0,31.7425,30.02,30.895,29.3475,31.125
1951,2014-01-21 08:15:00,0.0,30.6125,31.7425,30.02,30.895,29.3475
1952,2014-01-21 08:30:00,0.0,30.7575,30.6125,31.7425,30.02,30.895
1953,2014-01-21 08:45:00,0.0,30.8875,30.7575,30.6125,31.7425,30.02
1954,2014-01-21 09:00:00,0.0,31.1275,30.8875,30.7575,30.6125,31.7425
1955,2014-01-21 09:15:00,0.0,32.3675,31.1275,30.8875,30.7575,30.6125
1956,2014-01-21 09:30:00,0.0,30.0075,32.3675,31.1275,30.8875,30.7575
1957,2014-01-21 09:45:00,0.0,32.87,30.0075,32.3675,31.1275,30.8875
1958,2014-01-21 10:00:00,0.0,34.0,32.87,30.0075,32.3675,31.1275
1959,2014-01-21 10:15:00,0.0,34.0175,34.0,32.87,30.0075,32.3675
1960,2014-01-21 10:30:00,0.0,34.19,34.0175,34.0,32.87,30.0075
1961,2014-01-21 10:45:00,0.0,34.965,34.19,34.0175,34.0,32.87
1962,2014-01-21 11:00:00,0.0,35.4725,34.965,34.19,34.0175,34.0
1963,2014-01-21 11:15:00,0.0,34.015,35.4725,34.965,34.19,34.0175
1964,2014-01-21 11:30:00,0.0,34.1675,34.015,35.4725,34.965,34.19
1965,2014-01-21 11:45:00,0.0,34.11,34.1675,34.015,35.4725,34.965
1966,2014-01-21 12:00:00,0.0,36.4875,34.11,34.1675,34.015,35.4725
1967,2014-01-21 12:15:00,0.0,37.16,36.4875,34.11,34.1675,34.015
1968,2014-01-21 12:30:00,0.0,32.43,37.16,36.4875,34.11,34.1675
1969,2014-01-21 12:45:00,0.0,39.03,32.43,37.16,36.4875,34.11
1970,2014-01-21 13:00:00,0.0,38.645,39.03,32.43,37.16,36.4875
1971,2014-01-21 13:15:00,0.0,37.5575,38.645,39.03,32.43,37.16
1972,2014-01-21 13:30:00,0.0,38.5025,37.5575,38.645,39.03,32.43
1973,2014-01-21 13:45:00,0.0,41.2125,38.5025,37.5575,38.645,39.03
1974,2014-01-21 14:00:00,0.0,37.835,41.2125,38.5025,37.5575,38.645
1975,2014-01-21 14:15:00,0.0,38.59,37.835,41.2125,38.5025,37.5575
1976,2014-01-21 14:30:00,0.0,39.4775,38.59,37.835,41.2125,38.5025
1977,2014-01-21 14:45:00,0.0,40.195,39.4775,38.59,37.835,41.2125
1978,2014-01-21 15:00:00,0.0,38.055,40.195,39.4775,38.59,37.835
1979,2014-01-21 15:15:00,0.0,37.595,38.055,40.195,39.4775,38.59
1980,2014-01-21 15:30:00,0.0,40.255,37.595,38.055,40.195,39.4775
1981,2014-01-21 15:45:00,0.0,40.5275,40.255,37.595,38.055,40.195
1982,2014-01-21 16:00:00,0.0,39.9225,40.5275,40.255,37.595,38.055
1983,2014-01-21 16:15:00,0.0,38.4225,39.9225,40.5275,40.255,37.595
1984,2014-01-21 16:30:00,0.0,37.3275,38.4225,39.9225,40.5275,40.255
1985,2014-01-21 16:45:00,0.0,37.5425,37.3275,38.4225,39.9225,40.5275
1986,2014-01-21 17:00:00,0.0,39.91,37.5425,37.3275,38.4225,39.9225
1987,2014-01-21 17:15:00,0.0,35.85,39.91,37.5425,37.3275,38.4225
1988,2014-01-21 17:30:00,0.0,33.48,35.85,39.91,37.5425,37.3275
1989,2014-01-21 17:45:00,0.0,35.2725,33.48,35.85,39.91,37.5425
1990,2014-01-21 18:00:00,0.0,32.1875,35.2725,33.48,35.85,39.91
1991,2014-01-21 18:15:00,0.0,32.635,32.1875,35.2725,33.48,35.85
1992,2014-01-21 18:30:00,0.0,31.165,32.635,32.1875,35.2725,33.48
1993,2014-01-21 18:45:00,0.0,32.6375,31.165,32.635,32.1875,35.2725
1994,2014-01-21 19:00:00,0.0,30.4025,32.6375,31.165,32.635,32.1875
1995,2014-01-21 19:15:00,0.0,28.63,30.4025,32.6375,31.165,32.635
1996,2014-01-21 19:30:00,0.0,29.0975,28.63,30.4025,32.6375,31.165
1997,2014-01-21 19:45:00,0.0,29.05,29.0975,28.63,30.4025,32.6375
1998,2014-01-21 20:00:00,0.0,28.7625,29.05,29.0975,28.63,30.4025
1999,2014-01-21 20:15:00,0.0,26.935,28.7625,29.05,29.0975,28.63
2000,2014-01-21 20:30:00,0.0,28.4225,26.935,28.7625,29.05,29.0975
2001,2014-01-21 20:45:00,0.0,28.785,28.4225,26.935,28.7625,29.05
2002,2014-01-21 21:00:00,0.0,28.795,28.785,28.4225,26.935,28.7625
2003,2014-01-21 21:15:00,0.0,29.255,28.795,28.785,28.4225,26.935
2004,2014-01-21 21:30:00,0.0,26.41,29.255,28.795,28.785,28.4225
2005,2014-01-21 21:45:00,0.0,28.9725,26.41,29.255,28.795,28.785
2006,2014-01-21 22:00:00,0.0,26.0475,28.9725,26.41,29.255,28.795
2007,2014-01-21 22:15:00,0.0,26.05,26.0475,28.9725,26.41,29.255
2008,2014-01-21 22:30:00,0.0,25.46,26.05,26.0475,28.9725,26.41
2009,2014-01-21 22:45:00,0.0,26.5825,25.46,26.05,26.0475,28.9725
2010,2014-01-21 23:00:00,0.0,26.075,26.5825,25.46,26.05,26.0475
2011,2014-01-21 23:15:00,0.0,25.4375,26.075,26.5825,25.46,26.05
2012,2014-01-21 23:30:00,0.0,24.4975,25.4375,26.075,26.5825,25.46
2013,2014-01-21 23:45:00,0.0,25.4275,24.4975,25.4375,26.075,26.5825
2014,2014-01-22 00:00:00,0.0,23.8975,25.4275,24.4975,25.4375,26.075
2015,2014-01-22 00:15:00,0.0,24.64,23.8975,25.4275,24.4975,25.4375
2016,2014-01-22 00:30:00,0.0,25.06,24.64,23.8975,25.4275,24.4975
2017,2014-01-22 00:45:00,0.0,25.4975,25.06,24.64,23.8975,25.4275
2018,2014-01-22 01:00:00,0.0,25.4075,25.4975,25.06,24.64,23.8975
2019,2014-01-22 01:15:00,0.0,25.3,25.4075,25.4975,25.06,24.64
2020,2014-01-22 01:30:00,0.0,24.2175,25.3,25.4075,25.4975,25.06
2021,2014-01-22 01:45:00,0.0,25.485,24.2175,25.3,25.4075,25.4975
2022,2014-01-22 02:00:00,0.0,25.23,25.485,24.2175,25.3,25.4075
2023,2014-01-22 02:15:00,0.0,26.01,25.23,25.485,24.2175,25.3
2024,2014-01-22 02:30:00,0.0,25.89,26.01,25.23,25.485,24.2175
2025,2014-01-22 02:45:00,0.0,25.2,25.89,26.01,25.23,25.485
2026,2014-01-22 03:00:00,0.0,25.46,25.2,25.89,26.01,25.23
2027,2014-01-22 03:15:00,0.0,25.0225,25.46,25.2,25.89,26.01
2028,2014-01-22 03:30:00,0.0,25.5025,25.0225,25.46,25.2,25.89
2029,2014-01-22 03:45:00,0.0,26.41,25.5025,25.0225,25.46,25.2
2030,2014-01-22 04:00:00,0.0,28.2775,26.41,25.5025,25.0225,25.46
2031,2014-01-22 04:15:00,0.0,26.46,28.2775,26.41,25.5025,25.0225
2032,2014-01-22 04:30:00,0.0,26.57,26.46,28.2775,26.41,25.5025
2033,2014-01-22 04:45:00,0.0,26.7025,26.57,26.46,28.2775,26.41
2034,2014-01-22 05:00:00,0.0,25.36,26.7025,26.57,26.46,28.2775
2035,2014-01-22 05:15:00,0.0,27.1475,25.36,26.7025,26.57,26.46
2036,2014-01-22 05:30:00,0.0,26.625,27.1475,25.36,26.7025,26.57
2037,2014-01-22 05:45:00,0.0,28.69,26.625,27.1475,25.36,26.7025
2038,2014-01-22 06:00:00,0.0,27.3325,28.69,26.625,27.1475,25.36
2039,2014-01-22 06:15:00,0.0,30.125,27.3325,28.69,26.625,27.1475
2040,2014-01-22 06:30:00,0.0,29.6075,30.125,27.3325,28.69,26.625
2041,2014-01-22 06:45:00,0.0,30.6175,29.6075,30.125,27.3325,28.69
2042,2014-01-22 07:00:00,0.0,30.675,30.6175,29.6075,30.125,27.3325
2043,2014-01-22 07:15:00,0.0,30.8975,30.675,30.6175,29.6075,30.125
2044,2014-01-22 07:30:00,0.0,31.715,30.8975,30.675,30.6175,29.6075
2045,2014-01-22 07:45:00,0.0,30.4075,31.715,30.8975,30.675,30.6175
2046,2014-01-22 08:00:00,0.0,30.3675,30.4075,31.715,30.8975,30.675
2047,2014-01-22 08:15:00,0.0,30.675,30.3675,30.4075,31.715,30.8975
2048,2014-01-22 08:30:00,0.0,30.385,30.675,30.3675,30.4075,31.715
2049,2014-01-22 08:45:00,0.0,34.4975,30.385,30.675,30.3675,30.4075
2050,2014-01-22 09:00:00,0.0,34.4125,34.4975,30.385,30.675,30.3675
2051,2014-01-22 09:15:00,0.0,34.1575,34.4125,34.4975,30.385,30.675
2052,2014-01-22 09:30:00,0.0,29.6875,34.1575,34.4125,34.4975,30.385
2053,2014-01-22 09:45:00,0.0,33.525,29.6875,34.1575,34.4125,34.4975
2054,2014-01-22 10:00:00,0.0,34.12,33.525,29.6875,34.1575,34.4125
2055,2014-01-22 10:15:00,0.0,31.745,34.12,33.525,29.6875,34.1575
2056,2014-01-22 10:30:00,0.0,36.29,31.745,34.12,33.525,29.6875
2057,2014-01-22 10:45:00,0.0,36.13,36.29,31.745,34.12,33.525
2058,2014-01-22 11:00:00,0.0,36.62,36.13,36.29,31.745,34.12
2059,2014-01-22 11:15:00,0.0,33.61,36.62,36.13,36.29,31.745
2060,2014-01-22 11:30:00,0.0,36.2525,33.61,36.62,36.13,36.29
2061,2014-01-22 11:45:00,0.0,36.28,36.2525,33.61,36.62,36.13
2062,2014-01-22 12:00:00,0.0,36.6525,36.28,36.2525,33.61,36.62
2063,2014-01-22 12:15:00,0.0,33.9875,36.6525,36.28,36.2525,33.61
2064,2014-01-22 12:30:00,0.0,37.43,33.9875,36.6525,36.28,36.2525
2065,2014-01-22 12:45:00,0.0,37.3125,37.43,33.9875,36.6525,36.28
2066,2014-01-22 13:00:00,0.0,35.075,37.3125,37.43,33.9875,36.6525
2067,2014-01-22 13:15:00,0.0,39.32,35.075,37.3125,37.43,33.9875
2068,2014-01-22 13:30:00,0.0,40.3,39.32,35.075,37.3125,37.43
2069,2014-01-22 13:45:00,0.0,39.2475,40.3,39.32,35.075,37.3125
2070,2014-01-22 14:00:00,0.0,38.13,39.2475,40.3,39.32,35.075
2071,2014-01-22 14:15:00,0.0,40.995,38.13,39.2475,40.3,39.32
2072,2014-01-22 14:30:00,0.0,39.7875,40.995,38.13,39.2475,40.3
2073,2014-01-22 14:45:00,0.0,39.0425,39.7875,40.995,38.13,39.2475
2074,2014-01-22 15:00:00,0.0,41.255,39.0425,39.7875,40.995,38.13
2075,2014-01-22 15:15:00,0.0,40.6325,41.255,39.0425,39.7875,40.995
2076,2014-01-22 15:30:00,0.0,37.5225,40.6325,41.255,39.0425,39.7875
2077,2014-01-22 15:45:00,0.0,39.0675,37.5225,40.6325,41.255,39.0425
2078,2014-01-22 16:00:00,0.0,40.3975,39.0675,37.5225,40.6325,41.255
2079,2014-01-22 16:15:00,0.0,37.37,40.3975,39.0675,37.5225,40.6325
2080,2014-01-22 16:30:00,0.0,38.8325,37.37,40.3975,39.0675,37.5225
2081,2014-01-22 16:45:00,0.0,38.515,38.8325,37.37,40.3975,39.0675
2082,2014-01-22 17:00:00,0.0,36.0125,38.515,38.8325,37.37,40.3975
2083,2014-01-22 17:15:00,0.0,34.66,36.0125,38.515,38.8325,37.37
2084,2014-01-22 17:30:00,0.0,32.9375,34.66,36.0125,38.515,38.8325
2085,2014-01-22 17:45:00,0.0,33.3125,32.9375,34.66,36.0125,38.515
2086,2014-01-22 18:00:00,0.0,32.08,33.3125,32.9375,34.66,36.0125
2087,2014-01-22 18:15:00,0.0,32.5075,32.08,33.3125,32.9375,34.66
2088,2014-01-22 18:30:00,0.0,31.9275,32.5075,32.08,33.3125,32.9375
2089,2014-01-22 18:45:00,0.0,30.8525,31.9275,32.5075,32.08,33.3125
2090,2014-01-22 19:00:00,0.0,29.295,30.8525,31.9275,32.5075,32.08
2091,2014-01-22 19:15:00,0.0,30.085,29.295,30.8525,31.9275,32.5075
2092,2014-01-22 19:30:00,0.0,28.3225,30.085,29.295,30.8525,31.9275
2093,2014-01-22 19:45:00,0.0,29.9175,28.3225,30.085,29.295,30.8525
2094,2014-01-22 20:00:00,0.0,29.405,29.9175,28.3225,30.085,29.295
2095,2014-01-22 20:15:00,0.0,28.2125,29.405,29.9175,28.3225,30.085
2096,2014-01-22 20:30:00,0.0,27.865,28.2125,29.405,29.9175,28.3225
2097,2014-01-22 20:45:00,0.0,27.9875,27.865,28.2125,29.405,29.9175
2098,2014-01-22 21:00:00,0.0,28.235,27.9875,27.865,28.2125,29.405
2099,2014-01-22 21:15:00,0.0,27.09,28.235,27.9875,27.865,28.2125
2100,2014-01-22 21:30:00,0.0,26.595,27.09,28.235,27.9875,27.865
2101,2014-01-22 21:45:00,0.0,29.315,26.595,27.09,28.235,27.9875
2102,2014-01-22 22:00:00,0.0,27.98,29.315,26.595,27.09,28.235
2103,2014-01-22 22:15:00,0.0,25.7675,27.98,29.315,26.595,27.09
2104,2014-01-22 22:30:00,0.0,24.935,25.7675,27.98,29.315,26.595
2105,2014-01-22 22:45:00,0.0,25.7925,24.935,25.7675,27.98,29.315
2106,2014-01-22 23:00:00,0.0,25.44,25.7925,24.935,25.7675,27.98
2107,2014-01-22 23:15:00,0.0,25.3325,25.44,25.7925,24.935,25.7675
2108,2014-01-22 23:30:00,0.0,26.1225,25.3325,25.44,25.7925,24.935
2109,2014-01-22 23:45:00,0.0,26.86,26.1225,25.3325,25.44,25.7925
2110,2014-01-23 00:00:00,0.0,25.255,26.86,26.1225,25.3325,25.44
2111,2014-01-23 00:15:00,0.0,24.775,25.255,26.86,26.1225,25.3325
2112,2014-01-23 00:30:00,0.0,25.27,24.775,25.255,26.86,26.1225
2113,2014-01-23 00:45:00,0.0,26.5175,25.27,24.775,25.255,26.86
2114,2014-01-23 01:00:00,0.0,25.2625,26.5175,25.27,24.775,25.255
2115,2014-01-23 01:15:00,0.0,25.985,25.2625,26.5175,25.27,24.775
2116,2014-01-23 01:30:00,0.0,24.7525,25.985,25.2625,26.5175,25.27
2117,2014-01-23 01:45:00,0.0,23.275,24.7525,25.985,25.2625,26.5175
2118,2014-01-23 02:00:00,0.0,26.24,23.275,24.7525,25.985,25.2625
2119,2014-01-23 02:15:00,0.0,24.155,26.24,23.275,24.7525,25.985
2120,2014-01-23 02:30:00,0.0,26.5625,24.155,26.24,23.275,24.7525
2121,2014-01-23 02:45:00,0.0,25.7675,26.5625,24.155,26.24,23.275
2122,2014-01-23 03:00:00,0.0,25.74,25.7675,26.5625,24.155,26.24
2123,2014-01-23 03:15:00,0.0,25.4825,25.74,25.7675,26.5625,24.155
2124,2014-01-23 03:30:00,0.0,26.175,25.4825,25.74,25.7675,26.5625
2125,2014-01-23 03:45:00,0.0,22.3225,26.175,25.4825,25.74,25.7675
2126,2014-01-23 04:00:00,0.0,27.68,22.3225,26.175,25.4825,25.74
2127,2014-01-23 04:15:00,0.0,24.7025,27.68,22.3225,26.175,25.4825
2128,2014-01-23 04:30:00,0.0,27.29,24.7025,27.68,22.3225,26.175
2129,2014-01-23 04:45:00,0.0,25.965,27.29,24.7025,27.68,22.3225
2130,2014-01-23 05:00:00,0.0,27.215,25.965,27.29,24.7025,27.68
2131,2014-01-23 05:15:00,0.0,25.76,27.215,25.965,27.29,24.7025
2132,2014-01-23 05:30:00,0.0,24.3425,25.76,27.215,25.965,27.29
2133,2014-01-23 05:45:00,0.0,25.83,24.3425,25.76,27.215,25.965
2134,2014-01-23 06:00:00,0.0,27.2,25.83,24.3425,25.76,27.215
2135,2014-01-23 06:15:00,0.0,29.1625,27.2,25.83,24.3425,25.76
2136,2014-01-23 06:30:00,0.0,32.415,29.1625,27.2,25.83,24.3425
2137,2014-01-23 06:45:00,0.0,29.2425,32.415,29.1625,27.2,25.83
2138,2014-01-23 07:00:00,0.0,29.79,29.2425,32.415,29.1625,27.2
2139,2014-01-23 07:15:00,0.0,28.8225,29.79,29.2425,32.415,29.1625
2140,2014-01-23 07:30:00,0.0,30.5825,28.8225,29.79,29.2425,32.415
2141,2014-01-23 07:45:00,0.0,30.5625,30.5825,28.8225,29.79,29.2425
2142,2014-01-23 08:00:00,0.0,31.64,30.5625,30.5825,28.8225,29.79
2143,2014-01-23 08:15:00,0.0,31.5025,31.64,30.5625,30.5825,28.8225
2144,2014-01-23 08:30:00,0.0,30.4475,31.5025,31.64,30.5625,30.5825
2145,2014-01-23 08:45:00,0.0,33.4075,30.4475,31.5025,31.64,30.5625
2146,2014-01-23 09:00:00,0.0,28.335,33.4075,30.4475,31.5025,31.64
2147,2014-01-23 09:15:00,0.0,33.5425,28.335,33.4075,30.4475,31.5025
2148,2014-01-23 09:30:00,0.0,33.0075,33.5425,28.335,33.4075,30.4475
2149,2014-01-23 09:45:00,0.0,33.8575,33.0075,33.5425,28.335,33.4075
2150,2014-01-23 10:00:00,0.0,33.1875,33.8575,33.0075,33.5425,28.335
2151,2014-01-23 10:15:00,0.0,33.82,33.1875,33.8575,33.0075,33.5425
2152,2014-01-23 10:30:00,0.0,34.2225,33.82,33.1875,33.8575,33.0075
2153,2014-01-23 10:45:00,0.0,34.3775,34.2225,33.82,33.1875,33.8575
2154,2014-01-23 11:00:00,0.0,32.89,34.3775,34.2225,33.82,33.1875
2155,2014-01-23 11:15:00,0.0,34.75,32.89,34.3775,34.2225,33.82
2156,2014-01-23 11:30:00,0.0,33.7075,34.75,32.89,34.3775,34.2225
2157,2014-01-23 11:45:00,0.0,35.05,33.7075,34.75,32.89,34.3775
2158,2014-01-23 12:00:00,0.0,35.28,35.05,33.7075,34.75,32.89
2159,2014-01-23 12:15:00,0.0,34.6725,35.28,35.05,33.7075,34.75
2160,2014-01-23 12:30:00,0.0,36.53,34.6725,35.28,35.05,33.7075
2161,2014-01-23 12:45:00,0.0,36.1525,36.53,34.6725,35.28,35.05
2162,2014-01-23 13:00:00,0.0,37.5275,36.1525,36.53,34.6725,35.28
2163,2014-01-23 13:15:00,0.0,35.6675,37.5275,36.1525,36.53,34.6725
2164,2014-01-23 13:30:00,0.0,34.6875,35.6675,37.5275,36.1525,36.53
2165,2014-01-23 13:45:00,0.0,37.0925,34.6875,35.6675,37.5275,36.1525
2166,2014-01-23 14:00:00,0.0,37.4575,37.0925,34.6875,35.6675,37.5275
2167,2014-01-23 14:15:00,0.0,34.02,37.4575,37.0925,34.6875,35.6675
2168,2014-01-23 14:30:00,0.0,37.1325,34.02,37.4575,37.0925,34.6875
2169,2014-01-23 14:45:00,0.0,38.585,37.1325,34.02,37.4575,37.0925
2170,2014-01-23 15:00:00,0.0,38.6825,38.585,37.1325,34.02,37.4575
2171,2014-01-23 15:15:00,0.0,34.67,38.6825,38.585,37.1325,34.02
2172,2014-01-23 15:30:00,0.0,36.6825,34.67,38.6825,38.585,37.1325
2173,2014-01-23 15:45:00,0.0,40.64,36.6825,34.67,38.6825,38.585
2174,2014-01-23 16:00:00,0.0,34.7375,40.64,36.6825,34.67,38.6825
2175,2014-01-23 16:15:00,0.0,37.175,34.7375,40.64,36.6825,34.67
2176,2014-01-23 16:30:00,0.0,36.3175,37.175,34.7375,40.64,36.6825
2177,2014-01-23 16:45:00,0.0,35.71,36.3175,37.175,34.7375,40.64
2178,2014-01-23 17:00:00,0.0,36.895,35.71,36.3175,37.175,34.7375
2179,2014-01-23 17:15:00,0.0,33.13,36.895,35.71,36.3175,37.175
2180,2014-01-23 17:30:00,0.0,33.245,33.13,36.895,35.71,36.3175
2181,2014-01-23 17:45:00,0.0,31.915,33.245,33.13,36.895,35.71
2182,2014-01-23 18:00:00,0.0,32.8825,31.915,33.245,33.13,36.895
2183,2014-01-23 18:15:00,0.0,32.0125,32.8825,31.915,33.245,33.13
2184,2014-01-23 18:30:00,0.0,31.7325,32.0125,32.8825,31.915,33.245
2185,2014-01-23 18:45:00,0.0,31.995,31.7325,32.0125,32.8825,31.915
2186,2014-01-23 19:00:00,0.0,28.3825,31.995,31.7325,32.0125,32.8825
2187,2014-01-23 19:15:00,0.0,29.2525,28.3825,31.995,31.7325,32.0125
2188,2014-01-23 19:30:00,0.0,29.0375,29.2525,28.3825,31.995,31.7325
2189,2014-01-23 19:45:00,0.0,31.045,29.0375,29.2525,28.3825,31.995
2190,2014-01-23 20:00:00,0.0,28.1575,31.045,29.0375,29.2525,28.3825
2191,2014-01-23 20:15:00,0.0,30.19,28.1575,31.045,29.0375,29.2525
2192,2014-01-23 20:30:00,0.0,28.8225,30.19,28.1575,31.045,29.0375
2193,2014-01-23 20:45:00,0.0,29.9675,28.8225,30.19,28.1575,31.045
2194,2014-01-23 21:00:00,0.0,28.405,29.9675,28.8225,30.19,28.1575
2195,2014-01-23 21:15:00,0.0,28.15,28.405,29.9675,28.8225,30.19
2196,2014-01-23 21:30:00,0.0,25.9625,28.15,28.405,29.9675,28.8225
2197,2014-01-23 21:45:00,0.0,29.625,25.9625,28.15,28.405,29.9675
2198,2014-01-23 22:00:00,0.0,28.36,29.625,25.9625,28.15,28.405
2199,2014-01-23 22:15:00,0.0,26.1,28.36,29.625,25.9625,28.15
2200,2014-01-23 22:30:00,0.0,25.095,26.1,28.36,29.625,25.9625
2201,2014-01-23 22:45:00,0.0,26.4625,25.095,26.1,28.36,29.625
2202,2014-01-23 23:00:00,0.0,23.79,26.4625,25.095,26.1,28.36
2203,2014-01-23 23:15:00,0.0,25.63,23.79,26.4625,25.095,26.1
2204,2014-01-23 23:30:00,0.0,26.5225,25.63,23.79,26.4625,25.095
2205,2014-01-23 23:45:00,0.0,25.44,26.5225,25.63,23.79,26.4625
2206,2014-01-24 00:00:00,0.0,26.4225,25.44,26.5225,25.63,23.79
2207,2014-01-24 00:15:00,0.0,25.4175,26.4225,25.44,26.5225,25.63
2208,2014-01-24 00:30:00,0.0,25.675,25.4175,26.4225,25.44,26.5225
2209,2014-01-24 00:45:00,0.0,26.2375,25.675,25.4175,26.4225,25.44
2210,2014-01-24 01:00:00,0.0,25.585,26.2375,25.675,25.4175,26.4225
2211,2014-01-24 01:15:00,0.0,27.1,25.585,26.2375,25.675,25.4175
2212,2014-01-24 01:30:00,0.0,24.96,27.1,25.585,26.2375,25.675
2213,2014-01-24 01:45:00,0.0,25.69,24.96,27.1,25.585,26.2375
2214,2014-01-24 02:00:00,0.0,26.44,25.69,24.96,27.1,25.585
2215,2014-01-24 02:15:00,0.0,25.51,26.44,25.69,24.96,27.1
2216,2014-01-24 02:30:00,0.0,25.175,25.51,26.44,25.69,24.96
2217,2014-01-24 02:45:00,0.0,26.36,25.175,25.51,26.44,25.69
2218,2014-01-24 03:00:00,0.0,26.46,26.36,25.175,25.51,26.44
2219,2014-01-24 03:15:00,0.0,25.565,26.46,26.36,25.175,25.51
2220,2014-01-24 03:30:00,0.0,23.5625,25.565,26.46,26.36,25.175
2221,2014-01-24 03:45:00,0.0,26.29,23.5625,25.565,26.46,26.36
2222,2014-01-24 04:00:00,0.0,26.5675,26.29,23.5625,25.565,26.46
2223,2014-01-24 04:15:00,0.0,26.055,26.5675,26.29,23.5625,25.565
2224,2014-01-24 04:30:00,0.0,27.5475,26.055,26.5675,26.29,23.5625
2225,2014-01-24 04:45:00,0.0,28.1375,27.5475,26.055,26.5675,26.29
2226,2014-01-24 05:00:00,0.0,26.825,28.1375,27.5475,26.055,26.5675
2227,2014-01-24 05:15:00,0.0,25.58,26.825,28.1375,27.5475,26.055
2228,2014-01-24 05:30:00,0.0,27.2475,25.58,26.825,28.1375,27.5475
2229,2014-01-24 05:45:00,0.0,26.7275,27.2475,25.58,26.825,28.1375
2230,2014-01-24 06:00:00,0.0,27.1725,26.7275,27.2475,25.58,26.825
2231,2014-01-24 06:15:00,0.0,31.1525,27.1725,26.7275,27.2475,25.58
2232,2014-01-24 06:30:00,0.0,30.7525,31.1525,27.1725,26.7275,27.2475
2233,2014-01-24 06:45:00,0.0,31.6925,30.7525,31.1525,27.1725,26.7275
2234,2014-01-24 07:00:00,0.0,30.85,31.6925,30.7525,31.1525,27.1725
2235,2014-01-24 07:15:00,0.0,30.5475,30.85,31.6925,30.7525,31.1525
2236,2014-01-24 07:30:00,0.0,29.125,30.5475,30.85,31.6925,30.7525
2237,2014-01-24 07:45:00,0.0,31.28,29.125,30.5475,30.85,31.6925
2238,2014-01-24 08:00:00,0.0,31.995,31.28,29.125,30.5475,30.85
2239,2014-01-24 08:15:00,0.0,30.585,31.995,31.28,29.125,30.5475
2240,2014-01-24 08:30:00,0.0,32.2575,30.585,31.995,31.28,29.125
2241,2014-01-24 08:45:00,0.0,31.0925,32.2575,30.585,31.995,31.28
2242,2014-01-24 09:00:00,0.0,33.865,31.0925,32.2575,30.585,31.995
2243,2014-01-24 09:15:00,0.0,31.5275,33.865,31.0925,32.2575,30.585
2244,2014-01-24 09:30:00,0.0,33.72,31.5275,33.865,31.0925,32.2575
2245,2014-01-24 09:45:00,0.0,36.4775,33.72,31.5275,33.865,31.0925
2246,2014-01-24 10:00:00,0.0,34.1625,36.4775,33.72,31.5275,33.865
2247,2014-01-24 10:15:00,0.0,34.34,34.1625,36.4775,33.72,31.5275
2248,2014-01-24 10:30:00,0.0,34.5475,34.34,34.1625,36.4775,33.72
2249,2014-01-24 10:45:00,0.0,35.045,34.5475,34.34,34.1625,36.4775
2250,2014-01-24 11:00:00,0.0,34.3075,35.045,34.5475,34.34,34.1625
2251,2014-01-24 11:15:00,0.0,35.575,34.3075,35.045,34.5475,34.34
2252,2014-01-24 11:30:00,0.0,35.0575,35.575,34.3075,35.045,34.5475
2253,2014-01-24 11:45:00,0.0,36.4875,35.0575,35.575,34.3075,35.045
2254,2014-01-24 12:00:00,0.0,34.73,36.4875,35.0575,35.575,34.3075
2255,2014-01-24 12:15:00,0.0,35.135,34.73,36.4875,35.0575,35.575
2256,2014-01-24 12:30:00,0.0,37.225,35.135,34.73,36.4875,35.0575
2257,2014-01-24 12:45:00,0.0,33.04,37.225,35.135,34.73,36.4875
2258,2014-01-24 13:00:00,0.0,35.91,33.04,37.225,35.135,34.73
2259,2014-01-24 13:15:00,0.0,35.4675,35.91,33.04,37.225,35.135
2260,2014-01-24 13:30:00,0.0,37.0275,35.4675,35.91,33.04,37.225
2261,2014-01-24 13:45:00,0.0,36.245,37.0275,35.4675,35.91,33.04
2262,2014-01-24 14:00:00,0.0,35.9775,36.245,37.0275,35.4675,35.91
2263,2014-01-24 14:15:00,0.0,37.9,35.9775,36.245,37.0275,35.4675
2264,2014-01-24 14:30:00,0.0,39.065,37.9,35.9775,36.245,37.0275
2265,2014-01-24 14:45:00,0.0,37.3925,39.065,37.9,35.9775,36.245
2266,2014-01-24 15:00:00,0.0,38.7475,37.3925,39.065,37.9,35.9775
2267,2014-01-24 15:15:00,0.0,37.2875,38.7475,37.3925,39.065,37.9
2268,2014-01-24 15:30:00,0.0,37.3475,37.2875,38.7475,37.3925,39.065
2269,2014-01-24 15:45:00,0.0,37.8725,37.3475,37.2875,38.7475,37.3925
2270,2014-01-24 16:00:00,0.0,37.5025,37.8725,37.3475,37.2875,38.7475
2271,2014-01-24 16:15:00,0.0,37.225,37.5025,37.8725,37.3475,37.2875
2272,2014-01-24 16:30:00,0.0,37.9725,37.225,37.5025,37.8725,37.3475
2273,2014-01-24 16:45:00,0.0,38.2725,37.9725,37.225,37.5025,37.8725
2274,2014-01-24 17:00:00,0.0,37.5225,38.2725,37.9725,37.225,37.5025
2275,2014-01-24 17:15:00,0.0,33.9025,37.5225,38.2725,37.9725,37.225
2276,2014-01-24 17:30:00,0.0,34.275,33.9025,37.5225,38.2725,37.9725
2277,2014-01-24 17:45:00,0.0,32.2375,34.275,33.9025,37.5225,38.2725
2278,2014-01-24 18:00:00,0.0,32.9575,32.2375,34.275,33.9025,37.5225
2279,2014-01-24 18:15:00,0.0,31.0375,32.9575,32.2375,34.275,33.9025
2280,2014-01-24 18:30:00,0.0,29.8875,31.0375,32.9575,32.2375,34.275
2281,2014-01-24 18:45:00,0.0,31.35,29.8875,31.0375,32.9575,32.2375
2282,2014-01-24 19:00:00,0.0,31.8525,31.35,29.8875,31.0375,32.9575
2283,2014-01-24 19:15:00,0.0,29.58,31.8525,31.35,29.8875,31.0375
2284,2014-01-24 19:30:00,0.0,29.95,29.58,31.8525,31.35,29.8875
2285,2014-01-24 19:45:00,0.0,30.3225,29.95,29.58,31.8525,31.35
2286,2014-01-24 20:00:00,0.0,30.8725,30.3225,29.95,29.58,31.8525
2287,2014-01-24 20:15:00,0.0,28.9925,30.8725,30.3225,29.95,29.58
2288,2014-01-24 20:30:00,0.0,30.5125,28.9925,30.8725,30.3225,29.95
2289,2014-01-24 20:45:00,0.0,28.705,30.5125,28.9925,30.8725,30.3225
2290,2014-01-24 21:00:00,0.0,30.315,28.705,30.5125,28.9925,30.8725
2291,2014-01-24 21:15:00,0.0,28.4425,30.315,28.705,30.5125,28.9925
2292,2014-01-24 21:30:00,0.0,29.12,28.4425,30.315,28.705,30.5125
2293,2014-01-24 21:45:00,0.0,26.83,29.12,28.4425,30.315,28.705
2294,2014-01-24 22:00:00,0.0,28.05,26.83,29.12,28.4425,30.315
2295,2014-01-24 22:15:00,0.0,27.575,28.05,26.83,29.12,28.4425
2296,2014-01-24 22:30:00,0.0,27.2725,27.575,28.05,26.83,29.12
2297,2014-01-24 22:45:00,0.0,26.9775,27.2725,27.575,28.05,26.83
2298,2014-01-24 23:00:00,0.0,24.7275,26.9775,27.2725,27.575,28.05
2299,2014-01-24 23:15:00,0.0,25.61,24.7275,26.9775,27.2725,27.575
2300,2014-01-24 23:30:00,0.0,25.3225,25.61,24.7275,26.9775,27.2725
2301,2014-01-24 23:45:00,0.0,27.21,25.3225,25.61,24.7275,26.9775
2302,2014-01-25 00:00:00,0.0,27.2075,27.21,25.3225,25.61,24.7275
2303,2014-01-25 00:15:00,0.0,27.32,27.2075,27.21,25.3225,25.61
2304,2014-01-25 00:30:00,0.0,27.46,27.32,27.2075,27.21,25.3225
2305,2014-01-25 00:45:00,0.0,26.2725,27.46,27.32,27.2075,27.21
2306,2014-01-25 01:00:00,0.0,26.65,26.2725,27.46,27.32,27.2075
2307,2014-01-25 01:15:00,0.0,25.57,26.65,26.2725,27.46,27.32
2308,2014-01-25 01:30:00,0.0,24.575,25.57,26.65,26.2725,27.46
2309,2014-01-25 01:45:00,0.0,27.2825,24.575,25.57,26.65,26.2725
2310,2014-01-25 02:00:00,0.0,27.6125,27.2825,24.575,25.57,26.65
2311,2014-01-25 02:15:00,0.0,26.3975,27.6125,27.2825,24.575,25.57
2312,2014-01-25 02:30:00,0.0,26.5625,26.3975,27.6125,27.2825,24.575
2313,2014-01-25 02:45:00,0.0,26.0975,26.5625,26.3975,27.6125,27.2825
2314,2014-01-25 03:00:00,0.0,26.7525,26.0975,26.5625,26.3975,27.6125
2315,2014-01-25 03:15:00,0.0,25.675,26.7525,26.0975,26.5625,26.3975
2316,2014-01-25 03:30:00,0.0,26.825,25.675,26.7525,26.0975,26.5625
2317,2014-01-25 03:45:00,0.0,27.4075,26.825,25.675,26.7525,26.0975
2318,2014-01-25 04:00:00,0.0,26.15,27.4075,26.825,25.675,26.7525
2319,2014-01-25 04:15:00,0.0,26.3975,26.15,27.4075,26.825,25.675
2320,2014-01-25 04:30:00,0.0,25.8475,26.3975,26.15,27.4075,26.825
2321,2014-01-25 04:45:00,0.0,26.89,25.8475,26.3975,26.15,27.4075
2322,2014-01-25 05:00:00,0.0,26.8,26.89,25.8475,26.3975,26.15
2323,2014-01-25 05:15:00,0.0,26.34,26.8,26.89,25.8475,26.3975
2324,2014-01-25 05:30:00,0.0,24.74,26.34,26.8,26.89,25.8475
2325,2014-01-25 05:45:00,0.0,26.5825,24.74,26.34,26.8,26.89
2326,2014-01-25 06:00:00,0.0,24.56,26.5825,24.74,26.34,26.8
2327,2014-01-25 06:15:00,0.0,24.9275,24.56,26.5825,24.74,26.34
2328,2014-01-25 06:30:00,0.0,27.4025,24.9275,24.56,26.5825,24.74
2329,2014-01-25 06:45:00,0.0,28.0625,27.4025,24.9275,24.56,26.5825
2330,2014-01-25 07:00:00,0.0,28.24,28.0625,27.4025,24.9275,24.56
2331,2014-01-25 07:15:00,0.0,27.9325,28.24,28.0625,27.4025,24.9275
2332,2014-01-25 07:30:00,0.0,27.64,27.9325,28.24,28.0625,27.4025
2333,2014-01-25 07:45:00,0.0,27.38,27.64,27.9325,28.24,28.0625
2334,2014-01-25 08:00:00,0.0,26.315,27.38,27.64,27.9325,28.24
2335,2014-01-25 08:15:00,0.0,26.2175,26.315,27.38,27.64,27.9325
2336,2014-01-25 08:30:00,0.0,26.855,26.2175,26.315,27.38,27.64
2337,2014-01-25 08:45:00,0.0,27.3575,26.855,26.2175,26.315,27.38
2338,2014-01-25 09:00:00,0.0,24.76,27.3575,26.855,26.2175,26.315
2339,2014-01-25 09:15:00,0.0,25.6525,24.76,27.3575,26.855,26.2175
2340,2014-01-25 09:30:00,0.0,23.905,25.6525,24.76,27.3575,26.855
2341,2014-01-25 09:45:00,0.0,26.94,23.905,25.6525,24.76,27.3575
2342,2014-01-25 10:00:00,0.0,24.7725,26.94,23.905,25.6525,24.76
2343,2014-01-25 10:15:00,0.0,24.75,24.7725,26.94,23.905,25.6525
2344,2014-01-25 10:30:00,0.0,26.6025,24.75,24.7725,26.94,23.905
2345,2014-01-25 10:45:00,0.0,28.615,26.6025,24.75,24.7725,26.94
2346,2014-01-25 11:00:00,0.0,24.15,28.615,26.6025,24.75,24.7725
2347,2014-01-25 11:15:00,0.0,27.8125,24.15,28.615,26.6025,24.75
2348,2014-01-25 11:30:00,0.0,27.715,27.8125,24.15,28.615,26.6025
2349,2014-01-25 11:45:00,0.0,29.53,27.715,27.8125,24.15,28.615
2350,2014-01-25 12:00:00,0.0,25.915,29.53,27.715,27.8125,24.15
2351,2014-01-25 12:15:00,0.0,28.075,25.915,29.53,27.715,27.8125
2352,2014-01-25 12:30:00,0.0,30.725,28.075,25.915,29.53,27.715
2353,2014-01-25 12:45:00,0.0,30.33,30.725,28.075,25.915,29.53
2354,2014-01-25 13:00:00,0.0,31.255,30.33,30.725,28.075,25.915
2355,2014-01-25 13:15:00,0.0,30.0125,31.255,30.33,30.725,28.075
2356,2014-01-25 13:30:00,0.0,30.93,30.0125,31.255,30.33,30.725
2357,2014-01-25 13:45:00,0.0,32.5075,30.93,30.0125,31.255,30.33
2358,2014-01-25 14:00:00,0.0,30.7625,32.5075,30.93,30.0125,31.255
2359,2014-01-25 14:15:00,0.0,30.71,30.7625,32.5075,30.93,30.0125
2360,2014-01-25 14:30:00,0.0,29.38,30.71,30.7625,32.5075,30.93
2361,2014-01-25 14:45:00,0.0,33.09,29.38,30.71,30.7625,32.5075
2362,2014-01-25 15:00:00,0.0,30.6825,33.09,29.38,30.71,30.7625
2363,2014-01-25 15:15:00,0.0,30.5575,30.6825,33.09,29.38,30.71
2364,2014-01-25 15:30:00,0.0,31.5625,30.5575,30.6825,33.09,29.38
2365,2014-01-25 15:45:00,0.0,29.7125,31.5625,30.5575,30.6825,33.09
2366,2014-01-25 16:00:00,0.0,29.28,29.7125,31.5625,30.5575,30.6825
2367,2014-01-25 16:15:00,0.0,30.45,29.28,29.7125,31.5625,30.5575
2368,2014-01-25 16:30:00,0.0,29.2875,30.45,29.28,29.7125,31.5625
2369,2014-01-25 16:45:00,0.0,28.1225,29.2875,30.45,29.28,29.7125
2370,2014-01-25 17:00:00,0.0,29.1925,28.1225,29.2875,30.45,29.28
2371,2014-01-25 17:15:00,0.0,28.25,29.1925,28.1225,29.2875,30.45
2372,2014-01-25 17:30:00,0.0,28.0275,28.25,29.1925,28.1225,29.2875
2373,2014-01-25 17:45:00,0.0,29.7675,28.0275,28.25,29.1925,28.1225
2374,2014-01-25 18:00:00,0.0,24.835,29.7675,28.0275,28.25,29.1925
2375,2014-01-25 18:15:00,0.0,28.035,24.835,29.7675,28.0275,28.25
2376,2014-01-25 18:30:00,0.0,25.7125,28.035,24.835,29.7675,28.0275
2377,2014-01-25 18:45:00,0.0,28.01,25.7125,28.035,24.835,29.7675
2378,2014-01-25 19:00:00,0.0,27.7675,28.01,25.7125,28.035,24.835
2379,2014-01-25 19:15:00,0.0,27.05,27.7675,28.01,25.7125,28.035
2380,2014-01-25 19:30:00,0.0,26.85,27.05,27.7675,28.01,25.7125
2381,2014-01-25 19:45:00,0.0,27.83,26.85,27.05,27.7675,28.01
2382,2014-01-25 20:00:00,0.0,26.6,27.83,26.85,27.05,27.7675
2383,2014-01-25 20:15:00,0.0,27.445,26.6,27.83,26.85,27.05
2384,2014-01-25 20:30:00,0.0,26.65,27.445,26.6,27.83,26.85
2385,2014-01-25 20:45:00,0.0,28.6575,26.65,27.445,26.6,27.83
2386,2014-01-25 21:00:00,0.0,24.565,28.6575,26.65,27.445,26.6
2387,2014-01-25 21:15:00,0.0,27.3075,24.565,28.6575,26.65,27.445
2388,2014-01-25 21:30:00,0.0,26.8275,27.3075,24.565,28.6575,26.65
2389,2014-01-25 21:45:00,0.0,27.68,26.8275,27.3075,24.565,28.6575
2390,2014-01-25 22:00:00,0.0,26.5,27.68,26.8275,27.3075,24.565
2391,2014-01-25 22:15:00,0.0,22.755,26.5,27.68,26.8275,27.3075
2392,2014-01-25 22:30:00,0.0,24.935,22.755,26.5,27.68,26.8275
2393,2014-01-25 22:45:00,0.0,24.8975,24.935,22.755,26.5,27.68
2394,2014-01-25 23:00:00,0.0,26.0475,24.8975,24.935,22.755,26.5
2395,2014-01-25 23:15:00,0.0,24.43,26.0475,24.8975,24.935,22.755
2396,2014-01-25 23:30:00,0.0,24.3525,24.43,26.0475,24.8975,24.935
2397,2014-01-25 23:45:00,0.0,26.1475,24.3525,24.43,26.0475,24.8975
2398,2014-01-26 00:00:00,0.0,26.445,26.1475,24.3525,24.43,26.0475
2399,2014-01-26 00:15:00,0.0,23.49,26.445,26.1475,24.3525,24.43
2400,2014-01-26 00:30:00,0.0,24.3875,23.49,26.445,26.1475,24.3525
2401,2014-01-26 00:45:00,0.0,24.6025,24.3875,23.49,26.445,26.1475
2402,2014-01-26 01:00:00,0.0,24.9225,24.6025,24.3875,23.49,26.445
2403,2014-01-26 01:15:00,0.0,24.2925,24.9225,24.6025,24.3875,23.49
2404,2014-01-26 01:30:00,0.0,26.08,24.2925,24.9225,24.6025,24.3875
2405,2014-01-26 01:45:00,0.0,26.205,26.08,24.2925,24.9225,24.6025
2406,2014-01-26 02:00:00,0.0,25.9925,26.205,26.08,24.2925,24.9225
2407,2014-01-26 02:15:00,0.0,24.0225,25.9925,26.205,26.08,24.2925
2408,2014-01-26 02:30:00,0.0,25.0125,24.0225,25.9925,26.205,26.08
2409,2014-01-26 02:45:00,0.0,26.02,25.0125,24.0225,25.9925,26.205
2410,2014-01-26 03:00:00,0.0,24.6625,26.02,25.0125,24.0225,25.9925
2411,2014-01-26 03:15:00,0.0,26.36,24.6625,26.02,25.0125,24.0225
2412,2014-01-26 03:30:00,0.0,25.6125,26.36,24.6625,26.02,25.0125
2413,2014-01-26 03:45:00,0.0,25.455,25.6125,26.36,24.6625,26.02
2414,2014-01-26 04:00:00,0.0,26.0175,25.455,25.6125,26.36,24.6625
2415,2014-01-26 04:15:00,0.0,25.3575,26.0175,25.455,25.6125,26.36
2416,2014-01-26 04:30:00,0.0,24.06,25.3575,26.0175,25.455,25.6125
2417,2014-01-26 04:45:00,0.0,25.155,24.06,25.3575,26.0175,25.455
2418,2014-01-26 05:00:00,0.0,24.32,25.155,24.06,25.3575,26.0175
2419,2014-01-26 05:15:00,0.0,25.7625,24.32,25.155,24.06,25.3575
2420,2014-01-26 05:30:00,0.0,24.635,25.7625,24.32,25.155,24.06
2421,2014-01-26 05:45:00,0.0,24.1125,24.635,25.7625,24.32,25.155
2422,2014-01-26 06:00:00,0.0,24.49,24.1125,24.635,25.7625,24.32
2423,2014-01-26 06:15:00,0.0,26.2375,24.49,24.1125,24.635,25.7625
2424,2014-01-26 06:30:00,0.0,26.1425,26.2375,24.49,24.1125,24.635
2425,2014-01-26 06:45:00,0.0,28.035,26.1425,26.2375,24.49,24.1125
2426,2014-01-26 07:00:00,0.0,26.825,28.035,26.1425,26.2375,24.49
2427,2014-01-26 07:15:00,0.0,26.225,26.825,28.035,26.1425,26.2375
2428,2014-01-26 07:30:00,0.0,26.94,26.225,26.825,28.035,26.1425
2429,2014-01-26 07:45:00,0.0,26.2675,26.94,26.225,26.825,28.035
2430,2014-01-26 08:00:00,0.0,25.53,26.2675,26.94,26.225,26.825
2431,2014-01-26 08:15:00,0.0,25.705,25.53,26.2675,26.94,26.225
2432,2014-01-26 08:30:00,0.0,25.105,25.705,25.53,26.2675,26.94
2433,2014-01-26 08:45:00,0.0,25.475,25.105,25.705,25.53,26.2675
2434,2014-01-26 09:00:00,0.0,26.285,25.475,25.105,25.705,25.53
2435,2014-01-26 09:15:00,0.0,25.1875,26.285,25.475,25.105,25.705
2436,2014-01-26 09:30:00,0.0,23.73,25.1875,26.285,25.475,25.105
2437,2014-01-26 09:45:00,0.0,25.285,23.73,25.1875,26.285,25.475
2438,2014-01-26 10:00:00,0.0,26.2925,25.285,23.73,25.1875,26.285
2439,2014-01-26 10:15:00,0.0,27.265,26.2925,25.285,23.73,25.1875
2440,2014-01-26 10:30:00,0.0,25.2375,27.265,26.2925,25.285,23.73
2441,2014-01-26 10:45:00,0.0,26.705,25.2375,27.265,26.2925,25.285
2442,2014-01-26 11:00:00,0.0,25.0775,26.705,25.2375,27.265,26.2925
2443,2014-01-26 11:15:00,0.0,24.6,25.0775,26.705,25.2375,27.265
2444,2014-01-26 11:30:00,0.0,28.145,24.6,25.0775,26.705,25.2375
2445,2014-01-26 11:45:00,0.0,25.6025,28.145,24.6,25.0775,26.705
2446,2014-01-26 12:00:00,0.0,29.7025,25.6025,28.145,24.6,25.0775
2447,2014-01-26 12:15:00,0.0,26.965,29.7025,25.6025,28.145,24.6
2448,2014-01-26 12:30:00,0.0,29.0825,26.965,29.7025,25.6025,28.145
2449,2014-01-26 12:45:00,0.0,29.805,29.0825,26.965,29.7025,25.6025
2450,2014-01-26 13:00:00,0.0,28.4875,29.805,29.0825,26.965,29.7025
2451,2014-01-26 13:15:00,0.0,27.2525,28.4875,29.805,29.0825,26.965
2452,2014-01-26 13:30:00,0.0,28.3925,27.2525,28.4875,29.805,29.0825
2453,2014-01-26 13:45:00,0.0,29.7675,28.3925,27.2525,28.4875,29.805
2454,2014-01-26 14:00:00,0.0,27.3175,29.7675,28.3925,27.2525,28.4875
2455,2014-01-26 14:15:00,0.0,30.8675,27.3175,29.7675,28.3925,27.2525
2456,2014-01-26 14:30:00,0.0,30.195,30.8675,27.3175,29.7675,28.3925
2457,2014-01-26 14:45:00,0.0,28.0225,30.195,30.8675,27.3175,29.7675
2458,2014-01-26 15:00:00,0.0,24.0625,28.0225,30.195,30.8675,27.3175
2459,2014-01-26 15:15:00,0.0,27.33,24.0625,28.0225,30.195,30.8675
2460,2014-01-26 15:30:00,0.0,25.7,27.33,24.0625,28.0225,30.195
2461,2014-01-26 15:45:00,0.0,27.65,25.7,27.33,24.0625,28.0225
2462,2014-01-26 16:00:00,0.0,26.135,27.65,25.7,27.33,24.0625
2463,2014-01-26 16:15:00,0.0,27.9825,26.135,27.65,25.7,27.33
2464,2014-01-26 16:30:00,0.0,26.1925,27.9825,26.135,27.65,25.7
2465,2014-01-26 16:45:00,0.0,26.7525,26.1925,27.9825,26.135,27.65
2466,2014-01-26 17:00:00,0.0,26.0625,26.7525,26.1925,27.9825,26.135
2467,2014-01-26 17:15:00,0.0,25.8725,26.0625,26.7525,26.1925,27.9825
2468,2014-01-26 17:30:00,0.0,25.6275,25.8725,26.0625,26.7525,26.1925
2469,2014-01-26 17:45:00,0.0,26.3475,25.6275,25.8725,26.0625,26.7525
2470,2014-01-26 18:00:00,0.0,25.6,26.3475,25.6275,25.8725,26.0625
2471,2014-01-26 18:15:00,0.0,26.8575,25.6,26.3475,25.6275,25.8725
2472,2014-01-26 18:30:00,0.0,26.32,26.8575,25.6,26.3475,25.6275
2473,2014-01-26 18:45:00,0.0,26.4775,26.32,26.8575,25.6,26.3475
2474,2014-01-26 19:00:00,0.0,25.4575,26.4775,26.32,26.8575,25.6
2475,2014-01-26 19:15:00,0.0,24.655,25.4575,26.4775,26.32,26.8575
2476,2014-01-26 19:30:00,0.0,27.28,24.655,25.4575,26.4775,26.32
2477,2014-01-26 19:45:00,0.0,26.4125,27.28,24.655,25.4575,26.4775
2478,2014-01-26 20:00:00,0.0,27.89,26.4125,27.28,24.655,25.4575
2479,2014-01-26 20:15:00,0.0,26.4,27.89,26.4125,27.28,24.655
2480,2014-01-26 20:30:00,0.0,27.04,26.4,27.89,26.4125,27.28
2481,2014-01-26 20:45:00,0.0,23.8325,27.04,26.4,27.89,26.4125
2482,2014-01-26 21:00:00,0.0,25.95,23.8325,27.04,26.4,27.89
2483,2014-01-26 21:15:00,0.0,27.2025,25.95,23.8325,27.04,26.4
2484,2014-01-26 21:30:00,0.0,27.2725,27.2025,25.95,23.8325,27.04
2485,2014-01-26 21:45:00,0.0,27.835,27.2725,27.2025,25.95,23.8325
2486,2014-01-26 22:00:00,0.0,24.86,27.835,27.2725,27.2025,25.95
2487,2014-01-26 22:15:00,0.0,25.3475,24.86,27.835,27.2725,27.2025
2488,2014-01-26 22:30:00,0.0,25.0575,25.3475,24.86,27.835,27.2725
2489,2014-01-26 22:45:00,0.0,25.95,25.0575,25.3475,24.86,27.835
2490,2014-01-26 23:00:00,0.0,26.015,25.95,25.0575,25.3475,24.86
2491,2014-01-26 23:15:00,0.0,25.735,26.015,25.95,25.0575,25.3475
2492,2014-01-26 23:30:00,0.0,24.625,25.735,26.015,25.95,25.0575
2493,2014-01-26 23:45:00,0.0,27.73,24.625,25.735,26.015,25.95
2494,2014-01-27 00:00:00,0.0,24.8375,27.73,24.625,25.735,26.015
2495,2014-01-27 00:15:00,0.0,24.9775,24.8375,27.73,24.625,25.735
2496,2014-01-27 00:30:00,0.0,23.175,24.9775,24.8375,27.73,24.625
2497,2014-01-27 00:45:00,0.0,25.7625,23.175,24.9775,24.8375,27.73
2498,2014-01-27 01:00:00,0.0,26.1775,25.7625,23.175,24.9775,24.8375
2499,2014-01-27 01:15:00,0.0,25.89,26.1775,25.7625,23.175,24.9775
2500,2014-01-27 01:30:00,0.0,25.71,25.89,26.1775,25.7625,23.175
2501,2014-01-27 01:45:00,0.0,24.885,25.71,25.89,26.1775,25.7625
2502,2014-01-27 02:00:00,0.0,25.9525,24.885,25.71,25.89,26.1775
2503,2014-01-27 02:15:00,0.0,23.875,25.9525,24.885,25.71,25.89
2504,2014-01-27 02:30:00,0.0,25.655,23.875,25.9525,24.885,25.71
2505,2014-01-27 02:45:00,0.0,25.71,25.655,23.875,25.9525,24.885
2506,2014-01-27 03:00:00,0.0,26.2875,25.71,25.655,23.875,25.9525
2507,2014-01-27 03:15:00,0.0,26.31,26.2875,25.71,25.655,23.875
2508,2014-01-27 03:30:00,0.0,25.19,26.31,26.2875,25.71,25.655
2509,2014-01-27 03:45:00,0.0,26.29,25.19,26.31,26.2875,25.71
2510,2014-01-27 04:00:00,0.0,26.635,26.29,25.19,26.31,26.2875
2511,2014-01-27 04:15:00,0.0,25.0475,26.635,26.29,25.19,26.31
2512,2014-01-27 04:30:00,0.0,25.8175,25.0475,26.635,26.29,25.19
2513,2014-01-27 04:45:00,0.0,27.2675,25.8175,25.0475,26.635,26.29
2514,2014-01-27 05:00:00,0.0,27.1925,27.2675,25.8175,25.0475,26.635
2515,2014-01-27 05:15:00,0.0,24.09,27.1925,27.2675,25.8175,25.0475
2516,2014-01-27 05:30:00,0.0,27.16,24.09,27.1925,27.2675,25.8175
2517,2014-01-27 05:45:00,0.0,26.7575,27.16,24.09,27.1925,27.2675
2518,2014-01-27 06:00:00,0.0,26.505,26.7575,27.16,24.09,27.1925
2519,2014-01-27 06:15:00,0.0,29.1775,26.505,26.7575,27.16,24.09
2520,2014-01-27 06:30:00,0.0,32.28,29.1775,26.505,26.7575,27.16
2521,2014-01-27 06:45:00,0.0,32.495,32.28,29.1775,26.505,26.7575
2522,2014-01-27 07:00:00,0.0,31.9575,32.495,32.28,29.1775,26.505
2523,2014-01-27 07:15:00,0.0,30.8775,31.9575,32.495,32.28,29.1775
2524,2014-01-27 07:30:00,0.0,31.075,30.8775,31.9575,32.495,32.28
2525,2014-01-27 07:45:00,0.0,33.1325,31.075,30.8775,31.9575,32.495
2526,2014-01-27 08:00:00,0.0,30.8025,33.1325,31.075,30.8775,31.9575
2527,2014-01-27 08:15:00,0.0,30.305,30.8025,33.1325,31.075,30.8775
2528,2014-01-27 08:30:00,0.0,31.42,30.305,30.8025,33.1325,31.075
2529,2014-01-27 08:45:00,0.0,32.99,31.42,30.305,30.8025,33.1325
2530,2014-01-27 09:00:00,0.0,33.3725,32.99,31.42,30.305,30.8025
2531,2014-01-27 09:15:00,0.0,32.6425,33.3725,32.99,31.42,30.305
2532,2014-01-27 09:30:00,0.0,32.9225,32.6425,33.3725,32.99,31.42
2533,2014-01-27 09:45:00,0.0,35.045,32.9225,32.6425,33.3725,32.99
2534,2014-01-27 10:00:00,0.0,30.855,35.045,32.9225,32.6425,33.3725
2535,2014-01-27 10:15:00,0.0,32.6725,30.855,35.045,32.9225,32.6425
2536,2014-01-27 10:30:00,0.0,30.815,32.6725,30.855,35.045,32.9225
2537,2014-01-27 10:45:00,0.0,34.79,30.815,32.6725,30.855,35.045
2538,2014-01-27 11:00:00,0.0,33.94,34.79,30.815,32.6725,30.855
2539,2014-01-27 11:15:00,0.0,34.565,33.94,34.79,30.815,32.6725
2540,2014-01-27 11:30:00,0.0,33.0075,34.565,33.94,34.79,30.815
2541,2014-01-27 11:45:00,0.0,36.0075,33.0075,34.565,33.94,34.79
2542,2014-01-27 12:00:00,0.0,36.6325,36.0075,33.0075,34.565,33.94
2543,2014-01-27 12:15:00,0.0,32.16,36.6325,36.0075,33.0075,34.565
2544,2014-01-27 12:30:00,0.0,33.105,32.16,36.6325,36.0075,33.0075
2545,2014-01-27 12:45:00,0.0,31.97,33.105,32.16,36.6325,36.0075
2546,2014-01-27 13:00:00,0.0,37.3975,31.97,33.105,32.16,36.6325
2547,2014-01-27 13:15:00,0.0,35.9,37.3975,31.97,33.105,32.16
2548,2014-01-27 13:30:00,0.0,34.755,35.9,37.3975,31.97,33.105
2549,2014-01-27 13:45:00,0.0,35.2425,34.755,35.9,37.3975,31.97
2550,2014-01-27 14:00:00,0.0,36.165,35.2425,34.755,35.9,37.3975
2551,2014-01-27 14:15:00,0.0,34.6725,36.165,35.2425,34.755,35.9
2552,2014-01-27 14:30:00,0.0,35.58,34.6725,36.165,35.2425,34.755
2553,2014-01-27 14:45:00,0.0,35.575,35.58,34.6725,36.165,35.2425
2554,2014-01-27 15:00:00,0.0,36.165,35.575,35.58,34.6725,36.165
2555,2014-01-27 15:15:00,0.0,36.2875,36.165,35.575,35.58,34.6725
2556,2014-01-27 15:30:00,0.0,35.355,36.2875,36.165,35.575,35.58
2557,2014-01-27 15:45:00,0.0,35.42,35.355,36.2875,36.165,35.575
2558,2014-01-27 16:00:00,0.0,32.89,35.42,35.355,36.2875,36.165
2559,2014-01-27 16:15:00,0.0,34.89,32.89,35.42,35.355,36.2875
2560,2014-01-27 16:30:00,0.0,33.485,34.89,32.89,35.42,35.355
2561,2014-01-27 16:45:00,0.0,33.59,33.485,34.89,32.89,35.42
2562,2014-01-27 17:00:00,0.0,33.4375,33.59,33.485,34.89,32.89
2563,2014-01-27 17:15:00,0.0,35.5775,33.4375,33.59,33.485,34.89
2564,2014-01-27 17:30:00,0.0,33.295,35.5775,33.4375,33.59,33.485
2565,2014-01-27 17:45:00,0.0,33.895,33.295,35.5775,33.4375,33.59
2566,2014-01-27 18:00:00,0.0,31.465,33.895,33.295,35.5775,33.4375
2567,2014-01-27 18:15:00,0.0,33.0825,31.465,33.895,33.295,35.5775
2568,2014-01-27 18:30:00,0.0,30.2225,33.0825,31.465,33.895,33.295
2569,2014-01-27 18:45:00,0.0,31.7075,30.2225,33.0825,31.465,33.895
2570,2014-01-27 19:00:00,0.0,32.3775,31.7075,30.2225,33.0825,31.465
2571,2014-01-27 19:15:00,0.0,31.8275,32.3775,31.7075,30.2225,33.0825
2572,2014-01-27 19:30:00,0.0,29.4425,31.8275,32.3775,31.7075,30.2225
2573,2014-01-27 19:45:00,0.0,31.305,29.4425,31.8275,32.3775,31.7075
2574,2014-01-27 20:00:00,0.0,29.57,31.305,29.4425,31.8275,32.3775
2575,2014-01-27 20:15:00,0.0,30.38,29.57,31.305,29.4425,31.8275
2576,2014-01-27 20:30:00,0.0,29.0575,30.38,29.57,31.305,29.4425
2577,2014-01-27 20:45:00,0.0,31.1575,29.0575,30.38,29.57,31.305
2578,2014-01-27 21:00:00,0.0,29.31,31.1575,29.0575,30.38,29.57
2579,2014-01-27 21:15:00,0.0,27.805,29.31,31.1575,29.0575,30.38
2580,2014-01-27 21:30:00,0.0,28.6,27.805,29.31,31.1575,29.0575
2581,2014-01-27 21:45:00,0.0,27.775,28.6,27.805,29.31,31.1575
2582,2014-01-27 22:00:00,0.0,27.78,27.775,28.6,27.805,29.31
2583,2014-01-27 22:15:00,0.0,25.065,27.78,27.775,28.6,27.805
2584,2014-01-27 22:30:00,0.0,29.0125,25.065,27.78,27.775,28.6
2585,2014-01-27 22:45:00,0.0,26.8575,29.0125,25.065,27.78,27.775
2586,2014-01-27 23:00:00,0.0,27.71,26.8575,29.0125,25.065,27.78
2587,2014-01-27 23:15:00,0.0,25.7325,27.71,26.8575,29.0125,25.065
2588,2014-01-27 23:30:00,0.0,27.0725,25.7325,27.71,26.8575,29.0125
2589,2014-01-27 23:45:00,0.0,27.47,27.0725,25.7325,27.71,26.8575
2590,2014-01-28 00:00:00,0.0,27.685,27.47,27.0725,25.7325,27.71
2591,2014-01-28 00:15:00,0.0,25.6425,27.685,27.47,27.0725,25.7325
2592,2014-01-28 00:30:00,0.0,25.4075,25.6425,27.685,27.47,27.0725
2593,2014-01-28 00:45:00,0.0,25.925,25.4075,25.6425,27.685,27.47
2594,2014-01-28 01:00:00,0.0,25.645,25.925,25.4075,25.6425,27.685
2595,2014-01-28 01:15:00,0.0,25.8525,25.645,25.925,25.4075,25.6425
2596,2014-01-28 01:30:00,0.0,25.4675,25.8525,25.645,25.925,25.4075
2597,2014-01-28 01:45:00,0.0,25.3725,25.4675,25.8525,25.645,25.925
2598,2014-01-28 02:00:00,0.0,25.1225,25.3725,25.4675,25.8525,25.645
2599,2014-01-28 02:15:00,0.0,24.97,25.1225,25.3725,25.4675,25.8525
2600,2014-01-28 02:30:00,0.0,25.5825,24.97,25.1225,25.3725,25.4675
2601,2014-01-28 02:45:00,0.0,26.1325,25.5825,24.97,25.1225,25.3725
2602,2014-01-28 03:00:00,0.0,25.435,26.1325,25.5825,24.97,25.1225
2603,2014-01-28 03:15:00,0.0,24.93,25.435,26.1325,25.5825,24.97
2604,2014-01-28 03:30:00,0.0,25.855,24.93,25.435,26.1325,25.5825
2605,2014-01-28 03:45:00,0.0,26.5825,25.855,24.93,25.435,26.1325
2606,2014-01-28 04:00:00,0.0,25.75,26.5825,25.855,24.93,25.435
2607,2014-01-28 04:15:00,0.0,25.9775,25.75,26.5825,25.855,24.93
2608,2014-01-28 04:30:00,0.0,25.47,25.9775,25.75,26.5825,25.855
2609,2014-01-28 04:45:00,0.0,25.78,25.47,25.9775,25.75,26.5825
2610,2014-01-28 05:00:00,0.0,26.69,25.78,25.47,25.9775,25.75
2611,2014-01-28 05:15:00,0.0,26.5225,26.69,25.78,25.47,25.9775
2612,2014-01-28 05:30:00,0.0,26.0275,26.5225,26.69,25.78,25.47
2613,2014-01-28 05:45:00,0.0,27.875,26.0275,26.5225,26.69,25.78
2614,2014-01-28 06:00:00,0.0,27.105,27.875,26.0275,26.5225,26.69
2615,2014-01-28 06:15:00,0.0,30.9225,27.105,27.875,26.0275,26.5225
2616,2014-01-28 06:30:00,0.0,30.59,30.9225,27.105,27.875,26.0275
2617,2014-01-28 06:45:00,0.0,32.545,30.59,30.9225,27.105,27.875
2618,2014-01-28 07:00:00,0.0,26.8975,32.545,30.59,30.9225,27.105
2619,2014-01-28 07:15:00,0.0,30.54,26.8975,32.545,30.59,30.9225
2620,2014-01-28 07:30:00,0.0,28.7,30.54,26.8975,32.545,30.59
2621,2014-01-28 07:45:00,0.0,30.7725,28.7,30.54,26.8975,32.545
2622,2014-01-28 08:00:00,0.0,30.12,30.7725,28.7,30.54,26.8975
2623,2014-01-28 08:15:00,0.0,30.6475,30.12,30.7725,28.7,30.54
2624,2014-01-28 08:30:00,0.0,29.8875,30.6475,30.12,30.7725,28.7
2625,2014-01-28 08:45:00,0.0,32.625,29.8875,30.6475,30.12,30.7725
2626,2014-01-28 09:00:00,0.0,32.3925,32.625,29.8875,30.6475,30.12
2627,2014-01-28 09:15:00,0.0,31.55,32.3925,32.625,29.8875,30.6475
2628,2014-01-28 09:30:00,0.0,30.36,31.55,32.3925,32.625,29.8875
2629,2014-01-28 09:45:00,0.0,34.84,30.36,31.55,32.3925,32.625
2630,2014-01-28 10:00:00,0.0,34.3525,34.84,30.36,31.55,32.3925
2631,2014-01-28 10:15:00,0.0,31.5125,34.3525,34.84,30.36,31.55
2632,2014-01-28 10:30:00,0.0,32.6725,31.5125,34.3525,34.84,30.36
2633,2014-01-28 10:45:00,0.0,33.9725,32.6725,31.5125,34.3525,34.84
2634,2014-01-28 11:00:00,0.0,34.42,33.9725,32.6725,31.5125,34.3525
2635,2014-01-28 11:15:00,0.0,34.33,34.42,33.9725,32.6725,31.5125
2636,2014-01-28 11:30:00,0.0,35.795,34.33,34.42,33.9725,32.6725
2637,2014-01-28 11:45:00,0.0,36.415,35.795,34.33,34.42,33.9725
2638,2014-01-28 12:00:00,0.0,34.4825,36.415,35.795,34.33,34.42
2639,2014-01-28 12:15:00,0.0,36.7475,34.4825,36.415,35.795,34.33
2640,2014-01-28 12:30:00,0.0,37.05,36.7475,34.4825,36.415,35.795
2641,2014-01-28 12:45:00,0.0,35.7275,37.05,36.7475,34.4825,36.415
2642,2014-01-28 13:00:00,0.0,33.965,35.7275,37.05,36.7475,34.4825
2643,2014-01-28 13:15:00,0.0,35.815,33.965,35.7275,37.05,36.7475
2644,2014-01-28 13:30:00,0.0,36.8375,35.815,33.965,35.7275,37.05
2645,2014-01-28 13:45:00,0.0,35.1225,36.8375,35.815,33.965,35.7275
2646,2014-01-28 14:00:00,0.0,37.955,35.1225,36.8375,35.815,33.965
2647,2014-01-28 14:15:00,0.0,33.8875,37.955,35.1225,36.8375,35.815
2648,2014-01-28 14:30:00,0.0,36.395,33.8875,37.955,35.1225,36.8375
2649,2014-01-28 14:45:00,0.0,33.915,36.395,33.8875,37.955,35.1225
2650,2014-01-28 15:00:00,0.0,37.2425,33.915,36.395,33.8875,37.955
2651,2014-01-28 15:15:00,0.0,36.245,37.2425,33.915,36.395,33.8875
2652,2014-01-28 15:30:00,0.0,35.34,36.245,37.2425,33.915,36.395
2653,2014-01-28 15:45:00,0.0,35.2075,35.34,36.245,37.2425,33.915
2654,2014-01-28 16:00:00,0.0,34.78,35.2075,35.34,36.245,37.2425
2655,2014-01-28 16:15:00,0.0,35.0475,34.78,35.2075,35.34,36.245
2656,2014-01-28 16:30:00,0.0,34.3675,35.0475,34.78,35.2075,35.34
2657,2014-01-28 16:45:00,0.0,38.2875,34.3675,35.0475,34.78,35.2075
2658,2014-01-28 17:00:00,0.0,35.525,38.2875,34.3675,35.0475,34.78
2659,2014-01-28 17:15:00,0.0,34.61,35.525,38.2875,34.3675,35.0475
2660,2014-01-28 17:30:00,0.0,33.365,34.61,35.525,38.2875,34.3675
2661,2014-01-28 17:45:00,0.0,34.13,33.365,34.61,35.525,38.2875
2662,2014-01-28 18:00:00,0.0,31.225,34.13,33.365,34.61,35.525
2663,2014-01-28 18:15:00,0.0,32.2,31.225,34.13,33.365,34.61
2664,2014-01-28 18:30:00,0.0,30.47,32.2,31.225,34.13,33.365
2665,2014-01-28 18:45:00,0.0,30.765,30.47,32.2,31.225,34.13
2666,2014-01-28 19:00:00,0.0,30.835,30.765,30.47,32.2,31.225
2667,2014-01-28 19:15:00,0.0,30.8975,30.835,30.765,30.47,32.2
2668,2014-01-28 19:30:00,0.0,30.0525,30.8975,30.835,30.765,30.47
2669,2014-01-28 19:45:00,0.0,30.795,30.0525,30.8975,30.835,30.765
2670,2014-01-28 20:00:00,0.0,28.205,30.795,30.0525,30.8975,30.835
2671,2014-01-28 20:15:00,0.0,30.95,28.205,30.795,30.0525,30.8975
2672,2014-01-28 20:30:00,0.0,30.8075,30.95,28.205,30.795,30.0525
2673,2014-01-28 20:45:00,0.0,27.855,30.8075,30.95,28.205,30.795
2674,2014-01-28 21:00:00,0.0,29.84,27.855,30.8075,30.95,28.205
2675,2014-01-28 21:15:00,0.0,28.5275,29.84,27.855,30.8075,30.95
2676,2014-01-28 21:30:00,0.0,28.765,28.5275,29.84,27.855,30.8075
2677,2014-01-28 21:45:00,0.0,29.79,28.765,28.5275,29.84,27.855
2678,2014-01-28 22:00:00,0.0,29.8375,29.79,28.765,28.5275,29.84
2679,2014-01-28 22:15:00,0.0,27.5725,29.8375,29.79,28.765,28.5275
2680,2014-01-28 22:30:00,0.0,27.08,27.5725,29.8375,29.79,28.765
2681,2014-01-28 22:45:00,0.0,27.6375,27.08,27.5725,29.8375,29.79
2682,2014-01-28 23:00:00,0.0,27.6875,27.6375,27.08,27.5725,29.8375
2683,2014-01-28 23:15:00,0.0,24.4725,27.6875,27.6375,27.08,27.5725
2684,2014-01-28 23:30:00,0.0,25.05,24.4725,27.6875,27.6375,27.08
2685,2014-01-28 23:45:00,0.0,26.795,25.05,24.4725,27.6875,27.6375
2686,2014-01-29 00:00:00,0.0,26.4675,26.795,25.05,24.4725,27.6875
2687,2014-01-29 00:15:00,0.0,26.8725,26.4675,26.795,25.05,24.4725
2688,2014-01-29 00:30:00,0.0,27.4125,26.8725,26.4675,26.795,25.05
2689,2014-01-29 00:45:00,0.0,27.03,27.4125,26.8725,26.4675,26.795
2690,2014-01-29 01:00:00,0.0,26.015,27.03,27.4125,26.8725,26.4675
2691,2014-01-29 01:15:00,0.0,26.095,26.015,27.03,27.4125,26.8725
2692,2014-01-29 01:30:00,0.0,26.3575,26.095,26.015,27.03,27.4125
2693,2014-01-29 01:45:00,0.0,27.1,26.3575,26.095,26.015,27.03
2694,2014-01-29 02:00:00,0.0,25.435,27.1,26.3575,26.095,26.015
2695,2014-01-29 02:15:00,0.0,25.94,25.435,27.1,26.3575,26.095
2696,2014-01-29 02:30:00,0.0,25.9125,25.94,25.435,27.1,26.3575
2697,2014-01-29 02:45:00,0.0,27.655,25.9125,25.94,25.435,27.1
2698,2014-01-29 03:00:00,0.0,26.4825,27.655,25.9125,25.94,25.435
2699,2014-01-29 03:15:00,0.0,25.5175,26.4825,27.655,25.9125,25.94
2700,2014-01-29 03:30:00,0.0,23.5825,25.5175,26.4825,27.655,25.9125
2701,2014-01-29 03:45:00,0.0,27.6475,23.5825,25.5175,26.4825,27.655
2702,2014-01-29 04:00:00,0.0,24.5425,27.6475,23.5825,25.5175,26.4825
2703,2014-01-29 04:15:00,0.0,28.1425,24.5425,27.6475,23.5825,25.5175
2704,2014-01-29 04:30:00,0.0,25.6725,28.1425,24.5425,27.6475,23.5825
2705,2014-01-29 04:45:00,0.0,28.1875,25.6725,28.1425,24.5425,27.6475
2706,2014-01-29 05:00:00,0.0,23.9875,28.1875,25.6725,28.1425,24.5425
2707,2014-01-29 05:15:00,0.0,23.955,23.9875,28.1875,25.6725,28.1425
2708,2014-01-29 05:30:00,0.0,25.815,23.955,23.9875,28.1875,25.6725
2709,2014-01-29 05:45:00,0.0,27.3175,25.815,23.955,23.9875,28.1875
2710,2014-01-29 06:00:00,0.0,27.0375,27.3175,25.815,23.955,23.9875
2711,2014-01-29 06:15:00,0.0,31.63,27.0375,27.3175,25.815,23.955
2712,2014-01-29 06:30:00,0.0,30.09,31.63,27.0375,27.3175,25.815
2713,2014-01-29 06:45:00,0.0,31.4175,30.09,31.63,27.0375,27.3175
2714,2014-01-29 07:00:00,0.0,29.6375,31.4175,30.09,31.63,27.0375
2715,2014-01-29 07:15:00,0.0,30.7525,29.6375,31.4175,30.09,31.63
2716,2014-01-29 07:30:00,0.0,30.4975,30.7525,29.6375,31.4175,30.09
2717,2014-01-29 07:45:00,0.0,33.55,30.4975,30.7525,29.6375,31.4175
2718,2014-01-29 08:00:00,0.0,31.03,33.55,30.4975,30.7525,29.6375
2719,2014-01-29 08:15:00,0.0,31.2175,31.03,33.55,30.4975,30.7525
2720,2014-01-29 08:30:00,0.0,30.2425,31.2175,31.03,33.55,30.4975
2721,2014-01-29 08:45:00,0.0,30.885,30.2425,31.2175,31.03,33.55
2722,2014-01-29 09:00:00,0.0,30.755,30.885,30.2425,31.2175,31.03
2723,2014-01-29 09:15:00,0.0,31.175,30.755,30.885,30.2425,31.2175
2724,2014-01-29 09:30:00,0.0,29.0475,31.175,30.755,30.885,30.2425
2725,2014-01-29 09:45:00,0.0,32.385,29.0475,31.175,30.755,30.885
2726,2014-01-29 10:00:00,0.0,33.4025,32.385,29.0475,31.175,30.755
2727,2014-01-29 10:15:00,0.0,33.455,33.4025,32.385,29.0475,31.175
2728,2014-01-29 10:30:00,0.0,33.9575,33.455,33.4025,32.385,29.0475
2729,2014-01-29 10:45:00,0.0,35.4275,33.9575,33.455,33.4025,32.385
2730,2014-01-29 11:00:00,0.0,35.0925,35.4275,33.9575,33.455,33.4025
2731,2014-01-29 11:15:00,0.0,36.9825,35.0925,35.4275,33.9575,33.455
2732,2014-01-29 11:30:00,0.0,34.9675,36.9825,35.0925,35.4275,33.9575
2733,2014-01-29 11:45:00,0.0,36.985,34.9675,36.9825,35.0925,35.4275
2734,2014-01-29 12:00:00,0.0,37.2125,36.985,34.9675,36.9825,35.0925
2735,2014-01-29 12:15:00,0.0,36.72,37.2125,36.985,34.9675,36.9825
2736,2014-01-29 12:30:00,0.0,33.395,36.72,37.2125,36.985,34.9675
2737,2014-01-29 12:45:00,0.0,33.6675,33.395,36.72,37.2125,36.985
2738,2014-01-29 13:00:00,0.0,33.7575,33.6675,33.395,36.72,37.2125
2739,2014-01-29 13:15:00,0.0,33.895,33.7575,33.6675,33.395,36.72
2740,2014-01-29 13:30:00,0.0,33.03,33.895,33.7575,33.6675,33.395
2741,2014-01-29 13:45:00,0.0,36.03,33.03,33.895,33.7575,33.6675
2742,2014-01-29 14:00:00,0.0,31.775,36.03,33.03,33.895,33.7575
2743,2014-01-29 14:15:00,0.0,35.295,31.775,36.03,33.03,33.895
2744,2014-01-29 14:30:00,0.0,33.7975,35.295,31.775,36.03,33.03
2745,2014-01-29 14:45:00,0.0,37.4825,33.7975,35.295,31.775,36.03
2746,2014-01-29 15:00:00,0.0,33.825,37.4825,33.7975,35.295,31.775
2747,2014-01-29 15:15:00,0.0,34.9475,33.825,37.4825,33.7975,35.295
2748,2014-01-29 15:30:00,0.0,34.49,34.9475,33.825,37.4825,33.7975
2749,2014-01-29 15:45:00,0.0,36.7225,34.49,34.9475,33.825,37.4825
2750,2014-01-29 16:00:00,0.0,33.8075,36.7225,34.49,34.9475,33.825
2751,2014-01-29 16:15:00,0.0,33.2075,33.8075,36.7225,34.49,34.9475
2752,2014-01-29 16:30:00,0.0,35.21,33.2075,33.8075,36.7225,34.49
2753,2014-01-29 16:45:00,0.0,34.1725,35.21,33.2075,33.8075,36.7225
2754,2014-01-29 17:00:00,0.0,34.33,34.1725,35.21,33.2075,33.8075
2755,2014-01-29 17:15:00,0.0,34.34,34.33,34.1725,35.21,33.2075
2756,2014-01-29 17:30:00,0.0,34.245,34.34,34.33,34.1725,35.21
2757,2014-01-29 17:45:00,0.0,32.49,34.245,34.34,34.33,34.1725
2758,2014-01-29 18:00:00,0.0,34.055,32.49,34.245,34.34,34.33
2759,2014-01-29 18:15:00,0.0,30.825,34.055,32.49,34.245,34.34
2760,2014-01-29 18:30:00,0.0,31.9825,30.825,34.055,32.49,34.245
2761,2014-01-29 18:45:00,0.0,31.2775,31.9825,30.825,34.055,32.49
2762,2014-01-29 19:00:00,0.0,30.325,31.2775,31.9825,30.825,34.055
2763,2014-01-29 19:15:00,0.0,30.005,30.325,31.2775,31.9825,30.825
2764,2014-01-29 19:30:00,0.0,29.0525,30.005,30.325,31.2775,31.9825
2765,2014-01-29 19:45:00,0.0,27.085,29.0525,30.005,30.325,31.2775
2766,2014-01-29 20:00:00,0.0,26.925,27.085,29.0525,30.005,30.325
2767,2014-01-29 20:15:00,0.0,27.85,26.925,27.085,29.0525,30.005
2768,2014-01-29 20:30:00,0.0,27.9825,27.85,26.925,27.085,29.0525
2769,2014-01-29 20:45:00,0.0,29.165,27.9825,27.85,26.925,27.085
2770,2014-01-29 21:00:00,0.0,28.395,29.165,27.9825,27.85,26.925
2771,2014-01-29 21:15:00,0.0,26.9875,28.395,29.165,27.9825,27.85
2772,2014-01-29 21:30:00,0.0,24.9475,26.9875,28.395,29.165,27.9825
2773,2014-01-29 21:45:00,0.0,28.515,24.9475,26.9875,28.395,29.165
2774,2014-01-29 22:00:00,0.0,27.195,28.515,24.9475,26.9875,28.395
2775,2014-01-29 22:15:00,0.0,24.6775,27.195,28.515,24.9475,26.9875
2776,2014-01-29 22:30:00,0.0,24.7975,24.6775,27.195,28.515,24.9475
2777,2014-01-29 22:45:00,0.0,26.9925,24.7975,24.6775,27.195,28.515
2778,2014-01-29 23:00:00,0.0,25.5925,26.9925,24.7975,24.6775,27.195
2779,2014-01-29 23:15:00,0.0,24.9375,25.5925,26.9925,24.7975,24.6775
2780,2014-01-29 23:30:00,0.0,22.8925,24.9375,25.5925,26.9925,24.7975
2781,2014-01-29 23:45:00,0.0,27.6675,22.8925,24.9375,25.5925,26.9925
2782,2014-01-30 00:00:00,0.0,23.7375,27.6675,22.8925,24.9375,25.5925
2783,2014-01-30 00:15:00,0.0,24.505,23.7375,27.6675,22.8925,24.9375
2784,2014-01-30 00:30:00,0.0,24.2775,24.505,23.7375,27.6675,22.8925
2785,2014-01-30 00:45:00,0.0,25.325,24.2775,24.505,23.7375,27.6675
2786,2014-01-30 01:00:00,0.0,22.43,25.325,24.2775,24.505,23.7375
2787,2014-01-30 01:15:00,0.0,24.7275,22.43,25.325,24.2775,24.505
2788,2014-01-30 01:30:00,0.0,24.6125,24.7275,22.43,25.325,24.2775
2789,2014-01-30 01:45:00,0.0,25.7825,24.6125,24.7275,22.43,25.325
2790,2014-01-30 02:00:00,0.0,25.78,25.7825,24.6125,24.7275,22.43
2791,2014-01-30 02:15:00,0.0,24.8975,25.78,25.7825,24.6125,24.7275
2792,2014-01-30 02:30:00,0.0,26.7125,24.8975,25.78,25.7825,24.6125
2793,2014-01-30 02:45:00,0.0,23.9675,26.7125,24.8975,25.78,25.7825
2794,2014-01-30 03:00:00,0.0,26.6025,23.9675,26.7125,24.8975,25.78
2795,2014-01-30 03:15:00,0.0,24.1525,26.6025,23.9675,26.7125,24.8975
2796,2014-01-30 03:30:00,0.0,27.0675,24.1525,26.6025,23.9675,26.7125
2797,2014-01-30 03:45:00,0.0,23.495,27.0675,24.1525,26.6025,23.9675
2798,2014-01-30 04:00:00,0.0,26.5675,23.495,27.0675,24.1525,26.6025
2799,2014-01-30 04:15:00,0.0,25.655,26.5675,23.495,27.0675,24.1525
2800,2014-01-30 04:30:00,0.0,24.8,25.655,26.5675,23.495,27.0675
2801,2014-01-30 04:45:00,0.0,26.1275,24.8,25.655,26.5675,23.495
2802,2014-01-30 05:00:00,0.0,25.745,26.1275,24.8,25.655,26.5675
2803,2014-01-30 05:15:00,0.0,25.9,25.745,26.1275,24.8,25.655
2804,2014-01-30 05:30:00,0.0,27.1075,25.9,25.745,26.1275,24.8
2805,2014-01-30 05:45:00,0.0,26.785,27.1075,25.9,25.745,26.1275
2806,2014-01-30 06:00:00,0.0,28.125,26.785,27.1075,25.9,25.745
2807,2014-01-30 06:15:00,0.0,30.545,28.125,26.785,27.1075,25.9
2808,2014-01-30 06:30:00,0.0,30.8425,30.545,28.125,26.785,27.1075
2809,2014-01-30 06:45:00,0.0,29.125,30.8425,30.545,28.125,26.785
2810,2014-01-30 07:00:00,0.0,30.385,29.125,30.8425,30.545,28.125
2811,2014-01-30 07:15:00,0.0,28.995,30.385,29.125,30.8425,30.545
2812,2014-01-30 07:30:00,0.0,27.9,28.995,30.385,29.125,30.8425
2813,2014-01-30 07:45:00,0.0,27.7225,27.9,28.995,30.385,29.125
2814,2014-01-30 08:00:00,0.0,27.455,27.7225,27.9,28.995,30.385
2815,2014-01-30 08:15:00,0.0,28.61,27.455,27.7225,27.9,28.995
2816,2014-01-30 08:30:00,0.0,32.13,28.61,27.455,27.7225,27.9
2817,2014-01-30 08:45:00,0.0,29.0175,32.13,28.61,27.455,27.7225
2818,2014-01-30 09:00:00,0.0,30.155,29.0175,32.13,28.61,27.455
2819,2014-01-30 09:15:00,0.0,31.1575,30.155,29.0175,32.13,28.61
2820,2014-01-30 09:30:00,0.0,30.945,31.1575,30.155,29.0175,32.13
2821,2014-01-30 09:45:00,0.0,33.4425,30.945,31.1575,30.155,29.0175
2822,2014-01-30 10:00:00,0.0,31.3475,33.4425,30.945,31.1575,30.155
2823,2014-01-30 10:15:00,0.0,33.3575,31.3475,33.4425,30.945,31.1575
2824,2014-01-30 10:30:00,0.0,34.185,33.3575,31.3475,33.4425,30.945
2825,2014-01-30 10:45:00,0.0,37.13,34.185,33.3575,31.3475,33.4425
2826,2014-01-30 11:00:00,0.0,34.7575,37.13,34.185,33.3575,31.3475
2827,2014-01-30 11:15:00,0.0,32.9825,34.7575,37.13,34.185,33.3575
2828,2014-01-30 11:30:00,0.0,33.9825,32.9825,34.7575,37.13,34.185
2829,2014-01-30 11:45:00,0.0,35.23,33.9825,32.9825,34.7575,37.13
2830,2014-01-30 12:00:00,0.0,35.9325,35.23,33.9825,32.9825,34.7575
2831,2014-01-30 12:15:00,0.0,36.36,35.9325,35.23,33.9825,32.9825
2832,2014-01-30 12:30:00,0.0,35.6375,36.36,35.9325,35.23,33.9825
2833,2014-01-30 12:45:00,0.0,33.7225,35.6375,36.36,35.9325,35.23
2834,2014-01-30 13:00:00,0.0,35.3625,33.7225,35.6375,36.36,35.9325
2835,2014-01-30 13:15:00,0.0,35.81,35.3625,33.7225,35.6375,36.36
2836,2014-01-30 13:30:00,0.0,36.4775,35.81,35.3625,33.7225,35.6375
2837,2014-01-30 13:45:00,0.0,36.675,36.4775,35.81,35.3625,33.7225
2838,2014-01-30 14:00:00,0.0,36.475,36.675,36.4775,35.81,35.3625
2839,2014-01-30 14:15:00,0.0,37.15,36.475,36.675,36.4775,35.81
2840,2014-01-30 14:30:00,0.0,35.4,37.15,36.475,36.675,36.4775
2841,2014-01-30 14:45:00,0.0,37.55,35.4,37.15,36.475,36.675
2842,2014-01-30 15:00:00,0.0,35.555,37.55,35.4,37.15,36.475
2843,2014-01-30 15:15:00,0.0,35.3325,35.555,37.55,35.4,37.15
2844,2014-01-30 15:30:00,0.0,32.46,35.3325,35.555,37.55,35.4
2845,2014-01-30 15:45:00,0.0,36.47,32.46,35.3325,35.555,37.55
2846,2014-01-30 16:00:00,0.0,35.1125,36.47,32.46,35.3325,35.555
2847,2014-01-30 16:15:00,0.0,36.0375,35.1125,36.47,32.46,35.3325
2848,2014-01-30 16:30:00,0.0,34.42,36.0375,35.1125,36.47,32.46
2849,2014-01-30 16:45:00,0.0,36.07,34.42,36.0375,35.1125,36.47
2850,2014-01-30 17:00:00,0.0,35.0225,36.07,34.42,36.0375,35.1125
2851,2014-01-30 17:15:00,0.0,31.4675,35.0225,36.07,34.42,36.0375
2852,2014-01-30 17:30:00,0.0,33.18,31.4675,35.0225,36.07,34.42
2853,2014-01-30 17:45:00,0.0,35.7875,33.18,31.4675,35.0225,36.07
2854,2014-01-30 18:00:00,0.0,32.405,35.7875,33.18,31.4675,35.0225
2855,2014-01-30 18:15:00,0.0,30.38,32.405,35.7875,33.18,31.4675
2856,2014-01-30 18:30:00,0.0,31.945,30.38,32.405,35.7875,33.18
2857,2014-01-30 18:45:00,0.0,30.825,31.945,30.38,32.405,35.7875
2858,2014-01-30 19:00:00,0.0,30.7925,30.825,31.945,30.38,32.405
2859,2014-01-30 19:15:00,0.0,30.175,30.7925,30.825,31.945,30.38
2860,2014-01-30 19:30:00,0.0,30.15,30.175,30.7925,30.825,31.945
2861,2014-01-30 19:45:00,0.0,31.065,30.15,30.175,30.7925,30.825
2862,2014-01-30 20:00:00,0.0,29.195,31.065,30.15,30.175,30.7925
2863,2014-01-30 20:15:00,0.0,28.7575,29.195,31.065,30.15,30.175
2864,2014-01-30 20:30:00,0.0,23.17,28.7575,29.195,31.065,30.15
2865,2014-01-30 20:45:00,0.0,31.175,23.17,28.7575,29.195,31.065
2866,2014-01-30 21:00:00,0.0,27.625,31.175,23.17,28.7575,29.195
2867,2014-01-30 21:15:00,0.0,30.81,27.625,31.175,23.17,28.7575
2868,2014-01-30 21:30:00,0.0,27.945,30.81,27.625,31.175,23.17
2869,2014-01-30 21:45:00,0.0,28.345,27.945,30.81,27.625,31.175
2870,2014-01-30 22:00:00,0.0,25.2025,28.345,27.945,30.81,27.625
2871,2014-01-30 22:15:00,0.0,25.43,25.2025,28.345,27.945,30.81
2872,2014-01-30 22:30:00,0.0,25.15,25.43,25.2025,28.345,27.945
2873,2014-01-30 22:45:00,0.0,25.105,25.15,25.43,25.2025,28.345
2874,2014-01-30 23:00:00,0.0,26.0175,25.105,25.15,25.43,25.2025
2875,2014-01-30 23:15:00,0.0,25.3175,26.0175,25.105,25.15,25.43
2876,2014-01-30 23:30:00,0.0,25.0875,25.3175,26.0175,25.105,25.15
2877,2014-01-30 23:45:00,0.0,24.92,25.0875,25.3175,26.0175,25.105
2878,2014-01-31 00:00:00,0.0,25.5425,24.92,25.0875,25.3175,26.0175
2879,2014-01-31 00:15:00,0.0,24.16,25.5425,24.92,25.0875,25.3175
2880,2014-01-31 00:30:00,0.0,26.2125,24.16,25.5425,24.92,25.0875
2881,2014-01-31 00:45:00,0.0,24.1225,26.2125,24.16,25.5425,24.92
2882,2014-01-31 01:00:00,0.0,25.865,24.1225,26.2125,24.16,25.5425
2883,2014-01-31 01:15:00,0.0,24.715,25.865,24.1225,26.2125,24.16
2884,2014-01-31 01:30:00,0.0,25.47,24.715,25.865,24.1225,26.2125
2885,2014-01-31 01:45:00,0.0,26.0775,25.47,24.715,25.865,24.1225
2886,2014-01-31 02:00:00,0.0,25.465,26.0775,25.47,24.715,25.865
2887,2014-01-31 02:15:00,0.0,27.255,25.465,26.0775,25.47,24.715
2888,2014-01-31 02:30:00,0.0,25.4325,27.255,25.465,26.0775,25.47
2889,2014-01-31 02:45:00,0.0,27.3975,25.4325,27.255,25.465,26.0775
2890,2014-01-31 03:00:00,0.0,24.8175,27.3975,25.4325,27.255,25.465
2891,2014-01-31 03:15:00,0.0,24.4975,24.8175,27.3975,25.4325,27.255
2892,2014-01-31 03:30:00,0.0,25.175,24.4975,24.8175,27.3975,25.4325
2893,2014-01-31 03:45:00,0.0,26.605,25.175,24.4975,24.8175,27.3975
2894,2014-01-31 04:00:00,0.0,26.215,26.605,25.175,24.4975,24.8175
2895,2014-01-31 04:15:00,0.0,26.71,26.215,26.605,25.175,24.4975
2896,2014-01-31 04:30:00,0.0,26.775,26.71,26.215,26.605,25.175
2897,2014-01-31 04:45:00,0.0,25.42,26.775,26.71,26.215,26.605
2898,2014-01-31 05:00:00,0.0,25.0025,25.42,26.775,26.71,26.215
2899,2014-01-31 05:15:00,0.0,24.4775,25.0025,25.42,26.775,26.71
2900,2014-01-31 05:30:00,0.0,26.4125,24.4775,25.0025,25.42,26.775
2901,2014-01-31 05:45:00,0.0,28.7975,26.4125,24.4775,25.0025,25.42
2902,2014-01-31 06:00:00,0.0,27.9875,28.7975,26.4125,24.4775,25.0025
2903,2014-01-31 06:15:00,0.0,30.49,27.9875,28.7975,26.4125,24.4775
2904,2014-01-31 06:30:00,0.0,31.7975,30.49,27.9875,28.7975,26.4125
2905,2014-01-31 06:45:00,0.0,32.0125,31.7975,30.49,27.9875,28.7975
2906,2014-01-31 07:00:00,0.0,29.485,32.0125,31.7975,30.49,27.9875
2907,2014-01-31 07:15:00,0.0,31.06,29.485,32.0125,31.7975,30.49
2908,2014-01-31 07:30:00,0.0,30.5425,31.06,29.485,32.0125,31.7975
2909,2014-01-31 07:45:00,0.0,31.9275,30.5425,31.06,29.485,32.0125
2910,2014-01-31 08:00:00,0.0,31.24,31.9275,30.5425,31.06,29.485
2911,2014-01-31 08:15:00,0.0,31.62,31.24,31.9275,30.5425,31.06
2912,2014-01-31 08:30:00,0.0,31.45,31.62,31.24,31.9275,30.5425
2913,2014-01-31 08:45:00,0.0,32.7925,31.45,31.62,31.24,31.9275
2914,2014-01-31 09:00:00,0.0,33.825,32.7925,31.45,31.62,31.24
2915,2014-01-31 09:15:00,0.0,30.51,33.825,32.7925,31.45,31.62
2916,2014-01-31 09:30:00,0.0,33.33,30.51,33.825,32.7925,31.45
2917,2014-01-31 09:45:00,0.0,32.5475,33.33,30.51,33.825,32.7925
2918,2014-01-31 10:00:00,0.0,32.88,32.5475,33.33,30.51,33.825
2919,2014-01-31 10:15:00,0.0,35.5275,32.88,32.5475,33.33,30.51
2920,2014-01-31 10:30:00,0.0,34.7275,35.5275,32.88,32.5475,33.33
2921,2014-01-31 10:45:00,0.0,37.4775,34.7275,35.5275,32.88,32.5475
2922,2014-01-31 11:00:00,0.0,35.61,37.4775,34.7275,35.5275,32.88
2923,2014-01-31 11:15:00,0.0,34.5225,35.61,37.4775,34.7275,35.5275
2924,2014-01-31 11:30:00,0.0,36.8075,34.5225,35.61,37.4775,34.7275
2925,2014-01-31 11:45:00,0.0,34.7025,36.8075,34.5225,35.61,37.4775
2926,2014-01-31 12:00:00,0.0,36.1,34.7025,36.8075,34.5225,35.61
2927,2014-01-31 12:15:00,0.0,35.3275,36.1,34.7025,36.8075,34.5225
2928,2014-01-31 12:30:00,0.0,35.485,35.3275,36.1,34.7025,36.8075
2929,2014-01-31 12:45:00,0.0,36.275,35.485,35.3275,36.1,34.7025
2930,2014-01-31 13:00:00,0.0,35.565,36.275,35.485,35.3275,36.1
2931,2014-01-31 13:15:00,0.0,36.425,35.565,36.275,35.485,35.3275
2932,2014-01-31 13:30:00,0.0,36.0775,36.425,35.565,36.275,35.485
2933,2014-01-31 13:45:00,0.0,37.645,36.0775,36.425,35.565,36.275
2934,2014-01-31 14:00:00,0.0,33.635,37.645,36.0775,36.425,35.565
2935,2014-01-31 14:15:00,0.0,35.4325,33.635,37.645,36.0775,36.425
2936,2014-01-31 14:30:00,0.0,36.105,35.4325,33.635,37.645,36.0775
2937,2014-01-31 14:45:00,0.0,34.39,36.105,35.4325,33.635,37.645
2938,2014-01-31 15:00:00,0.0,29.3825,34.39,36.105,35.4325,33.635
2939,2014-01-31 15:15:00,0.0,35.345,29.3825,34.39,36.105,35.4325
2940,2014-01-31 15:30:00,0.0,35.895,35.345,29.3825,34.39,36.105
2941,2014-01-31 15:45:00,0.0,33.065,35.895,35.345,29.3825,34.39
2942,2014-01-31 16:00:00,0.0,36.8275,33.065,35.895,35.345,29.3825
2943,2014-01-31 16:15:00,0.0,32.18,36.8275,33.065,35.895,35.345
2944,2014-01-31 16:30:00,0.0,34.2,32.18,36.8275,33.065,35.895
2945,2014-01-31 16:45:00,0.0,34.2975,34.2,32.18,36.8275,33.065
2946,2014-01-31 17:00:00,0.0,33.595,34.2975,34.2,32.18,36.8275
2947,2014-01-31 17:15:00,0.0,34.105,33.595,34.2975,34.2,32.18
2948,2014-01-31 17:30:00,0.0,31.025,34.105,33.595,34.2975,34.2
2949,2014-01-31 17:45:00,0.0,34.34,31.025,34.105,33.595,34.2975
2950,2014-01-31 18:00:00,0.0,32.1075,34.34,31.025,34.105,33.595
2951,2014-01-31 18:15:00,0.0,30.7875,32.1075,34.34,31.025,34.105
2952,2014-01-31 18:30:00,0.0,26.875,30.7875,32.1075,34.34,31.025
2953,2014-01-31 18:45:00,0.0,29.615,26.875,30.7875,32.1075,34.34
2954,2014-01-31 19:00:00,0.0,29.855,29.615,26.875,30.7875,32.1075
2955,2014-01-31 19:15:00,0.0,27.6825,29.855,29.615,26.875,30.7875
2956,2014-01-31 19:30:00,0.0,28.8725,27.6825,29.855,29.615,26.875
2957,2014-01-31 19:45:00,0.0,28.065,28.8725,27.6825,29.855,29.615
2958,2014-01-31 20:00:00,0.0,28.14,28.065,28.8725,27.6825,29.855
2959,2014-01-31 20:15:00,0.0,29.36,28.14,28.065,28.8725,27.6825
2960,2014-01-31 20:30:00,0.0,27.2075,29.36,28.14,28.065,28.8725
2961,2014-01-31 20:45:00,0.0,29.055,27.2075,29.36,28.14,28.065
2962,2014-01-31 21:00:00,0.0,27.5975,29.055,27.2075,29.36,28.14
2963,2014-01-31 21:15:00,0.0,24.7975,27.5975,29.055,27.2075,29.36
2964,2014-01-31 21:30:00,0.0,26.31,24.7975,27.5975,29.055,27.2075
2965,2014-01-31 21:45:00,0.0,27.205,26.31,24.7975,27.5975,29.055
2966,2014-01-31 22:00:00,0.0,26.02,27.205,26.31,24.7975,27.5975
2967,2014-01-31 22:15:00,0.0,24.28,26.02,27.205,26.31,24.7975
2968,2014-01-31 22:30:00,0.0,24.0975,24.28,26.02,27.205,26.31
2969,2014-01-31 22:45:00,0.0,24.7725,24.0975,24.28,26.02,27.205
2970,2014-01-31 23:00:00,0.0,24.8375,24.7725,24.0975,24.28,26.02
2971,2014-01-31 23:15:00,0.0,22.36,24.8375,24.7725,24.0975,24.28
2972,2014-01-31 23:30:00,0.0,23.4,22.36,24.8375,24.7725,24.0975
2973,2014-01-31 23:45:00,0.0,26.6925,23.4,22.36,24.8375,24.7725
2974,2014-02-01 00:00:00,0.0,26.0725,26.6925,23.4,22.36,24.8375
2975,2014-02-01 00:15:00,0.0,24.86,26.0725,26.6925,23.4,22.36
2976,2014-02-01 00:30:00,0.0,23.5175,24.86,26.0725,26.6925,23.4
2977,2014-02-01 00:45:00,0.0,23.435,23.5175,24.86,26.0725,26.6925
2978,2014-02-01 01:00:00,0.0,25.17,23.435,23.5175,24.86,26.0725
2979,2014-02-01 01:15:00,0.0,24.18,25.17,23.435,23.5175,24.86
2980,2014-02-01 01:30:00,0.0,26.075,24.18,25.17,23.435,23.5175
2981,2014-02-01 01:45:00,0.0,26.1375,26.075,24.18,25.17,23.435
2982,2014-02-01 02:00:00,0.0,25.6125,26.1375,26.075,24.18,25.17
2983,2014-02-01 02:15:00,0.0,24.5475,25.6125,26.1375,26.075,24.18
2984,2014-02-01 02:30:00,0.0,21.7275,24.5475,25.6125,26.1375,26.075
2985,2014-02-01 02:45:00,0.0,25.81,21.7275,24.5475,25.6125,26.1375
2986,2014-02-01 03:00:00,0.0,25.1375,25.81,21.7275,24.5475,25.6125
2987,2014-02-01 03:15:00,0.0,26.1925,25.1375,25.81,21.7275,24.5475
2988,2014-02-01 03:30:00,0.0,23.66,26.1925,25.1375,25.81,21.7275
2989,2014-02-01 03:45:00,0.0,25.57,23.66,26.1925,25.1375,25.81
2990,2014-02-01 04:00:00,0.0,25.3075,25.57,23.66,26.1925,25.1375
2991,2014-02-01 04:15:00,0.0,24.515,25.3075,25.57,23.66,26.1925
2992,2014-02-01 04:30:00,0.0,24.3125,24.515,25.3075,25.57,23.66
2993,2014-02-01 04:45:00,0.0,28.205,24.3125,24.515,25.3075,25.57
2994,2014-02-01 05:00:00,0.0,25.8775,28.205,24.3125,24.515,25.3075
2995,2014-02-01 05:15:00,0.0,23.6425,25.8775,28.205,24.3125,24.515
2996,2014-02-01 05:30:00,0.0,26.2,23.6425,25.8775,28.205,24.3125
2997,2014-02-01 05:45:00,0.0,25.8525,26.2,23.6425,25.8775,28.205
2998,2014-02-01 06:00:00,0.0,25.96,25.8525,26.2,23.6425,25.8775
2999,2014-02-01 06:15:00,0.0,24.965,25.96,25.8525,26.2,23.6425
3000,2014-02-01 06:30:00,0.0,25.46,24.965,25.96,25.8525,26.2
3001,2014-02-01 06:45:00,0.0,27.0475,25.46,24.965,25.96,25.8525
3002,2014-02-01 07:00:00,0.0,25.6525,27.0475,25.46,24.965,25.96
3003,2014-02-01 07:15:00,0.0,25.28,25.6525,27.0475,25.46,24.965
3004,2014-02-01 07:30:00,0.0,25.5475,25.28,25.6525,27.0475,25.46
3005,2014-02-01 07:45:00,0.0,26.8575,25.5475,25.28,25.6525,27.0475
3006,2014-02-01 08:00:00,0.0,26.27,26.8575,25.5475,25.28,25.6525
3007,2014-02-01 08:15:00,0.0,24.8075,26.27,26.8575,25.5475,25.28
3008,2014-02-01 08:30:00,0.0,24.21,24.8075,26.27,26.8575,25.5475
3009,2014-02-01 08:45:00,0.0,27.095,24.21,24.8075,26.27,26.8575
3010,2014-02-01 09:00:00,0.0,25.185,27.095,24.21,24.8075,26.27
3011,2014-02-01 09:15:00,0.0,27.1125,25.185,27.095,24.21,24.8075
3012,2014-02-01 09:30:00,0.0,26.81,27.1125,25.185,27.095,24.21
3013,2014-02-01 09:45:00,0.0,26.9975,26.81,27.1125,25.185,27.095
3014,2014-02-01 10:00:00,0.0,25.2575,26.9975,26.81,27.1125,25.185
3015,2014-02-01 10:15:00,0.0,25.5325,25.2575,26.9975,26.81,27.1125
3016,2014-02-01 10:30:00,0.0,25.6025,25.5325,25.2575,26.9975,26.81
3017,2014-02-01 10:45:00,0.0,27.935,25.6025,25.5325,25.2575,26.9975
3018,2014-02-01 11:00:00,0.0,26.2225,27.935,25.6025,25.5325,25.2575
3019,2014-02-01 11:15:00,0.0,24.9325,26.2225,27.935,25.6025,25.5325
3020,2014-02-01 11:30:00,0.0,23.7225,24.9325,26.2225,27.935,25.6025
3021,2014-02-01 11:45:00,0.0,26.5175,23.7225,24.9325,26.2225,27.935
3022,2014-02-01 12:00:00,0.0,26.14,26.5175,23.7225,24.9325,26.2225
3023,2014-02-01 12:15:00,0.0,24.195,26.14,26.5175,23.7225,24.9325
3024,2014-02-01 12:30:00,0.0,27.18,24.195,26.14,26.5175,23.7225
3025,2014-02-01 12:45:00,0.0,28.3525,27.18,24.195,26.14,26.5175
3026,2014-02-01 13:00:00,0.0,26.7625,28.3525,27.18,24.195,26.14
3027,2014-02-01 13:15:00,0.0,26.455,26.7625,28.3525,27.18,24.195
3028,2014-02-01 13:30:00,0.0,25.59,26.455,26.7625,28.3525,27.18
3029,2014-02-01 13:45:00,0.0,27.0925,25.59,26.455,26.7625,28.3525
3030,2014-02-01 14:00:00,0.0,25.0725,27.0925,25.59,26.455,26.7625
3031,2014-02-01 14:15:00,0.0,27.67,25.0725,27.0925,25.59,26.455
3032,2014-02-01 14:30:00,0.0,25.535,27.67,25.0725,27.0925,25.59
3033,2014-02-01 14:45:00,0.0,28.135,25.535,27.67,25.0725,27.0925
3034,2014-02-01 15:00:00,0.0,26.725,28.135,25.535,27.67,25.0725
3035,2014-02-01 15:15:00,0.0,26.785,26.725,28.135,25.535,27.67
3036,2014-02-01 15:30:00,0.0,26.6075,26.785,26.725,28.135,25.535
3037,2014-02-01 15:45:00,0.0,26.0,26.6075,26.785,26.725,28.135
3038,2014-02-01 16:00:00,0.0,26.4525,26.0,26.6075,26.785,26.725
3039,2014-02-01 16:15:00,0.0,27.6825,26.4525,26.0,26.6075,26.785
3040,2014-02-01 16:30:00,0.0,27.4825,27.6825,26.4525,26.0,26.6075
3041,2014-02-01 16:45:00,0.0,24.8825,27.4825,27.6825,26.4525,26.0
3042,2014-02-01 17:00:00,0.0,25.73,24.8825,27.4825,27.6825,26.4525
3043,2014-02-01 17:15:00,0.0,26.43,25.73,24.8825,27.4825,27.6825
3044,2014-02-01 17:30:00,0.0,22.2725,26.43,25.73,24.8825,27.4825
3045,2014-02-01 17:45:00,0.0,25.7375,22.2725,26.43,25.73,24.8825
3046,2014-02-01 18:00:00,0.0,25.235,25.7375,22.2725,26.43,25.73
3047,2014-02-01 18:15:00,0.0,24.035,25.235,25.7375,22.2725,26.43
3048,2014-02-01 18:30:00,0.0,28.04,24.035,25.235,25.7375,22.2725
3049,2014-02-01 18:45:00,0.0,26.4325,28.04,24.035,25.235,25.7375
3050,2014-02-01 19:00:00,0.0,26.54,26.4325,28.04,24.035,25.235
3051,2014-02-01 19:15:00,0.0,25.835,26.54,26.4325,28.04,24.035
3052,2014-02-01 19:30:00,0.0,25.04,25.835,26.54,26.4325,28.04
3053,2014-02-01 19:45:00,0.0,27.61,25.04,25.835,26.54,26.4325
3054,2014-02-01 20:00:00,0.0,26.3575,27.61,25.04,25.835,26.54
3055,2014-02-01 20:15:00,0.0,26.345,26.3575,27.61,25.04,25.835
3056,2014-02-01 20:30:00,0.0,25.5425,26.345,26.3575,27.61,25.04
3057,2014-02-01 20:45:00,0.0,25.4475,25.5425,26.345,26.3575,27.61
3058,2014-02-01 21:00:00,0.0,26.03,25.4475,25.5425,26.345,26.3575
3059,2014-02-01 21:15:00,0.0,25.735,26.03,25.4475,25.5425,26.345
3060,2014-02-01 21:30:00,0.0,26.0325,25.735,26.03,25.4475,25.5425
3061,2014-02-01 21:45:00,0.0,25.85,26.0325,25.735,26.03,25.4475
3062,2014-02-01 22:00:00,0.0,27.2025,25.85,26.0325,25.735,26.03
3063,2014-02-01 22:15:00,0.0,24.2475,27.2025,25.85,26.0325,25.735
3064,2014-02-01 22:30:00,0.0,23.83,24.2475,27.2025,25.85,26.0325
3065,2014-02-01 22:45:00,0.0,25.57,23.83,24.2475,27.2025,25.85
3066,2014-02-01 23:00:00,0.0,24.085,25.57,23.83,24.2475,27.2025
3067,2014-02-01 23:15:00,0.0,24.7175,24.085,25.57,23.83,24.2475
3068,2014-02-01 23:30:00,0.0,25.85,24.7175,24.085,25.57,23.83
3069,2014-02-01 23:45:00,0.0,24.8025,25.85,24.7175,24.085,25.57
3070,2014-02-02 00:00:00,0.0,21.1675,24.8025,25.85,24.7175,24.085
3071,2014-02-02 00:15:00,0.0,25.145,21.1675,24.8025,25.85,24.7175
3072,2014-02-02 00:30:00,0.0,22.8925,25.145,21.1675,24.8025,25.85
3073,2014-02-02 00:45:00,0.0,25.6025,22.8925,25.145,21.1675,24.8025
3074,2014-02-02 01:00:00,0.0,24.845,25.6025,22.8925,25.145,21.1675
3075,2014-02-02 01:15:00,0.0,23.9125,24.845,25.6025,22.8925,25.145
3076,2014-02-02 01:30:00,0.0,25.38,23.9125,24.845,25.6025,22.8925
3077,2014-02-02 01:45:00,0.0,24.51,25.38,23.9125,24.845,25.6025
3078,2014-02-02 02:00:00,0.0,23.915,24.51,25.38,23.9125,24.845
3079,2014-02-02 02:15:00,0.0,24.925,23.915,24.51,25.38,23.9125
3080,2014-02-02 02:30:00,0.0,24.1875,24.925,23.915,24.51,25.38
3081,2014-02-02 02:45:00,0.0,25.9275,24.1875,24.925,23.915,24.51
3082,2014-02-02 03:00:00,0.0,26.2825,25.9275,24.1875,24.925,23.915
3083,2014-02-02 03:15:00,0.0,25.06,26.2825,25.9275,24.1875,24.925
3084,2014-02-02 03:30:00,0.0,26.87,25.06,26.2825,25.9275,24.1875
3085,2014-02-02 03:45:00,0.0,25.7775,26.87,25.06,26.2825,25.9275
3086,2014-02-02 04:00:00,0.0,24.1175,25.7775,26.87,25.06,26.2825
3087,2014-02-02 04:15:00,0.0,24.8725,24.1175,25.7775,26.87,25.06
3088,2014-02-02 04:30:00,0.0,25.225,24.8725,24.1175,25.7775,26.87
3089,2014-02-02 04:45:00,0.0,27.2925,25.225,24.8725,24.1175,25.7775
3090,2014-02-02 05:00:00,0.0,25.1275,27.2925,25.225,24.8725,24.1175
3091,2014-02-02 05:15:00,0.0,25.615,25.1275,27.2925,25.225,24.8725
3092,2014-02-02 05:30:00,0.0,23.4325,25.615,25.1275,27.2925,25.225
3093,2014-02-02 05:45:00,0.0,25.5325,23.4325,25.615,25.1275,27.2925
3094,2014-02-02 06:00:00,0.0,25.0,25.5325,23.4325,25.615,25.1275
3095,2014-02-02 06:15:00,0.0,26.27,25.0,25.5325,23.4325,25.615
3096,2014-02-02 06:30:00,0.0,26.8175,26.27,25.0,25.5325,23.4325
3097,2014-02-02 06:45:00,0.0,27.8,26.8175,26.27,25.0,25.5325
3098,2014-02-02 07:00:00,0.0,25.625,27.8,26.8175,26.27,25.0
3099,2014-02-02 07:15:00,0.0,26.1725,25.625,27.8,26.8175,26.27
3100,2014-02-02 07:30:00,0.0,26.3075,26.1725,25.625,27.8,26.8175
3101,2014-02-02 07:45:00,0.0,26.165,26.3075,26.1725,25.625,27.8
3102,2014-02-02 08:00:00,0.0,26.9325,26.165,26.3075,26.1725,25.625
3103,2014-02-02 08:15:00,0.0,26.23,26.9325,26.165,26.3075,26.1725
3104,2014-02-02 08:30:00,0.0,25.2675,26.23,26.9325,26.165,26.3075
3105,2014-02-02 08:45:00,0.0,26.6175,25.2675,26.23,26.9325,26.165
3106,2014-02-02 09:00:00,0.0,25.145,26.6175,25.2675,26.23,26.9325
3107,2014-02-02 09:15:00,0.0,26.075,25.145,26.6175,25.2675,26.23
3108,2014-02-02 09:30:00,0.0,25.075,26.075,25.145,26.6175,25.2675
3109,2014-02-02 09:45:00,0.0,27.475,25.075,26.075,25.145,26.6175
3110,2014-02-02 10:00:00,0.0,24.6225,27.475,25.075,26.075,25.145
3111,2014-02-02 10:15:00,0.0,25.0975,24.6225,27.475,25.075,26.075
3112,2014-02-02 10:30:00,0.0,24.185,25.0975,24.6225,27.475,25.075
3113,2014-02-02 10:45:00,0.0,25.2275,24.185,25.0975,24.6225,27.475
3114,2014-02-02 11:00:00,0.0,25.9475,25.2275,24.185,25.0975,24.6225
3115,2014-02-02 11:15:00,0.0,25.84,25.9475,25.2275,24.185,25.0975
3116,2014-02-02 11:30:00,0.0,26.155,25.84,25.9475,25.2275,24.185
3117,2014-02-02 11:45:00,0.0,27.5,26.155,25.84,25.9475,25.2275
3118,2014-02-02 12:00:00,0.0,25.005,27.5,26.155,25.84,25.9475
3119,2014-02-02 12:15:00,0.0,26.0225,25.005,27.5,26.155,25.84
3120,2014-02-02 12:30:00,0.0,27.5875,26.0225,25.005,27.5,26.155
3121,2014-02-02 12:45:00,0.0,26.8975,27.5875,26.0225,25.005,27.5
3122,2014-02-02 13:00:00,0.0,26.8075,26.8975,27.5875,26.0225,25.005
3123,2014-02-02 13:15:00,0.0,25.6225,26.8075,26.8975,27.5875,26.0225
3124,2014-02-02 13:30:00,0.0,26.49,25.6225,26.8075,26.8975,27.5875
3125,2014-02-02 13:45:00,0.0,28.15,26.49,25.6225,26.8075,26.8975
3126,2014-02-02 14:00:00,0.0,26.19,28.15,26.49,25.6225,26.8075
3127,2014-02-02 14:15:00,0.0,26.7975,26.19,28.15,26.49,25.6225
3128,2014-02-02 14:30:00,0.0,26.7225,26.7975,26.19,28.15,26.49
3129,2014-02-02 14:45:00,0.0,26.8875,26.7225,26.7975,26.19,28.15
3130,2014-02-02 15:00:00,0.0,27.86,26.8875,26.7225,26.7975,26.19
3131,2014-02-02 15:15:00,0.0,26.7025,27.86,26.8875,26.7225,26.7975
3132,2014-02-02 15:30:00,0.0,26.135,26.7025,27.86,26.8875,26.7225
3133,2014-02-02 15:45:00,0.0,25.945,26.135,26.7025,27.86,26.8875
3134,2014-02-02 16:00:00,0.0,26.345,25.945,26.135,26.7025,27.86
3135,2014-02-02 16:15:00,0.0,25.8975,26.345,25.945,26.135,26.7025
3136,2014-02-02 16:30:00,0.0,25.68,25.8975,26.345,25.945,26.135
3137,2014-02-02 16:45:00,0.0,27.615,25.68,25.8975,26.345,25.945
3138,2014-02-02 17:00:00,0.0,24.5025,27.615,25.68,25.8975,26.345
3139,2014-02-02 17:15:00,0.0,24.52,24.5025,27.615,25.68,25.8975
3140,2014-02-02 17:30:00,0.0,27.0375,24.52,24.5025,27.615,25.68
3141,2014-02-02 17:45:00,0.0,27.7425,27.0375,24.52,24.5025,27.615
3142,2014-02-02 18:00:00,0.0,25.755,27.7425,27.0375,24.52,24.5025
3143,2014-02-02 18:15:00,0.0,26.2625,25.755,27.7425,27.0375,24.52
3144,2014-02-02 18:30:00,0.0,25.3375,26.2625,25.755,27.7425,27.0375
3145,2014-02-02 18:45:00,0.0,26.61,25.3375,26.2625,25.755,27.7425
3146,2014-02-02 19:00:00,0.0,26.5925,26.61,25.3375,26.2625,25.755
3147,2014-02-02 19:15:00,0.0,26.0225,26.5925,26.61,25.3375,26.2625
3148,2014-02-02 19:30:00,0.0,27.9725,26.0225,26.5925,26.61,25.3375
3149,2014-02-02 19:45:00,0.0,26.4825,27.9725,26.0225,26.5925,26.61
3150,2014-02-02 20:00:00,0.0,25.615,26.4825,27.9725,26.0225,26.5925
3151,2014-02-02 20:15:00,0.0,24.9475,25.615,26.4825,27.9725,26.0225
3152,2014-02-02 20:30:00,0.0,25.885,24.9475,25.615,26.4825,27.9725
3153,2014-02-02 20:45:00,0.0,28.3175,25.885,24.9475,25.615,26.4825
3154,2014-02-02 21:00:00,0.0,26.8125,28.3175,25.885,24.9475,25.615
3155,2014-02-02 21:15:00,0.0,26.3075,26.8125,28.3175,25.885,24.9475
3156,2014-02-02 21:30:00,0.0,26.775,26.3075,26.8125,28.3175,25.885
3157,2014-02-02 21:45:00,0.0,25.9425,26.775,26.3075,26.8125,28.3175
3158,2014-02-02 22:00:00,0.0,26.615,25.9425,26.775,26.3075,26.8125
3159,2014-02-02 22:15:00,0.0,26.6275,26.615,25.9425,26.775,26.3075
3160,2014-02-02 22:30:00,0.0,24.425,26.6275,26.615,25.9425,26.775
3161,2014-02-02 22:45:00,0.0,26.0425,24.425,26.6275,26.615,25.9425
3162,2014-02-02 23:00:00,0.0,25.185,26.0425,24.425,26.6275,26.615
3163,2014-02-02 23:15:00,0.0,24.745,25.185,26.0425,24.425,26.6275
3164,2014-02-02 23:30:00,0.0,24.7525,24.745,25.185,26.0425,24.425
3165,2014-02-02 23:45:00,0.0,24.7325,24.7525,24.745,25.185,26.0425
3166,2014-02-03 00:00:00,0.0,26.0575,24.7325,24.7525,24.745,25.185
3167,2014-02-03 00:15:00,0.0,26.3425,26.0575,24.7325,24.7525,24.745
3168,2014-02-03 00:30:00,0.0,24.33,26.3425,26.0575,24.7325,24.7525
3169,2014-02-03 00:45:00,0.0,25.6175,24.33,26.3425,26.0575,24.7325
3170,2014-02-03 01:00:00,0.0,25.1175,25.6175,24.33,26.3425,26.0575
3171,2014-02-03 01:15:00,0.0,23.275,25.1175,25.6175,24.33,26.3425
3172,2014-02-03 01:30:00,0.0,25.2775,23.275,25.1175,25.6175,24.33
3173,2014-02-03 01:45:00,0.0,25.8575,25.2775,23.275,25.1175,25.6175
3174,2014-02-03 02:00:00,0.0,23.24,25.8575,25.2775,23.275,25.1175
3175,2014-02-03 02:15:00,0.0,24.15,23.24,25.8575,25.2775,23.275
3176,2014-02-03 02:30:00,0.0,23.9475,24.15,23.24,25.8575,25.2775
3177,2014-02-03 02:45:00,0.0,25.3725,23.9475,24.15,23.24,25.8575
3178,2014-02-03 03:00:00,0.0,26.8025,25.3725,23.9475,24.15,23.24
3179,2014-02-03 03:15:00,0.0,25.9975,26.8025,25.3725,23.9475,24.15
3180,2014-02-03 03:30:00,0.0,23.7775,25.9975,26.8025,25.3725,23.9475
3181,2014-02-03 03:45:00,0.0,26.4375,23.7775,25.9975,26.8025,25.3725
3182,2014-02-03 04:00:00,0.0,25.81,26.4375,23.7775,25.9975,26.8025
3183,2014-02-03 04:15:00,0.0,24.4875,25.81,26.4375,23.7775,25.9975
3184,2014-02-03 04:30:00,0.0,26.0125,24.4875,25.81,26.4375,23.7775
3185,2014-02-03 04:45:00,0.0,26.125,26.0125,24.4875,25.81,26.4375
3186,2014-02-03 05:00:00,0.0,26.4425,26.125,26.0125,24.4875,25.81
3187,2014-02-03 05:15:00,0.0,27.0325,26.4425,26.125,26.0125,24.4875
3188,2014-02-03 05:30:00,0.0,26.7225,27.0325,26.4425,26.125,26.0125
3189,2014-02-03 05:45:00,0.0,25.9925,26.7225,27.0325,26.4425,26.125
3190,2014-02-03 06:00:00,0.0,26.3375,25.9925,26.7225,27.0325,26.4425
3191,2014-02-03 06:15:00,0.0,29.2925,26.3375,25.9925,26.7225,27.0325
3192,2014-02-03 06:30:00,0.0,33.12,29.2925,26.3375,25.9925,26.7225
3193,2014-02-03 06:45:00,0.0,35.4925,33.12,29.2925,26.3375,25.9925
3194,2014-02-03 07:00:00,0.0,34.6925,35.4925,33.12,29.2925,26.3375
3195,2014-02-03 07:15:00,0.0,33.605,34.6925,35.4925,33.12,29.2925
3196,2014-02-03 07:30:00,0.0,31.7925,33.605,34.6925,35.4925,33.12
3197,2014-02-03 07:45:00,0.0,30.2225,31.7925,33.605,34.6925,35.4925
3198,2014-02-03 08:00:00,0.0,32.215,30.2225,31.7925,33.605,34.6925
3199,2014-02-03 08:15:00,0.0,29.805,32.215,30.2225,31.7925,33.605
3200,2014-02-03 08:30:00,0.0,30.4425,29.805,32.215,30.2225,31.7925
3201,2014-02-03 08:45:00,0.0,32.3725,30.4425,29.805,32.215,30.2225
3202,2014-02-03 09:00:00,0.0,34.27,32.3725,30.4425,29.805,32.215
3203,2014-02-03 09:15:00,0.0,33.445,34.27,32.3725,30.4425,29.805
3204,2014-02-03 09:30:00,0.0,32.725,33.445,34.27,32.3725,30.4425
3205,2014-02-03 09:45:00,0.0,34.775,32.725,33.445,34.27,32.3725
3206,2014-02-03 10:00:00,0.0,34.3825,34.775,32.725,33.445,34.27
3207,2014-02-03 10:15:00,0.0,33.76,34.3825,34.775,32.725,33.445
3208,2014-02-03 10:30:00,0.0,34.655,33.76,34.3825,34.775,32.725
3209,2014-02-03 10:45:00,0.0,37.3525,34.655,33.76,34.3825,34.775
3210,2014-02-03 11:00:00,0.0,34.93,37.3525,34.655,33.76,34.3825
3211,2014-02-03 11:15:00,0.0,34.6,34.93,37.3525,34.655,33.76
3212,2014-02-03 11:30:00,0.0,33.975,34.6,34.93,37.3525,34.655
3213,2014-02-03 11:45:00,0.0,34.3325,33.975,34.6,34.93,37.3525
3214,2014-02-03 12:00:00,0.0,32.18,34.3325,33.975,34.6,34.93
3215,2014-02-03 12:15:00,0.0,34.56,32.18,34.3325,33.975,34.6
3216,2014-02-03 12:30:00,0.0,36.61,34.56,32.18,34.3325,33.975
3217,2014-02-03 12:45:00,0.0,34.3675,36.61,34.56,32.18,34.3325
3218,2014-02-03 13:00:00,0.0,34.7125,34.3675,36.61,34.56,32.18
3219,2014-02-03 13:15:00,0.0,33.855,34.7125,34.3675,36.61,34.56
3220,2014-02-03 13:30:00,0.0,34.095,33.855,34.7125,34.3675,36.61
3221,2014-02-03 13:45:00,0.0,35.08,34.095,33.855,34.7125,34.3675
3222,2014-02-03 14:00:00,0.0,35.175,35.08,34.095,33.855,34.7125
3223,2014-02-03 14:15:00,0.0,33.0975,35.175,35.08,34.095,33.855
3224,2014-02-03 14:30:00,0.0,34.54,33.0975,35.175,35.08,34.095
3225,2014-02-03 14:45:00,0.0,31.025,34.54,33.0975,35.175,35.08
3226,2014-02-03 15:00:00,0.0,33.05,31.025,34.54,33.0975,35.175
3227,2014-02-03 15:15:00,0.0,31.94,33.05,31.025,34.54,33.0975
3228,2014-02-03 15:30:00,0.0,30.555,31.94,33.05,31.025,34.54
3229,2014-02-03 15:45:00,0.0,35.375,30.555,31.94,33.05,31.025
3230,2014-02-03 16:00:00,0.0,34.6075,35.375,30.555,31.94,33.05
3231,2014-02-03 16:15:00,0.0,33.7975,34.6075,35.375,30.555,31.94
3232,2014-02-03 16:30:00,0.0,33.685,33.7975,34.6075,35.375,30.555
3233,2014-02-03 16:45:00,0.0,33.6975,33.685,33.7975,34.6075,35.375
3234,2014-02-03 17:00:00,0.0,32.5075,33.6975,33.685,33.7975,34.6075
3235,2014-02-03 17:15:00,0.0,31.445,32.5075,33.6975,33.685,33.7975
3236,2014-02-03 17:30:00,0.0,32.0925,31.445,32.5075,33.6975,33.685
3237,2014-02-03 17:45:00,0.0,34.3125,32.0925,31.445,32.5075,33.6975
3238,2014-02-03 18:00:00,0.0,32.3925,34.3125,32.0925,31.445,32.5075
3239,2014-02-03 18:15:00,0.0,29.1,32.3925,34.3125,32.0925,31.445
3240,2014-02-03 18:30:00,0.0,30.9825,29.1,32.3925,34.3125,32.0925
3241,2014-02-03 18:45:00,0.0,31.0775,30.9825,29.1,32.3925,34.3125
3242,2014-02-03 19:00:00,0.0,31.8775,31.0775,30.9825,29.1,32.3925
3243,2014-02-03 19:15:00,0.0,30.4925,31.8775,31.0775,30.9825,29.1
3244,2014-02-03 19:30:00,0.0,27.55,30.4925,31.8775,31.0775,30.9825
3245,2014-02-03 19:45:00,0.0,29.7475,27.55,30.4925,31.8775,31.0775
3246,2014-02-03 20:00:00,0.0,27.1425,29.7475,27.55,30.4925,31.8775
3247,2014-02-03 20:15:00,0.0,28.2675,27.1425,29.7475,27.55,30.4925
3248,2014-02-03 20:30:00,0.0,29.7175,28.2675,27.1425,29.7475,27.55
3249,2014-02-03 20:45:00,0.0,29.535,29.7175,28.2675,27.1425,29.7475
3250,2014-02-03 21:00:00,0.0,28.185,29.535,29.7175,28.2675,27.1425
3251,2014-02-03 21:15:00,0.0,27.355,28.185,29.535,29.7175,28.2675
3252,2014-02-03 21:30:00,0.0,26.385,27.355,28.185,29.535,29.7175
3253,2014-02-03 21:45:00,0.0,26.2875,26.385,27.355,28.185,29.535
3254,2014-02-03 22:00:00,0.0,25.045,26.2875,26.385,27.355,28.185
3255,2014-02-03 22:15:00,0.0,25.6975,25.045,26.2875,26.385,27.355
3256,2014-02-03 22:30:00,0.0,24.1775,25.6975,25.045,26.2875,26.385
3257,2014-02-03 22:45:00,0.0,25.32,24.1775,25.6975,25.045,26.2875
3258,2014-02-03 23:00:00,0.0,24.3675,25.32,24.1775,25.6975,25.045
3259,2014-02-03 23:15:00,0.0,25.5025,24.3675,25.32,24.1775,25.6975
3260,2014-02-03 23:30:00,0.0,24.9525,25.5025,24.3675,25.32,24.1775
3261,2014-02-03 23:45:00,0.0,25.095,24.9525,25.5025,24.3675,25.32
3262,2014-02-04 00:00:00,0.0,24.42,25.095,24.9525,25.5025,24.3675
3263,2014-02-04 00:15:00,0.0,25.5875,24.42,25.095,24.9525,25.5025
3264,2014-02-04 00:30:00,0.0,26.1825,25.5875,24.42,25.095,24.9525
3265,2014-02-04 00:45:00,0.0,25.5975,26.1825,25.5875,24.42,25.095
3266,2014-02-04 01:00:00,0.0,25.9375,25.5975,26.1825,25.5875,24.42
3267,2014-02-04 01:15:00,0.0,24.9125,25.9375,25.5975,26.1825,25.5875
3268,2014-02-04 01:30:00,0.0,25.435,24.9125,25.9375,25.5975,26.1825
3269,2014-02-04 01:45:00,0.0,26.94,25.435,24.9125,25.9375,25.5975
3270,2014-02-04 02:00:00,0.0,27.19,26.94,25.435,24.9125,25.9375
3271,2014-02-04 02:15:00,0.0,25.9525,27.19,26.94,25.435,24.9125
3272,2014-02-04 02:30:00,0.0,25.405,25.9525,27.19,26.94,25.435
3273,2014-02-04 02:45:00,0.0,25.5125,25.405,25.9525,27.19,26.94
3274,2014-02-04 03:00:00,0.0,25.785,25.5125,25.405,25.9525,27.19
3275,2014-02-04 03:15:00,0.0,26.705,25.785,25.5125,25.405,25.9525
3276,2014-02-04 03:30:00,0.0,27.2575,26.705,25.785,25.5125,25.405
3277,2014-02-04 03:45:00,0.0,26.2275,27.2575,26.705,25.785,25.5125
3278,2014-02-04 04:00:00,0.0,27.7,26.2275,27.2575,26.705,25.785
3279,2014-02-04 04:15:00,0.0,25.625,27.7,26.2275,27.2575,26.705
3280,2014-02-04 04:30:00,0.0,26.0275,25.625,27.7,26.2275,27.2575
3281,2014-02-04 04:45:00,0.0,26.655,26.0275,25.625,27.7,26.2275
3282,2014-02-04 05:00:00,0.0,25.68,26.655,26.0275,25.625,27.7
3283,2014-02-04 05:15:00,0.0,26.5925,25.68,26.655,26.0275,25.625
3284,2014-02-04 05:30:00,0.0,26.675,26.5925,25.68,26.655,26.0275
3285,2014-02-04 05:45:00,0.0,27.0875,26.675,26.5925,25.68,26.655
3286,2014-02-04 06:00:00,0.0,28.155,27.0875,26.675,26.5925,25.68
3287,2014-02-04 06:15:00,0.0,29.065,28.155,27.0875,26.675,26.5925
3288,2014-02-04 06:30:00,0.0,34.2075,29.065,28.155,27.0875,26.675
3289,2014-02-04 06:45:00,0.0,33.0725,34.2075,29.065,28.155,27.0875
3290,2014-02-04 07:00:00,0.0,31.01,33.0725,34.2075,29.065,28.155
3291,2014-02-04 07:15:00,0.0,32.55,31.01,33.0725,34.2075,29.065
3292,2014-02-04 07:30:00,0.0,31.3475,32.55,31.01,33.0725,34.2075
3293,2014-02-04 07:45:00,0.0,32.0175,31.3475,32.55,31.01,33.0725
3294,2014-02-04 08:00:00,0.0,29.275,32.0175,31.3475,32.55,31.01
3295,2014-02-04 08:15:00,0.0,31.68,29.275,32.0175,31.3475,32.55
3296,2014-02-04 08:30:00,0.0,31.9225,31.68,29.275,32.0175,31.3475
3297,2014-02-04 08:45:00,0.0,33.7725,31.9225,31.68,29.275,32.0175
3298,2014-02-04 09:00:00,0.0,34.9475,33.7725,31.9225,31.68,29.275
3299,2014-02-04 09:15:00,0.0,33.8675,34.9475,33.7725,31.9225,31.68
3300,2014-02-04 09:30:00,0.0,34.255,33.8675,34.9475,33.7725,31.9225
3301,2014-02-04 09:45:00,0.0,34.72,34.255,33.8675,34.9475,33.7725
3302,2014-02-04 10:00:00,0.0,34.565,34.72,34.255,33.8675,34.9475
3303,2014-02-04 10:15:00,0.0,36.6125,34.565,34.72,34.255,33.8675
3304,2014-02-04 10:30:00,0.0,34.105,36.6125,34.565,34.72,34.255
3305,2014-02-04 10:45:00,0.0,38.045,34.105,36.6125,34.565,34.72
3306,2014-02-04 11:00:00,0.0,34.1325,38.045,34.105,36.6125,34.565
3307,2014-02-04 11:15:00,0.0,35.5925,34.1325,38.045,34.105,36.6125
3308,2014-02-04 11:30:00,0.0,36.905,35.5925,34.1325,38.045,34.105
3309,2014-02-04 11:45:00,0.0,36.1225,36.905,35.5925,34.1325,38.045
3310,2014-02-04 12:00:00,0.0,38.2575,36.1225,36.905,35.5925,34.1325
3311,2014-02-04 12:15:00,0.0,37.8875,38.2575,36.1225,36.905,35.5925
3312,2014-02-04 12:30:00,0.0,38.95,37.8875,38.2575,36.1225,36.905
3313,2014-02-04 12:45:00,0.0,36.29,38.95,37.8875,38.2575,36.1225
3314,2014-02-04 13:00:00,0.0,33.86,36.29,38.95,37.8875,38.2575
3315,2014-02-04 13:15:00,0.0,35.2375,33.86,36.29,38.95,37.8875
3316,2014-02-04 13:30:00,0.0,36.7525,35.2375,33.86,36.29,38.95
3317,2014-02-04 13:45:00,0.0,37.7225,36.7525,35.2375,33.86,36.29
3318,2014-02-04 14:00:00,0.0,37.115,37.7225,36.7525,35.2375,33.86
3319,2014-02-04 14:15:00,0.0,36.06,37.115,37.7225,36.7525,35.2375
3320,2014-02-04 14:30:00,0.0,35.6475,36.06,37.115,37.7225,36.7525
3321,2014-02-04 14:45:00,0.0,37.025,35.6475,36.06,37.115,37.7225
3322,2014-02-04 15:00:00,0.0,35.505,37.025,35.6475,36.06,37.115
3323,2014-02-04 15:15:00,0.0,33.655,35.505,37.025,35.6475,36.06
3324,2014-02-04 15:30:00,0.0,37.8625,33.655,35.505,37.025,35.6475
3325,2014-02-04 15:45:00,0.0,36.7225,37.8625,33.655,35.505,37.025
3326,2014-02-04 16:00:00,0.0,35.755,36.7225,37.8625,33.655,35.505
3327,2014-02-04 16:15:00,0.0,35.5,35.755,36.7225,37.8625,33.655
3328,2014-02-04 16:30:00,0.0,36.265,35.5,35.755,36.7225,37.8625
3329,2014-02-04 16:45:00,0.0,35.43,36.265,35.5,35.755,36.7225
3330,2014-02-04 17:00:00,0.0,36.51,35.43,36.265,35.5,35.755
3331,2014-02-04 17:15:00,0.0,34.0575,36.51,35.43,36.265,35.5
3332,2014-02-04 17:30:00,0.0,35.03,34.0575,36.51,35.43,36.265
3333,2014-02-04 17:45:00,0.0,33.6175,35.03,34.0575,36.51,35.43
3334,2014-02-04 18:00:00,0.0,34.25,33.6175,35.03,34.0575,36.51
3335,2014-02-04 18:15:00,0.0,31.375,34.25,33.6175,35.03,34.0575
3336,2014-02-04 18:30:00,0.0,32.1825,31.375,34.25,33.6175,35.03
3337,2014-02-04 18:45:00,0.0,32.9525,32.1825,31.375,34.25,33.6175
3338,2014-02-04 19:00:00,0.0,32.0875,32.9525,32.1825,31.375,34.25
3339,2014-02-04 19:15:00,0.0,30.6,32.0875,32.9525,32.1825,31.375
3340,2014-02-04 19:30:00,0.0,30.615,30.6,32.0875,32.9525,32.1825
3341,2014-02-04 19:45:00,0.0,30.4875,30.615,30.6,32.0875,32.9525
3342,2014-02-04 20:00:00,0.0,31.275,30.4875,30.615,30.6,32.0875
3343,2014-02-04 20:15:00,0.0,30.4625,31.275,30.4875,30.615,30.6
3344,2014-02-04 20:30:00,0.0,29.835,30.4625,31.275,30.4875,30.615
3345,2014-02-04 20:45:00,0.0,30.8825,29.835,30.4625,31.275,30.4875
3346,2014-02-04 21:00:00,0.0,30.0425,30.8825,29.835,30.4625,31.275
3347,2014-02-04 21:15:00,0.0,28.0125,30.0425,30.8825,29.835,30.4625
3348,2014-02-04 21:30:00,0.0,28.37,28.0125,30.0425,30.8825,29.835
3349,2014-02-04 21:45:00,0.0,29.4025,28.37,28.0125,30.0425,30.8825
3350,2014-02-04 22:00:00,0.0,26.4675,29.4025,28.37,28.0125,30.0425
3351,2014-02-04 22:15:00,0.0,26.225,26.4675,29.4025,28.37,28.0125
3352,2014-02-04 22:30:00,0.0,26.86,26.225,26.4675,29.4025,28.37
3353,2014-02-04 22:45:00,0.0,26.4525,26.86,26.225,26.4675,29.4025
3354,2014-02-04 23:00:00,0.0,24.675,26.4525,26.86,26.225,26.4675
3355,2014-02-04 23:15:00,0.0,24.5625,24.675,26.4525,26.86,26.225
3356,2014-02-04 23:30:00,0.0,26.5075,24.5625,24.675,26.4525,26.86
3357,2014-02-04 23:45:00,0.0,25.2825,26.5075,24.5625,24.675,26.4525
3358,2014-02-05 00:00:00,0.0,26.52,25.2825,26.5075,24.5625,24.675
3359,2014-02-05 00:15:00,0.0,25.98,26.52,25.2825,26.5075,24.5625
3360,2014-02-05 00:30:00,0.0,23.8,25.98,26.52,25.2825,26.5075
3361,2014-02-05 00:45:00,0.0,25.8375,23.8,25.98,26.52,25.2825
3362,2014-02-05 01:00:00,0.0,25.73,25.8375,23.8,25.98,26.52
3363,2014-02-05 01:15:00,0.0,26.1525,25.73,25.8375,23.8,25.98
3364,2014-02-05 01:30:00,0.0,24.99,26.1525,25.73,25.8375,23.8
3365,2014-02-05 01:45:00,0.0,26.7125,24.99,26.1525,25.73,25.8375
3366,2014-02-05 02:00:00,0.0,25.1175,26.7125,24.99,26.1525,25.73
3367,2014-02-05 02:15:00,0.0,24.93,25.1175,26.7125,24.99,26.1525
3368,2014-02-05 02:30:00,0.0,24.6725,24.93,25.1175,26.7125,24.99
3369,2014-02-05 02:45:00,0.0,26.5975,24.6725,24.93,25.1175,26.7125
3370,2014-02-05 03:00:00,0.0,26.095,26.5975,24.6725,24.93,25.1175
3371,2014-02-05 03:15:00,0.0,26.2525,26.095,26.5975,24.6725,24.93
3372,2014-02-05 03:30:00,0.0,25.5725,26.2525,26.095,26.5975,24.6725
3373,2014-02-05 03:45:00,0.0,26.1475,25.5725,26.2525,26.095,26.5975
3374,2014-02-05 04:00:00,0.0,25.67,26.1475,25.5725,26.2525,26.095
3375,2014-02-05 04:15:00,0.0,26.9175,25.67,26.1475,25.5725,26.2525
3376,2014-02-05 04:30:00,0.0,26.67,26.9175,25.67,26.1475,25.5725
3377,2014-02-05 04:45:00,0.0,27.5575,26.67,26.9175,25.67,26.1475
3378,2014-02-05 05:00:00,0.0,26.6675,27.5575,26.67,26.9175,25.67
3379,2014-02-05 05:15:00,0.0,24.725,26.6675,27.5575,26.67,26.9175
3380,2014-02-05 05:30:00,0.0,26.09,24.725,26.6675,27.5575,26.67
3381,2014-02-05 05:45:00,0.0,27.0825,26.09,24.725,26.6675,27.5575
3382,2014-02-05 06:00:00,0.0,28.1125,27.0825,26.09,24.725,26.6675
3383,2014-02-05 06:15:00,0.0,32.7875,28.1125,27.0825,26.09,24.725
3384,2014-02-05 06:30:00,0.0,36.1525,32.7875,28.1125,27.0825,26.09
3385,2014-02-05 06:45:00,0.0,33.5725,36.1525,32.7875,28.1125,27.0825
3386,2014-02-05 07:00:00,0.0,32.6125,33.5725,36.1525,32.7875,28.1125
3387,2014-02-05 07:15:00,0.0,33.4925,32.6125,33.5725,36.1525,32.7875
3388,2014-02-05 07:30:00,0.0,33.4675,33.4925,32.6125,33.5725,36.1525
3389,2014-02-05 07:45:00,0.0,33.945,33.4675,33.4925,32.6125,33.5725
3390,2014-02-05 08:00:00,0.0,32.0575,33.945,33.4675,33.4925,32.6125
3391,2014-02-05 08:15:00,0.0,33.11,32.0575,33.945,33.4675,33.4925
3392,2014-02-05 08:30:00,0.0,31.4225,33.11,32.0575,33.945,33.4675
3393,2014-02-05 08:45:00,0.0,34.2825,31.4225,33.11,32.0575,33.945
3394,2014-02-05 09:00:00,0.0,33.02,34.2825,31.4225,33.11,32.0575
3395,2014-02-05 09:15:00,0.0,34.6625,33.02,34.2825,31.4225,33.11
3396,2014-02-05 09:30:00,0.0,34.705,34.6625,33.02,34.2825,31.4225
3397,2014-02-05 09:45:00,0.0,35.73,34.705,34.6625,33.02,34.2825
3398,2014-02-05 10:00:00,0.0,37.39,35.73,34.705,34.6625,33.02
3399,2014-02-05 10:15:00,0.0,34.0675,37.39,35.73,34.705,34.6625
3400,2014-02-05 10:30:00,0.0,35.3825,34.0675,37.39,35.73,34.705
3401,2014-02-05 10:45:00,0.0,37.545,35.3825,34.0675,37.39,35.73
3402,2014-02-05 11:00:00,0.0,36.825,37.545,35.3825,34.0675,37.39
3403,2014-02-05 11:15:00,0.0,35.6575,36.825,37.545,35.3825,34.0675
3404,2014-02-05 11:30:00,0.0,38.1075,35.6575,36.825,37.545,35.3825
3405,2014-02-05 11:45:00,0.0,36.285,38.1075,35.6575,36.825,37.545
3406,2014-02-05 12:00:00,0.0,35.735,36.285,38.1075,35.6575,36.825
3407,2014-02-05 12:15:00,0.0,35.3425,35.735,36.285,38.1075,35.6575
3408,2014-02-05 12:30:00,0.0,39.0525,35.3425,35.735,36.285,38.1075
3409,2014-02-05 12:45:00,0.0,36.6225,39.0525,35.3425,35.735,36.285
3410,2014-02-05 13:00:00,0.0,36.21,36.6225,39.0525,35.3425,35.735
3411,2014-02-05 13:15:00,0.0,34.7875,36.21,36.6225,39.0525,35.3425
3412,2014-02-05 13:30:00,0.0,37.6025,34.7875,36.21,36.6225,39.0525
3413,2014-02-05 13:45:00,0.0,36.985,37.6025,34.7875,36.21,36.6225
3414,2014-02-05 14:00:00,0.0,34.16,36.985,37.6025,34.7875,36.21
3415,2014-02-05 14:15:00,0.0,37.1875,34.16,36.985,37.6025,34.7875
3416,2014-02-05 14:30:00,0.0,34.55,37.1875,34.16,36.985,37.6025
3417,2014-02-05 14:45:00,0.0,36.6825,34.55,37.1875,34.16,36.985
3418,2014-02-05 15:00:00,0.0,35.5625,36.6825,34.55,37.1875,34.16
3419,2014-02-05 15:15:00,0.0,34.35,35.5625,36.6825,34.55,37.1875
3420,2014-02-05 15:30:00,0.0,35.8175,34.35,35.5625,36.6825,34.55
3421,2014-02-05 15:45:00,0.0,37.13,35.8175,34.35,35.5625,36.6825
3422,2014-02-05 16:00:00,0.0,34.2775,37.13,35.8175,34.35,35.5625
3423,2014-02-05 16:15:00,0.0,34.1225,34.2775,37.13,35.8175,34.35
3424,2014-02-05 16:30:00,0.0,34.62,34.1225,34.2775,37.13,35.8175
3425,2014-02-05 16:45:00,0.0,35.3325,34.62,34.1225,34.2775,37.13
3426,2014-02-05 17:00:00,0.0,33.9325,35.3325,34.62,34.1225,34.2775
3427,2014-02-05 17:15:00,0.0,35.3775,33.9325,35.3325,34.62,34.1225
3428,2014-02-05 17:30:00,0.0,35.0375,35.3775,33.9325,35.3325,34.62
3429,2014-02-05 17:45:00,0.0,35.9575,35.0375,35.3775,33.9325,35.3325
3430,2014-02-05 18:00:00,0.0,32.82,35.9575,35.0375,35.3775,33.9325
3431,2014-02-05 18:15:00,0.0,32.725,32.82,35.9575,35.0375,35.3775
3432,2014-02-05 18:30:00,0.0,31.6375,32.725,32.82,35.9575,35.0375
3433,2014-02-05 18:45:00,0.0,32.2625,31.6375,32.725,32.82,35.9575
3434,2014-02-05 19:00:00,0.0,33.1025,32.2625,31.6375,32.725,32.82
3435,2014-02-05 19:15:00,0.0,30.4125,33.1025,32.2625,31.6375,32.725
3436,2014-02-05 19:30:00,0.0,30.455,30.4125,33.1025,32.2625,31.6375
3437,2014-02-05 19:45:00,0.0,29.6775,30.455,30.4125,33.1025,32.2625
3438,2014-02-05 20:00:00,0.0,28.6,29.6775,30.455,30.4125,33.1025
3439,2014-02-05 20:15:00,0.0,30.0925,28.6,29.6775,30.455,30.4125
3440,2014-02-05 20:30:00,0.0,28.3075,30.0925,28.6,29.6775,30.455
3441,2014-02-05 20:45:00,0.0,30.3175,28.3075,30.0925,28.6,29.6775
3442,2014-02-05 21:00:00,0.0,28.475,30.3175,28.3075,30.0925,28.6
3443,2014-02-05 21:15:00,0.0,28.5325,28.475,30.3175,28.3075,30.0925
3444,2014-02-05 21:30:00,0.0,27.96,28.5325,28.475,30.3175,28.3075
3445,2014-02-05 21:45:00,0.0,27.4,27.96,28.5325,28.475,30.3175
3446,2014-02-05 22:00:00,0.0,28.72,27.4,27.96,28.5325,28.475
3447,2014-02-05 22:15:00,0.0,26.7325,28.72,27.4,27.96,28.5325
3448,2014-02-05 22:30:00,0.0,25.4325,26.7325,28.72,27.4,27.96
3449,2014-02-05 22:45:00,0.0,25.7525,25.4325,26.7325,28.72,27.4
3450,2014-02-05 23:00:00,0.0,26.1775,25.7525,25.4325,26.7325,28.72
3451,2014-02-05 23:15:00,0.0,24.985,26.1775,25.7525,25.4325,26.7325
3452,2014-02-05 23:30:00,0.0,25.595,24.985,26.1775,25.7525,25.4325
3453,2014-02-05 23:45:00,0.0,27.55,25.595,24.985,26.1775,25.7525
3454,2014-02-06 00:00:00,0.0,25.085,27.55,25.595,24.985,26.1775
3455,2014-02-06 00:15:00,0.0,23.5,25.085,27.55,25.595,24.985
3456,2014-02-06 00:30:00,0.0,26.19,23.5,25.085,27.55,25.595
3457,2014-02-06 00:45:00,0.0,25.88,26.19,23.5,25.085,27.55
3458,2014-02-06 01:00:00,0.0,26.8425,25.88,26.19,23.5,25.085
3459,2014-02-06 01:15:00,0.0,27.05,26.8425,25.88,26.19,23.5
3460,2014-02-06 01:30:00,0.0,25.495,27.05,26.8425,25.88,26.19
3461,2014-02-06 01:45:00,0.0,25.675,25.495,27.05,26.8425,25.88
3462,2014-02-06 02:00:00,0.0,26.5225,25.675,25.495,27.05,26.8425
3463,2014-02-06 02:15:00,0.0,25.925,26.5225,25.675,25.495,27.05
3464,2014-02-06 02:30:00,0.0,24.2225,25.925,26.5225,25.675,25.495
3465,2014-02-06 02:45:00,0.0,26.78,24.2225,25.925,26.5225,25.675
3466,2014-02-06 03:00:00,0.0,26.6475,26.78,24.2225,25.925,26.5225
3467,2014-02-06 03:15:00,0.0,25.69,26.6475,26.78,24.2225,25.925
3468,2014-02-06 03:30:00,0.0,24.9025,25.69,26.6475,26.78,24.2225
3469,2014-02-06 03:45:00,0.0,25.6225,24.9025,25.69,26.6475,26.78
3470,2014-02-06 04:00:00,0.0,26.6725,25.6225,24.9025,25.69,26.6475
3471,2014-02-06 04:15:00,0.0,26.0775,26.6725,25.6225,24.9025,25.69
3472,2014-02-06 04:30:00,0.0,26.91,26.0775,26.6725,25.6225,24.9025
3473,2014-02-06 04:45:00,0.0,27.2325,26.91,26.0775,26.6725,25.6225
3474,2014-02-06 05:00:00,0.0,24.35,27.2325,26.91,26.0775,26.6725
3475,2014-02-06 05:15:00,0.0,23.64,24.35,27.2325,26.91,26.0775
3476,2014-02-06 05:30:00,0.0,25.975,23.64,24.35,27.2325,26.91
3477,2014-02-06 05:45:00,0.0,27.1425,25.975,23.64,24.35,27.2325
3478,2014-02-06 06:00:00,0.0,26.81,27.1425,25.975,23.64,24.35
3479,2014-02-06 06:15:00,0.0,29.5575,26.81,27.1425,25.975,23.64
3480,2014-02-06 06:30:00,0.0,32.31,29.5575,26.81,27.1425,25.975
3481,2014-02-06 06:45:00,0.0,32.6125,32.31,29.5575,26.81,27.1425
3482,2014-02-06 07:00:00,0.0,31.49,32.6125,32.31,29.5575,26.81
3483,2014-02-06 07:15:00,0.0,31.6175,31.49,32.6125,32.31,29.5575
3484,2014-02-06 07:30:00,0.0,31.3475,31.6175,31.49,32.6125,32.31
3485,2014-02-06 07:45:00,0.0,32.71,31.3475,31.6175,31.49,32.6125
3486,2014-02-06 08:00:00,0.0,32.3825,32.71,31.3475,31.6175,31.49
3487,2014-02-06 08:15:00,0.0,30.69,32.3825,32.71,31.3475,31.6175
3488,2014-02-06 08:30:00,0.0,31.04,30.69,32.3825,32.71,31.3475
3489,2014-02-06 08:45:00,0.0,33.7725,31.04,30.69,32.3825,32.71
3490,2014-02-06 09:00:00,0.0,32.56,33.7725,31.04,30.69,32.3825
3491,2014-02-06 09:15:00,0.0,34.0,32.56,33.7725,31.04,30.69
3492,2014-02-06 09:30:00,0.0,34.12,34.0,32.56,33.7725,31.04
3493,2014-02-06 09:45:00,0.0,35.1025,34.12,34.0,32.56,33.7725
3494,2014-02-06 10:00:00,0.0,32.2875,35.1025,34.12,34.0,32.56
3495,2014-02-06 10:15:00,0.0,35.035,32.2875,35.1025,34.12,34.0
3496,2014-02-06 10:30:00,0.0,36.2375,35.035,32.2875,35.1025,34.12
3497,2014-02-06 10:45:00,0.0,35.6675,36.2375,35.035,32.2875,35.1025
3498,2014-02-06 11:00:00,0.0,36.3425,35.6675,36.2375,35.035,32.2875
3499,2014-02-06 11:15:00,0.0,36.185,36.3425,35.6675,36.2375,35.035
3500,2014-02-06 11:30:00,0.0,34.765,36.185,36.3425,35.6675,36.2375
3501,2014-02-06 11:45:00,0.0,36.8225,34.765,36.185,36.3425,35.6675
3502,2014-02-06 12:00:00,0.0,36.2125,36.8225,34.765,36.185,36.3425
3503,2014-02-06 12:15:00,0.0,38.645,36.2125,36.8225,34.765,36.185
3504,2014-02-06 12:30:00,0.0,37.41,38.645,36.2125,36.8225,34.765
3505,2014-02-06 12:45:00,0.0,34.735,37.41,38.645,36.2125,36.8225
3506,2014-02-06 13:00:00,0.0,36.03,34.735,37.41,38.645,36.2125
3507,2014-02-06 13:15:00,0.0,35.425,36.03,34.735,37.41,38.645
3508,2014-02-06 13:30:00,0.0,35.2625,35.425,36.03,34.735,37.41
3509,2014-02-06 13:45:00,0.0,38.3125,35.2625,35.425,36.03,34.735
3510,2014-02-06 14:00:00,0.0,35.935,38.3125,35.2625,35.425,36.03
3511,2014-02-06 14:15:00,0.0,35.895,35.935,38.3125,35.2625,35.425
3512,2014-02-06 14:30:00,0.0,35.0975,35.895,35.935,38.3125,35.2625
3513,2014-02-06 14:45:00,0.0,36.1375,35.0975,35.895,35.935,38.3125
3514,2014-02-06 15:00:00,0.0,33.705,36.1375,35.0975,35.895,35.935
3515,2014-02-06 15:15:00,0.0,35.7975,33.705,36.1375,35.0975,35.895
3516,2014-02-06 15:30:00,0.0,35.85,35.7975,33.705,36.1375,35.0975
3517,2014-02-06 15:45:00,0.0,35.645,35.85,35.7975,33.705,36.1375
3518,2014-02-06 16:00:00,0.0,35.0075,35.645,35.85,35.7975,33.705
3519,2014-02-06 16:15:00,0.0,33.325,35.0075,35.645,35.85,35.7975
3520,2014-02-06 16:30:00,0.0,33.9775,33.325,35.0075,35.645,35.85
3521,2014-02-06 16:45:00,0.0,33.19,33.9775,33.325,35.0075,35.645
3522,2014-02-06 17:00:00,0.0,34.995,33.19,33.9775,33.325,35.0075
3523,2014-02-06 17:15:00,0.0,34.4975,34.995,33.19,33.9775,33.325
3524,2014-02-06 17:30:00,0.0,33.2525,34.4975,34.995,33.19,33.9775
3525,2014-02-06 17:45:00,0.0,33.765,33.2525,34.4975,34.995,33.19
3526,2014-02-06 18:00:00,0.0,30.43,33.765,33.2525,34.4975,34.995
3527,2014-02-06 18:15:00,0.0,30.445,30.43,33.765,33.2525,34.4975
3528,2014-02-06 18:30:00,0.0,30.3275,30.445,30.43,33.765,33.2525
3529,2014-02-06 18:45:00,0.0,28.5275,30.3275,30.445,30.43,33.765
3530,2014-02-06 19:00:00,0.0,28.75,28.5275,30.3275,30.445,30.43
3531,2014-02-06 19:15:00,0.0,28.835,28.75,28.5275,30.3275,30.445
3532,2014-02-06 19:30:00,0.0,25.11,28.835,28.75,28.5275,30.3275
3533,2014-02-06 19:45:00,0.0,29.37,25.11,28.835,28.75,28.5275
3534,2014-02-06 20:00:00,0.0,29.325,29.37,25.11,28.835,28.75
3535,2014-02-06 20:15:00,0.0,29.62,29.325,29.37,25.11,28.835
3536,2014-02-06 20:30:00,0.0,28.89,29.62,29.325,29.37,25.11
3537,2014-02-06 20:45:00,0.0,27.6425,28.89,29.62,29.325,29.37
3538,2014-02-06 21:00:00,0.0,25.9675,27.6425,28.89,29.62,29.325
3539,2014-02-06 21:15:00,0.0,27.0925,25.9675,27.6425,28.89,29.62
3540,2014-02-06 21:30:00,0.0,27.1625,27.0925,25.9675,27.6425,28.89
3541,2014-02-06 21:45:00,0.0,29.0775,27.1625,27.0925,25.9675,27.6425
3542,2014-02-06 22:00:00,0.0,26.875,29.0775,27.1625,27.0925,25.9675
3543,2014-02-06 22:15:00,0.0,26.6725,26.875,29.0775,27.1625,27.0925
3544,2014-02-06 22:30:00,0.0,24.9475,26.6725,26.875,29.0775,27.1625
3545,2014-02-06 22:45:00,0.0,25.9325,24.9475,26.6725,26.875,29.0775
3546,2014-02-06 23:00:00,0.0,25.0425,25.9325,24.9475,26.6725,26.875
3547,2014-02-06 23:15:00,0.0,22.3375,25.0425,25.9325,24.9475,26.6725
3548,2014-02-06 23:30:00,0.0,24.5125,22.3375,25.0425,25.9325,24.9475
3549,2014-02-06 23:45:00,0.0,25.81,24.5125,22.3375,25.0425,25.9325
3550,2014-02-07 00:00:00,0.0,25.355,25.81,24.5125,22.3375,25.0425
3551,2014-02-07 00:15:00,0.0,26.0075,25.355,25.81,24.5125,22.3375
3552,2014-02-07 00:30:00,0.0,26.475,26.0075,25.355,25.81,24.5125
3553,2014-02-07 00:45:00,0.0,25.32,26.475,26.0075,25.355,25.81
3554,2014-02-07 01:00:00,0.0,26.105,25.32,26.475,26.0075,25.355
3555,2014-02-07 01:15:00,0.0,24.93,26.105,25.32,26.475,26.0075
3556,2014-02-07 01:30:00,0.0,24.245,24.93,26.105,25.32,26.475
3557,2014-02-07 01:45:00,0.0,26.835,24.245,24.93,26.105,25.32
3558,2014-02-07 02:00:00,0.0,25.76,26.835,24.245,24.93,26.105
3559,2014-02-07 02:15:00,0.0,25.77,25.76,26.835,24.245,24.93
3560,2014-02-07 02:30:00,0.0,24.8,25.77,25.76,26.835,24.245
3561,2014-02-07 02:45:00,0.0,25.7325,24.8,25.77,25.76,26.835
3562,2014-02-07 03:00:00,0.0,25.52,25.7325,24.8,25.77,25.76
3563,2014-02-07 03:15:00,0.0,26.63,25.52,25.7325,24.8,25.77
3564,2014-02-07 03:30:00,0.0,26.23,26.63,25.52,25.7325,24.8
3565,2014-02-07 03:45:00,0.0,26.84,26.23,26.63,25.52,25.7325
3566,2014-02-07 04:00:00,0.0,26.5175,26.84,26.23,26.63,25.52
3567,2014-02-07 04:15:00,0.0,25.12,26.5175,26.84,26.23,26.63
3568,2014-02-07 04:30:00,0.0,26.1775,25.12,26.5175,26.84,26.23
3569,2014-02-07 04:45:00,0.0,25.8025,26.1775,25.12,26.5175,26.84
3570,2014-02-07 05:00:00,0.0,25.7175,25.8025,26.1775,25.12,26.5175
3571,2014-02-07 05:15:00,0.0,26.9075,25.7175,25.8025,26.1775,25.12
3572,2014-02-07 05:30:00,0.0,23.8775,26.9075,25.7175,25.8025,26.1775
3573,2014-02-07 05:45:00,0.0,26.4375,23.8775,26.9075,25.7175,25.8025
3574,2014-02-07 06:00:00,0.0,27.13,26.4375,23.8775,26.9075,25.7175
3575,2014-02-07 06:15:00,0.0,30.475,27.13,26.4375,23.8775,26.9075
3576,2014-02-07 06:30:00,0.0,30.7275,30.475,27.13,26.4375,23.8775
3577,2014-02-07 06:45:00,0.0,33.0275,30.7275,30.475,27.13,26.4375
3578,2014-02-07 07:00:00,0.0,29.845,33.0275,30.7275,30.475,27.13
3579,2014-02-07 07:15:00,0.0,31.5325,29.845,33.0275,30.7275,30.475
3580,2014-02-07 07:30:00,0.0,30.99,31.5325,29.845,33.0275,30.7275
3581,2014-02-07 07:45:00,0.0,31.105,30.99,31.5325,29.845,33.0275
3582,2014-02-07 08:00:00,0.0,31.09,31.105,30.99,31.5325,29.845
3583,2014-02-07 08:15:00,0.0,30.015,31.09,31.105,30.99,31.5325
3584,2014-02-07 08:30:00,0.0,30.8425,30.015,31.09,31.105,30.99
3585,2014-02-07 08:45:00,0.0,33.52,30.8425,30.015,31.09,31.105
3586,2014-02-07 09:00:00,0.0,31.205,33.52,30.8425,30.015,31.09
3587,2014-02-07 09:15:00,0.0,33.6125,31.205,33.52,30.8425,30.015
3588,2014-02-07 09:30:00,0.0,33.5025,33.6125,31.205,33.52,30.8425
3589,2014-02-07 09:45:00,0.0,33.6875,33.5025,33.6125,31.205,33.52
3590,2014-02-07 10:00:00,0.0,31.835,33.6875,33.5025,33.6125,31.205
3591,2014-02-07 10:15:00,0.0,33.8275,31.835,33.6875,33.5025,33.6125
3592,2014-02-07 10:30:00,0.0,35.815,33.8275,31.835,33.6875,33.5025
3593,2014-02-07 10:45:00,0.0,35.0675,35.815,33.8275,31.835,33.6875
3594,2014-02-07 11:00:00,0.0,36.7825,35.0675,35.815,33.8275,31.835
3595,2014-02-07 11:15:00,0.0,33.2625,36.7825,35.0675,35.815,33.8275
3596,2014-02-07 11:30:00,0.0,35.4825,33.2625,36.7825,35.0675,35.815
3597,2014-02-07 11:45:00,0.0,36.94,35.4825,33.2625,36.7825,35.0675
3598,2014-02-07 12:00:00,0.0,36.4575,36.94,35.4825,33.2625,36.7825
3599,2014-02-07 12:15:00,0.0,38.7425,36.4575,36.94,35.4825,33.2625
3600,2014-02-07 12:30:00,0.0,38.505,38.7425,36.4575,36.94,35.4825
3601,2014-02-07 12:45:00,0.0,37.2225,38.505,38.7425,36.4575,36.94
3602,2014-02-07 13:00:00,0.0,36.645,37.2225,38.505,38.7425,36.4575
3603,2014-02-07 13:15:00,0.0,35.4825,36.645,37.2225,38.505,38.7425
3604,2014-02-07 13:30:00,0.0,34.38,35.4825,36.645,37.2225,38.505
3605,2014-02-07 13:45:00,0.0,36.195,34.38,35.4825,36.645,37.2225
3606,2014-02-07 14:00:00,0.0,34.72,36.195,34.38,35.4825,36.645
3607,2014-02-07 14:15:00,0.0,36.2675,34.72,36.195,34.38,35.4825
3608,2014-02-07 14:30:00,0.0,33.9725,36.2675,34.72,36.195,34.38
3609,2014-02-07 14:45:00,0.0,35.69,33.9725,36.2675,34.72,36.195
3610,2014-02-07 15:00:00,0.0,34.9525,35.69,33.9725,36.2675,34.72
3611,2014-02-07 15:15:00,0.0,34.8775,34.9525,35.69,33.9725,36.2675
3612,2014-02-07 15:30:00,0.0,36.7475,34.8775,34.9525,35.69,33.9725
3613,2014-02-07 15:45:00,0.0,37.0375,36.7475,34.8775,34.9525,35.69
3614,2014-02-07 16:00:00,0.0,35.2025,37.0375,36.7475,34.8775,34.9525
3615,2014-02-07 16:15:00,0.0,32.0525,35.2025,37.0375,36.7475,34.8775
3616,2014-02-07 16:30:00,0.0,35.0875,32.0525,35.2025,37.0375,36.7475
3617,2014-02-07 16:45:00,0.0,35.6125,35.0875,32.0525,35.2025,37.0375
3618,2014-02-07 17:00:00,0.0,35.07,35.6125,35.0875,32.0525,35.2025
3619,2014-02-07 17:15:00,0.0,34.985,35.07,35.6125,35.0875,32.0525
3620,2014-02-07 17:30:00,0.0,35.1075,34.985,35.07,35.6125,35.0875
3621,2014-02-07 17:45:00,0.0,33.71,35.1075,34.985,35.07,35.6125
3622,2014-02-07 18:00:00,0.0,31.3925,33.71,35.1075,34.985,35.07
3623,2014-02-07 18:15:00,0.0,28.8575,31.3925,33.71,35.1075,34.985
3624,2014-02-07 18:30:00,0.0,28.89,28.8575,31.3925,33.71,35.1075
3625,2014-02-07 18:45:00,0.0,29.8675,28.89,28.8575,31.3925,33.71
3626,2014-02-07 19:00:00,0.0,29.4125,29.8675,28.89,28.8575,31.3925
3627,2014-02-07 19:15:00,0.0,29.2225,29.4125,29.8675,28.89,28.8575
3628,2014-02-07 19:30:00,0.0,27.2725,29.2225,29.4125,29.8675,28.89
3629,2014-02-07 19:45:00,0.0,29.53,27.2725,29.2225,29.4125,29.8675
3630,2014-02-07 20:00:00,0.0,28.165,29.53,27.2725,29.2225,29.4125
3631,2014-02-07 20:15:00,0.0,24.085,28.165,29.53,27.2725,29.2225
3632,2014-02-07 20:30:00,0.0,27.6,24.085,28.165,29.53,27.2725
3633,2014-02-07 20:45:00,0.0,29.1375,27.6,24.085,28.165,29.53
3634,2014-02-07 21:00:00,0.0,26.3625,29.1375,27.6,24.085,28.165
3635,2014-02-07 21:15:00,0.0,27.225,26.3625,29.1375,27.6,24.085
3636,2014-02-07 21:30:00,0.0,25.41,27.225,26.3625,29.1375,27.6
3637,2014-02-07 21:45:00,0.0,27.72,25.41,27.225,26.3625,29.1375
3638,2014-02-07 22:00:00,0.0,24.325,27.72,25.41,27.225,26.3625
3639,2014-02-07 22:15:00,0.0,25.1975,24.325,27.72,25.41,27.225
3640,2014-02-07 22:30:00,0.0,20.8475,25.1975,24.325,27.72,25.41
3641,2014-02-07 22:45:00,0.0,24.96,20.8475,25.1975,24.325,27.72
3642,2014-02-07 23:00:00,0.0,22.345,24.96,20.8475,25.1975,24.325
3643,2014-02-07 23:15:00,0.0,25.2625,22.345,24.96,20.8475,25.1975
3644,2014-02-07 23:30:00,0.0,24.21,25.2625,22.345,24.96,20.8475
3645,2014-02-07 23:45:00,0.0,25.8325,24.21,25.2625,22.345,24.96
3646,2014-02-08 00:00:00,0.0,25.3,25.8325,24.21,25.2625,22.345
3647,2014-02-08 00:15:00,0.0,26.605,25.3,25.8325,24.21,25.2625
3648,2014-02-08 00:30:00,0.0,25.0925,26.605,25.3,25.8325,24.21
3649,2014-02-08 00:45:00,0.0,25.5,25.0925,26.605,25.3,25.8325
3650,2014-02-08 01:00:00,0.0,24.25,25.5,25.0925,26.605,25.3
3651,2014-02-08 01:15:00,0.0,23.38,24.25,25.5,25.0925,26.605
3652,2014-02-08 01:30:00,0.0,25.9575,23.38,24.25,25.5,25.0925
3653,2014-02-08 01:45:00,0.0,25.21,25.9575,23.38,24.25,25.5
3654,2014-02-08 02:00:00,0.0,26.665,25.21,25.9575,23.38,24.25
3655,2014-02-08 02:15:00,0.0,24.005,26.665,25.21,25.9575,23.38
3656,2014-02-08 02:30:00,0.0,25.39,24.005,26.665,25.21,25.9575
3657,2014-02-08 02:45:00,0.0,24.895,25.39,24.005,26.665,25.21
3658,2014-02-08 03:00:00,0.0,25.3175,24.895,25.39,24.005,26.665
3659,2014-02-08 03:15:00,0.0,23.015,25.3175,24.895,25.39,24.005
3660,2014-02-08 03:30:00,0.0,24.8675,23.015,25.3175,24.895,25.39
3661,2014-02-08 03:45:00,0.0,24.27,24.8675,23.015,25.3175,24.895
3662,2014-02-08 04:00:00,0.0,25.7025,24.27,24.8675,23.015,25.3175
3663,2014-02-08 04:15:00,0.0,24.8375,25.7025,24.27,24.8675,23.015
3664,2014-02-08 04:30:00,0.0,25.595,24.8375,25.7025,24.27,24.8675
3665,2014-02-08 04:45:00,0.0,25.53,25.595,24.8375,25.7025,24.27
3666,2014-02-08 05:00:00,0.0,26.6775,25.53,25.595,24.8375,25.7025
3667,2014-02-08 05:15:00,0.0,26.485,26.6775,25.53,25.595,24.8375
3668,2014-02-08 05:30:00,0.0,24.7875,26.485,26.6775,25.53,25.595
3669,2014-02-08 05:45:00,0.0,25.755,24.7875,26.485,26.6775,25.53
3670,2014-02-08 06:00:00,0.0,25.6575,25.755,24.7875,26.485,26.6775
3671,2014-02-08 06:15:00,0.0,26.8525,25.6575,25.755,24.7875,26.485
3672,2014-02-08 06:30:00,0.0,26.705,26.8525,25.6575,25.755,24.7875
3673,2014-02-08 06:45:00,0.0,29.3125,26.705,26.8525,25.6575,25.755
3674,2014-02-08 07:00:00,0.0,26.93,29.3125,26.705,26.8525,25.6575
3675,2014-02-08 07:15:00,0.0,26.75,26.93,29.3125,26.705,26.8525
3676,2014-02-08 07:30:00,0.0,24.365,26.75,26.93,29.3125,26.705
3677,2014-02-08 07:45:00,0.0,26.73,24.365,26.75,26.93,29.3125
3678,2014-02-08 08:00:00,0.0,25.925,26.73,24.365,26.75,26.93
3679,2014-02-08 08:15:00,0.0,26.46,25.925,26.73,24.365,26.75
3680,2014-02-08 08:30:00,0.0,24.9725,26.46,25.925,26.73,24.365
3681,2014-02-08 08:45:00,0.0,25.5325,24.9725,26.46,25.925,26.73
3682,2014-02-08 09:00:00,0.0,25.9925,25.5325,24.9725,26.46,25.925
3683,2014-02-08 09:15:00,0.0,22.4925,25.9925,25.5325,24.9725,26.46
3684,2014-02-08 09:30:00,0.0,26.0675,22.4925,25.9925,25.5325,24.9725
3685,2014-02-08 09:45:00,0.0,27.5125,26.0675,22.4925,25.9925,25.5325
3686,2014-02-08 10:00:00,0.0,26.2225,27.5125,26.0675,22.4925,25.9925
3687,2014-02-08 10:15:00,0.0,26.315,26.2225,27.5125,26.0675,22.4925
3688,2014-02-08 10:30:00,0.0,26.75,26.315,26.2225,27.5125,26.0675
3689,2014-02-08 10:45:00,0.0,25.245,26.75,26.315,26.2225,27.5125
3690,2014-02-08 11:00:00,0.0,26.7175,25.245,26.75,26.315,26.2225
3691,2014-02-08 11:15:00,0.0,24.1175,26.7175,25.245,26.75,26.315
3692,2014-02-08 11:30:00,0.0,26.72,24.1175,26.7175,25.245,26.75
3693,2014-02-08 11:45:00,0.0,27.4175,26.72,24.1175,26.7175,25.245
3694,2014-02-08 12:00:00,0.0,24.955,27.4175,26.72,24.1175,26.7175
3695,2014-02-08 12:15:00,0.0,24.0775,24.955,27.4175,26.72,24.1175
3696,2014-02-08 12:30:00,0.0,26.515,24.0775,24.955,27.4175,26.72
3697,2014-02-08 12:45:00,0.0,24.6975,26.515,24.0775,24.955,27.4175
3698,2014-02-08 13:00:00,0.0,25.95,24.6975,26.515,24.0775,24.955
3699,2014-02-08 13:15:00,0.0,26.5625,25.95,24.6975,26.515,24.0775
3700,2014-02-08 13:30:00,0.0,25.935,26.5625,25.95,24.6975,26.515
3701,2014-02-08 13:45:00,0.0,24.725,25.935,26.5625,25.95,24.6975
3702,2014-02-08 14:00:00,0.0,25.9075,24.725,25.935,26.5625,25.95
3703,2014-02-08 14:15:00,0.0,25.0925,25.9075,24.725,25.935,26.5625
3704,2014-02-08 14:30:00,0.0,25.295,25.0925,25.9075,24.725,25.935
3705,2014-02-08 14:45:00,0.0,28.4875,25.295,25.0925,25.9075,24.725
3706,2014-02-08 15:00:00,0.0,26.6,28.4875,25.295,25.0925,25.9075
3707,2014-02-08 15:15:00,0.0,25.0575,26.6,28.4875,25.295,25.0925
3708,2014-02-08 15:30:00,0.0,25.6675,25.0575,26.6,28.4875,25.295
3709,2014-02-08 15:45:00,0.0,23.65,25.6675,25.0575,26.6,28.4875
3710,2014-02-08 16:00:00,0.0,25.26,23.65,25.6675,25.0575,26.6
3711,2014-02-08 16:15:00,0.0,25.875,25.26,23.65,25.6675,25.0575
3712,2014-02-08 16:30:00,0.0,27.0625,25.875,25.26,23.65,25.6675
3713,2014-02-08 16:45:00,0.0,26.4575,27.0625,25.875,25.26,23.65
3714,2014-02-08 17:00:00,0.0,27.3775,26.4575,27.0625,25.875,25.26
3715,2014-02-08 17:15:00,0.0,25.6775,27.3775,26.4575,27.0625,25.875
3716,2014-02-08 17:30:00,0.0,23.39,25.6775,27.3775,26.4575,27.0625
3717,2014-02-08 17:45:00,0.0,26.5925,23.39,25.6775,27.3775,26.4575
3718,2014-02-08 18:00:00,0.0,26.7825,26.5925,23.39,25.6775,27.3775
3719,2014-02-08 18:15:00,0.0,25.285,26.7825,26.5925,23.39,25.6775
3720,2014-02-08 18:30:00,0.0,27.4425,25.285,26.7825,26.5925,23.39
3721,2014-02-08 18:45:00,0.0,25.2325,27.4425,25.285,26.7825,26.5925
3722,2014-02-08 19:00:00,0.0,25.465,25.2325,27.4425,25.285,26.7825
3723,2014-02-08 19:15:00,0.0,26.2225,25.465,25.2325,27.4425,25.285
3724,2014-02-08 19:30:00,0.0,27.1325,26.2225,25.465,25.2325,27.4425
3725,2014-02-08 19:45:00,0.0,27.36,27.1325,26.2225,25.465,25.2325
3726,2014-02-08 20:00:00,0.0,27.855,27.36,27.1325,26.2225,25.465
3727,2014-02-08 20:15:00,0.0,26.94,27.855,27.36,27.1325,26.2225
3728,2014-02-08 20:30:00,0.0,24.9975,26.94,27.855,27.36,27.1325
3729,2014-02-08 20:45:00,0.0,28.0775,24.9975,26.94,27.855,27.36
3730,2014-02-08 21:00:00,0.0,25.975,28.0775,24.9975,26.94,27.855
3731,2014-02-08 21:15:00,0.0,25.765,25.975,28.0775,24.9975,26.94
3732,2014-02-08 21:30:00,0.0,25.745,25.765,25.975,28.0775,24.9975
3733,2014-02-08 21:45:00,0.0,27.1625,25.745,25.765,25.975,28.0775
3734,2014-02-08 22:00:00,0.0,27.58,27.1625,25.745,25.765,25.975
3735,2014-02-08 22:15:00,0.0,24.7375,27.58,27.1625,25.745,25.765
3736,2014-02-08 22:30:00,0.0,25.5875,24.7375,27.58,27.1625,25.745
3737,2014-02-08 22:45:00,0.0,25.545,25.5875,24.7375,27.58,27.1625
3738,2014-02-08 23:00:00,0.0,25.135,25.545,25.5875,24.7375,27.58
3739,2014-02-08 23:15:00,0.0,25.6625,25.135,25.545,25.5875,24.7375
3740,2014-02-08 23:30:00,0.0,25.22,25.6625,25.135,25.545,25.5875
3741,2014-02-08 23:45:00,0.0,25.84,25.22,25.6625,25.135,25.545
3742,2014-02-09 00:00:00,0.0,24.2275,25.84,25.22,25.6625,25.135
3743,2014-02-09 00:15:00,0.0,25.09,24.2275,25.84,25.22,25.6625
3744,2014-02-09 00:30:00,0.0,25.5475,25.09,24.2275,25.84,25.22
3745,2014-02-09 00:45:00,0.0,26.5125,25.5475,25.09,24.2275,25.84
3746,2014-02-09 01:00:00,0.0,26.1225,26.5125,25.5475,25.09,24.2275
3747,2014-02-09 01:15:00,0.0,26.18,26.1225,26.5125,25.5475,25.09
3748,2014-02-09 01:30:00,0.0,24.19,26.18,26.1225,26.5125,25.5475
3749,2014-02-09 01:45:00,0.0,25.9325,24.19,26.18,26.1225,26.5125
3750,2014-02-09 02:00:00,0.0,23.025,25.9325,24.19,26.18,26.1225
3751,2014-02-09 02:15:00,0.0,23.1975,23.025,25.9325,24.19,26.18
3752,2014-02-09 02:30:00,0.0,25.9375,23.1975,23.025,25.9325,24.19
3753,2014-02-09 02:45:00,0.0,26.5325,25.9375,23.1975,23.025,25.9325
3754,2014-02-09 03:00:00,0.0,25.8275,26.5325,25.9375,23.1975,23.025
3755,2014-02-09 03:15:00,0.0,25.0425,25.8275,26.5325,25.9375,23.1975
3756,2014-02-09 03:30:00,0.0,25.8,25.0425,25.8275,26.5325,25.9375
3757,2014-02-09 03:45:00,0.0,25.19,25.8,25.0425,25.8275,26.5325
3758,2014-02-09 04:00:00,0.0,24.07,25.19,25.8,25.0425,25.8275
3759,2014-02-09 04:15:00,0.0,26.2075,24.07,25.19,25.8,25.0425
3760,2014-02-09 04:30:00,0.0,25.815,26.2075,24.07,25.19,25.8
3761,2014-02-09 04:45:00,0.0,25.93,25.815,26.2075,24.07,25.19
3762,2014-02-09 05:00:00,0.0,25.3925,25.93,25.815,26.2075,24.07
3763,2014-02-09 05:15:00,0.0,23.295,25.3925,25.93,25.815,26.2075
3764,2014-02-09 05:30:00,0.0,23.7825,23.295,25.3925,25.93,25.815
3765,2014-02-09 05:45:00,0.0,26.625,23.7825,23.295,25.3925,25.93
3766,2014-02-09 06:00:00,0.0,25.8875,26.625,23.7825,23.295,25.3925
3767,2014-02-09 06:15:00,0.0,28.0225,25.8875,26.625,23.7825,23.295
3768,2014-02-09 06:30:00,0.0,26.0975,28.0225,25.8875,26.625,23.7825
3769,2014-02-09 06:45:00,0.0,27.8175,26.0975,28.0225,25.8875,26.625
3770,2014-02-09 07:00:00,0.0,26.715,27.8175,26.0975,28.0225,25.8875
3771,2014-02-09 07:15:00,0.0,26.1225,26.715,27.8175,26.0975,28.0225
3772,2014-02-09 07:30:00,0.0,27.86,26.1225,26.715,27.8175,26.0975
3773,2014-02-09 07:45:00,0.0,27.9825,27.86,26.1225,26.715,27.8175
3774,2014-02-09 08:00:00,0.0,26.8875,27.9825,27.86,26.1225,26.715
3775,2014-02-09 08:15:00,0.0,25.1275,26.8875,27.9825,27.86,26.1225
3776,2014-02-09 08:30:00,0.0,26.91,25.1275,26.8875,27.9825,27.86
3777,2014-02-09 08:45:00,0.0,25.4475,26.91,25.1275,26.8875,27.9825
3778,2014-02-09 09:00:00,0.0,26.51,25.4475,26.91,25.1275,26.8875
3779,2014-02-09 09:15:00,0.0,26.695,26.51,25.4475,26.91,25.1275
3780,2014-02-09 09:30:00,0.0,25.145,26.695,26.51,25.4475,26.91
3781,2014-02-09 09:45:00,0.0,26.155,25.145,26.695,26.51,25.4475
3782,2014-02-09 10:00:00,0.0,27.1825,26.155,25.145,26.695,26.51
3783,2014-02-09 10:15:00,0.0,26.92,27.1825,26.155,25.145,26.695
3784,2014-02-09 10:30:00,0.0,25.7775,26.92,27.1825,26.155,25.145
3785,2014-02-09 10:45:00,0.0,26.8875,25.7775,26.92,27.1825,26.155
3786,2014-02-09 11:00:00,0.0,24.885,26.8875,25.7775,26.92,27.1825
3787,2014-02-09 11:15:00,0.0,26.9975,24.885,26.8875,25.7775,26.92
3788,2014-02-09 11:30:00,0.0,25.69,26.9975,24.885,26.8875,25.7775
3789,2014-02-09 11:45:00,0.0,27.2525,25.69,26.9975,24.885,26.8875
3790,2014-02-09 12:00:00,0.0,26.4075,27.2525,25.69,26.9975,24.885
3791,2014-02-09 12:15:00,0.0,27.365,26.4075,27.2525,25.69,26.9975
3792,2014-02-09 12:30:00,0.0,27.9575,27.365,26.4075,27.2525,25.69
3793,2014-02-09 12:45:00,0.0,28.4725,27.9575,27.365,26.4075,27.2525
3794,2014-02-09 13:00:00,0.0,28.9,28.4725,27.9575,27.365,26.4075
3795,2014-02-09 13:15:00,0.0,26.4125,28.9,28.4725,27.9575,27.365
3796,2014-02-09 13:30:00,0.0,24.1875,26.4125,28.9,28.4725,27.9575
3797,2014-02-09 13:45:00,0.0,26.295,24.1875,26.4125,28.9,28.4725
3798,2014-02-09 14:00:00,0.0,25.4525,26.295,24.1875,26.4125,28.9
3799,2014-02-09 14:15:00,0.0,25.535,25.4525,26.295,24.1875,26.4125
3800,2014-02-09 14:30:00,0.0,29.765,25.535,25.4525,26.295,24.1875
3801,2014-02-09 14:45:00,0.0,28.2025,29.765,25.535,25.4525,26.295
3802,2014-02-09 15:00:00,0.0,28.235,28.2025,29.765,25.535,25.4525
3803,2014-02-09 15:15:00,0.0,26.08,28.235,28.2025,29.765,25.535
3804,2014-02-09 15:30:00,0.0,24.9875,26.08,28.235,28.2025,29.765
3805,2014-02-09 15:45:00,0.0,27.2525,24.9875,26.08,28.235,28.2025
3806,2014-02-09 16:00:00,0.0,28.51,27.2525,24.9875,26.08,28.235
3807,2014-02-09 16:15:00,0.0,27.6825,28.51,27.2525,24.9875,26.08
3808,2014-02-09 16:30:00,0.0,25.7525,27.6825,28.51,27.2525,24.9875
3809,2014-02-09 16:45:00,0.0,25.83,25.7525,27.6825,28.51,27.2525
3810,2014-02-09 17:00:00,0.0,24.5175,25.83,25.7525,27.6825,28.51
3811,2014-02-09 17:15:00,0.0,24.6025,24.5175,25.83,25.7525,27.6825
3812,2014-02-09 17:30:00,0.0,26.9125,24.6025,24.5175,25.83,25.7525
3813,2014-02-09 17:45:00,0.0,25.385,26.9125,24.6025,24.5175,25.83
3814,2014-02-09 18:00:00,0.0,28.4075,25.385,26.9125,24.6025,24.5175
3815,2014-02-09 18:15:00,0.0,25.2475,28.4075,25.385,26.9125,24.6025
3816,2014-02-09 18:30:00,0.0,25.8925,25.2475,28.4075,25.385,26.9125
3817,2014-02-09 18:45:00,0.0,27.3075,25.8925,25.2475,28.4075,25.385
3818,2014-02-09 19:00:00,0.0,26.48,27.3075,25.8925,25.2475,28.4075
3819,2014-02-09 19:15:00,0.0,27.1925,26.48,27.3075,25.8925,25.2475
3820,2014-02-09 19:30:00,0.0,24.925,27.1925,26.48,27.3075,25.8925
3821,2014-02-09 19:45:00,0.0,28.2375,24.925,27.1925,26.48,27.3075
3822,2014-02-09 20:00:00,0.0,25.1675,28.2375,24.925,27.1925,26.48
3823,2014-02-09 20:15:00,0.0,27.2675,25.1675,28.2375,24.925,27.1925
3824,2014-02-09 20:30:00,0.0,26.0125,27.2675,25.1675,28.2375,24.925
3825,2014-02-09 20:45:00,0.0,27.4225,26.0125,27.2675,25.1675,28.2375
3826,2014-02-09 21:00:00,0.0,28.2525,27.4225,26.0125,27.2675,25.1675
3827,2014-02-09 21:15:00,0.0,26.035,28.2525,27.4225,26.0125,27.2675
3828,2014-02-09 21:30:00,0.0,25.565,26.035,28.2525,27.4225,26.0125
3829,2014-02-09 21:45:00,0.0,28.4175,25.565,26.035,28.2525,27.4225
3830,2014-02-09 22:00:00,0.0,25.805,28.4175,25.565,26.035,28.2525
3831,2014-02-09 22:15:00,0.0,25.5125,25.805,28.4175,25.565,26.035
3832,2014-02-09 22:30:00,0.0,25.0725,25.5125,25.805,28.4175,25.565
3833,2014-02-09 22:45:00,0.0,24.795,25.0725,25.5125,25.805,28.4175
3834,2014-02-09 23:00:00,0.0,24.895,24.795,25.0725,25.5125,25.805
3835,2014-02-09 23:15:00,0.0,24.51,24.895,24.795,25.0725,25.5125
3836,2014-02-09 23:30:00,0.0,24.645,24.51,24.895,24.795,25.0725
3837,2014-02-09 23:45:00,0.0,25.445,24.645,24.51,24.895,24.795
3838,2014-02-10 00:00:00,0.0,23.995,25.445,24.645,24.51,24.895
3839,2014-02-10 00:15:00,0.0,24.49,23.995,25.445,24.645,24.51
3840,2014-02-10 00:30:00,0.0,25.7525,24.49,23.995,25.445,24.645
3841,2014-02-10 00:45:00,0.0,25.085,25.7525,24.49,23.995,25.445
3842,2014-02-10 01:00:00,0.0,23.5125,25.085,25.7525,24.49,23.995
3843,2014-02-10 01:15:00,0.0,24.2825,23.5125,25.085,25.7525,24.49
3844,2014-02-10 01:30:00,0.0,25.53,24.2825,23.5125,25.085,25.7525
3845,2014-02-10 01:45:00,0.0,25.2925,25.53,24.2825,23.5125,25.085
3846,2014-02-10 02:00:00,0.0,25.0625,25.2925,25.53,24.2825,23.5125
3847,2014-02-10 02:15:00,0.0,27.825,25.0625,25.2925,25.53,24.2825
3848,2014-02-10 02:30:00,0.0,24.5525,27.825,25.0625,25.2925,25.53
3849,2014-02-10 02:45:00,0.0,26.0125,24.5525,27.825,25.0625,25.2925
3850,2014-02-10 03:00:00,0.0,25.6825,26.0125,24.5525,27.825,25.0625
3851,2014-02-10 03:15:00,0.0,25.0325,25.6825,26.0125,24.5525,27.825
3852,2014-02-10 03:30:00,0.0,25.32,25.0325,25.6825,26.0125,24.5525
3853,2014-02-10 03:45:00,0.0,24.8875,25.32,25.0325,25.6825,26.0125
3854,2014-02-10 04:00:00,0.0,25.505,24.8875,25.32,25.0325,25.6825
3855,2014-02-10 04:15:00,0.0,23.6,25.505,24.8875,25.32,25.0325
3856,2014-02-10 04:30:00,0.0,26.01,23.6,25.505,24.8875,25.32
3857,2014-02-10 04:45:00,0.0,25.895,26.01,23.6,25.505,24.8875
3858,2014-02-10 05:00:00,0.0,26.0325,25.895,26.01,23.6,25.505
3859,2014-02-10 05:15:00,0.0,26.445,26.0325,25.895,26.01,23.6
3860,2014-02-10 05:30:00,0.0,25.97,26.445,26.0325,25.895,26.01
3861,2014-02-10 05:45:00,0.0,27.7975,25.97,26.445,26.0325,25.895
3862,2014-02-10 06:00:00,0.0,26.8425,27.7975,25.97,26.445,26.0325
3863,2014-02-10 06:15:00,0.0,29.0025,26.8425,27.7975,25.97,26.445
3864,2014-02-10 06:30:00,0.0,31.5225,29.0025,26.8425,27.7975,25.97
3865,2014-02-10 06:45:00,0.0,30.0275,31.5225,29.0025,26.8425,27.7975
3866,2014-02-10 07:00:00,0.0,29.835,30.0275,31.5225,29.0025,26.8425
3867,2014-02-10 07:15:00,0.0,30.2325,29.835,30.0275,31.5225,29.0025
3868,2014-02-10 07:30:00,0.0,29.335,30.2325,29.835,30.0275,31.5225
3869,2014-02-10 07:45:00,0.0,30.57,29.335,30.2325,29.835,30.0275
3870,2014-02-10 08:00:00,0.0,31.055,30.57,29.335,30.2325,29.835
3871,2014-02-10 08:15:00,0.0,29.9875,31.055,30.57,29.335,30.2325
3872,2014-02-10 08:30:00,0.0,30.6,29.9875,31.055,30.57,29.335
3873,2014-02-10 08:45:00,0.0,31.285,30.6,29.9875,31.055,30.57
3874,2014-02-10 09:00:00,0.0,30.2075,31.285,30.6,29.9875,31.055
3875,2014-02-10 09:15:00,0.0,32.415,30.2075,31.285,30.6,29.9875
3876,2014-02-10 09:30:00,0.0,34.19,32.415,30.2075,31.285,30.6
3877,2014-02-10 09:45:00,0.0,35.8125,34.19,32.415,30.2075,31.285
3878,2014-02-10 10:00:00,0.0,34.755,35.8125,34.19,32.415,30.2075
3879,2014-02-10 10:15:00,0.0,36.415,34.755,35.8125,34.19,32.415
3880,2014-02-10 10:30:00,0.0,34.595,36.415,34.755,35.8125,34.19
3881,2014-02-10 10:45:00,0.0,35.35,34.595,36.415,34.755,35.8125
3882,2014-02-10 11:00:00,0.0,34.9925,35.35,34.595,36.415,34.755
3883,2014-02-10 11:15:00,0.0,34.0175,34.9925,35.35,34.595,36.415
3884,2014-02-10 11:30:00,0.0,34.54,34.0175,34.9925,35.35,34.595
3885,2014-02-10 11:45:00,0.0,36.17,34.54,34.0175,34.9925,35.35
3886,2014-02-10 12:00:00,0.0,35.7375,36.17,34.54,34.0175,34.9925
3887,2014-02-10 12:15:00,0.0,36.51,35.7375,36.17,34.54,34.0175
3888,2014-02-10 12:30:00,0.0,37.22,36.51,35.7375,36.17,34.54
3889,2014-02-10 12:45:00,0.0,34.1675,37.22,36.51,35.7375,36.17
3890,2014-02-10 13:00:00,0.0,33.61,34.1675,37.22,36.51,35.7375
3891,2014-02-10 13:15:00,0.0,36.165,33.61,34.1675,37.22,36.51
3892,2014-02-10 13:30:00,0.0,34.62,36.165,33.61,34.1675,37.22
3893,2014-02-10 13:45:00,0.0,36.53,34.62,36.165,33.61,34.1675
3894,2014-02-10 14:00:00,0.0,34.68,36.53,34.62,36.165,33.61
3895,2014-02-10 14:15:00,0.0,32.4175,34.68,36.53,34.62,36.165
3896,2014-02-10 14:30:00,0.0,34.1175,32.4175,34.68,36.53,34.62
3897,2014-02-10 14:45:00,0.0,36.205,34.1175,32.4175,34.68,36.53
3898,2014-02-10 15:00:00,0.0,36.145,36.205,34.1175,32.4175,34.68
3899,2014-02-10 15:15:00,0.0,36.755,36.145,36.205,34.1175,32.4175
3900,2014-02-10 15:30:00,0.0,33.5575,36.755,36.145,36.205,34.1175
3901,2014-02-10 15:45:00,0.0,37.5075,33.5575,36.755,36.145,36.205
3902,2014-02-10 16:00:00,0.0,35.6925,37.5075,33.5575,36.755,36.145
3903,2014-02-10 16:15:00,0.0,34.8775,35.6925,37.5075,33.5575,36.755
3904,2014-02-10 16:30:00,0.0,36.2125,34.8775,35.6925,37.5075,33.5575
3905,2014-02-10 16:45:00,0.0,36.2425,36.2125,34.8775,35.6925,37.5075
3906,2014-02-10 17:00:00,0.0,36.935,36.2425,36.2125,34.8775,35.6925
3907,2014-02-10 17:15:00,0.0,34.165,36.935,36.2425,36.2125,34.8775
3908,2014-02-10 17:30:00,0.0,34.34,34.165,36.935,36.2425,36.2125
3909,2014-02-10 17:45:00,0.0,34.6725,34.34,34.165,36.935,36.2425
3910,2014-02-10 18:00:00,0.0,32.7275,34.6725,34.34,34.165,36.935
3911,2014-02-10 18:15:00,0.0,30.57,32.7275,34.6725,34.34,34.165
3912,2014-02-10 18:30:00,0.0,30.71,30.57,32.7275,34.6725,34.34
3913,2014-02-10 18:45:00,0.0,32.2625,30.71,30.57,32.7275,34.6725
3914,2014-02-10 19:00:00,0.0,31.67,32.2625,30.71,30.57,32.7275
3915,2014-02-10 19:15:00,0.0,29.485,31.67,32.2625,30.71,30.57
3916,2014-02-10 19:30:00,0.0,28.005,29.485,31.67,32.2625,30.71
3917,2014-02-10 19:45:00,0.0,30.0925,28.005,29.485,31.67,32.2625
3918,2014-02-10 20:00:00,0.0,27.775,30.0925,28.005,29.485,31.67
3919,2014-02-10 20:15:00,0.0,29.9675,27.775,30.0925,28.005,29.485
3920,2014-02-10 20:30:00,0.0,28.1975,29.9675,27.775,30.0925,28.005
3921,2014-02-10 20:45:00,0.0,28.9525,28.1975,29.9675,27.775,30.0925
3922,2014-02-10 21:00:00,0.0,29.465,28.9525,28.1975,29.9675,27.775
3923,2014-02-10 21:15:00,0.0,28.2375,29.465,28.9525,28.1975,29.9675
3924,2014-02-10 21:30:00,0.0,28.34,28.2375,29.465,28.9525,28.1975
3925,2014-02-10 21:45:00,0.0,28.5675,28.34,28.2375,29.465,28.9525
3926,2014-02-10 22:00:00,0.0,28.655,28.5675,28.34,28.2375,29.465
3927,2014-02-10 22:15:00,0.0,25.225,28.655,28.5675,28.34,28.2375
3928,2014-02-10 22:30:00,0.0,24.65,25.225,28.655,28.5675,28.34
3929,2014-02-10 22:45:00,0.0,26.0475,24.65,25.225,28.655,28.5675
3930,2014-02-10 23:00:00,0.0,24.505,26.0475,24.65,25.225,28.655
3931,2014-02-10 23:15:00,0.0,26.215,24.505,26.0475,24.65,25.225
3932,2014-02-10 23:30:00,0.0,24.075,26.215,24.505,26.0475,24.65
3933,2014-02-10 23:45:00,0.0,24.6725,24.075,26.215,24.505,26.0475
3934,2014-02-11 00:00:00,0.0,25.0525,24.6725,24.075,26.215,24.505
3935,2014-02-11 00:15:00,0.0,24.7425,25.0525,24.6725,24.075,26.215
3936,2014-02-11 00:30:00,0.0,26.3425,24.7425,25.0525,24.6725,24.075
3937,2014-02-11 00:45:00,0.0,26.24,26.3425,24.7425,25.0525,24.6725
3938,2014-02-11 01:00:00,0.0,25.245,26.24,26.3425,24.7425,25.0525
3939,2014-02-11 01:15:00,0.0,26.0825,25.245,26.24,26.3425,24.7425
3940,2014-02-11 01:30:00,0.0,24.1225,26.0825,25.245,26.24,26.3425
3941,2014-02-11 01:45:00,0.0,25.785,24.1225,26.0825,25.245,26.24
3942,2014-02-11 02:00:00,0.0,24.7025,25.785,24.1225,26.0825,25.245
3943,2014-02-11 02:15:00,0.0,25.3025,24.7025,25.785,24.1225,26.0825
3944,2014-02-11 02:30:00,0.0,25.565,25.3025,24.7025,25.785,24.1225
3945,2014-02-11 02:45:00,0.0,25.6,25.565,25.3025,24.7025,25.785
3946,2014-02-11 03:00:00,0.0,25.2475,25.6,25.565,25.3025,24.7025
3947,2014-02-11 03:15:00,0.0,25.3275,25.2475,25.6,25.565,25.3025
3948,2014-02-11 03:30:00,0.0,25.875,25.3275,25.2475,25.6,25.565
3949,2014-02-11 03:45:00,0.0,25.9725,25.875,25.3275,25.2475,25.6
3950,2014-02-11 04:00:00,0.0,25.7275,25.9725,25.875,25.3275,25.2475
3951,2014-02-11 04:15:00,0.0,25.4025,25.7275,25.9725,25.875,25.3275
3952,2014-02-11 04:30:00,0.0,25.39,25.4025,25.7275,25.9725,25.875
3953,2014-02-11 04:45:00,0.0,26.7375,25.39,25.4025,25.7275,25.9725
3954,2014-02-11 05:00:00,0.0,26.1225,26.7375,25.39,25.4025,25.7275
3955,2014-02-11 05:15:00,0.0,26.1775,26.1225,26.7375,25.39,25.4025
3956,2014-02-11 05:30:00,0.0,27.405,26.1775,26.1225,26.7375,25.39
3957,2014-02-11 05:45:00,0.0,26.63,27.405,26.1775,26.1225,26.7375
3958,2014-02-11 06:00:00,0.0,24.265,26.63,27.405,26.1775,26.1225
3959,2014-02-11 06:15:00,0.0,32.15,24.265,26.63,27.405,26.1775
3960,2014-02-11 06:30:00,0.0,31.75,32.15,24.265,26.63,27.405
3961,2014-02-11 06:45:00,0.0,31.795,31.75,32.15,24.265,26.63
3962,2014-02-11 07:00:00,0.0,31.21,31.795,31.75,32.15,24.265
3963,2014-02-11 07:15:00,0.0,31.595,31.21,31.795,31.75,32.15
3964,2014-02-11 07:30:00,0.0,31.4275,31.595,31.21,31.795,31.75
3965,2014-02-11 07:45:00,0.0,31.3825,31.4275,31.595,31.21,31.795
3966,2014-02-11 08:00:00,0.0,32.0175,31.3825,31.4275,31.595,31.21
3967,2014-02-11 08:15:00,0.0,29.515,32.0175,31.3825,31.4275,31.595
3968,2014-02-11 08:30:00,0.0,32.4475,29.515,32.0175,31.3825,31.4275
3969,2014-02-11 08:45:00,0.0,34.0625,32.4475,29.515,32.0175,31.3825
3970,2014-02-11 09:00:00,0.0,31.805,34.0625,32.4475,29.515,32.0175
3971,2014-02-11 09:15:00,0.0,34.73,31.805,34.0625,32.4475,29.515
3972,2014-02-11 09:30:00,0.0,32.4475,34.73,31.805,34.0625,32.4475
3973,2014-02-11 09:45:00,0.0,34.0675,32.4475,34.73,31.805,34.0625
3974,2014-02-11 10:00:00,0.0,33.5925,34.0675,32.4475,34.73,31.805
3975,2014-02-11 10:15:00,0.0,34.135,33.5925,34.0675,32.4475,34.73
3976,2014-02-11 10:30:00,0.0,34.29,34.135,33.5925,34.0675,32.4475
3977,2014-02-11 10:45:00,0.0,35.0575,34.29,34.135,33.5925,34.0675
3978,2014-02-11 11:00:00,0.0,34.91,35.0575,34.29,34.135,33.5925
3979,2014-02-11 11:15:00,0.0,34.31,34.91,35.0575,34.29,34.135
3980,2014-02-11 11:30:00,0.0,34.3275,34.31,34.91,35.0575,34.29
3981,2014-02-11 11:45:00,0.0,35.4325,34.3275,34.31,34.91,35.0575
3982,2014-02-11 12:00:00,0.0,32.7175,35.4325,34.3275,34.31,34.91
3983,2014-02-11 12:15:00,0.0,37.2,32.7175,35.4325,34.3275,34.31
3984,2014-02-11 12:30:00,0.0,34.9975,37.2,32.7175,35.4325,34.3275
3985,2014-02-11 12:45:00,0.0,36.345,34.9975,37.2,32.7175,35.4325
3986,2014-02-11 13:00:00,0.0,32.435,36.345,34.9975,37.2,32.7175
3987,2014-02-11 13:15:00,0.0,33.88,32.435,36.345,34.9975,37.2
3988,2014-02-11 13:30:00,0.0,31.625,33.88,32.435,36.345,34.9975
3989,2014-02-11 13:45:00,0.0,34.0125,31.625,33.88,32.435,36.345
3990,2014-02-11 14:00:00,0.0,34.1,34.0125,31.625,33.88,32.435
3991,2014-02-11 14:15:00,0.0,34.73,34.1,34.0125,31.625,33.88
3992,2014-02-11 14:30:00,0.0,34.2475,34.73,34.1,34.0125,31.625
3993,2014-02-11 14:45:00,0.0,34.9,34.2475,34.73,34.1,34.0125
3994,2014-02-11 15:00:00,0.0,33.44,34.9,34.2475,34.73,34.1
3995,2014-02-11 15:15:00,0.0,33.505,33.44,34.9,34.2475,34.73
3996,2014-02-11 15:30:00,0.0,33.25,33.505,33.44,34.9,34.2475
3997,2014-02-11 15:45:00,0.0,35.005,33.25,33.505,33.44,34.9
3998,2014-02-11 16:00:00,0.0,35.0025,35.005,33.25,33.505,33.44
3999,2014-02-11 16:15:00,0.0,32.5075,35.0025,35.005,33.25,33.505
4000,2014-02-11 16:30:00,0.0,33.175,32.5075,35.0025,35.005,33.25
4001,2014-02-11 16:45:00,0.0,33.6225,33.175,32.5075,35.0025,35.005
4002,2014-02-11 17:00:00,0.0,33.705,33.6225,33.175,32.5075,35.0025
4003,2014-02-11 17:15:00,0.0,32.5975,33.705,33.6225,33.175,32.5075
4004,2014-02-11 17:30:00,0.0,32.2675,32.5975,33.705,33.6225,33.175
4005,2014-02-11 17:45:00,0.0,34.025,32.2675,32.5975,33.705,33.6225
4006,2014-02-11 18:00:00,0.0,32.7875,34.025,32.2675,32.5975,33.705
4007,2014-02-11 18:15:00,0.0,28.31,32.7875,34.025,32.2675,32.5975
4008,2014-02-11 18:30:00,0.0,30.8425,28.31,32.7875,34.025,32.2675
4009,2014-02-11 18:45:00,0.0,30.545,30.8425,28.31,32.7875,34.025
4010,2014-02-11 19:00:00,0.0,27.94,30.545,30.8425,28.31,32.7875
4011,2014-02-11 19:15:00,0.0,30.765,27.94,30.545,30.8425,28.31
4012,2014-02-11 19:30:00,0.0,28.0275,30.765,27.94,30.545,30.8425
4013,2014-02-11 19:45:00,0.0,28.39,28.0275,30.765,27.94,30.545
4014,2014-02-11 20:00:00,0.0,28.915,28.39,28.0275,30.765,27.94
4015,2014-02-11 20:15:00,0.0,26.59,28.915,28.39,28.0275,30.765
4016,2014-02-11 20:30:00,0.0,29.615,26.59,28.915,28.39,28.0275
4017,2014-02-11 20:45:00,0.0,29.035,29.615,26.59,28.915,28.39
4018,2014-02-11 21:00:00,0.0,28.7075,29.035,29.615,26.59,28.915
4019,2014-02-11 21:15:00,0.0,26.63,28.7075,29.035,29.615,26.59
4020,2014-02-11 21:30:00,0.0,26.8525,26.63,28.7075,29.035,29.615
4021,2014-02-11 21:45:00,0.0,27.035,26.8525,26.63,28.7075,29.035
4022,2014-02-11 22:00:00,0.0,24.92,27.035,26.8525,26.63,28.7075
4023,2014-02-11 22:15:00,0.0,27.1575,24.92,27.035,26.8525,26.63
4024,2014-02-11 22:30:00,0.0,25.075,27.1575,24.92,27.035,26.8525
4025,2014-02-11 22:45:00,0.0,25.54,25.075,27.1575,24.92,27.035
4026,2014-02-11 23:00:00,0.0,24.8025,25.54,25.075,27.1575,24.92
4027,2014-02-11 23:15:00,0.0,24.3025,24.8025,25.54,25.075,27.1575
4028,2014-02-11 23:30:00,0.0,25.4825,24.3025,24.8025,25.54,25.075
4029,2014-02-11 23:45:00,0.0,24.4475,25.4825,24.3025,24.8025,25.54
4030,2014-02-12 00:00:00,0.0,26.4375,24.4475,25.4825,24.3025,24.8025
4031,2014-02-12 00:15:00,0.0,24.9225,26.4375,24.4475,25.4825,24.3025
4032,2014-02-12 00:30:00,0.0,24.7225,24.9225,26.4375,24.4475,25.4825
4033,2014-02-12 00:45:00,0.0,25.6825,24.7225,24.9225,26.4375,24.4475
4034,2014-02-12 01:00:00,0.0,23.9575,25.6825,24.7225,24.9225,26.4375
4035,2014-02-12 01:15:00,0.0,24.8325,23.9575,25.6825,24.7225,24.9225
4036,2014-02-12 01:30:00,0.0,26.29,24.8325,23.9575,25.6825,24.7225
4037,2014-02-12 01:45:00,0.0,25.6225,26.29,24.8325,23.9575,25.6825
4038,2014-02-12 02:00:00,0.0,25.43,25.6225,26.29,24.8325,23.9575
4039,2014-02-12 02:15:00,0.0,25.1725,25.43,25.6225,26.29,24.8325
4040,2014-02-12 02:30:00,0.0,23.7825,25.1725,25.43,25.6225,26.29
4041,2014-02-12 02:45:00,0.0,25.5825,23.7825,25.1725,25.43,25.6225
4042,2014-02-12 03:00:00,0.0,25.9625,25.5825,23.7825,25.1725,25.43
4043,2014-02-12 03:15:00,0.0,26.8625,25.9625,25.5825,23.7825,25.1725
4044,2014-02-12 03:30:00,0.0,25.875,26.8625,25.9625,25.5825,23.7825
4045,2014-02-12 03:45:00,0.0,26.94,25.875,26.8625,25.9625,25.5825
4046,2014-02-12 04:00:00,0.0,25.25,26.94,25.875,26.8625,25.9625
4047,2014-02-12 04:15:00,0.0,24.555,25.25,26.94,25.875,26.8625
4048,2014-02-12 04:30:00,0.0,26.9375,24.555,25.25,26.94,25.875
4049,2014-02-12 04:45:00,0.0,26.1175,26.9375,24.555,25.25,26.94
4050,2014-02-12 05:00:00,0.0,26.67,26.1175,26.9375,24.555,25.25
4051,2014-02-12 05:15:00,0.0,26.5225,26.67,26.1175,26.9375,24.555
4052,2014-02-12 05:30:00,0.0,25.59,26.5225,26.67,26.1175,26.9375
4053,2014-02-12 05:45:00,0.0,26.6975,25.59,26.5225,26.67,26.1175
4054,2014-02-12 06:00:00,0.0,26.06,26.6975,25.59,26.5225,26.67
4055,2014-02-12 06:15:00,0.0,29.3325,26.06,26.6975,25.59,26.5225
4056,2014-02-12 06:30:00,0.0,32.505,29.3325,26.06,26.6975,25.59
4057,2014-02-12 06:45:00,0.0,32.535,32.505,29.3325,26.06,26.6975
4058,2014-02-12 07:00:00,0.0,28.1975,32.535,32.505,29.3325,26.06
4059,2014-02-12 07:15:00,0.0,29.58,28.1975,32.535,32.505,29.3325
4060,2014-02-12 07:30:00,0.0,30.205,29.58,28.1975,32.535,32.505
4061,2014-02-12 07:45:00,0.0,30.835,30.205,29.58,28.1975,32.535
4062,2014-02-12 08:00:00,0.0,31.42,30.835,30.205,29.58,28.1975
4063,2014-02-12 08:15:00,0.0,29.8325,31.42,30.835,30.205,29.58
4064,2014-02-12 08:30:00,0.0,30.835,29.8325,31.42,30.835,30.205
4065,2014-02-12 08:45:00,0.0,33.1975,30.835,29.8325,31.42,30.835
4066,2014-02-12 09:00:00,0.0,30.9375,33.1975,30.835,29.8325,31.42
4067,2014-02-12 09:15:00,0.0,33.02,30.9375,33.1975,30.835,29.8325
4068,2014-02-12 09:30:00,0.0,34.7875,33.02,30.9375,33.1975,30.835
4069,2014-02-12 09:45:00,0.0,34.995,34.7875,33.02,30.9375,33.1975
4070,2014-02-12 10:00:00,0.0,33.7125,34.995,34.7875,33.02,30.9375
4071,2014-02-12 10:15:00,0.0,33.985,33.7125,34.995,34.7875,33.02
4072,2014-02-12 10:30:00,0.0,36.15,33.985,33.7125,34.995,34.7875
4073,2014-02-12 10:45:00,0.0,36.3,36.15,33.985,33.7125,34.995
4074,2014-02-12 11:00:00,0.0,35.265,36.3,36.15,33.985,33.7125
4075,2014-02-12 11:15:00,0.0,36.8325,35.265,36.3,36.15,33.985
4076,2014-02-12 11:30:00,0.0,34.8875,36.8325,35.265,36.3,36.15
4077,2014-02-12 11:45:00,0.0,35.0975,34.8875,36.8325,35.265,36.3
4078,2014-02-12 12:00:00,0.0,36.4925,35.0975,34.8875,36.8325,35.265
4079,2014-02-12 12:15:00,0.0,35.535,36.4925,35.0975,34.8875,36.8325
4080,2014-02-12 12:30:00,0.0,36.76,35.535,36.4925,35.0975,34.8875
4081,2014-02-12 12:45:00,0.0,33.77,36.76,35.535,36.4925,35.0975
4082,2014-02-12 13:00:00,0.0,34.98,33.77,36.76,35.535,36.4925
4083,2014-02-12 13:15:00,0.0,33.595,34.98,33.77,36.76,35.535
4084,2014-02-12 13:30:00,0.0,34.4875,33.595,34.98,33.77,36.76
4085,2014-02-12 13:45:00,0.0,34.095,34.4875,33.595,34.98,33.77
4086,2014-02-12 14:00:00,0.0,36.2,34.095,34.4875,33.595,34.98
4087,2014-02-12 14:15:00,0.0,36.0325,36.2,34.095,34.4875,33.595
4088,2014-02-12 14:30:00,0.0,36.18,36.0325,36.2,34.095,34.4875
4089,2014-02-12 14:45:00,0.0,37.3675,36.18,36.0325,36.2,34.095
4090,2014-02-12 15:00:00,0.0,37.735,37.3675,36.18,36.0325,36.2
4091,2014-02-12 15:15:00,0.0,35.415,37.735,37.3675,36.18,36.0325
4092,2014-02-12 15:30:00,0.0,34.5625,35.415,37.735,37.3675,36.18
4093,2014-02-12 15:45:00,0.0,34.58,34.5625,35.415,37.735,37.3675
4094,2014-02-12 16:00:00,0.0,34.46,34.58,34.5625,35.415,37.735
4095,2014-02-12 16:15:00,0.0,35.03,34.46,34.58,34.5625,35.415
4096,2014-02-12 16:30:00,0.0,32.8,35.03,34.46,34.58,34.5625
4097,2014-02-12 16:45:00,0.0,37.6625,32.8,35.03,34.46,34.58
4098,2014-02-12 17:00:00,0.0,34.095,37.6625,32.8,35.03,34.46
4099,2014-02-12 17:15:00,0.0,32.4,34.095,37.6625,32.8,35.03
4100,2014-02-12 17:30:00,0.0,34.0075,32.4,34.095,37.6625,32.8
4101,2014-02-12 17:45:00,0.0,33.2375,34.0075,32.4,34.095,37.6625
4102,2014-02-12 18:00:00,0.0,33.6225,33.2375,34.0075,32.4,34.095
4103,2014-02-12 18:15:00,0.0,31.93,33.6225,33.2375,34.0075,32.4
4104,2014-02-12 18:30:00,0.0,28.8175,31.93,33.6225,33.2375,34.0075
4105,2014-02-12 18:45:00,0.0,30.4275,28.8175,31.93,33.6225,33.2375
4106,2014-02-12 19:00:00,0.0,29.4575,30.4275,28.8175,31.93,33.6225
4107,2014-02-12 19:15:00,0.0,29.4875,29.4575,30.4275,28.8175,31.93
4108,2014-02-12 19:30:00,0.0,29.21,29.4875,29.4575,30.4275,28.8175
4109,2014-02-12 19:45:00,0.0,31.54,29.21,29.4875,29.4575,30.4275
4110,2014-02-12 20:00:00,0.0,29.88,31.54,29.21,29.4875,29.4575
4111,2014-02-12 20:15:00,0.0,28.71,29.88,31.54,29.21,29.4875
4112,2014-02-12 20:30:00,0.0,29.825,28.71,29.88,31.54,29.21
4113,2014-02-12 20:45:00,0.0,29.0125,29.825,28.71,29.88,31.54
4114,2014-02-12 21:00:00,0.0,28.8025,29.0125,29.825,28.71,29.88
4115,2014-02-12 21:15:00,0.0,26.625,28.8025,29.0125,29.825,28.71
4116,2014-02-12 21:30:00,0.0,28.025,26.625,28.8025,29.0125,29.825
4117,2014-02-12 21:45:00,0.0,27.7575,28.025,26.625,28.8025,29.0125
4118,2014-02-12 22:00:00,0.0,27.055,27.7575,28.025,26.625,28.8025
4119,2014-02-12 22:15:00,0.0,26.235,27.055,27.7575,28.025,26.625
4120,2014-02-12 22:30:00,0.0,24.635,26.235,27.055,27.7575,28.025
4121,2014-02-12 22:45:00,0.0,24.485,24.635,26.235,27.055,27.7575
4122,2014-02-12 23:00:00,0.0,26.3675,24.485,24.635,26.235,27.055
4123,2014-02-12 23:15:00,0.0,22.225,26.3675,24.485,24.635,26.235
4124,2014-02-12 23:30:00,0.0,25.8075,22.225,26.3675,24.485,24.635
4125,2014-02-12 23:45:00,0.0,25.37,25.8075,22.225,26.3675,24.485
4126,2014-02-13 00:00:00,0.0,24.365,25.37,25.8075,22.225,26.3675
4127,2014-02-13 00:15:00,0.0,25.14,24.365,25.37,25.8075,22.225
4128,2014-02-13 00:30:00,0.0,22.18,25.14,24.365,25.37,25.8075
4129,2014-02-13 00:45:00,0.0,27.015,22.18,25.14,24.365,25.37
4130,2014-02-13 01:00:00,0.0,25.1475,27.015,22.18,25.14,24.365
4131,2014-02-13 01:15:00,0.0,26.4125,25.1475,27.015,22.18,25.14
4132,2014-02-13 01:30:00,0.0,24.65,26.4125,25.1475,27.015,22.18
4133,2014-02-13 01:45:00,0.0,25.61,24.65,26.4125,25.1475,27.015
4134,2014-02-13 02:00:00,0.0,24.8325,25.61,24.65,26.4125,25.1475
4135,2014-02-13 02:15:00,0.0,24.1975,24.8325,25.61,24.65,26.4125
4136,2014-02-13 02:30:00,0.0,23.6375,24.1975,24.8325,25.61,24.65
4137,2014-02-13 02:45:00,0.0,25.58,23.6375,24.1975,24.8325,25.61
4138,2014-02-13 03:00:00,0.0,24.7725,25.58,23.6375,24.1975,24.8325
4139,2014-02-13 03:15:00,0.0,25.4725,24.7725,25.58,23.6375,24.1975
4140,2014-02-13 03:30:00,0.0,23.755,25.4725,24.7725,25.58,23.6375
4141,2014-02-13 03:45:00,0.0,25.6525,23.755,25.4725,24.7725,25.58
4142,2014-02-13 04:00:00,0.0,25.4125,25.6525,23.755,25.4725,24.7725
4143,2014-02-13 04:15:00,0.0,28.0475,25.4125,25.6525,23.755,25.4725
4144,2014-02-13 04:30:00,0.0,26.68,28.0475,25.4125,25.6525,23.755
4145,2014-02-13 04:45:00,0.0,24.9325,26.68,28.0475,25.4125,25.6525
4146,2014-02-13 05:00:00,0.0,25.46,24.9325,26.68,28.0475,25.4125
4147,2014-02-13 05:15:00,0.0,24.8825,25.46,24.9325,26.68,28.0475
4148,2014-02-13 05:30:00,0.0,26.975,24.8825,25.46,24.9325,26.68
4149,2014-02-13 05:45:00,0.0,26.57,26.975,24.8825,25.46,24.9325
4150,2014-02-13 06:00:00,0.0,28.1525,26.57,26.975,24.8825,25.46
4151,2014-02-13 06:15:00,0.0,30.3825,28.1525,26.57,26.975,24.8825
4152,2014-02-13 06:30:00,0.0,31.5175,30.3825,28.1525,26.57,26.975
4153,2014-02-13 06:45:00,0.0,30.8275,31.5175,30.3825,28.1525,26.57
4154,2014-02-13 07:00:00,0.0,31.16,30.8275,31.5175,30.3825,28.1525
4155,2014-02-13 07:15:00,0.0,29.2425,31.16,30.8275,31.5175,30.3825
4156,2014-02-13 07:30:00,0.0,31.74,29.2425,31.16,30.8275,31.5175
4157,2014-02-13 07:45:00,0.0,29.355,31.74,29.2425,31.16,30.8275
4158,2014-02-13 08:00:00,0.0,30.855,29.355,31.74,29.2425,31.16
4159,2014-02-13 08:15:00,0.0,30.585,30.855,29.355,31.74,29.2425
4160,2014-02-13 08:30:00,0.0,30.745,30.585,30.855,29.355,31.74
4161,2014-02-13 08:45:00,0.0,31.035,30.745,30.585,30.855,29.355
4162,2014-02-13 09:00:00,0.0,31.4225,31.035,30.745,30.585,30.855
4163,2014-02-13 09:15:00,0.0,32.345,31.4225,31.035,30.745,30.585
4164,2014-02-13 09:30:00,0.0,32.9425,32.345,31.4225,31.035,30.745
4165,2014-02-13 09:45:00,0.0,34.195,32.9425,32.345,31.4225,31.035
4166,2014-02-13 10:00:00,0.0,33.5025,34.195,32.9425,32.345,31.4225
4167,2014-02-13 10:15:00,0.0,33.69,33.5025,34.195,32.9425,32.345
4168,2014-02-13 10:30:00,0.0,32.285,33.69,33.5025,34.195,32.9425
4169,2014-02-13 10:45:00,0.0,34.7725,32.285,33.69,33.5025,34.195
4170,2014-02-13 11:00:00,0.0,32.56,34.7725,32.285,33.69,33.5025
4171,2014-02-13 11:15:00,0.0,34.8425,32.56,34.7725,32.285,33.69
4172,2014-02-13 11:30:00,0.0,34.17,34.8425,32.56,34.7725,32.285
4173,2014-02-13 11:45:00,0.0,33.175,34.17,34.8425,32.56,34.7725
4174,2014-02-13 12:00:00,0.0,35.5825,33.175,34.17,34.8425,32.56
4175,2014-02-13 12:15:00,0.0,35.585,35.5825,33.175,34.17,34.8425
4176,2014-02-13 12:30:00,0.0,35.98,35.585,35.5825,33.175,34.17
4177,2014-02-13 12:45:00,0.0,35.485,35.98,35.585,35.5825,33.175
4178,2014-02-13 13:00:00,0.0,37.6075,35.485,35.98,35.585,35.5825
4179,2014-02-13 13:15:00,0.0,34.1,37.6075,35.485,35.98,35.585
4180,2014-02-13 13:30:00,0.0,36.4675,34.1,37.6075,35.485,35.98
4181,2014-02-13 13:45:00,0.0,39.635,36.4675,34.1,37.6075,35.485
4182,2014-02-13 14:00:00,0.0,38.775,39.635,36.4675,34.1,37.6075
4183,2014-02-13 14:15:00,0.0,36.6,38.775,39.635,36.4675,34.1
4184,2014-02-13 14:30:00,0.0,38.4675,36.6,38.775,39.635,36.4675
4185,2014-02-13 14:45:00,0.0,42.385,38.4675,36.6,38.775,39.635
4186,2014-02-13 15:00:00,0.0,37.62,42.385,38.4675,36.6,38.775
4187,2014-02-13 15:15:00,0.0,40.7425,37.62,42.385,38.4675,36.6
4188,2014-02-13 15:30:00,0.0,38.7025,40.7425,37.62,42.385,38.4675
4189,2014-02-13 15:45:00,0.0,41.95,38.7025,40.7425,37.62,42.385
4190,2014-02-13 16:00:00,0.0,41.8375,41.95,38.7025,40.7425,37.62
4191,2014-02-13 16:15:00,0.0,38.715,41.8375,41.95,38.7025,40.7425
4192,2014-02-13 16:30:00,0.0,34.8575,38.715,41.8375,41.95,38.7025
4193,2014-02-13 16:45:00,0.0,37.32,34.8575,38.715,41.8375,41.95
4194,2014-02-13 17:00:00,0.0,34.56,37.32,34.8575,38.715,41.8375
4195,2014-02-13 17:15:00,0.0,35.7,34.56,37.32,34.8575,38.715
4196,2014-02-13 17:30:00,0.0,35.5775,35.7,34.56,37.32,34.8575
4197,2014-02-13 17:45:00,0.0,33.49,35.5775,35.7,34.56,37.32
4198,2014-02-13 18:00:00,0.0,32.3975,33.49,35.5775,35.7,34.56
4199,2014-02-13 18:15:00,0.0,32.65,32.3975,33.49,35.5775,35.7
4200,2014-02-13 18:30:00,0.0,31.4125,32.65,32.3975,33.49,35.5775
4201,2014-02-13 18:45:00,0.0,31.4075,31.4125,32.65,32.3975,33.49
4202,2014-02-13 19:00:00,0.0,30.1325,31.4075,31.4125,32.65,32.3975
4203,2014-02-13 19:15:00,0.0,30.955,30.1325,31.4075,31.4125,32.65
4204,2014-02-13 19:30:00,0.0,28.3875,30.955,30.1325,31.4075,31.4125
4205,2014-02-13 19:45:00,0.0,29.9975,28.3875,30.955,30.1325,31.4075
4206,2014-02-13 20:00:00,0.0,28.8875,29.9975,28.3875,30.955,30.1325
4207,2014-02-13 20:15:00,0.0,30.0775,28.8875,29.9975,28.3875,30.955
4208,2014-02-13 20:30:00,0.0,29.2125,30.0775,28.8875,29.9975,28.3875
4209,2014-02-13 20:45:00,0.0,28.86,29.2125,30.0775,28.8875,29.9975
4210,2014-02-13 21:00:00,0.0,29.005,28.86,29.2125,30.0775,28.8875
4211,2014-02-13 21:15:00,0.0,29.415,29.005,28.86,29.2125,30.0775
4212,2014-02-13 21:30:00,0.0,29.21,29.415,29.005,28.86,29.2125
4213,2014-02-13 21:45:00,0.0,27.075,29.21,29.415,29.005,28.86
4214,2014-02-13 22:00:00,0.0,28.4675,27.075,29.21,29.415,29.005
4215,2014-02-13 22:15:00,0.0,24.975,28.4675,27.075,29.21,29.415
4216,2014-02-13 22:30:00,0.0,27.0225,24.975,28.4675,27.075,29.21
4217,2014-02-13 22:45:00,0.0,26.7825,27.0225,24.975,28.4675,27.075
4218,2014-02-13 23:00:00,0.0,25.535,26.7825,27.0225,24.975,28.4675
4219,2014-02-13 23:15:00,0.0,24.5875,25.535,26.7825,27.0225,24.975
4220,2014-02-13 23:30:00,0.0,25.94,24.5875,25.535,26.7825,27.0225
4221,2014-02-13 23:45:00,0.0,27.06,25.94,24.5875,25.535,26.7825
4222,2014-02-14 00:00:00,0.0,26.0225,27.06,25.94,24.5875,25.535
4223,2014-02-14 00:15:00,0.0,27.485,26.0225,27.06,25.94,24.5875
4224,2014-02-14 00:30:00,0.0,26.08,27.485,26.0225,27.06,25.94
4225,2014-02-14 00:45:00,0.0,25.62,26.08,27.485,26.0225,27.06
4226,2014-02-14 01:00:00,0.0,25.3975,25.62,26.08,27.485,26.0225
4227,2014-02-14 01:15:00,0.0,26.1925,25.3975,25.62,26.08,27.485
4228,2014-02-14 01:30:00,0.0,25.7425,26.1925,25.3975,25.62,26.08
4229,2014-02-14 01:45:00,0.0,26.885,25.7425,26.1925,25.3975,25.62
4230,2014-02-14 02:00:00,0.0,27.6175,26.885,25.7425,26.1925,25.3975
4231,2014-02-14 02:15:00,0.0,25.705,27.6175,26.885,25.7425,26.1925
4232,2014-02-14 02:30:00,0.0,26.6975,25.705,27.6175,26.885,25.7425
4233,2014-02-14 02:45:00,0.0,26.8725,26.6975,25.705,27.6175,26.885
4234,2014-02-14 03:00:00,0.0,22.7925,26.8725,26.6975,25.705,27.6175
4235,2014-02-14 03:15:00,0.0,25.08,22.7925,26.8725,26.6975,25.705
4236,2014-02-14 03:30:00,0.0,28.035,25.08,22.7925,26.8725,26.6975
4237,2014-02-14 03:45:00,0.0,27.37,28.035,25.08,22.7925,26.8725
4238,2014-02-14 04:00:00,0.0,27.025,27.37,28.035,25.08,22.7925
4239,2014-02-14 04:15:00,0.0,27.6775,27.025,27.37,28.035,25.08
4240,2014-02-14 04:30:00,0.0,26.14,27.6775,27.025,27.37,28.035
4241,2014-02-14 04:45:00,0.0,25.3125,26.14,27.6775,27.025,27.37
4242,2014-02-14 05:00:00,0.0,27.9075,25.3125,26.14,27.6775,27.025
4243,2014-02-14 05:15:00,0.0,28.315,27.9075,25.3125,26.14,27.6775
4244,2014-02-14 05:30:00,0.0,26.83,28.315,27.9075,25.3125,26.14
4245,2014-02-14 05:45:00,0.0,28.1575,26.83,28.315,27.9075,25.3125
4246,2014-02-14 06:00:00,0.0,27.355,28.1575,26.83,28.315,27.9075
4247,2014-02-14 06:15:00,0.0,29.8075,27.355,28.1575,26.83,28.315
4248,2014-02-14 06:30:00,0.0,29.62,29.8075,27.355,28.1575,26.83
4249,2014-02-14 06:45:00,0.0,31.0975,29.62,29.8075,27.355,28.1575
4250,2014-02-14 07:00:00,0.0,32.63,31.0975,29.62,29.8075,27.355
4251,2014-02-14 07:15:00,0.0,32.165,32.63,31.0975,29.62,29.8075
4252,2014-02-14 07:30:00,0.0,28.485,32.165,32.63,31.0975,29.62
4253,2014-02-14 07:45:00,0.0,30.775,28.485,32.165,32.63,31.0975
4254,2014-02-14 08:00:00,0.0,29.5925,30.775,28.485,32.165,32.63
4255,2014-02-14 08:15:00,0.0,30.9075,29.5925,30.775,28.485,32.165
4256,2014-02-14 08:30:00,0.0,33.2725,30.9075,29.5925,30.775,28.485
4257,2014-02-14 08:45:00,0.0,33.865,33.2725,30.9075,29.5925,30.775
4258,2014-02-14 09:00:00,0.0,34.0225,33.865,33.2725,30.9075,29.5925
4259,2014-02-14 09:15:00,0.0,33.765,34.0225,33.865,33.2725,30.9075
4260,2014-02-14 09:30:00,0.0,31.8725,33.765,34.0225,33.865,33.2725
4261,2014-02-14 09:45:00,0.0,35.0775,31.8725,33.765,34.0225,33.865
4262,2014-02-14 10:00:00,0.0,35.51,35.0775,31.8725,33.765,34.0225
4263,2014-02-14 10:15:00,0.0,34.5575,35.51,35.0775,31.8725,33.765
4264,2014-02-14 10:30:00,0.0,34.6525,34.5575,35.51,35.0775,31.8725
4265,2014-02-14 10:45:00,0.0,36.6375,34.6525,34.5575,35.51,35.0775
4266,2014-02-14 11:00:00,0.0,33.4225,36.6375,34.6525,34.5575,35.51
4267,2014-02-14 11:15:00,0.0,32.015,33.4225,36.6375,34.6525,34.5575
4268,2014-02-14 11:30:00,0.0,32.8275,32.015,33.4225,36.6375,34.6525
4269,2014-02-14 11:45:00,0.0,32.7075,32.8275,32.015,33.4225,36.6375
4270,2014-02-14 12:00:00,0.0,34.2975,32.7075,32.8275,32.015,33.4225
4271,2014-02-14 12:15:00,0.0,32.2275,34.2975,32.7075,32.8275,32.015
4272,2014-02-14 12:30:00,0.0,35.8175,32.2275,34.2975,32.7075,32.8275
4273,2014-02-14 12:45:00,0.0,37.7625,35.8175,32.2275,34.2975,32.7075
4274,2014-02-14 13:00:00,0.0,36.6925,37.7625,35.8175,32.2275,34.2975
4275,2014-02-14 13:15:00,0.0,34.265,36.6925,37.7625,35.8175,32.2275
4276,2014-02-14 13:30:00,0.0,34.8825,34.265,36.6925,37.7625,35.8175
4277,2014-02-14 13:45:00,0.0,35.2925,34.8825,34.265,36.6925,37.7625
4278,2014-02-14 14:00:00,0.0,36.46,35.2925,34.8825,34.265,36.6925
4279,2014-02-14 14:15:00,0.0,35.935,36.46,35.2925,34.8825,34.265
4280,2014-02-14 14:30:00,0.0,35.79,35.935,36.46,35.2925,34.8825
4281,2014-02-14 14:45:00,0.0,37.255,35.79,35.935,36.46,35.2925
4282,2014-02-14 15:00:00,0.0,36.49,37.255,35.79,35.935,36.46
4283,2014-02-14 15:15:00,0.0,35.495,36.49,37.255,35.79,35.935
4284,2014-02-14 15:30:00,0.0,35.01,35.495,36.49,37.255,35.79
4285,2014-02-14 15:45:00,0.0,36.48,35.01,35.495,36.49,37.255
4286,2014-02-14 16:00:00,0.0,35.5625,36.48,35.01,35.495,36.49
4287,2014-02-14 16:15:00,0.0,35.9925,35.5625,36.48,35.01,35.495
4288,2014-02-14 16:30:00,0.0,36.6625,35.9925,35.5625,36.48,35.01
4289,2014-02-14 16:45:00,0.0,36.32,36.6625,35.9925,35.5625,36.48
4290,2014-02-14 17:00:00,0.0,34.9275,36.32,36.6625,35.9925,35.5625
4291,2014-02-14 17:15:00,0.0,33.0575,34.9275,36.32,36.6625,35.9925
4292,2014-02-14 17:30:00,0.0,32.3175,33.0575,34.9275,36.32,36.6625
4293,2014-02-14 17:45:00,0.0,32.94,32.3175,33.0575,34.9275,36.32
4294,2014-02-14 18:00:00,0.0,32.815,32.94,32.3175,33.0575,34.9275
4295,2014-02-14 18:15:00,0.0,32.0775,32.815,32.94,32.3175,33.0575
4296,2014-02-14 18:30:00,0.0,29.11,32.0775,32.815,32.94,32.3175
4297,2014-02-14 18:45:00,0.0,30.08,29.11,32.0775,32.815,32.94
4298,2014-02-14 19:00:00,0.0,27.8025,30.08,29.11,32.0775,32.815
4299,2014-02-14 19:15:00,0.0,28.985,27.8025,30.08,29.11,32.0775
4300,2014-02-14 19:30:00,0.0,29.22,28.985,27.8025,30.08,29.11
4301,2014-02-14 19:45:00,0.0,30.56,29.22,28.985,27.8025,30.08
4302,2014-02-14 20:00:00,0.0,28.31,30.56,29.22,28.985,27.8025
4303,2014-02-14 20:15:00,0.0,28.66,28.31,30.56,29.22,28.985
4304,2014-02-14 20:30:00,0.0,27.3525,28.66,28.31,30.56,29.22
4305,2014-02-14 20:45:00,0.0,28.7275,27.3525,28.66,28.31,30.56
4306,2014-02-14 21:00:00,0.0,29.32,28.7275,27.3525,28.66,28.31
4307,2014-02-14 21:15:00,0.0,28.63,29.32,28.7275,27.3525,28.66
4308,2014-02-14 21:30:00,0.0,26.085,28.63,29.32,28.7275,27.3525
4309,2014-02-14 21:45:00,0.0,27.7975,26.085,28.63,29.32,28.7275
4310,2014-02-14 22:00:00,0.0,26.4975,27.7975,26.085,28.63,29.32
4311,2014-02-14 22:15:00,0.0,24.525,26.4975,27.7975,26.085,28.63
4312,2014-02-14 22:30:00,0.0,25.7875,24.525,26.4975,27.7975,26.085
4313,2014-02-14 22:45:00,0.0,25.15,25.7875,24.525,26.4975,27.7975
4314,2014-02-14 23:00:00,0.0,25.22,25.15,25.7875,24.525,26.4975
4315,2014-02-14 23:15:00,0.0,25.85,25.22,25.15,25.7875,24.525
4316,2014-02-14 23:30:00,0.0,24.7175,25.85,25.22,25.15,25.7875
4317,2014-02-14 23:45:00,0.0,24.15,24.7175,25.85,25.22,25.15
4318,2014-02-15 00:00:00,0.0,25.035,24.15,24.7175,25.85,25.22
4319,2014-02-15 00:15:00,0.0,24.2925,25.035,24.15,24.7175,25.85
4320,2014-02-15 00:30:00,0.0,24.0625,24.2925,25.035,24.15,24.7175
4321,2014-02-15 00:45:00,0.0,25.745,24.0625,24.2925,25.035,24.15
4322,2014-02-15 01:00:00,0.0,24.7525,25.745,24.0625,24.2925,25.035
4323,2014-02-15 01:15:00,0.0,25.7525,24.7525,25.745,24.0625,24.2925
4324,2014-02-15 01:30:00,0.0,24.7375,25.7525,24.7525,25.745,24.0625
4325,2014-02-15 01:45:00,0.0,25.2575,24.7375,25.7525,24.7525,25.745
4326,2014-02-15 02:00:00,0.0,25.5275,25.2575,24.7375,25.7525,24.7525
4327,2014-02-15 02:15:00,0.0,24.0425,25.5275,25.2575,24.7375,25.7525
4328,2014-02-15 02:30:00,0.0,25.0925,24.0425,25.5275,25.2575,24.7375
4329,2014-02-15 02:45:00,0.0,26.83,25.0925,24.0425,25.5275,25.2575
4330,2014-02-15 03:00:00,0.0,26.17,26.83,25.0925,24.0425,25.5275
4331,2014-02-15 03:15:00,0.0,23.895,26.17,26.83,25.0925,24.0425
4332,2014-02-15 03:30:00,0.0,24.0325,23.895,26.17,26.83,25.0925
4333,2014-02-15 03:45:00,0.0,24.7625,24.0325,23.895,26.17,26.83
4334,2014-02-15 04:00:00,0.0,23.855,24.7625,24.0325,23.895,26.17
4335,2014-02-15 04:15:00,0.0,24.355,23.855,24.7625,24.0325,23.895
4336,2014-02-15 04:30:00,0.0,25.425,24.355,23.855,24.7625,24.0325
4337,2014-02-15 04:45:00,0.0,25.9525,25.425,24.355,23.855,24.7625
4338,2014-02-15 05:00:00,0.0,25.25,25.9525,25.425,24.355,23.855
4339,2014-02-15 05:15:00,0.0,24.385,25.25,25.9525,25.425,24.355
4340,2014-02-15 05:30:00,0.0,24.215,24.385,25.25,25.9525,25.425
4341,2014-02-15 05:45:00,0.0,25.9575,24.215,24.385,25.25,25.9525
4342,2014-02-15 06:00:00,0.0,26.28,25.9575,24.215,24.385,25.25
4343,2014-02-15 06:15:00,0.0,22.4625,26.28,25.9575,24.215,24.385
4344,2014-02-15 06:30:00,0.0,26.3125,22.4625,26.28,25.9575,24.215
4345,2014-02-15 06:45:00,0.0,27.3875,26.3125,22.4625,26.28,25.9575
4346,2014-02-15 07:00:00,0.0,26.2675,27.3875,26.3125,22.4625,26.28
4347,2014-02-15 07:15:00,0.0,24.8625,26.2675,27.3875,26.3125,22.4625
4348,2014-02-15 07:30:00,0.0,27.4475,24.8625,26.2675,27.3875,26.3125
4349,2014-02-15 07:45:00,0.0,26.76,27.4475,24.8625,26.2675,27.3875
4350,2014-02-15 08:00:00,0.0,26.8375,26.76,27.4475,24.8625,26.2675
4351,2014-02-15 08:15:00,0.0,23.29,26.8375,26.76,27.4475,24.8625
4352,2014-02-15 08:30:00,0.0,24.985,23.29,26.8375,26.76,27.4475
4353,2014-02-15 08:45:00,0.0,25.975,24.985,23.29,26.8375,26.76
4354,2014-02-15 09:00:00,0.0,25.73,25.975,24.985,23.29,26.8375
4355,2014-02-15 09:15:00,0.0,25.94,25.73,25.975,24.985,23.29
4356,2014-02-15 09:30:00,0.0,27.1075,25.94,25.73,25.975,24.985
4357,2014-02-15 09:45:00,0.0,26.6425,27.1075,25.94,25.73,25.975
4358,2014-02-15 10:00:00,0.0,24.125,26.6425,27.1075,25.94,25.73
4359,2014-02-15 10:15:00,0.0,26.2525,24.125,26.6425,27.1075,25.94
4360,2014-02-15 10:30:00,0.0,24.5325,26.2525,24.125,26.6425,27.1075
4361,2014-02-15 10:45:00,0.0,26.1675,24.5325,26.2525,24.125,26.6425
4362,2014-02-15 11:00:00,0.0,25.81,26.1675,24.5325,26.2525,24.125
4363,2014-02-15 11:15:00,0.0,26.425,25.81,26.1675,24.5325,26.2525
4364,2014-02-15 11:30:00,0.0,25.635,26.425,25.81,26.1675,24.5325
4365,2014-02-15 11:45:00,0.0,26.605,25.635,26.425,25.81,26.1675
4366,2014-02-15 12:00:00,0.0,26.0825,26.605,25.635,26.425,25.81
4367,2014-02-15 12:15:00,0.0,27.42,26.0825,26.605,25.635,26.425
4368,2014-02-15 12:30:00,0.0,25.51,27.42,26.0825,26.605,25.635
4369,2014-02-15 12:45:00,0.0,25.955,25.51,27.42,26.0825,26.605
4370,2014-02-15 13:00:00,0.0,25.6375,25.955,25.51,27.42,26.0825
4371,2014-02-15 13:15:00,0.0,26.4075,25.6375,25.955,25.51,27.42
4372,2014-02-15 13:30:00,0.0,24.4825,26.4075,25.6375,25.955,25.51
4373,2014-02-15 13:45:00,0.0,25.6875,24.4825,26.4075,25.6375,25.955
4374,2014-02-15 14:00:00,0.0,25.3825,25.6875,24.4825,26.4075,25.6375
4375,2014-02-15 14:15:00,0.0,24.7625,25.3825,25.6875,24.4825,26.4075
4376,2014-02-15 14:30:00,0.0,24.8075,24.7625,25.3825,25.6875,24.4825
4377,2014-02-15 14:45:00,0.0,27.1725,24.8075,24.7625,25.3825,25.6875
4378,2014-02-15 15:00:00,0.0,26.6525,27.1725,24.8075,24.7625,25.3825
4379,2014-02-15 15:15:00,0.0,26.1275,26.6525,27.1725,24.8075,24.7625
4380,2014-02-15 15:30:00,0.0,23.87,26.1275,26.6525,27.1725,24.8075
4381,2014-02-15 15:45:00,0.0,27.15,23.87,26.1275,26.6525,27.1725
4382,2014-02-15 16:00:00,0.0,25.3625,27.15,23.87,26.1275,26.6525
4383,2014-02-15 16:15:00,0.0,23.4925,25.3625,27.15,23.87,26.1275
4384,2014-02-15 16:30:00,0.0,26.2775,23.4925,25.3625,27.15,23.87
4385,2014-02-15 16:45:00,0.0,26.44,26.2775,23.4925,25.3625,27.15
4386,2014-02-15 17:00:00,0.0,27.0325,26.44,26.2775,23.4925,25.3625
4387,2014-02-15 17:15:00,0.0,23.9375,27.0325,26.44,26.2775,23.4925
4388,2014-02-15 17:30:00,0.0,27.2975,23.9375,27.0325,26.44,26.2775
4389,2014-02-15 17:45:00,0.0,26.645,27.2975,23.9375,27.0325,26.44
4390,2014-02-15 18:00:00,0.0,26.175,26.645,27.2975,23.9375,27.0325
4391,2014-02-15 18:15:00,0.0,28.0675,26.175,26.645,27.2975,23.9375
4392,2014-02-15 18:30:00,0.0,27.68,28.0675,26.175,26.645,27.2975
4393,2014-02-15 18:45:00,0.0,27.96,27.68,28.0675,26.175,26.645
4394,2014-02-15 19:00:00,0.0,26.1,27.96,27.68,28.0675,26.175
4395,2014-02-15 19:15:00,0.0,25.87,26.1,27.96,27.68,28.0675
4396,2014-02-15 19:30:00,0.0,25.7975,25.87,26.1,27.96,27.68
4397,2014-02-15 19:45:00,0.0,26.295,25.7975,25.87,26.1,27.96
4398,2014-02-15 20:00:00,0.0,27.7725,26.295,25.7975,25.87,26.1
4399,2014-02-15 20:15:00,0.0,25.965,27.7725,26.295,25.7975,25.87
4400,2014-02-15 20:30:00,0.0,25.3675,25.965,27.7725,26.295,25.7975
4401,2014-02-15 20:45:00,0.0,25.7675,25.3675,25.965,27.7725,26.295
4402,2014-02-15 21:00:00,0.0,25.78,25.7675,25.3675,25.965,27.7725
4403,2014-02-15 21:15:00,0.0,25.4175,25.78,25.7675,25.3675,25.965
4404,2014-02-15 21:30:00,0.0,25.78,25.4175,25.78,25.7675,25.3675
4405,2014-02-15 21:45:00,0.0,26.6225,25.78,25.4175,25.78,25.7675
4406,2014-02-15 22:00:00,0.0,26.7775,26.6225,25.78,25.4175,25.78
4407,2014-02-15 22:15:00,0.0,23.9525,26.7775,26.6225,25.78,25.4175
4408,2014-02-15 22:30:00,0.0,21.0225,23.9525,26.7775,26.6225,25.78
4409,2014-02-15 22:45:00,0.0,25.415,21.0225,23.9525,26.7775,26.6225
4410,2014-02-15 23:00:00,0.0,24.3325,25.415,21.0225,23.9525,26.7775
4411,2014-02-15 23:15:00,0.0,24.1125,24.3325,25.415,21.0225,23.9525
4412,2014-02-15 23:30:00,0.0,24.9175,24.1125,24.3325,25.415,21.0225
4413,2014-02-15 23:45:00,0.0,25.035,24.9175,24.1125,24.3325,25.415
4414,2014-02-16 00:00:00,0.0,23.2575,25.035,24.9175,24.1125,24.3325
4415,2014-02-16 00:15:00,0.0,25.2325,23.2575,25.035,24.9175,24.1125
4416,2014-02-16 00:30:00,0.0,21.6125,25.2325,23.2575,25.035,24.9175
4417,2014-02-16 00:45:00,0.0,25.3175,21.6125,25.2325,23.2575,25.035
4418,2014-02-16 01:00:00,0.0,25.5375,25.3175,21.6125,25.2325,23.2575
4419,2014-02-16 01:15:00,0.0,25.0775,25.5375,25.3175,21.6125,25.2325
4420,2014-02-16 01:30:00,0.0,23.0925,25.0775,25.5375,25.3175,21.6125
4421,2014-02-16 01:45:00,0.0,25.3775,23.0925,25.0775,25.5375,25.3175
4422,2014-02-16 02:00:00,0.0,24.7775,25.3775,23.0925,25.0775,25.5375
4423,2014-02-16 02:15:00,0.0,24.78,24.7775,25.3775,23.0925,25.0775
4424,2014-02-16 02:30:00,0.0,25.0875,24.78,24.7775,25.3775,23.0925
4425,2014-02-16 02:45:00,0.0,25.3575,25.0875,24.78,24.7775,25.3775
4426,2014-02-16 03:00:00,0.0,25.9175,25.3575,25.0875,24.78,24.7775
4427,2014-02-16 03:15:00,0.0,24.3875,25.9175,25.3575,25.0875,24.78
4428,2014-02-16 03:30:00,0.0,25.07,24.3875,25.9175,25.3575,25.0875
4429,2014-02-16 03:45:00,0.0,24.73,25.07,24.3875,25.9175,25.3575
4430,2014-02-16 04:00:00,0.0,24.5025,24.73,25.07,24.3875,25.9175
4431,2014-02-16 04:15:00,0.0,25.305,24.5025,24.73,25.07,24.3875
4432,2014-02-16 04:30:00,0.0,24.3675,25.305,24.5025,24.73,25.07
4433,2014-02-16 04:45:00,0.0,26.49,24.3675,25.305,24.5025,24.73
4434,2014-02-16 05:00:00,0.0,25.31,26.49,24.3675,25.305,24.5025
4435,2014-02-16 05:15:00,0.0,24.665,25.31,26.49,24.3675,25.305
4436,2014-02-16 05:30:00,0.0,22.925,24.665,25.31,26.49,24.3675
4437,2014-02-16 05:45:00,0.0,26.1475,22.925,24.665,25.31,26.49
4438,2014-02-16 06:00:00,0.0,25.815,26.1475,22.925,24.665,25.31
4439,2014-02-16 06:15:00,0.0,26.4025,25.815,26.1475,22.925,24.665
4440,2014-02-16 06:30:00,0.0,25.6275,26.4025,25.815,26.1475,22.925
4441,2014-02-16 06:45:00,0.0,27.1575,25.6275,26.4025,25.815,26.1475
4442,2014-02-16 07:00:00,0.0,25.89,27.1575,25.6275,26.4025,25.815
4443,2014-02-16 07:15:00,0.0,25.2975,25.89,27.1575,25.6275,26.4025
4444,2014-02-16 07:30:00,0.0,26.5775,25.2975,25.89,27.1575,25.6275
4445,2014-02-16 07:45:00,0.0,26.5025,26.5775,25.2975,25.89,27.1575
4446,2014-02-16 08:00:00,0.0,24.1075,26.5025,26.5775,25.2975,25.89
4447,2014-02-16 08:15:00,0.0,23.425,24.1075,26.5025,26.5775,25.2975
4448,2014-02-16 08:30:00,0.0,25.59,23.425,24.1075,26.5025,26.5775
4449,2014-02-16 08:45:00,0.0,25.32,25.59,23.425,24.1075,26.5025
4450,2014-02-16 09:00:00,0.0,24.9925,25.32,25.59,23.425,24.1075
4451,2014-02-16 09:15:00,0.0,27.1075,24.9925,25.32,25.59,23.425
4452,2014-02-16 09:30:00,0.0,25.2875,27.1075,24.9925,25.32,25.59
4453,2014-02-16 09:45:00,0.0,26.41,25.2875,27.1075,24.9925,25.32
4454,2014-02-16 10:00:00,0.0,25.89,26.41,25.2875,27.1075,24.9925
4455,2014-02-16 10:15:00,0.0,25.33,25.89,26.41,25.2875,27.1075
4456,2014-02-16 10:30:00,0.0,24.1625,25.33,25.89,26.41,25.2875
4457,2014-02-16 10:45:00,0.0,27.135,24.1625,25.33,25.89,26.41
4458,2014-02-16 11:00:00,0.0,26.6725,27.135,24.1625,25.33,25.89
4459,2014-02-16 11:15:00,0.0,25.055,26.6725,27.135,24.1625,25.33
4460,2014-02-16 11:30:00,0.0,22.83,25.055,26.6725,27.135,24.1625
4461,2014-02-16 11:45:00,0.0,25.46,22.83,25.055,26.6725,27.135
4462,2014-02-16 12:00:00,0.0,24.57,25.46,22.83,25.055,26.6725
4463,2014-02-16 12:15:00,0.0,24.8925,24.57,25.46,22.83,25.055
4464,2014-02-16 12:30:00,0.0,28.605,24.8925,24.57,25.46,22.83
4465,2014-02-16 12:45:00,0.0,28.18,28.605,24.8925,24.57,25.46
4466,2014-02-16 13:00:00,0.0,26.2275,28.18,28.605,24.8925,24.57
4467,2014-02-16 13:15:00,0.0,25.25,26.2275,28.18,28.605,24.8925
4468,2014-02-16 13:30:00,0.0,23.685,25.25,26.2275,28.18,28.605
4469,2014-02-16 13:45:00,0.0,25.7,23.685,25.25,26.2275,28.18
4470,2014-02-16 14:00:00,0.0,24.3875,25.7,23.685,25.25,26.2275
4471,2014-02-16 14:15:00,0.0,26.39,24.3875,25.7,23.685,25.25
4472,2014-02-16 14:30:00,0.0,26.3225,26.39,24.3875,25.7,23.685
4473,2014-02-16 14:45:00,0.0,27.1275,26.3225,26.39,24.3875,25.7
4474,2014-02-16 15:00:00,0.0,23.0375,27.1275,26.3225,26.39,24.3875
4475,2014-02-16 15:15:00,0.0,23.88,23.0375,27.1275,26.3225,26.39
4476,2014-02-16 15:30:00,0.0,25.4775,23.88,23.0375,27.1275,26.3225
4477,2014-02-16 15:45:00,0.0,26.63,25.4775,23.88,23.0375,27.1275
4478,2014-02-16 16:00:00,0.0,26.77,26.63,25.4775,23.88,23.0375
4479,2014-02-16 16:15:00,0.0,26.99,26.77,26.63,25.4775,23.88
4480,2014-02-16 16:30:00,0.0,26.635,26.99,26.77,26.63,25.4775
4481,2014-02-16 16:45:00,0.0,27.2,26.635,26.99,26.77,26.63
4482,2014-02-16 17:00:00,0.0,25.6675,27.2,26.635,26.99,26.77
4483,2014-02-16 17:15:00,0.0,25.325,25.6675,27.2,26.635,26.99
4484,2014-02-16 17:30:00,0.0,23.265,25.325,25.6675,27.2,26.635
4485,2014-02-16 17:45:00,0.0,26.02,23.265,25.325,25.6675,27.2
4486,2014-02-16 18:00:00,0.0,25.9475,26.02,23.265,25.325,25.6675
4487,2014-02-16 18:15:00,0.0,27.505,25.9475,26.02,23.265,25.325
4488,2014-02-16 18:30:00,0.0,25.9175,27.505,25.9475,26.02,23.265
4489,2014-02-16 18:45:00,0.0,24.95,25.9175,27.505,25.9475,26.02
4490,2014-02-16 19:00:00,0.0,25.2025,24.95,25.9175,27.505,25.9475
4491,2014-02-16 19:15:00,0.0,24.2025,25.2025,24.95,25.9175,27.505
4492,2014-02-16 19:30:00,0.0,25.7625,24.2025,25.2025,24.95,25.9175
4493,2014-02-16 19:45:00,0.0,26.965,25.7625,24.2025,25.2025,24.95
4494,2014-02-16 20:00:00,0.0,26.8025,26.965,25.7625,24.2025,25.2025
4495,2014-02-16 20:15:00,0.0,25.37,26.8025,26.965,25.7625,24.2025
4496,2014-02-16 20:30:00,0.0,25.425,25.37,26.8025,26.965,25.7625
4497,2014-02-16 20:45:00,0.0,25.98,25.425,25.37,26.8025,26.965
4498,2014-02-16 21:00:00,0.0,25.17,25.98,25.425,25.37,26.8025
4499,2014-02-16 21:15:00,0.0,26.695,25.17,25.98,25.425,25.37
4500,2014-02-16 21:30:00,0.0,27.0175,26.695,25.17,25.98,25.425
4501,2014-02-16 21:45:00,0.0,27.9775,27.0175,26.695,25.17,25.98
4502,2014-02-16 22:00:00,0.0,25.4375,27.9775,27.0175,26.695,25.17
4503,2014-02-16 22:15:00,0.0,24.91,25.4375,27.9775,27.0175,26.695
4504,2014-02-16 22:30:00,0.0,24.5225,24.91,25.4375,27.9775,27.0175
4505,2014-02-16 22:45:00,0.0,25.9925,24.5225,24.91,25.4375,27.9775
4506,2014-02-16 23:00:00,0.0,25.6675,25.9925,24.5225,24.91,25.4375
4507,2014-02-16 23:15:00,0.0,25.9525,25.6675,25.9925,24.5225,24.91
4508,2014-02-16 23:30:00,0.0,24.25,25.9525,25.6675,25.9925,24.5225
4509,2014-02-16 23:45:00,0.0,24.9225,24.25,25.9525,25.6675,25.9925
4510,2014-02-17 00:00:00,0.0,24.21,24.9225,24.25,25.9525,25.6675
4511,2014-02-17 00:15:00,0.0,25.6125,24.21,24.9225,24.25,25.9525
4512,2014-02-17 00:30:00,0.0,25.5575,25.6125,24.21,24.9225,24.25
4513,2014-02-17 00:45:00,0.0,27.05,25.5575,25.6125,24.21,24.9225
4514,2014-02-17 01:00:00,0.0,25.3525,27.05,25.5575,25.6125,24.21
4515,2014-02-17 01:15:00,0.0,25.215,25.3525,27.05,25.5575,25.6125
4516,2014-02-17 01:30:00,0.0,24.295,25.215,25.3525,27.05,25.5575
4517,2014-02-17 01:45:00,0.0,23.33,24.295,25.215,25.3525,27.05
4518,2014-02-17 02:00:00,0.0,25.335,23.33,24.295,25.215,25.3525
4519,2014-02-17 02:15:00,0.0,23.785,25.335,23.33,24.295,25.215
4520,2014-02-17 02:30:00,0.0,25.495,23.785,25.335,23.33,24.295
4521,2014-02-17 02:45:00,0.0,25.775,25.495,23.785,25.335,23.33
4522,2014-02-17 03:00:00,0.0,24.3875,25.775,25.495,23.785,25.335
4523,2014-02-17 03:15:00,0.0,24.8625,24.3875,25.775,25.495,23.785
4524,2014-02-17 03:30:00,0.0,24.65,24.8625,24.3875,25.775,25.495
4525,2014-02-17 03:45:00,0.0,26.43,24.65,24.8625,24.3875,25.775
4526,2014-02-17 04:00:00,0.0,24.6825,26.43,24.65,24.8625,24.3875
4527,2014-02-17 04:15:00,0.0,25.765,24.6825,26.43,24.65,24.8625
4528,2014-02-17 04:30:00,0.0,25.19,25.765,24.6825,26.43,24.65
4529,2014-02-17 04:45:00,0.0,25.5925,25.19,25.765,24.6825,26.43
4530,2014-02-17 05:00:00,0.0,25.2825,25.5925,25.19,25.765,24.6825
4531,2014-02-17 05:15:00,0.0,24.82,25.2825,25.5925,25.19,25.765
4532,2014-02-17 05:30:00,0.0,26.085,24.82,25.2825,25.5925,25.19
4533,2014-02-17 05:45:00,0.0,26.94,26.085,24.82,25.2825,25.5925
4534,2014-02-17 06:00:00,0.0,25.895,26.94,26.085,24.82,25.2825
4535,2014-02-17 06:15:00,0.0,29.9925,25.895,26.94,26.085,24.82
4536,2014-02-17 06:30:00,0.0,31.615,29.9925,25.895,26.94,26.085
4537,2014-02-17 06:45:00,0.0,30.9975,31.615,29.9925,25.895,26.94
4538,2014-02-17 07:00:00,0.0,30.335,30.9975,31.615,29.9925,25.895
4539,2014-02-17 07:15:00,0.0,30.7775,30.335,30.9975,31.615,29.9925
4540,2014-02-17 07:30:00,0.0,27.125,30.7775,30.335,30.9975,31.615
4541,2014-02-17 07:45:00,0.0,28.14,27.125,30.7775,30.335,30.9975
4542,2014-02-17 08:00:00,0.0,28.385,28.14,27.125,30.7775,30.335
4543,2014-02-17 08:15:00,0.0,27.9225,28.385,28.14,27.125,30.7775
4544,2014-02-17 08:30:00,0.0,28.9575,27.9225,28.385,28.14,27.125
4545,2014-02-17 08:45:00,0.0,30.2925,28.9575,27.9225,28.385,28.14
4546,2014-02-17 09:00:00,0.0,29.705,30.2925,28.9575,27.9225,28.385
4547,2014-02-17 09:15:00,0.0,27.9875,29.705,30.2925,28.9575,27.9225
4548,2014-02-17 09:30:00,0.0,27.715,27.9875,29.705,30.2925,28.9575
4549,2014-02-17 09:45:00,0.0,29.6725,27.715,27.9875,29.705,30.2925
4550,2014-02-17 10:00:00,0.0,29.18,29.6725,27.715,27.9875,29.705
4551,2014-02-17 10:15:00,0.0,29.9175,29.18,29.6725,27.715,27.9875
4552,2014-02-17 10:30:00,0.0,31.17,29.9175,29.18,29.6725,27.715
4553,2014-02-17 10:45:00,0.0,30.6125,31.17,29.9175,29.18,29.6725
4554,2014-02-17 11:00:00,0.0,30.0925,30.6125,31.17,29.9175,29.18
4555,2014-02-17 11:15:00,0.0,28.8025,30.0925,30.6125,31.17,29.9175
4556,2014-02-17 11:30:00,0.0,28.9575,28.8025,30.0925,30.6125,31.17
4557,2014-02-17 11:45:00,0.0,30.57,28.9575,28.8025,30.0925,30.6125
4558,2014-02-17 12:00:00,0.0,31.28,30.57,28.9575,28.8025,30.0925
4559,2014-02-17 12:15:00,0.0,29.4275,31.28,30.57,28.9575,28.8025
4560,2014-02-17 12:30:00,0.0,29.64,29.4275,31.28,30.57,28.9575
4561,2014-02-17 12:45:00,0.0,27.9225,29.64,29.4275,31.28,30.57
4562,2014-02-17 13:00:00,0.0,28.38,27.9225,29.64,29.4275,31.28
4563,2014-02-17 13:15:00,0.0,29.3625,28.38,27.9225,29.64,29.4275
4564,2014-02-17 13:30:00,0.0,29.6325,29.3625,28.38,27.9225,29.64
4565,2014-02-17 13:45:00,0.0,29.29,29.6325,29.3625,28.38,27.9225
4566,2014-02-17 14:00:00,0.0,27.8175,29.29,29.6325,29.3625,28.38
4567,2014-02-17 14:15:00,0.0,29.5225,27.8175,29.29,29.6325,29.3625
4568,2014-02-17 14:30:00,0.0,28.35,29.5225,27.8175,29.29,29.6325
4569,2014-02-17 14:45:00,0.0,29.05,28.35,29.5225,27.8175,29.29
4570,2014-02-17 15:00:00,0.0,29.05,29.05,28.35,29.5225,27.8175
4571,2014-02-17 15:15:00,0.0,28.9725,29.05,29.05,28.35,29.5225
4572,2014-02-17 15:30:00,0.0,29.7875,28.9725,29.05,29.05,28.35
4573,2014-02-17 15:45:00,0.0,28.56,29.7875,28.9725,29.05,29.05
4574,2014-02-17 16:00:00,0.0,28.835,28.56,29.7875,28.9725,29.05
4575,2014-02-17 16:15:00,0.0,28.2875,28.835,28.56,29.7875,28.9725
4576,2014-02-17 16:30:00,0.0,29.145,28.2875,28.835,28.56,29.7875
4577,2014-02-17 16:45:00,0.0,29.5575,29.145,28.2875,28.835,28.56
4578,2014-02-17 17:00:00,0.0,28.9175,29.5575,29.145,28.2875,28.835
4579,2014-02-17 17:15:00,0.0,28.7625,28.9175,29.5575,29.145,28.2875
4580,2014-02-17 17:30:00,0.0,28.9825,28.7625,28.9175,29.5575,29.145
4581,2014-02-17 17:45:00,0.0,29.905,28.9825,28.7625,28.9175,29.5575
4582,2014-02-17 18:00:00,0.0,29.0225,29.905,28.9825,28.7625,28.9175
4583,2014-02-17 18:15:00,0.0,28.53,29.0225,29.905,28.9825,28.7625
4584,2014-02-17 18:30:00,0.0,27.6725,28.53,29.0225,29.905,28.9825
4585,2014-02-17 18:45:00,0.0,28.1475,27.6725,28.53,29.0225,29.905
4586,2014-02-17 19:00:00,0.0,28.2125,28.1475,27.6725,28.53,29.0225
4587,2014-02-17 19:15:00,0.0,28.205,28.2125,28.1475,27.6725,28.53
4588,2014-02-17 19:30:00,0.0,26.5425,28.205,28.2125,28.1475,27.6725
4589,2014-02-17 19:45:00,0.0,27.9825,26.5425,28.205,28.2125,28.1475
4590,2014-02-17 20:00:00,0.0,27.73,27.9825,26.5425,28.205,28.2125
4591,2014-02-17 20:15:00,0.0,27.3475,27.73,27.9825,26.5425,28.205
4592,2014-02-17 20:30:00,0.0,26.94,27.3475,27.73,27.9825,26.5425
4593,2014-02-17 20:45:00,0.0,29.2225,26.94,27.3475,27.73,27.9825
4594,2014-02-17 21:00:00,0.0,27.9975,29.2225,26.94,27.3475,27.73
4595,2014-02-17 21:15:00,0.0,26.9325,27.9975,29.2225,26.94,27.3475
4596,2014-02-17 21:30:00,0.0,25.59,26.9325,27.9975,29.2225,26.94
4597,2014-02-17 21:45:00,0.0,26.325,25.59,26.9325,27.9975,29.2225
4598,2014-02-17 22:00:00,0.0,26.12,26.325,25.59,26.9325,27.9975
4599,2014-02-17 22:15:00,0.0,24.6175,26.12,26.325,25.59,26.9325
4600,2014-02-17 22:30:00,0.0,23.3875,24.6175,26.12,26.325,25.59
4601,2014-02-17 22:45:00,0.0,26.015,23.3875,24.6175,26.12,26.325
4602,2014-02-17 23:00:00,0.0,24.92,26.015,23.3875,24.6175,26.12
4603,2014-02-17 23:15:00,0.0,23.785,24.92,26.015,23.3875,24.6175
4604,2014-02-17 23:30:00,0.0,23.92,23.785,24.92,26.015,23.3875
4605,2014-02-17 23:45:00,0.0,24.2675,23.92,23.785,24.92,26.015
4606,2014-02-18 00:00:00,0.0,24.7,24.2675,23.92,23.785,24.92
4607,2014-02-18 00:15:00,0.0,25.0175,24.7,24.2675,23.92,23.785
4608,2014-02-18 00:30:00,0.0,24.47,25.0175,24.7,24.2675,23.92
4609,2014-02-18 00:45:00,0.0,25.2275,24.47,25.0175,24.7,24.2675
4610,2014-02-18 01:00:00,0.0,22.1925,25.2275,24.47,25.0175,24.7
4611,2014-02-18 01:15:00,0.0,24.0675,22.1925,25.2275,24.47,25.0175
4612,2014-02-18 01:30:00,0.0,24.6425,24.0675,22.1925,25.2275,24.47
4613,2014-02-18 01:45:00,0.0,25.67,24.6425,24.0675,22.1925,25.2275
4614,2014-02-18 02:00:00,0.0,25.755,25.67,24.6425,24.0675,22.1925
4615,2014-02-18 02:15:00,0.0,25.8425,25.755,25.67,24.6425,24.0675
4616,2014-02-18 02:30:00,0.0,24.82,25.8425,25.755,25.67,24.6425
4617,2014-02-18 02:45:00,0.0,25.8175,24.82,25.8425,25.755,25.67
4618,2014-02-18 03:00:00,0.0,25.42,25.8175,24.82,25.8425,25.755
4619,2014-02-18 03:15:00,0.0,23.3825,25.42,25.8175,24.82,25.8425
4620,2014-02-18 03:30:00,0.0,25.2775,23.3825,25.42,25.8175,24.82
4621,2014-02-18 03:45:00,0.0,27.1725,25.2775,23.3825,25.42,25.8175
4622,2014-02-18 04:00:00,0.0,25.48,27.1725,25.2775,23.3825,25.42
4623,2014-02-18 04:15:00,0.0,24.2725,25.48,27.1725,25.2775,23.3825
4624,2014-02-18 04:30:00,0.0,22.77,24.2725,25.48,27.1725,25.2775
4625,2014-02-18 04:45:00,0.0,24.9875,22.77,24.2725,25.48,27.1725
4626,2014-02-18 05:00:00,0.0,26.7225,24.9875,22.77,24.2725,25.48
4627,2014-02-18 05:15:00,0.0,25.1975,26.7225,24.9875,22.77,24.2725
4628,2014-02-18 05:30:00,0.0,24.275,25.1975,26.7225,24.9875,22.77
4629,2014-02-18 05:45:00,0.0,25.3325,24.275,25.1975,26.7225,24.9875
4630,2014-02-18 06:00:00,0.0,26.0825,25.3325,24.275,25.1975,26.7225
4631,2014-02-18 06:15:00,0.0,29.2575,26.0825,25.3325,24.275,25.1975
4632,2014-02-18 06:30:00,0.0,31.1775,29.2575,26.0825,25.3325,24.275
4633,2014-02-18 06:45:00,0.0,31.6575,31.1775,29.2575,26.0825,25.3325
4634,2014-02-18 07:00:00,0.0,31.9775,31.6575,31.1775,29.2575,26.0825
4635,2014-02-18 07:15:00,0.0,30.2975,31.9775,31.6575,31.1775,29.2575
4636,2014-02-18 07:30:00,0.0,26.395,30.2975,31.9775,31.6575,31.1775
4637,2014-02-18 07:45:00,0.0,29.3325,26.395,30.2975,31.9775,31.6575
4638,2014-02-18 08:00:00,0.0,30.175,29.3325,26.395,30.2975,31.9775
4639,2014-02-18 08:15:00,0.0,28.36,30.175,29.3325,26.395,30.2975
4640,2014-02-18 08:30:00,0.0,31.2325,28.36,30.175,29.3325,26.395
4641,2014-02-18 08:45:00,0.0,31.525,31.2325,28.36,30.175,29.3325
4642,2014-02-18 09:00:00,0.0,29.3475,31.525,31.2325,28.36,30.175
4643,2014-02-18 09:15:00,0.0,31.0075,29.3475,31.525,31.2325,28.36
4644,2014-02-18 09:30:00,0.0,32.57,31.0075,29.3475,31.525,31.2325
4645,2014-02-18 09:45:00,0.0,33.7475,32.57,31.0075,29.3475,31.525
4646,2014-02-18 10:00:00,0.0,32.2975,33.7475,32.57,31.0075,29.3475
4647,2014-02-18 10:15:00,0.0,34.9825,32.2975,33.7475,32.57,31.0075
4648,2014-02-18 10:30:00,0.0,35.4725,34.9825,32.2975,33.7475,32.57
4649,2014-02-18 10:45:00,0.0,35.1875,35.4725,34.9825,32.2975,33.7475
4650,2014-02-18 11:00:00,0.0,34.575,35.1875,35.4725,34.9825,32.2975
4651,2014-02-18 11:15:00,0.0,32.99,34.575,35.1875,35.4725,34.9825
4652,2014-02-18 11:30:00,0.0,34.8425,32.99,34.575,35.1875,35.4725
4653,2014-02-18 11:45:00,0.0,34.7725,34.8425,32.99,34.575,35.1875
4654,2014-02-18 12:00:00,0.0,34.5525,34.7725,34.8425,32.99,34.575
4655,2014-02-18 12:15:00,0.0,36.3775,34.5525,34.7725,34.8425,32.99
4656,2014-02-18 12:30:00,0.0,33.925,36.3775,34.5525,34.7725,34.8425
4657,2014-02-18 12:45:00,0.0,35.99,33.925,36.3775,34.5525,34.7725
4658,2014-02-18 13:00:00,0.0,32.82,35.99,33.925,36.3775,34.5525
4659,2014-02-18 13:15:00,0.0,35.565,32.82,35.99,33.925,36.3775
4660,2014-02-18 13:30:00,0.0,35.535,35.565,32.82,35.99,33.925
4661,2014-02-18 13:45:00,0.0,33.765,35.535,35.565,32.82,35.99
4662,2014-02-18 14:00:00,0.0,35.6875,33.765,35.535,35.565,32.82
4663,2014-02-18 14:15:00,0.0,32.63,35.6875,33.765,35.535,35.565
4664,2014-02-18 14:30:00,0.0,34.4875,32.63,35.6875,33.765,35.535
4665,2014-02-18 14:45:00,0.0,35.71,34.4875,32.63,35.6875,33.765
4666,2014-02-18 15:00:00,0.0,33.8975,35.71,34.4875,32.63,35.6875
4667,2014-02-18 15:15:00,0.0,32.4825,33.8975,35.71,34.4875,32.63
4668,2014-02-18 15:30:00,0.0,33.2575,32.4825,33.8975,35.71,34.4875
4669,2014-02-18 15:45:00,0.0,34.945,33.2575,32.4825,33.8975,35.71
4670,2014-02-18 16:00:00,0.0,33.445,34.945,33.2575,32.4825,33.8975
4671,2014-02-18 16:15:00,0.0,31.495,33.445,34.945,33.2575,32.4825
4672,2014-02-18 16:30:00,0.0,30.755,31.495,33.445,34.945,33.2575
4673,2014-02-18 16:45:00,0.0,31.55,30.755,31.495,33.445,34.945
4674,2014-02-18 17:00:00,0.0,34.655,31.55,30.755,31.495,33.445
4675,2014-02-18 17:15:00,0.0,33.8625,34.655,31.55,30.755,31.495
4676,2014-02-18 17:30:00,0.0,33.495,33.8625,34.655,31.55,30.755
4677,2014-02-18 17:45:00,0.0,33.805,33.495,33.8625,34.655,31.55
4678,2014-02-18 18:00:00,0.0,31.6375,33.805,33.495,33.8625,34.655
4679,2014-02-18 18:15:00,0.0,31.7325,31.6375,33.805,33.495,33.8625
4680,2014-02-18 18:30:00,0.0,32.075,31.7325,31.6375,33.805,33.495
4681,2014-02-18 18:45:00,0.0,33.38,32.075,31.7325,31.6375,33.805
4682,2014-02-18 19:00:00,0.0,29.9325,33.38,32.075,31.7325,31.6375
4683,2014-02-18 19:15:00,0.0,30.755,29.9325,33.38,32.075,31.7325
4684,2014-02-18 19:30:00,0.0,28.9125,30.755,29.9325,33.38,32.075
4685,2014-02-18 19:45:00,0.0,30.21,28.9125,30.755,29.9325,33.38
4686,2014-02-18 20:00:00,0.0,28.6625,30.21,28.9125,30.755,29.9325
4687,2014-02-18 20:15:00,0.0,28.14,28.6625,30.21,28.9125,30.755
4688,2014-02-18 20:30:00,0.0,26.995,28.14,28.6625,30.21,28.9125
4689,2014-02-18 20:45:00,0.0,29.2075,26.995,28.14,28.6625,30.21
4690,2014-02-18 21:00:00,0.0,28.4975,29.2075,26.995,28.14,28.6625
4691,2014-02-18 21:15:00,0.0,26.855,28.4975,29.2075,26.995,28.14
4692,2014-02-18 21:30:00,0.0,27.8625,26.855,28.4975,29.2075,26.995
4693,2014-02-18 21:45:00,0.0,27.7875,27.8625,26.855,28.4975,29.2075
4694,2014-02-18 22:00:00,0.0,27.02,27.7875,27.8625,26.855,28.4975
4695,2014-02-18 22:15:00,0.0,25.9225,27.02,27.7875,27.8625,26.855
4696,2014-02-18 22:30:00,0.0,25.5,25.9225,27.02,27.7875,27.8625
4697,2014-02-18 22:45:00,0.0,23.9325,25.5,25.9225,27.02,27.7875
4698,2014-02-18 23:00:00,0.0,24.39,23.9325,25.5,25.9225,27.02
4699,2014-02-18 23:15:00,0.0,23.5625,24.39,23.9325,25.5,25.9225
4700,2014-02-18 23:30:00,0.0,24.34,23.5625,24.39,23.9325,25.5
4701,2014-02-18 23:45:00,0.0,25.8875,24.34,23.5625,24.39,23.9325
4702,2014-02-19 00:00:00,0.0,25.7825,25.8875,24.34,23.5625,24.39
4703,2014-02-19 00:15:00,0.0,24.6375,25.7825,25.8875,24.34,23.5625
4704,2014-02-19 00:30:00,0.0,25.095,24.6375,25.7825,25.8875,24.34
4705,2014-02-19 00:45:00,0.0,25.7925,25.095,24.6375,25.7825,25.8875
4706,2014-02-19 01:00:00,0.0,24.79,25.7925,25.095,24.6375,25.7825
4707,2014-02-19 01:15:00,0.0,24.5475,24.79,25.7925,25.095,24.6375
4708,2014-02-19 01:30:00,0.0,24.895,24.5475,24.79,25.7925,25.095
4709,2014-02-19 01:45:00,0.0,25.2275,24.895,24.5475,24.79,25.7925
4710,2014-02-19 02:00:00,0.0,25.19,25.2275,24.895,24.5475,24.79
4711,2014-02-19 02:15:00,0.0,24.4825,25.19,25.2275,24.895,24.5475
4712,2014-02-19 02:30:00,0.0,25.8525,24.4825,25.19,25.2275,24.895
4713,2014-02-19 02:45:00,0.0,24.825,25.8525,24.4825,25.19,25.2275
4714,2014-02-19 03:00:00,0.0,25.3375,24.825,25.8525,24.4825,25.19
4715,2014-02-19 03:15:00,0.0,23.8375,25.3375,24.825,25.8525,24.4825
4716,2014-02-19 03:30:00,0.0,25.8625,23.8375,25.3375,24.825,25.8525
4717,2014-02-19 03:45:00,0.0,24.0125,25.8625,23.8375,25.3375,24.825
4718,2014-02-19 04:00:00,0.0,25.74,24.0125,25.8625,23.8375,25.3375
4719,2014-02-19 04:15:00,0.0,26.5425,25.74,24.0125,25.8625,23.8375
4720,2014-02-19 04:30:00,0.0,25.13,26.5425,25.74,24.0125,25.8625
4721,2014-02-19 04:45:00,0.0,27.4425,25.13,26.5425,25.74,24.0125
4722,2014-02-19 05:00:00,0.0,23.7925,27.4425,25.13,26.5425,25.74
4723,2014-02-19 05:15:00,0.0,26.4575,23.7925,27.4425,25.13,26.5425
4724,2014-02-19 05:30:00,0.0,24.9225,26.4575,23.7925,27.4425,25.13
4725,2014-02-19 05:45:00,0.0,26.6175,24.9225,26.4575,23.7925,27.4425
4726,2014-02-19 06:00:00,0.0,25.7275,26.6175,24.9225,26.4575,23.7925
4727,2014-02-19 06:15:00,0.0,28.1975,25.7275,26.6175,24.9225,26.4575
4728,2014-02-19 06:30:00,0.0,32.2075,28.1975,25.7275,26.6175,24.9225
4729,2014-02-19 06:45:00,0.0,29.2375,32.2075,28.1975,25.7275,26.6175
4730,2014-02-19 07:00:00,0.0,31.275,29.2375,32.2075,28.1975,25.7275
4731,2014-02-19 07:15:00,0.0,29.52,31.275,29.2375,32.2075,28.1975
4732,2014-02-19 07:30:00,0.0,30.5325,29.52,31.275,29.2375,32.2075
4733,2014-02-19 07:45:00,0.0,29.0575,30.5325,29.52,31.275,29.2375
4734,2014-02-19 08:00:00,0.0,29.05,29.0575,30.5325,29.52,31.275
4735,2014-02-19 08:15:00,0.0,30.345,29.05,29.0575,30.5325,29.52
4736,2014-02-19 08:30:00,0.0,29.2375,30.345,29.05,29.0575,30.5325
4737,2014-02-19 08:45:00,0.0,32.62,29.2375,30.345,29.05,29.0575
4738,2014-02-19 09:00:00,0.0,32.8675,32.62,29.2375,30.345,29.05
4739,2014-02-19 09:15:00,0.0,31.7025,32.8675,32.62,29.2375,30.345
4740,2014-02-19 09:30:00,0.0,32.9025,31.7025,32.8675,32.62,29.2375
4741,2014-02-19 09:45:00,0.0,36.945,32.9025,31.7025,32.8675,32.62
4742,2014-02-19 10:00:00,0.0,35.5125,36.945,32.9025,31.7025,32.8675
4743,2014-02-19 10:15:00,0.0,35.5725,35.5125,36.945,32.9025,31.7025
4744,2014-02-19 10:30:00,0.0,34.9925,35.5725,35.5125,36.945,32.9025
4745,2014-02-19 10:45:00,0.0,35.73,34.9925,35.5725,35.5125,36.945
4746,2014-02-19 11:00:00,0.0,33.1775,35.73,34.9925,35.5725,35.5125
4747,2014-02-19 11:15:00,0.0,33.4125,33.1775,35.73,34.9925,35.5725
4748,2014-02-19 11:30:00,0.0,34.415,33.4125,33.1775,35.73,34.9925
4749,2014-02-19 11:45:00,0.0,34.71,34.415,33.4125,33.1775,35.73
4750,2014-02-19 12:00:00,0.0,34.9575,34.71,34.415,33.4125,33.1775
4751,2014-02-19 12:15:00,0.0,34.115,34.9575,34.71,34.415,33.4125
4752,2014-02-19 12:30:00,0.0,34.4775,34.115,34.9575,34.71,34.415
4753,2014-02-19 12:45:00,0.0,33.655,34.4775,34.115,34.9575,34.71
4754,2014-02-19 13:00:00,0.0,33.9325,33.655,34.4775,34.115,34.9575
4755,2014-02-19 13:15:00,0.0,33.08,33.9325,33.655,34.4775,34.115
4756,2014-02-19 13:30:00,0.0,33.3525,33.08,33.9325,33.655,34.4775
4757,2014-02-19 13:45:00,0.0,36.5475,33.3525,33.08,33.9325,33.655
4758,2014-02-19 14:00:00,0.0,33.9575,36.5475,33.3525,33.08,33.9325
4759,2014-02-19 14:15:00,0.0,33.4875,33.9575,36.5475,33.3525,33.08
4760,2014-02-19 14:30:00,0.0,33.335,33.4875,33.9575,36.5475,33.3525
4761,2014-02-19 14:45:00,0.0,35.3375,33.335,33.4875,33.9575,36.5475
4762,2014-02-19 15:00:00,0.0,34.1675,35.3375,33.335,33.4875,33.9575
4763,2014-02-19 15:15:00,0.0,33.7575,34.1675,35.3375,33.335,33.4875
4764,2014-02-19 15:30:00,0.0,36.295,33.7575,34.1675,35.3375,33.335
4765,2014-02-19 15:45:00,0.0,36.395,36.295,33.7575,34.1675,35.3375
4766,2014-02-19 16:00:00,0.0,33.12,36.395,36.295,33.7575,34.1675
4767,2014-02-19 16:15:00,0.0,33.8525,33.12,36.395,36.295,33.7575
4768,2014-02-19 16:30:00,0.0,35.53,33.8525,33.12,36.395,36.295
4769,2014-02-19 16:45:00,0.0,33.26,35.53,33.8525,33.12,36.395
4770,2014-02-19 17:00:00,0.0,31.81,33.26,35.53,33.8525,33.12
4771,2014-02-19 17:15:00,0.0,34.3475,31.81,33.26,35.53,33.8525
4772,2014-02-19 17:30:00,0.0,32.4325,34.3475,31.81,33.26,35.53
4773,2014-02-19 17:45:00,0.0,32.7575,32.4325,34.3475,31.81,33.26
4774,2014-02-19 18:00:00,0.0,33.05,32.7575,32.4325,34.3475,31.81
4775,2014-02-19 18:15:00,0.0,29.2575,33.05,32.7575,32.4325,34.3475
4776,2014-02-19 18:30:00,0.0,30.41,29.2575,33.05,32.7575,32.4325
4777,2014-02-19 18:45:00,0.0,31.9175,30.41,29.2575,33.05,32.7575
4778,2014-02-19 19:00:00,0.0,31.7275,31.9175,30.41,29.2575,33.05
4779,2014-02-19 19:15:00,0.0,31.0925,31.7275,31.9175,30.41,29.2575
4780,2014-02-19 19:30:00,0.0,29.1825,31.0925,31.7275,31.9175,30.41
4781,2014-02-19 19:45:00,0.0,30.825,29.1825,31.0925,31.7275,31.9175
4782,2014-02-19 20:00:00,0.0,26.7675,30.825,29.1825,31.0925,31.7275
4783,2014-02-19 20:15:00,0.0,29.7525,26.7675,30.825,29.1825,31.0925
4784,2014-02-19 20:30:00,0.0,29.185,29.7525,26.7675,30.825,29.1825
4785,2014-02-19 20:45:00,0.0,30.725,29.185,29.7525,26.7675,30.825
4786,2014-02-19 21:00:00,0.0,29.6425,30.725,29.185,29.7525,26.7675
4787,2014-02-19 21:15:00,0.0,27.32,29.6425,30.725,29.185,29.7525
4788,2014-02-19 21:30:00,0.0,27.365,27.32,29.6425,30.725,29.185
4789,2014-02-19 21:45:00,0.0,26.33,27.365,27.32,29.6425,30.725
4790,2014-02-19 22:00:00,0.0,24.8025,26.33,27.365,27.32,29.6425
4791,2014-02-19 22:15:00,0.0,27.145,24.8025,26.33,27.365,27.32
4792,2014-02-19 22:30:00,0.0,26.255,27.145,24.8025,26.33,27.365
4793,2014-02-19 22:45:00,0.0,25.58,26.255,27.145,24.8025,26.33
4794,2014-02-19 23:00:00,0.0,25.83,25.58,26.255,27.145,24.8025
4795,2014-02-19 23:15:00,0.0,24.9675,25.83,25.58,26.255,27.145
4796,2014-02-19 23:30:00,0.0,23.195,24.9675,25.83,25.58,26.255
4797,2014-02-19 23:45:00,0.0,26.2925,23.195,24.9675,25.83,25.58
4798,2014-02-20 00:00:00,0.0,26.1,26.2925,23.195,24.9675,25.83
4799,2014-02-20 00:15:00,0.0,25.195,26.1,26.2925,23.195,24.9675
4800,2014-02-20 00:30:00,0.0,25.735,25.195,26.1,26.2925,23.195
4801,2014-02-20 00:45:00,0.0,25.4575,25.735,25.195,26.1,26.2925
4802,2014-02-20 01:00:00,0.0,25.6175,25.4575,25.735,25.195,26.1
4803,2014-02-20 01:15:00,0.0,25.0925,25.6175,25.4575,25.735,25.195
4804,2014-02-20 01:30:00,0.0,25.165,25.0925,25.6175,25.4575,25.735
4805,2014-02-20 01:45:00,0.0,26.72,25.165,25.0925,25.6175,25.4575
4806,2014-02-20 02:00:00,0.0,26.5925,26.72,25.165,25.0925,25.6175
4807,2014-02-20 02:15:00,0.0,25.985,26.5925,26.72,25.165,25.0925
4808,2014-02-20 02:30:00,0.0,24.995,25.985,26.5925,26.72,25.165
4809,2014-02-20 02:45:00,0.0,26.3125,24.995,25.985,26.5925,26.72
4810,2014-02-20 03:00:00,0.0,25.2775,26.3125,24.995,25.985,26.5925
4811,2014-02-20 03:15:00,0.0,27.94,25.2775,26.3125,24.995,25.985
4812,2014-02-20 03:30:00,0.0,27.67,27.94,25.2775,26.3125,24.995
4813,2014-02-20 03:45:00,0.0,25.5625,27.67,27.94,25.2775,26.3125
4814,2014-02-20 04:00:00,0.0,26.42,25.5625,27.67,27.94,25.2775
4815,2014-02-20 04:15:00,0.0,25.9125,26.42,25.5625,27.67,27.94
4816,2014-02-20 04:30:00,0.0,24.3625,25.9125,26.42,25.5625,27.67
4817,2014-02-20 04:45:00,0.0,26.3975,24.3625,25.9125,26.42,25.5625
4818,2014-02-20 05:00:00,0.0,26.675,26.3975,24.3625,25.9125,26.42
4819,2014-02-20 05:15:00,0.0,24.1625,26.675,26.3975,24.3625,25.9125
4820,2014-02-20 05:30:00,0.0,23.835,24.1625,26.675,26.3975,24.3625
4821,2014-02-20 05:45:00,0.0,25.42,23.835,24.1625,26.675,26.3975
4822,2014-02-20 06:00:00,0.0,26.1575,25.42,23.835,24.1625,26.675
4823,2014-02-20 06:15:00,0.0,31.24,26.1575,25.42,23.835,24.1625
4824,2014-02-20 06:30:00,0.0,32.55,31.24,26.1575,25.42,23.835
4825,2014-02-20 06:45:00,0.0,32.205,32.55,31.24,26.1575,25.42
4826,2014-02-20 07:00:00,0.0,32.3825,32.205,32.55,31.24,26.1575
4827,2014-02-20 07:15:00,0.0,29.5,32.3825,32.205,32.55,31.24
4828,2014-02-20 07:30:00,0.0,29.885,29.5,32.3825,32.205,32.55
4829,2014-02-20 07:45:00,0.0,31.0475,29.885,29.5,32.3825,32.205
4830,2014-02-20 08:00:00,0.0,30.2475,31.0475,29.885,29.5,32.3825
4831,2014-02-20 08:15:00,0.0,31.825,30.2475,31.0475,29.885,29.5
4832,2014-02-20 08:30:00,0.0,31.5275,31.825,30.2475,31.0475,29.885
4833,2014-02-20 08:45:00,0.0,33.92,31.5275,31.825,30.2475,31.0475
4834,2014-02-20 09:00:00,0.0,32.5125,33.92,31.5275,31.825,30.2475
4835,2014-02-20 09:15:00,0.0,32.46,32.5125,33.92,31.5275,31.825
4836,2014-02-20 09:30:00,0.0,33.15,32.46,32.5125,33.92,31.5275
4837,2014-02-20 09:45:00,0.0,35.97,33.15,32.46,32.5125,33.92
4838,2014-02-20 10:00:00,0.0,33.9975,35.97,33.15,32.46,32.5125
4839,2014-02-20 10:15:00,0.0,31.3075,33.9975,35.97,33.15,32.46
4840,2014-02-20 10:30:00,0.0,35.26,31.3075,33.9975,35.97,33.15
4841,2014-02-20 10:45:00,0.0,33.4375,35.26,31.3075,33.9975,35.97
4842,2014-02-20 11:00:00,0.0,34.1675,33.4375,35.26,31.3075,33.9975
4843,2014-02-20 11:15:00,0.0,31.4,34.1675,33.4375,35.26,31.3075
4844,2014-02-20 11:30:00,0.0,33.9,31.4,34.1675,33.4375,35.26
4845,2014-02-20 11:45:00,0.0,35.845,33.9,31.4,34.1675,33.4375
4846,2014-02-20 12:00:00,0.0,35.0,35.845,33.9,31.4,34.1675
4847,2014-02-20 12:15:00,0.0,34.91,35.0,35.845,33.9,31.4
4848,2014-02-20 12:30:00,0.0,31.9675,34.91,35.0,35.845,33.9
4849,2014-02-20 12:45:00,0.0,35.115,31.9675,34.91,35.0,35.845
4850,2014-02-20 13:00:00,0.0,32.2925,35.115,31.9675,34.91,35.0
4851,2014-02-20 13:15:00,0.0,33.31,32.2925,35.115,31.9675,34.91
4852,2014-02-20 13:30:00,0.0,36.42,33.31,32.2925,35.115,31.9675
4853,2014-02-20 13:45:00,0.0,37.1275,36.42,33.31,32.2925,35.115
4854,2014-02-20 14:00:00,0.0,36.795,37.1275,36.42,33.31,32.2925
4855,2014-02-20 14:15:00,0.0,37.62,36.795,37.1275,36.42,33.31
4856,2014-02-20 14:30:00,0.0,36.925,37.62,36.795,37.1275,36.42
4857,2014-02-20 14:45:00,0.0,39.5,36.925,37.62,36.795,37.1275
4858,2014-02-20 15:00:00,0.0,35.7625,39.5,36.925,37.62,36.795
4859,2014-02-20 15:15:00,0.0,33.7175,35.7625,39.5,36.925,37.62
4860,2014-02-20 15:30:00,0.0,36.1175,33.7175,35.7625,39.5,36.925
4861,2014-02-20 15:45:00,0.0,36.735,36.1175,33.7175,35.7625,39.5
4862,2014-02-20 16:00:00,0.0,36.8175,36.735,36.1175,33.7175,35.7625
4863,2014-02-20 16:15:00,0.0,35.5025,36.8175,36.735,36.1175,33.7175
4864,2014-02-20 16:30:00,0.0,31.9425,35.5025,36.8175,36.735,36.1175
4865,2014-02-20 16:45:00,0.0,31.8475,31.9425,35.5025,36.8175,36.735
4866,2014-02-20 17:00:00,0.0,33.745,31.8475,31.9425,35.5025,36.8175
4867,2014-02-20 17:15:00,0.0,34.155,33.745,31.8475,31.9425,35.5025
4868,2014-02-20 17:30:00,0.0,33.68,34.155,33.745,31.8475,31.9425
4869,2014-02-20 17:45:00,0.0,33.7175,33.68,34.155,33.745,31.8475
4870,2014-02-20 18:00:00,0.0,32.35,33.7175,33.68,34.155,33.745
4871,2014-02-20 18:15:00,0.0,30.74,32.35,33.7175,33.68,34.155
4872,2014-02-20 18:30:00,0.0,28.3775,30.74,32.35,33.7175,33.68
4873,2014-02-20 18:45:00,0.0,30.2825,28.3775,30.74,32.35,33.7175
4874,2014-02-20 19:00:00,0.0,30.665,30.2825,28.3775,30.74,32.35
4875,2014-02-20 19:15:00,0.0,28.86,30.665,30.2825,28.3775,30.74
4876,2014-02-20 19:30:00,0.0,29.8975,28.86,30.665,30.2825,28.3775
4877,2014-02-20 19:45:00,0.0,30.345,29.8975,28.86,30.665,30.2825
4878,2014-02-20 20:00:00,0.0,28.5125,30.345,29.8975,28.86,30.665
4879,2014-02-20 20:15:00,0.0,26.76,28.5125,30.345,29.8975,28.86
4880,2014-02-20 20:30:00,0.0,28.65,26.76,28.5125,30.345,29.8975
4881,2014-02-20 21:00:00,0.0,60.285,28.65,26.76,28.5125,30.345
4882,2014-02-20 21:15:00,0.0,28.4775,60.285,28.65,26.76,28.5125
4883,2014-02-20 21:30:00,0.0,26.4775,28.4775,60.285,28.65,26.76
4884,2014-02-20 21:45:00,0.0,28.6825,26.4775,28.4775,60.285,28.65
4885,2014-02-20 22:00:00,0.0,26.9375,28.6825,26.4775,28.4775,60.285
4886,2014-02-20 22:15:00,0.0,26.0875,26.9375,28.6825,26.4775,28.4775
4887,2014-02-20 22:30:00,0.0,25.8075,26.0875,26.9375,28.6825,26.4775
4888,2014-02-20 22:45:00,0.0,24.9975,25.8075,26.0875,26.9375,28.6825
4889,2014-02-20 23:00:00,0.0,26.63,24.9975,25.8075,26.0875,26.9375
4890,2014-02-20 23:15:00,0.0,25.5225,26.63,24.9975,25.8075,26.0875
4891,2014-02-20 23:30:00,0.0,22.34,25.5225,26.63,24.9975,25.8075
4892,2014-02-20 23:45:00,0.0,24.07,22.34,25.5225,26.63,24.9975
4893,2014-02-21 00:00:00,0.0,25.21,24.07,22.34,25.5225,26.63
4894,2014-02-21 00:15:00,0.0,25.6575,25.21,24.07,22.34,25.5225
4895,2014-02-21 00:30:00,0.0,24.6875,25.6575,25.21,24.07,22.34
4896,2014-02-21 00:45:00,0.0,23.7575,24.6875,25.6575,25.21,24.07
4897,2014-02-21 01:00:00,0.0,23.7725,23.7575,24.6875,25.6575,25.21
4898,2014-02-21 01:15:00,0.0,25.68,23.7725,23.7575,24.6875,25.6575
4899,2014-02-21 01:30:00,0.0,23.11,25.68,23.7725,23.7575,24.6875
4900,2014-02-21 01:45:00,0.0,26.84,23.11,25.68,23.7725,23.7575
4901,2014-02-21 02:00:00,0.0,25.6,26.84,23.11,25.68,23.7725
4902,2014-02-21 02:15:00,0.0,26.1025,25.6,26.84,23.11,25.68
4903,2014-02-21 02:30:00,0.0,23.1175,26.1025,25.6,26.84,23.11
4904,2014-02-21 02:45:00,0.0,25.27,23.1175,26.1025,25.6,26.84
4905,2014-02-21 03:00:00,0.0,25.055,25.27,23.1175,26.1025,25.6
4906,2014-02-21 03:15:00,0.0,25.285,25.055,25.27,23.1175,26.1025
4907,2014-02-21 03:30:00,0.0,26.02,25.285,25.055,25.27,23.1175
4908,2014-02-21 03:45:00,0.0,27.25,26.02,25.285,25.055,25.27
4909,2014-02-21 04:00:00,0.0,27.52,27.25,26.02,25.285,25.055
4910,2014-02-21 04:15:00,0.0,25.5325,27.52,27.25,26.02,25.285
4911,2014-02-21 04:30:00,0.0,25.4775,25.5325,27.52,27.25,26.02
4912,2014-02-21 04:45:00,0.0,24.55,25.4775,25.5325,27.52,27.25
4913,2014-02-21 05:00:00,0.0,22.6,24.55,25.4775,25.5325,27.52
4914,2014-02-21 05:15:00,0.0,27.7775,22.6,24.55,25.4775,25.5325
4915,2014-02-21 05:30:00,0.0,27.3225,27.7775,22.6,24.55,25.4775
4916,2014-02-21 05:45:00,0.0,26.91,27.3225,27.7775,22.6,24.55
4917,2014-02-21 06:00:00,0.0,26.4,26.91,27.3225,27.7775,22.6
4918,2014-02-21 06:15:00,0.0,29.2525,26.4,26.91,27.3225,27.7775
4919,2014-02-21 06:30:00,0.0,27.365,29.2525,26.4,26.91,27.3225
4920,2014-02-21 06:45:00,0.0,30.73,27.365,29.2525,26.4,26.91
4921,2014-02-21 07:00:00,0.0,30.87,30.73,27.365,29.2525,26.4
4922,2014-02-21 07:15:00,0.0,29.875,30.87,30.73,27.365,29.2525
4923,2014-02-21 07:30:00,0.0,31.6425,29.875,30.87,30.73,27.365
4924,2014-02-21 07:45:00,0.0,31.1925,31.6425,29.875,30.87,30.73
4925,2014-02-21 08:00:00,0.0,29.8075,31.1925,31.6425,29.875,30.87
4926,2014-02-21 08:15:00,0.0,31.345,29.8075,31.1925,31.6425,29.875
4927,2014-02-21 08:30:00,0.0,29.2875,31.345,29.8075,31.1925,31.6425
4928,2014-02-21 08:45:00,0.0,33.8325,29.2875,31.345,29.8075,31.1925
4929,2014-02-21 09:00:00,0.0,32.2875,33.8325,29.2875,31.345,29.8075
4930,2014-02-21 09:15:00,0.0,31.675,32.2875,33.8325,29.2875,31.345
4931,2014-02-21 09:30:00,0.0,32.36,31.675,32.2875,33.8325,29.2875
4932,2014-02-21 09:45:00,0.0,33.305,32.36,31.675,32.2875,33.8325
4933,2014-02-21 10:00:00,0.0,33.195,33.305,32.36,31.675,32.2875
4934,2014-02-21 10:15:00,0.0,33.555,33.195,33.305,32.36,31.675
4935,2014-02-21 10:30:00,0.0,31.8925,33.555,33.195,33.305,32.36
4936,2014-02-21 10:45:00,0.0,35.295,31.8925,33.555,33.195,33.305
4937,2014-02-21 11:00:00,0.0,31.9375,35.295,31.8925,33.555,33.195
4938,2014-02-21 11:15:00,0.0,33.09,31.9375,35.295,31.8925,33.555
4939,2014-02-21 11:30:00,0.0,33.6825,33.09,31.9375,35.295,31.8925
4940,2014-02-21 11:45:00,0.0,35.005,33.6825,33.09,31.9375,35.295
4941,2014-02-21 12:00:00,0.0,33.7875,35.005,33.6825,33.09,31.9375
4942,2014-02-21 12:15:00,0.0,36.57,33.7875,35.005,33.6825,33.09
4943,2014-02-21 12:30:00,0.0,35.5075,36.57,33.7875,35.005,33.6825
4944,2014-02-21 12:45:00,0.0,36.565,35.5075,36.57,33.7875,35.005
4945,2014-02-21 13:00:00,0.0,36.805,36.565,35.5075,36.57,33.7875
4946,2014-02-21 13:15:00,0.0,36.2325,36.805,36.565,35.5075,36.57
4947,2014-02-21 13:30:00,0.0,36.78,36.2325,36.805,36.565,35.5075
4948,2014-02-21 13:45:00,0.0,35.3125,36.78,36.2325,36.805,36.565
4949,2014-02-21 14:00:00,0.0,38.205,35.3125,36.78,36.2325,36.805
4950,2014-02-21 14:15:00,0.0,35.58,38.205,35.3125,36.78,36.2325
4951,2014-02-21 14:30:00,0.0,37.5675,35.58,38.205,35.3125,36.78
4952,2014-02-21 14:45:00,0.0,39.065,37.5675,35.58,38.205,35.3125
4953,2014-02-21 15:00:00,0.0,36.54,39.065,37.5675,35.58,38.205
4954,2014-02-21 15:15:00,0.0,36.2975,36.54,39.065,37.5675,35.58
4955,2014-02-21 15:30:00,0.0,36.7475,36.2975,36.54,39.065,37.5675
4956,2014-02-21 15:45:00,0.0,37.6275,36.7475,36.2975,36.54,39.065
4957,2014-02-21 16:00:00,0.0,35.3625,37.6275,36.7475,36.2975,36.54
4958,2014-02-21 16:15:00,0.0,35.4275,35.3625,37.6275,36.7475,36.2975
4959,2014-02-21 16:30:00,0.0,36.345,35.4275,35.3625,37.6275,36.7475
4960,2014-02-21 16:45:00,0.0,36.3,36.345,35.4275,35.3625,37.6275
4961,2014-02-21 17:00:00,0.0,33.9425,36.3,36.345,35.4275,35.3625
4962,2014-02-21 17:15:00,0.0,30.645,33.9425,36.3,36.345,35.4275
4963,2014-02-21 17:30:00,0.0,31.6575,30.645,33.9425,36.3,36.345
4964,2014-02-21 17:45:00,0.0,30.4875,31.6575,30.645,33.9425,36.3
4965,2014-02-21 18:00:00,0.0,32.8275,30.4875,31.6575,30.645,33.9425
4966,2014-02-21 18:15:00,0.0,30.55,32.8275,30.4875,31.6575,30.645
4967,2014-02-21 18:30:00,0.0,29.98,30.55,32.8275,30.4875,31.6575
4968,2014-02-21 18:45:00,0.0,29.535,29.98,30.55,32.8275,30.4875
4969,2014-02-21 19:00:00,0.0,28.355,29.535,29.98,30.55,32.8275
4970,2014-02-21 19:15:00,0.0,28.825,28.355,29.535,29.98,30.55
4971,2014-02-21 19:30:00,0.0,27.8,28.825,28.355,29.535,29.98
4972,2014-02-21 19:45:00,0.0,27.7025,27.8,28.825,28.355,29.535
4973,2014-02-21 20:00:00,0.0,29.7375,27.7025,27.8,28.825,28.355
4974,2014-02-21 20:15:00,0.0,28.3225,29.7375,27.7025,27.8,28.825
4975,2014-02-21 20:30:00,0.0,27.35,28.3225,29.7375,27.7025,27.8
4976,2014-02-21 20:45:00,0.0,28.2425,27.35,28.3225,29.7375,27.7025
4977,2014-02-21 21:00:00,0.0,28.095,28.2425,27.35,28.3225,29.7375
4978,2014-02-21 21:15:00,0.0,26.8925,28.095,28.2425,27.35,28.3225
4979,2014-02-21 21:30:00,0.0,28.0975,26.8925,28.095,28.2425,27.35
4980,2014-02-21 21:45:00,0.0,28.3825,28.0975,26.8925,28.095,28.2425
4981,2014-02-21 22:00:00,0.0,24.825,28.3825,28.0975,26.8925,28.095
4982,2014-02-21 22:15:00,0.0,24.975,24.825,28.3825,28.0975,26.8925
4983,2014-02-21 22:30:00,0.0,23.3975,24.975,24.825,28.3825,28.0975
4984,2014-02-21 22:45:00,0.0,25.98,23.3975,24.975,24.825,28.3825
4985,2014-02-21 23:00:00,0.0,23.24,25.98,23.3975,24.975,24.825
4986,2014-02-21 23:15:00,0.0,26.16,23.24,25.98,23.3975,24.975
4987,2014-02-21 23:30:00,0.0,23.895,26.16,23.24,25.98,23.3975
4988,2014-02-21 23:45:00,0.0,25.48,23.895,26.16,23.24,25.98
4989,2014-02-22 00:00:00,0.0,24.915,25.48,23.895,26.16,23.24
4990,2014-02-22 00:15:00,0.0,23.875,24.915,25.48,23.895,26.16
4991,2014-02-22 00:30:00,0.0,24.9925,23.875,24.915,25.48,23.895
4992,2014-02-22 00:45:00,0.0,26.025,24.9925,23.875,24.915,25.48
4993,2014-02-22 01:00:00,0.0,25.685,26.025,24.9925,23.875,24.915
4994,2014-02-22 01:15:00,0.0,24.98,25.685,26.025,24.9925,23.875
4995,2014-02-22 01:30:00,0.0,24.2575,24.98,25.685,26.025,24.9925
4996,2014-02-22 01:45:00,0.0,23.585,24.2575,24.98,25.685,26.025
4997,2014-02-22 02:00:00,0.0,23.9925,23.585,24.2575,24.98,25.685
4998,2014-02-22 02:15:00,0.0,24.255,23.9925,23.585,24.2575,24.98
4999,2014-02-22 02:30:00,0.0,23.5975,24.255,23.9925,23.585,24.2575
5000,2014-02-22 02:45:00,0.0,26.92,23.5975,24.255,23.9925,23.585
5001,2014-02-22 03:00:00,0.0,24.6175,26.92,23.5975,24.255,23.9925
5002,2014-02-22 03:15:00,0.0,25.845,24.6175,26.92,23.5975,24.255
5003,2014-02-22 03:30:00,0.0,23.6825,25.845,24.6175,26.92,23.5975
5004,2014-02-22 03:45:00,0.0,22.1925,23.6825,25.845,24.6175,26.92
5005,2014-02-22 04:00:00,0.0,24.5475,22.1925,23.6825,25.845,24.6175
5006,2014-02-22 04:15:00,0.0,25.3375,24.5475,22.1925,23.6825,25.845
5007,2014-02-22 04:30:00,0.0,24.4375,25.3375,24.5475,22.1925,23.6825
5008,2014-02-22 04:45:00,0.0,25.9825,24.4375,25.3375,24.5475,22.1925
5009,2014-02-22 05:00:00,0.0,25.6525,25.9825,24.4375,25.3375,24.5475
5010,2014-02-22 05:15:00,0.0,24.36,25.6525,25.9825,24.4375,25.3375
5011,2014-02-22 05:30:00,0.0,25.87,24.36,25.6525,25.9825,24.4375
5012,2014-02-22 05:45:00,0.0,24.1325,25.87,24.36,25.6525,25.9825
5013,2014-02-22 06:00:00,0.0,24.0975,24.1325,25.87,24.36,25.6525
5014,2014-02-22 06:15:00,0.0,26.0175,24.0975,24.1325,25.87,24.36
5015,2014-02-22 06:30:00,0.0,25.635,26.0175,24.0975,24.1325,25.87
5016,2014-02-22 06:45:00,0.0,25.9775,25.635,26.0175,24.0975,24.1325
5017,2014-02-22 07:00:00,0.0,27.9575,25.9775,25.635,26.0175,24.0975
5018,2014-02-22 07:15:00,0.0,22.9,27.9575,25.9775,25.635,26.0175
5019,2014-02-22 07:30:00,0.0,26.0525,22.9,27.9575,25.9775,25.635
5020,2014-02-22 07:45:00,0.0,25.91,26.0525,22.9,27.9575,25.9775
5021,2014-02-22 08:00:00,0.0,22.07,25.91,26.0525,22.9,27.9575
5022,2014-02-22 08:15:00,0.0,25.06,22.07,25.91,26.0525,22.9
5023,2014-02-22 08:30:00,0.0,26.8075,25.06,22.07,25.91,26.0525
5024,2014-02-22 08:45:00,0.0,24.7225,26.8075,25.06,22.07,25.91
5025,2014-02-22 09:00:00,0.0,26.6825,24.7225,26.8075,25.06,22.07
5026,2014-02-22 09:15:00,0.0,26.3525,26.6825,24.7225,26.8075,25.06
5027,2014-02-22 09:30:00,0.0,26.8525,26.3525,26.6825,24.7225,26.8075
5028,2014-02-22 09:45:00,0.0,27.6075,26.8525,26.3525,26.6825,24.7225
5029,2014-02-22 10:00:00,0.0,27.21,27.6075,26.8525,26.3525,26.6825
5030,2014-02-22 10:15:00,0.0,24.6625,27.21,27.6075,26.8525,26.3525
5031,2014-02-22 10:30:00,0.0,26.4275,24.6625,27.21,27.6075,26.8525
5032,2014-02-22 10:45:00,0.0,25.095,26.4275,24.6625,27.21,27.6075
5033,2014-02-22 11:00:00,0.0,25.575,25.095,26.4275,24.6625,27.21
5034,2014-02-22 11:15:00,0.0,27.2,25.575,25.095,26.4275,24.6625
5035,2014-02-22 11:30:00,0.0,23.5375,27.2,25.575,25.095,26.4275
5036,2014-02-22 11:45:00,0.0,27.3825,23.5375,27.2,25.575,25.095
5037,2014-02-22 12:00:00,0.0,25.2375,27.3825,23.5375,27.2,25.575
5038,2014-02-22 12:15:00,0.0,24.135,25.2375,27.3825,23.5375,27.2
5039,2014-02-22 12:30:00,0.0,27.01,24.135,25.2375,27.3825,23.5375
5040,2014-02-22 12:45:00,0.0,24.9425,27.01,24.135,25.2375,27.3825
5041,2014-02-22 13:00:00,0.0,24.2725,24.9425,27.01,24.135,25.2375
5042,2014-02-22 13:15:00,0.0,27.6875,24.2725,24.9425,27.01,24.135
5043,2014-02-22 13:30:00,0.0,28.7775,27.6875,24.2725,24.9425,27.01
5044,2014-02-22 13:45:00,0.0,24.91,28.7775,27.6875,24.2725,24.9425
5045,2014-02-22 14:00:00,0.0,28.72,24.91,28.7775,27.6875,24.2725
5046,2014-02-22 14:15:00,0.0,25.3075,28.72,24.91,28.7775,27.6875
5047,2014-02-22 14:30:00,0.0,28.78,25.3075,28.72,24.91,28.7775
5048,2014-02-22 14:45:00,0.0,26.5825,28.78,25.3075,28.72,24.91
5049,2014-02-22 15:00:00,0.0,25.715,26.5825,28.78,25.3075,28.72
5050,2014-02-22 15:15:00,0.0,25.43,25.715,26.5825,28.78,25.3075
5051,2014-02-22 15:30:00,0.0,23.965,25.43,25.715,26.5825,28.78
5052,2014-02-22 15:45:00,0.0,25.8875,23.965,25.43,25.715,26.5825
5053,2014-02-22 16:00:00,0.0,26.935,25.8875,23.965,25.43,25.715
5054,2014-02-22 16:15:00,0.0,23.8575,26.935,25.8875,23.965,25.43
5055,2014-02-22 16:30:00,0.0,25.97,23.8575,26.935,25.8875,23.965
5056,2014-02-22 16:45:00,0.0,27.3225,25.97,23.8575,26.935,25.8875
5057,2014-02-22 17:00:00,0.0,25.56,27.3225,25.97,23.8575,26.935
5058,2014-02-22 17:15:00,0.0,26.665,25.56,27.3225,25.97,23.8575
5059,2014-02-22 17:30:00,0.0,23.105,26.665,25.56,27.3225,25.97
5060,2014-02-22 17:45:00,0.0,26.66,23.105,26.665,25.56,27.3225
5061,2014-02-22 18:00:00,0.0,26.88,26.66,23.105,26.665,25.56
5062,2014-02-22 18:15:00,0.0,25.03,26.88,26.66,23.105,26.665
5063,2014-02-22 18:30:00,0.0,25.485,25.03,26.88,26.66,23.105
5064,2014-02-22 18:45:00,0.0,25.5725,25.485,25.03,26.88,26.66
5065,2014-02-22 19:00:00,0.0,25.8175,25.5725,25.485,25.03,26.88
5066,2014-02-22 19:15:00,0.0,25.7675,25.8175,25.5725,25.485,25.03
5067,2014-02-22 19:30:00,0.0,25.8325,25.7675,25.8175,25.5725,25.485
5068,2014-02-22 19:45:00,0.0,25.3275,25.8325,25.7675,25.8175,25.5725
5069,2014-02-22 20:00:00,0.0,25.875,25.3275,25.8325,25.7675,25.8175
5070,2014-02-22 20:15:00,0.0,25.5475,25.875,25.3275,25.8325,25.7675
5071,2014-02-22 20:30:00,0.0,25.0575,25.5475,25.875,25.3275,25.8325
5072,2014-02-22 20:45:00,0.0,25.455,25.0575,25.5475,25.875,25.3275
5073,2014-02-22 21:00:00,0.0,26.0975,25.455,25.0575,25.5475,25.875
5074,2014-02-22 21:15:00,0.0,24.9375,26.0975,25.455,25.0575,25.5475
5075,2014-02-22 21:30:00,0.0,27.1225,24.9375,26.0975,25.455,25.0575
5076,2014-02-22 21:45:00,0.0,25.6975,27.1225,24.9375,26.0975,25.455
5077,2014-02-22 22:00:00,0.0,23.685,25.6975,27.1225,24.9375,26.0975
5078,2014-02-22 22:15:00,0.0,23.6075,23.685,25.6975,27.1225,24.9375
5079,2014-02-22 22:30:00,0.0,24.2475,23.6075,23.685,25.6975,27.1225
5080,2014-02-22 22:45:00,0.0,25.965,24.2475,23.6075,23.685,25.6975
5081,2014-02-22 23:00:00,0.0,25.5825,25.965,24.2475,23.6075,23.685
5082,2014-02-22 23:15:00,0.0,23.15,25.5825,25.965,24.2475,23.6075
5083,2014-02-22 23:30:00,0.0,24.27,23.15,25.5825,25.965,24.2475
5084,2014-02-22 23:45:00,0.0,25.4575,24.27,23.15,25.5825,25.965
5085,2014-02-23 00:00:00,0.0,24.2525,25.4575,24.27,23.15,25.5825
5086,2014-02-23 00:15:00,0.0,24.945,24.2525,25.4575,24.27,23.15
5087,2014-02-23 00:30:00,0.0,25.2975,24.945,24.2525,25.4575,24.27
5088,2014-02-23 00:45:00,0.0,25.9475,25.2975,24.945,24.2525,25.4575
5089,2014-02-23 01:00:00,0.0,25.7225,25.9475,25.2975,24.945,24.2525
5090,2014-02-23 01:15:00,0.0,24.6725,25.7225,25.9475,25.2975,24.945
5091,2014-02-23 01:30:00,0.0,25.195,24.6725,25.7225,25.9475,25.2975
5092,2014-02-23 01:45:00,0.0,25.575,25.195,24.6725,25.7225,25.9475
5093,2014-02-23 02:00:00,0.0,24.28,25.575,25.195,24.6725,25.7225
5094,2014-02-23 02:15:00,0.0,26.2025,24.28,25.575,25.195,24.6725
5095,2014-02-23 02:30:00,0.0,26.48,26.2025,24.28,25.575,25.195
5096,2014-02-23 02:45:00,0.0,25.4825,26.48,26.2025,24.28,25.575
5097,2014-02-23 03:00:00,0.0,24.845,25.4825,26.48,26.2025,24.28
5098,2014-02-23 03:15:00,0.0,22.745,24.845,25.4825,26.48,26.2025
5099,2014-02-23 03:30:00,0.0,24.34,22.745,24.845,25.4825,26.48
5100,2014-02-23 03:45:00,0.0,26.635,24.34,22.745,24.845,25.4825
5101,2014-02-23 04:00:00,0.0,26.625,26.635,24.34,22.745,24.845
5102,2014-02-23 04:15:00,0.0,25.3325,26.625,26.635,24.34,22.745
5103,2014-02-23 04:30:00,0.0,23.885,25.3325,26.625,26.635,24.34
5104,2014-02-23 04:45:00,0.0,25.0125,23.885,25.3325,26.625,26.635
5105,2014-02-23 05:00:00,0.0,25.0625,25.0125,23.885,25.3325,26.625
5106,2014-02-23 05:15:00,0.0,23.7075,25.0625,25.0125,23.885,25.3325
5107,2014-02-23 05:30:00,0.0,24.97,23.7075,25.0625,25.0125,23.885
5108,2014-02-23 05:45:00,0.0,26.2775,24.97,23.7075,25.0625,25.0125
5109,2014-02-23 06:00:00,0.0,24.68,26.2775,24.97,23.7075,25.0625
5110,2014-02-23 06:15:00,0.0,25.275,24.68,26.2775,24.97,23.7075
5111,2014-02-23 06:30:00,0.0,25.9375,25.275,24.68,26.2775,24.97
5112,2014-02-23 06:45:00,0.0,26.1575,25.9375,25.275,24.68,26.2775
5113,2014-02-23 07:00:00,0.0,26.3925,26.1575,25.9375,25.275,24.68
5114,2014-02-23 07:15:00,0.0,25.8775,26.3925,26.1575,25.9375,25.275
5115,2014-02-23 07:30:00,0.0,24.45,25.8775,26.3925,26.1575,25.9375
5116,2014-02-23 07:45:00,0.0,25.965,24.45,25.8775,26.3925,26.1575
5117,2014-02-23 08:00:00,0.0,26.135,25.965,24.45,25.8775,26.3925
5118,2014-02-23 08:15:00,0.0,25.8525,26.135,25.965,24.45,25.8775
5119,2014-02-23 08:30:00,0.0,24.2925,25.8525,26.135,25.965,24.45
5120,2014-02-23 08:45:00,0.0,26.645,24.2925,25.8525,26.135,25.965
5121,2014-02-23 09:00:00,0.0,27.3475,26.645,24.2925,25.8525,26.135
5122,2014-02-23 09:15:00,0.0,25.49,27.3475,26.645,24.2925,25.8525
5123,2014-02-23 09:30:00,0.0,25.1775,25.49,27.3475,26.645,24.2925
5124,2014-02-23 09:45:00,0.0,25.42,25.1775,25.49,27.3475,26.645
5125,2014-02-23 10:00:00,0.0,25.6775,25.42,25.1775,25.49,27.3475
5126,2014-02-23 10:15:00,0.0,26.355,25.6775,25.42,25.1775,25.49
5127,2014-02-23 10:30:00,0.0,27.07,26.355,25.6775,25.42,25.1775
5128,2014-02-23 10:45:00,0.0,27.2975,27.07,26.355,25.6775,25.42
5129,2014-02-23 11:00:00,0.0,25.62,27.2975,27.07,26.355,25.6775
5130,2014-02-23 11:15:00,0.0,24.3,25.62,27.2975,27.07,26.355
5131,2014-02-23 11:30:00,0.0,26.5225,24.3,25.62,27.2975,27.07
5132,2014-02-23 11:45:00,0.0,26.2175,26.5225,24.3,25.62,27.2975
5133,2014-02-23 12:00:00,0.0,26.2725,26.2175,26.5225,24.3,25.62
5134,2014-02-23 12:15:00,0.0,27.2475,26.2725,26.2175,26.5225,24.3
5135,2014-02-23 12:30:00,0.0,27.8425,27.2475,26.2725,26.2175,26.5225
5136,2014-02-23 12:45:00,0.0,26.8475,27.8425,27.2475,26.2725,26.2175
5137,2014-02-23 13:00:00,0.0,25.2775,26.8475,27.8425,27.2475,26.2725
5138,2014-02-23 13:15:00,0.0,24.9775,25.2775,26.8475,27.8425,27.2475
5139,2014-02-23 13:30:00,0.0,25.18,24.9775,25.2775,26.8475,27.8425
5140,2014-02-23 13:45:00,0.0,27.1425,25.18,24.9775,25.2775,26.8475
5141,2014-02-23 14:00:00,0.0,25.71,27.1425,25.18,24.9775,25.2775
5142,2014-02-23 14:15:00,0.0,28.155,25.71,27.1425,25.18,24.9775
5143,2014-02-23 14:30:00,0.0,26.9525,28.155,25.71,27.1425,25.18
5144,2014-02-23 14:45:00,0.0,29.8925,26.9525,28.155,25.71,27.1425
5145,2014-02-23 15:00:00,0.0,26.8825,29.8925,26.9525,28.155,25.71
5146,2014-02-23 15:15:00,0.0,26.925,26.8825,29.8925,26.9525,28.155
5147,2014-02-23 15:30:00,0.0,25.655,26.925,26.8825,29.8925,26.9525
5148,2014-02-23 15:45:00,0.0,25.99,25.655,26.925,26.8825,29.8925
5149,2014-02-23 16:00:00,0.0,24.8225,25.99,25.655,26.925,26.8825
5150,2014-02-23 16:15:00,0.0,27.16,24.8225,25.99,25.655,26.925
5151,2014-02-23 16:30:00,0.0,26.55,27.16,24.8225,25.99,25.655
5152,2014-02-23 16:45:00,0.0,26.855,26.55,27.16,24.8225,25.99
5153,2014-02-23 17:00:00,0.0,25.13,26.855,26.55,27.16,24.8225
5154,2014-02-23 17:15:00,0.0,25.1475,25.13,26.855,26.55,27.16
5155,2014-02-23 17:30:00,0.0,25.44,25.1475,25.13,26.855,26.55
5156,2014-02-23 17:45:00,0.0,26.4125,25.44,25.1475,25.13,26.855
5157,2014-02-23 18:00:00,0.0,25.6225,26.4125,25.44,25.1475,25.13
5158,2014-02-23 18:15:00,0.0,25.245,25.6225,26.4125,25.44,25.1475
5159,2014-02-23 18:30:00,0.0,25.53,25.245,25.6225,26.4125,25.44
5160,2014-02-23 18:45:00,0.0,24.565,25.53,25.245,25.6225,26.4125
5161,2014-02-23 19:00:00,0.0,26.125,24.565,25.53,25.245,25.6225
5162,2014-02-23 19:15:00,0.0,23.505,26.125,24.565,25.53,25.245
5163,2014-02-23 19:30:00,0.0,22.5275,23.505,26.125,24.565,25.53
5164,2014-02-23 19:45:00,0.0,26.31,22.5275,23.505,26.125,24.565
5165,2014-02-23 20:00:00,0.0,24.185,26.31,22.5275,23.505,26.125
5166,2014-02-23 20:15:00,0.0,26.0025,24.185,26.31,22.5275,23.505
5167,2014-02-23 20:30:00,0.0,24.655,26.0025,24.185,26.31,22.5275
5168,2014-02-23 20:45:00,0.0,26.195,24.655,26.0025,24.185,26.31
5169,2014-02-23 21:00:00,0.0,21.85,26.195,24.655,26.0025,24.185
5170,2014-02-23 21:15:00,0.0,25.5425,21.85,26.195,24.655,26.0025
5171,2014-02-23 21:30:00,0.0,25.015,25.5425,21.85,26.195,24.655
5172,2014-02-23 21:45:00,0.0,26.5925,25.015,25.5425,21.85,26.195
5173,2014-02-23 22:00:00,0.0,23.62,26.5925,25.015,25.5425,21.85
5174,2014-02-23 22:15:00,0.0,24.43,23.62,26.5925,25.015,25.5425
5175,2014-02-23 22:30:00,0.0,23.6375,24.43,23.62,26.5925,25.015
5176,2014-02-23 22:45:00,0.0,24.005,23.6375,24.43,23.62,26.5925
5177,2014-02-23 23:00:00,0.0,24.305,24.005,23.6375,24.43,23.62
5178,2014-02-23 23:15:00,0.0,25.815,24.305,24.005,23.6375,24.43
5179,2014-02-23 23:30:00,0.0,24.805,25.815,24.305,24.005,23.6375
5180,2014-02-23 23:45:00,0.0,24.4875,24.805,25.815,24.305,24.005
5181,2014-02-24 00:00:00,0.0,25.4325,24.4875,24.805,25.815,24.305
5182,2014-02-24 00:15:00,0.0,23.57,25.4325,24.4875,24.805,25.815
5183,2014-02-24 00:30:00,0.0,24.375,23.57,25.4325,24.4875,24.805
5184,2014-02-24 00:45:00,0.0,25.4225,24.375,23.57,25.4325,24.4875
5185,2014-02-24 01:00:00,0.0,24.25,25.4225,24.375,23.57,25.4325
5186,2014-02-24 01:15:00,0.0,26.105,24.25,25.4225,24.375,23.57
5187,2014-02-24 01:30:00,0.0,24.75,26.105,24.25,25.4225,24.375
5188,2014-02-24 01:45:00,0.0,25.3875,24.75,26.105,24.25,25.4225
5189,2014-02-24 02:00:00,0.0,24.3975,25.3875,24.75,26.105,24.25
5190,2014-02-24 02:15:00,0.0,24.0375,24.3975,25.3875,24.75,26.105
5191,2014-02-24 02:30:00,0.0,24.5625,24.0375,24.3975,25.3875,24.75
5192,2014-02-24 02:45:00,0.0,26.045,24.5625,24.0375,24.3975,25.3875
5193,2014-02-24 03:00:00,0.0,26.91,26.045,24.5625,24.0375,24.3975
5194,2014-02-24 03:15:00,0.0,24.95,26.91,26.045,24.5625,24.0375
5195,2014-02-24 03:30:00,0.0,25.3325,24.95,26.91,26.045,24.5625
5196,2014-02-24 03:45:00,0.0,25.535,25.3325,24.95,26.91,26.045
5197,2014-02-24 04:00:00,0.0,24.5525,25.535,25.3325,24.95,26.91
5198,2014-02-24 04:15:00,0.0,26.1625,24.5525,25.535,25.3325,24.95
5199,2014-02-24 04:30:00,0.0,24.22,26.1625,24.5525,25.535,25.3325
5200,2014-02-24 04:45:00,0.0,26.0375,24.22,26.1625,24.5525,25.535
5201,2014-02-24 05:00:00,0.0,24.8,26.0375,24.22,26.1625,24.5525
5202,2014-02-24 05:15:00,0.0,26.3375,24.8,26.0375,24.22,26.1625
5203,2014-02-24 05:30:00,0.0,25.37,26.3375,24.8,26.0375,24.22
5204,2014-02-24 05:45:00,0.0,26.71,25.37,26.3375,24.8,26.0375
5205,2014-02-24 06:00:00,0.0,25.96,26.71,25.37,26.3375,24.8
5206,2014-02-24 06:15:00,0.0,28.995,25.96,26.71,25.37,26.3375
5207,2014-02-24 06:30:00,0.0,30.1825,28.995,25.96,26.71,25.37
5208,2014-02-24 06:45:00,0.0,29.28,30.1825,28.995,25.96,26.71
5209,2014-02-24 07:00:00,0.0,27.925,29.28,30.1825,28.995,25.96
5210,2014-02-24 07:15:00,0.0,28.985,27.925,29.28,30.1825,28.995
5211,2014-02-24 07:30:00,0.0,28.6525,28.985,27.925,29.28,30.1825
5212,2014-02-24 07:45:00,0.0,29.445,28.6525,28.985,27.925,29.28
5213,2014-02-24 08:00:00,0.0,28.4425,29.445,28.6525,28.985,27.925
5214,2014-02-24 08:15:00,0.0,28.4825,28.4425,29.445,28.6525,28.985
5215,2014-02-24 08:30:00,0.0,29.42,28.4825,28.4425,29.445,28.6525
5216,2014-02-24 08:45:00,0.0,31.6575,29.42,28.4825,28.4425,29.445
5217,2014-02-24 09:00:00,0.0,29.7875,31.6575,29.42,28.4825,28.4425
5218,2014-02-24 09:15:00,0.0,32.65,29.7875,31.6575,29.42,28.4825
5219,2014-02-24 09:30:00,0.0,28.74,32.65,29.7875,31.6575,29.42
5220,2014-02-24 09:45:00,0.0,29.765,28.74,32.65,29.7875,31.6575
5221,2014-02-24 10:00:00,0.0,32.2325,29.765,28.74,32.65,29.7875
5222,2014-02-24 10:15:00,0.0,31.18,32.2325,29.765,28.74,32.65
5223,2014-02-24 10:30:00,0.0,35.2075,31.18,32.2325,29.765,28.74
5224,2014-02-24 10:45:00,0.0,34.945,35.2075,31.18,32.2325,29.765
5225,2014-02-24 11:00:00,0.0,31.4425,34.945,35.2075,31.18,32.2325
5226,2014-02-24 11:15:00,0.0,34.33,31.4425,34.945,35.2075,31.18
5227,2014-02-24 11:30:00,0.0,36.1,34.33,31.4425,34.945,35.2075
5228,2014-02-24 11:45:00,0.0,37.41,36.1,34.33,31.4425,34.945
5229,2014-02-24 12:00:00,0.0,37.075,37.41,36.1,34.33,31.4425
5230,2014-02-24 12:15:00,0.0,40.17,37.075,37.41,36.1,34.33
5231,2014-02-24 12:30:00,0.0,40.195,40.17,37.075,37.41,36.1
5232,2014-02-24 12:45:00,0.0,42.785,40.195,40.17,37.075,37.41
5233,2014-02-24 13:00:00,0.0,36.1025,42.785,40.195,40.17,37.075
5234,2014-02-24 13:15:00,0.0,42.39,36.1025,42.785,40.195,40.17
5235,2014-02-24 13:30:00,0.0,38.265,42.39,36.1025,42.785,40.195
5236,2014-02-24 13:45:00,0.0,41.55,38.265,42.39,36.1025,42.785
5237,2014-02-24 14:00:00,0.0,39.9725,41.55,38.265,42.39,36.1025
5238,2014-02-24 14:15:00,0.0,40.5825,39.9725,41.55,38.265,42.39
5239,2014-02-24 14:30:00,0.0,42.5375,40.5825,39.9725,41.55,38.265
5240,2014-02-24 14:45:00,0.0,41.825,42.5375,40.5825,39.9725,41.55
5241,2014-02-24 15:00:00,0.0,39.0475,41.825,42.5375,40.5825,39.9725
5242,2014-02-24 15:15:00,0.0,42.0075,39.0475,41.825,42.5375,40.5825
5243,2014-02-24 15:30:00,0.0,40.9275,42.0075,39.0475,41.825,42.5375
5244,2014-02-24 15:45:00,0.0,40.2525,40.9275,42.0075,39.0475,41.825
5245,2014-02-24 16:00:00,0.0,41.41,40.2525,40.9275,42.0075,39.0475
5246,2014-02-24 16:15:00,0.0,42.6275,41.41,40.2525,40.9275,42.0075
5247,2014-02-24 16:30:00,0.0,40.755,42.6275,41.41,40.2525,40.9275
5248,2014-02-24 16:45:00,0.0,42.7975,40.755,42.6275,41.41,40.2525
5249,2014-02-24 17:00:00,0.0,41.2025,42.7975,40.755,42.6275,41.41
5250,2014-02-24 17:15:00,0.0,38.985,41.2025,42.7975,40.755,42.6275
5251,2014-02-24 17:30:00,0.0,37.8325,38.985,41.2025,42.7975,40.755
5252,2014-02-24 17:45:00,0.0,34.66,37.8325,38.985,41.2025,42.7975
5253,2014-02-24 18:00:00,0.0,32.165,34.66,37.8325,38.985,41.2025
5254,2014-02-24 18:15:00,0.0,31.785,32.165,34.66,37.8325,38.985
5255,2014-02-24 18:30:00,0.0,33.6675,31.785,32.165,34.66,37.8325
5256,2014-02-24 18:45:00,0.0,32.96,33.6675,31.785,32.165,34.66
5257,2014-02-24 19:00:00,0.0,31.63,32.96,33.6675,31.785,32.165
5258,2014-02-24 19:15:00,0.0,28.7975,31.63,32.96,33.6675,31.785
5259,2014-02-24 19:30:00,0.0,27.73,28.7975,31.63,32.96,33.6675
5260,2014-02-24 19:45:00,0.0,30.6825,27.73,28.7975,31.63,32.96
5261,2014-02-24 20:00:00,0.0,28.8675,30.6825,27.73,28.7975,31.63
5262,2014-02-24 20:15:00,0.0,30.285,28.8675,30.6825,27.73,28.7975
5263,2014-02-24 20:30:00,0.0,29.67,30.285,28.8675,30.6825,27.73
5264,2014-02-24 20:45:00,0.0,30.9475,29.67,30.285,28.8675,30.6825
5265,2014-02-24 21:00:00,0.0,28.95,30.9475,29.67,30.285,28.8675
5266,2014-02-24 21:15:00,0.0,28.005,28.95,30.9475,29.67,30.285
5267,2014-02-24 21:30:00,0.0,27.7275,28.005,28.95,30.9475,29.67
5268,2014-02-24 21:45:00,0.0,30.1,27.7275,28.005,28.95,30.9475
5269,2014-02-24 22:00:00,0.0,30.285,30.1,27.7275,28.005,28.95
5270,2014-02-24 22:15:00,0.0,27.6275,30.285,30.1,27.7275,28.005
5271,2014-02-24 22:30:00,0.0,26.8925,27.6275,30.285,30.1,27.7275
5272,2014-02-24 22:45:00,0.0,27.785,26.8925,27.6275,30.285,30.1
5273,2014-02-24 23:00:00,0.0,25.7375,27.785,26.8925,27.6275,30.285
5274,2014-02-24 23:15:00,0.0,26.7425,25.7375,27.785,26.8925,27.6275
5275,2014-02-24 23:30:00,0.0,26.335,26.7425,25.7375,27.785,26.8925
5276,2014-02-24 23:45:00,0.0,27.615,26.335,26.7425,25.7375,27.785
5277,2014-02-25 00:00:00,0.0,26.625,27.615,26.335,26.7425,25.7375
5278,2014-02-25 00:15:00,0.0,24.8425,26.625,27.615,26.335,26.7425
5279,2014-02-25 00:30:00,0.0,24.565,24.8425,26.625,27.615,26.335
5280,2014-02-25 00:45:00,0.0,25.0575,24.565,24.8425,26.625,27.615
5281,2014-02-25 01:00:00,0.0,26.43,25.0575,24.565,24.8425,26.625
5282,2014-02-25 01:15:00,0.0,26.595,26.43,25.0575,24.565,24.8425
5283,2014-02-25 01:30:00,0.0,26.8575,26.595,26.43,25.0575,24.565
5284,2014-02-25 01:45:00,0.0,26.0575,26.8575,26.595,26.43,25.0575
5285,2014-02-25 02:00:00,0.0,24.26,26.0575,26.8575,26.595,26.43
5286,2014-02-25 02:15:00,0.0,24.5825,24.26,26.0575,26.8575,26.595
5287,2014-02-25 02:30:00,0.0,26.005,24.5825,24.26,26.0575,26.8575
5288,2014-02-25 02:45:00,0.0,26.0225,26.005,24.5825,24.26,26.0575
5289,2014-02-25 03:00:00,0.0,25.765,26.0225,26.005,24.5825,24.26
5290,2014-02-25 03:15:00,0.0,23.175,25.765,26.0225,26.005,24.5825
5291,2014-02-25 03:30:00,0.0,25.6025,23.175,25.765,26.0225,26.005
5292,2014-02-25 03:45:00,0.0,26.6025,25.6025,23.175,25.765,26.0225
5293,2014-02-25 04:00:00,0.0,25.725,26.6025,25.6025,23.175,25.765
5294,2014-02-25 04:15:00,0.0,25.5675,25.725,26.6025,25.6025,23.175
5295,2014-02-25 04:30:00,0.0,26.835,25.5675,25.725,26.6025,25.6025
5296,2014-02-25 04:45:00,0.0,26.555,26.835,25.5675,25.725,26.6025
5297,2014-02-25 05:00:00,0.0,25.52,26.555,26.835,25.5675,25.725
5298,2014-02-25 05:15:00,0.0,25.73,25.52,26.555,26.835,25.5675
5299,2014-02-25 05:30:00,0.0,27.0175,25.73,25.52,26.555,26.835
5300,2014-02-25 05:45:00,0.0,27.015,27.0175,25.73,25.52,26.555
5301,2014-02-25 06:00:00,0.0,27.905,27.015,27.0175,25.73,25.52
5302,2014-02-25 06:15:00,0.0,30.3925,27.905,27.015,27.0175,25.73
5303,2014-02-25 06:30:00,0.0,32.5425,30.3925,27.905,27.015,27.0175
5304,2014-02-25 06:45:00,0.0,28.54,32.5425,30.3925,27.905,27.015
5305,2014-02-25 07:00:00,0.0,30.45,28.54,32.5425,30.3925,27.905
5306,2014-02-25 07:15:00,0.0,30.0875,30.45,28.54,32.5425,30.3925
5307,2014-02-25 07:30:00,0.0,29.1425,30.0875,30.45,28.54,32.5425
5308,2014-02-25 07:45:00,0.0,32.81,29.1425,30.0875,30.45,28.54
5309,2014-02-25 08:00:00,0.0,30.63,32.81,29.1425,30.0875,30.45
5310,2014-02-25 08:15:00,0.0,29.93,30.63,32.81,29.1425,30.0875
5311,2014-02-25 08:30:00,0.0,31.93,29.93,30.63,32.81,29.1425
5312,2014-02-25 08:45:00,0.0,31.725,31.93,29.93,30.63,32.81
5313,2014-02-25 09:00:00,0.0,33.6425,31.725,31.93,29.93,30.63
5314,2014-02-25 09:15:00,0.0,30.575,33.6425,31.725,31.93,29.93
5315,2014-02-25 09:30:00,0.0,32.325,30.575,33.6425,31.725,31.93
5316,2014-02-25 09:45:00,0.0,33.775,32.325,30.575,33.6425,31.725
5317,2014-02-25 10:00:00,0.0,31.87,33.775,32.325,30.575,33.6425
5318,2014-02-25 10:15:00,0.0,34.5025,31.87,33.775,32.325,30.575
5319,2014-02-25 10:30:00,0.0,31.62,34.5025,31.87,33.775,32.325
5320,2014-02-25 10:45:00,0.0,35.1275,31.62,34.5025,31.87,33.775
5321,2014-02-25 11:00:00,0.0,35.14,35.1275,31.62,34.5025,31.87
5322,2014-02-25 11:15:00,0.0,34.7725,35.14,35.1275,31.62,34.5025
5323,2014-02-25 11:30:00,0.0,35.85,34.7725,35.14,35.1275,31.62
5324,2014-02-25 11:45:00,0.0,36.375,35.85,34.7725,35.14,35.1275
5325,2014-02-25 12:00:00,0.0,37.075,36.375,35.85,34.7725,35.14
5326,2014-02-25 12:15:00,0.0,34.9125,37.075,36.375,35.85,34.7725
5327,2014-02-25 12:30:00,0.0,36.37,34.9125,37.075,36.375,35.85
5328,2014-02-25 12:45:00,0.0,36.4625,36.37,34.9125,37.075,36.375
5329,2014-02-25 13:00:00,0.0,36.285,36.4625,36.37,34.9125,37.075
5330,2014-02-25 13:15:00,0.0,34.6575,36.285,36.4625,36.37,34.9125
5331,2014-02-25 13:30:00,0.0,34.2425,34.6575,36.285,36.4625,36.37
5332,2014-02-25 13:45:00,0.0,35.8925,34.2425,34.6575,36.285,36.4625
5333,2014-02-25 14:00:00,0.0,33.5325,35.8925,34.2425,34.6575,36.285
5334,2014-02-25 14:15:00,0.0,34.85,33.5325,35.8925,34.2425,34.6575
5335,2014-02-25 14:30:00,0.0,34.7525,34.85,33.5325,35.8925,34.2425
5336,2014-02-25 14:45:00,0.0,36.4025,34.7525,34.85,33.5325,35.8925
5337,2014-02-25 15:00:00,0.0,35.5,36.4025,34.7525,34.85,33.5325
5338,2014-02-25 15:15:00,0.0,35.275,35.5,36.4025,34.7525,34.85
5339,2014-02-25 15:30:00,0.0,36.4925,35.275,35.5,36.4025,34.7525
5340,2014-02-25 15:45:00,0.0,34.48,36.4925,35.275,35.5,36.4025
5341,2014-02-25 16:00:00,0.0,36.6675,34.48,36.4925,35.275,35.5
5342,2014-02-25 16:15:00,0.0,34.7775,36.6675,34.48,36.4925,35.275
5343,2014-02-25 16:30:00,0.0,35.8775,34.7775,36.6675,34.48,36.4925
5344,2014-02-25 16:45:00,0.0,35.9375,35.8775,34.7775,36.6675,34.48
5345,2014-02-25 17:00:00,0.0,35.355,35.9375,35.8775,34.7775,36.6675
5346,2014-02-25 17:15:00,0.0,34.525,35.355,35.9375,35.8775,34.7775
5347,2014-02-25 17:30:00,0.0,33.9075,34.525,35.355,35.9375,35.8775
5348,2014-02-25 17:45:00,0.0,32.575,33.9075,34.525,35.355,35.9375
5349,2014-02-25 18:00:00,0.0,35.8975,32.575,33.9075,34.525,35.355
5350,2014-02-25 18:15:00,0.0,32.3975,35.8975,32.575,33.9075,34.525
5351,2014-02-25 18:30:00,0.0,33.2025,32.3975,35.8975,32.575,33.9075
5352,2014-02-25 18:45:00,0.0,31.79,33.2025,32.3975,35.8975,32.575
5353,2014-02-25 19:00:00,0.0,31.9725,31.79,33.2025,32.3975,35.8975
5354,2014-02-25 19:15:00,0.0,30.325,31.9725,31.79,33.2025,32.3975
5355,2014-02-25 19:30:00,0.0,31.815,30.325,31.9725,31.79,33.2025
5356,2014-02-25 19:45:00,0.0,30.715,31.815,30.325,31.9725,31.79
5357,2014-02-25 20:00:00,0.0,30.6575,30.715,31.815,30.325,31.9725
5358,2014-02-25 20:15:00,0.0,30.435,30.6575,30.715,31.815,30.325
5359,2014-02-25 20:30:00,0.0,29.5075,30.435,30.6575,30.715,31.815
5360,2014-02-25 20:45:00,0.0,31.2125,29.5075,30.435,30.6575,30.715
5361,2014-02-25 21:00:00,0.0,30.135,31.2125,29.5075,30.435,30.6575
5362,2014-02-25 21:15:00,0.0,30.0475,30.135,31.2125,29.5075,30.435
5363,2014-02-25 21:30:00,0.0,28.745,30.0475,30.135,31.2125,29.5075
5364,2014-02-25 21:45:00,0.0,30.85,28.745,30.0475,30.135,31.2125
5365,2014-02-25 22:00:00,0.0,29.3475,30.85,28.745,30.0475,30.135
5366,2014-02-25 22:15:00,0.0,26.485,29.3475,30.85,28.745,30.0475
5367,2014-02-25 22:30:00,0.0,27.25,26.485,29.3475,30.85,28.745
5368,2014-02-25 22:45:00,0.0,28.2325,27.25,26.485,29.3475,30.85
5369,2014-02-25 23:00:00,0.0,26.625,28.2325,27.25,26.485,29.3475
5370,2014-02-25 23:15:00,0.0,26.73,26.625,28.2325,27.25,26.485
5371,2014-02-25 23:30:00,0.0,26.87,26.73,26.625,28.2325,27.25
5372,2014-02-25 23:45:00,0.0,27.165,26.87,26.73,26.625,28.2325
5373,2014-02-26 00:00:00,0.0,27.9675,27.165,26.87,26.73,26.625
5374,2014-02-26 00:15:00,0.0,26.8125,27.9675,27.165,26.87,26.73
5375,2014-02-26 00:30:00,0.0,27.195,26.8125,27.9675,27.165,26.87
5376,2014-02-26 00:45:00,0.0,26.8125,27.195,26.8125,27.9675,27.165
5377,2014-02-26 01:00:00,0.0,26.6,26.8125,27.195,26.8125,27.9675
5378,2014-02-26 01:15:00,0.0,26.4425,26.6,26.8125,27.195,26.8125
5379,2014-02-26 01:30:00,0.0,26.8725,26.4425,26.6,26.8125,27.195
5380,2014-02-26 01:45:00,0.0,27.35,26.8725,26.4425,26.6,26.8125
5381,2014-02-26 02:00:00,0.0,26.0675,27.35,26.8725,26.4425,26.6
5382,2014-02-26 02:15:00,0.0,27.0275,26.0675,27.35,26.8725,26.4425
5383,2014-02-26 02:30:00,0.0,25.93,27.0275,26.0675,27.35,26.8725
5384,2014-02-26 02:45:00,0.0,26.32,25.93,27.0275,26.0675,27.35
5385,2014-02-26 03:00:00,0.0,25.3425,26.32,25.93,27.0275,26.0675
5386,2014-02-26 03:15:00,0.0,24.975,25.3425,26.32,25.93,27.0275
5387,2014-02-26 03:30:00,0.0,26.3525,24.975,25.3425,26.32,25.93
5388,2014-02-26 03:45:00,0.0,27.37,26.3525,24.975,25.3425,26.32
5389,2014-02-26 04:00:00,0.0,25.335,27.37,26.3525,24.975,25.3425
5390,2014-02-26 04:15:00,0.0,26.21,25.335,27.37,26.3525,24.975
5391,2014-02-26 04:30:00,0.0,25.6575,26.21,25.335,27.37,26.3525
5392,2014-02-26 04:45:00,0.0,26.1175,25.6575,26.21,25.335,27.37
5393,2014-02-26 05:00:00,0.0,23.6425,26.1175,25.6575,26.21,25.335
5394,2014-02-26 05:15:00,0.0,24.165,23.6425,26.1175,25.6575,26.21
5395,2014-02-26 05:30:00,0.0,22.3975,24.165,23.6425,26.1175,25.6575
5396,2014-02-26 05:45:00,0.0,27.8425,22.3975,24.165,23.6425,26.1175
5397,2014-02-26 06:00:00,0.0,27.22,27.8425,22.3975,24.165,23.6425
5398,2014-02-26 06:15:00,0.0,29.2225,27.22,27.8425,22.3975,24.165
5399,2014-02-26 06:30:00,0.0,32.87,29.2225,27.22,27.8425,22.3975
5400,2014-02-26 06:45:00,0.0,30.055,32.87,29.2225,27.22,27.8425
5401,2014-02-26 07:00:00,0.0,29.6975,30.055,32.87,29.2225,27.22
5402,2014-02-26 07:15:00,0.0,30.1575,29.6975,30.055,32.87,29.2225
5403,2014-02-26 07:30:00,0.0,31.0875,30.1575,29.6975,30.055,32.87
5404,2014-02-26 07:45:00,0.0,30.1325,31.0875,30.1575,29.6975,30.055
5405,2014-02-26 08:00:00,0.0,30.655,30.1325,31.0875,30.1575,29.6975
5406,2014-02-26 08:15:00,0.0,31.1875,30.655,30.1325,31.0875,30.1575
5407,2014-02-26 08:30:00,0.0,31.1825,31.1875,30.655,30.1325,31.0875
5408,2014-02-26 08:45:00,0.0,33.615,31.1825,31.1875,30.655,30.1325
5409,2014-02-26 09:00:00,0.0,30.585,33.615,31.1825,31.1875,30.655
5410,2014-02-26 09:15:00,0.0,31.49,30.585,33.615,31.1825,31.1875
5411,2014-02-26 09:30:00,0.0,31.6175,31.49,30.585,33.615,31.1825
5412,2014-02-26 09:45:00,0.0,31.83,31.6175,31.49,30.585,33.615
5413,2014-02-26 10:00:00,0.0,33.735,31.83,31.6175,31.49,30.585
5414,2014-02-26 10:15:00,0.0,33.1525,33.735,31.83,31.6175,31.49
5415,2014-02-26 10:30:00,0.0,32.0825,33.1525,33.735,31.83,31.6175
5416,2014-02-26 10:45:00,0.0,34.9775,32.0825,33.1525,33.735,31.83
5417,2014-02-26 11:00:00,0.0,35.0875,34.9775,32.0825,33.1525,33.735
5418,2014-02-26 11:15:00,0.0,31.3025,35.0875,34.9775,32.0825,33.1525
5419,2014-02-26 11:30:00,0.0,30.18,31.3025,35.0875,34.9775,32.0825
5420,2014-02-26 11:45:00,0.0,32.7575,30.18,31.3025,35.0875,34.9775
5421,2014-02-26 12:00:00,0.0,35.0175,32.7575,30.18,31.3025,35.0875
5422,2014-02-26 12:15:00,0.0,34.2725,35.0175,32.7575,30.18,31.3025
5423,2014-02-26 12:30:00,0.0,35.9625,34.2725,35.0175,32.7575,30.18
5424,2014-02-26 12:45:00,0.0,33.21,35.9625,34.2725,35.0175,32.7575
5425,2014-02-26 13:00:00,0.0,35.345,33.21,35.9625,34.2725,35.0175
5426,2014-02-26 13:15:00,0.0,32.76,35.345,33.21,35.9625,34.2725
5427,2014-02-26 13:30:00,0.0,30.62,32.76,35.345,33.21,35.9625
5428,2014-02-26 13:45:00,0.0,33.4,30.62,32.76,35.345,33.21
5429,2014-02-26 14:00:00,0.0,34.3725,33.4,30.62,32.76,35.345
5430,2014-02-26 14:15:00,0.0,35.84,34.3725,33.4,30.62,32.76
5431,2014-02-26 14:30:00,0.0,35.3775,35.84,34.3725,33.4,30.62
5432,2014-02-26 14:45:00,0.0,32.81,35.3775,35.84,34.3725,33.4
5433,2014-02-26 15:00:00,0.0,35.64,32.81,35.3775,35.84,34.3725
5434,2014-02-26 15:15:00,0.0,34.7025,35.64,32.81,35.3775,35.84
5435,2014-02-26 15:30:00,0.0,34.76,34.7025,35.64,32.81,35.3775
5436,2014-02-26 15:45:00,0.0,35.4625,34.76,34.7025,35.64,32.81
5437,2014-02-26 16:00:00,0.0,35.75,35.4625,34.76,34.7025,35.64
5438,2014-02-26 16:15:00,0.0,36.365,35.75,35.4625,34.76,34.7025
5439,2014-02-26 16:30:00,0.0,34.8525,36.365,35.75,35.4625,34.76
5440,2014-02-26 16:45:00,0.0,35.9275,34.8525,36.365,35.75,35.4625
5441,2014-02-26 17:00:00,0.0,33.365,35.9275,34.8525,36.365,35.75
5442,2014-02-26 17:15:00,0.0,32.5325,33.365,35.9275,34.8525,36.365
5443,2014-02-26 17:30:00,0.0,32.8875,32.5325,33.365,35.9275,34.8525
5444,2014-02-26 17:45:00,0.0,32.97,32.8875,32.5325,33.365,35.9275
5445,2014-02-26 18:00:00,0.0,33.945,32.97,32.8875,32.5325,33.365
5446,2014-02-26 18:15:00,0.0,31.315,33.945,32.97,32.8875,32.5325
5447,2014-02-26 18:30:00,0.0,30.8425,31.315,33.945,32.97,32.8875
5448,2014-02-26 18:45:00,0.0,30.5625,30.8425,31.315,33.945,32.97
5449,2014-02-26 19:00:00,0.0,30.905,30.5625,30.8425,31.315,33.945
5450,2014-02-26 19:15:00,0.0,30.935,30.905,30.5625,30.8425,31.315
5451,2014-02-26 19:30:00,0.0,31.3875,30.935,30.905,30.5625,30.8425
5452,2014-02-26 19:45:00,0.0,31.4275,31.3875,30.935,30.905,30.5625
5453,2014-02-26 20:00:00,0.0,27.65,31.4275,31.3875,30.935,30.905
5454,2014-02-26 20:15:00,0.0,28.6975,27.65,31.4275,31.3875,30.935
5455,2014-02-26 20:30:00,0.0,28.855,28.6975,27.65,31.4275,31.3875
5456,2014-02-26 20:45:00,0.0,31.04,28.855,28.6975,27.65,31.4275
5457,2014-02-26 21:00:00,0.0,27.3025,31.04,28.855,28.6975,27.65
5458,2014-02-26 21:15:00,0.0,30.37,27.3025,31.04,28.855,28.6975
5459,2014-02-26 21:30:00,0.0,28.3975,30.37,27.3025,31.04,28.855
5460,2014-02-26 21:45:00,0.0,29.1025,28.3975,30.37,27.3025,31.04
5461,2014-02-26 22:00:00,0.0,27.925,29.1025,28.3975,30.37,27.3025
5462,2014-02-26 22:15:00,0.0,26.2225,27.925,29.1025,28.3975,30.37
5463,2014-02-26 22:30:00,0.0,26.18,26.2225,27.925,29.1025,28.3975
5464,2014-02-26 22:45:00,0.0,27.1925,26.18,26.2225,27.925,29.1025
5465,2014-02-26 23:00:00,0.0,27.015,27.1925,26.18,26.2225,27.925
5466,2014-02-26 23:15:00,0.0,24.9225,27.015,27.1925,26.18,26.2225
5467,2014-02-26 23:30:00,0.0,25.3875,24.9225,27.015,27.1925,26.18
5468,2014-02-26 23:45:00,0.0,26.0725,25.3875,24.9225,27.015,27.1925
5469,2014-02-27 00:00:00,0.0,25.0075,26.0725,25.3875,24.9225,27.015
5470,2014-02-27 00:15:00,0.0,26.05,25.0075,26.0725,25.3875,24.9225
5471,2014-02-27 00:30:00,0.0,25.595,26.05,25.0075,26.0725,25.3875
5472,2014-02-27 00:45:00,0.0,27.05,25.595,26.05,25.0075,26.0725
5473,2014-02-27 01:00:00,0.0,24.63,27.05,25.595,26.05,25.0075
5474,2014-02-27 01:15:00,0.0,25.6175,24.63,27.05,25.595,26.05
5475,2014-02-27 01:30:00,0.0,24.37,25.6175,24.63,27.05,25.595
5476,2014-02-27 01:45:00,0.0,25.765,24.37,25.6175,24.63,27.05
5477,2014-02-27 02:00:00,0.0,23.21,25.765,24.37,25.6175,24.63
5478,2014-02-27 02:15:00,0.0,25.3725,23.21,25.765,24.37,25.6175
5479,2014-02-27 02:30:00,0.0,25.515,25.3725,23.21,25.765,24.37
5480,2014-02-27 02:45:00,0.0,25.575,25.515,25.3725,23.21,25.765
5481,2014-02-27 03:00:00,0.0,24.58,25.575,25.515,25.3725,23.21
5482,2014-02-27 03:15:00,0.0,25.24,24.58,25.575,25.515,25.3725
5483,2014-02-27 03:30:00,0.0,24.555,25.24,24.58,25.575,25.515
5484,2014-02-27 03:45:00,0.0,25.0375,24.555,25.24,24.58,25.575
5485,2014-02-27 04:00:00,0.0,24.105,25.0375,24.555,25.24,24.58
5486,2014-02-27 04:15:00,0.0,25.0875,24.105,25.0375,24.555,25.24
5487,2014-02-27 04:30:00,0.0,25.575,25.0875,24.105,25.0375,24.555
5488,2014-02-27 04:45:00,0.0,26.13,25.575,25.0875,24.105,25.0375
5489,2014-02-27 05:00:00,0.0,25.2175,26.13,25.575,25.0875,24.105
5490,2014-02-27 05:15:00,0.0,27.095,25.2175,26.13,25.575,25.0875
5491,2014-02-27 05:30:00,0.0,26.1325,27.095,25.2175,26.13,25.575
5492,2014-02-27 05:45:00,0.0,27.7475,26.1325,27.095,25.2175,26.13
5493,2014-02-27 06:00:00,0.0,24.7525,27.7475,26.1325,27.095,25.2175
5494,2014-02-27 06:15:00,0.0,29.505,24.7525,27.7475,26.1325,27.095
5495,2014-02-27 06:30:00,0.0,30.535,29.505,24.7525,27.7475,26.1325
5496,2014-02-27 06:45:00,0.0,30.5175,30.535,29.505,24.7525,27.7475
5497,2014-02-27 07:00:00,0.0,30.11,30.5175,30.535,29.505,24.7525
5498,2014-02-27 07:15:00,0.0,30.5025,30.11,30.5175,30.535,29.505
5499,2014-02-27 07:30:00,0.0,31.3775,30.5025,30.11,30.5175,30.535
5500,2014-02-27 07:45:00,0.0,28.17,31.3775,30.5025,30.11,30.5175
5501,2014-02-27 08:00:00,0.0,30.2925,28.17,31.3775,30.5025,30.11
5502,2014-02-27 08:15:00,0.0,30.03,30.2925,28.17,31.3775,30.5025
5503,2014-02-27 08:30:00,0.0,30.7825,30.03,30.2925,28.17,31.3775
5504,2014-02-27 08:45:00,0.0,32.93,30.7825,30.03,30.2925,28.17
5505,2014-02-27 09:00:00,0.0,33.945,32.93,30.7825,30.03,30.2925
5506,2014-02-27 09:15:00,0.0,32.3775,33.945,32.93,30.7825,30.03
5507,2014-02-27 09:30:00,0.0,33.1775,32.3775,33.945,32.93,30.7825
5508,2014-02-27 09:45:00,0.0,34.5825,33.1775,32.3775,33.945,32.93
5509,2014-02-27 10:00:00,0.0,30.1275,34.5825,33.1775,32.3775,33.945
5510,2014-02-27 10:15:00,0.0,34.7075,30.1275,34.5825,33.1775,32.3775
5511,2014-02-27 10:30:00,0.0,33.1775,34.7075,30.1275,34.5825,33.1775
5512,2014-02-27 10:45:00,0.0,36.03,33.1775,34.7075,30.1275,34.5825
5513,2014-02-27 11:00:00,0.0,33.905,36.03,33.1775,34.7075,30.1275
5514,2014-02-27 11:15:00,0.0,31.6675,33.905,36.03,33.1775,34.7075
5515,2014-02-27 11:30:00,0.0,33.405,31.6675,33.905,36.03,33.1775
5516,2014-02-27 11:45:00,0.0,34.92,33.405,31.6675,33.905,36.03
5517,2014-02-27 12:00:00,0.0,34.62,34.92,33.405,31.6675,33.905
5518,2014-02-27 12:15:00,0.0,34.7325,34.62,34.92,33.405,31.6675
5519,2014-02-27 12:30:00,0.0,37.77,34.7325,34.62,34.92,33.405
5520,2014-02-27 12:45:00,0.0,34.695,37.77,34.7325,34.62,34.92
5521,2014-02-27 13:00:00,0.0,33.34,34.695,37.77,34.7325,34.62
5522,2014-02-27 13:15:00,0.0,33.6575,33.34,34.695,37.77,34.7325
5523,2014-02-27 13:30:00,0.0,31.8575,33.6575,33.34,34.695,37.77
5524,2014-02-27 13:45:00,0.0,32.81,31.8575,33.6575,33.34,34.695
5525,2014-02-27 14:00:00,0.0,36.2875,32.81,31.8575,33.6575,33.34
5526,2014-02-27 14:15:00,0.0,35.14,36.2875,32.81,31.8575,33.6575
5527,2014-02-27 14:30:00,0.0,34.07,35.14,36.2875,32.81,31.8575
5528,2014-02-27 14:45:00,0.0,34.0475,34.07,35.14,36.2875,32.81
5529,2014-02-27 15:00:00,0.0,35.685,34.0475,34.07,35.14,36.2875
5530,2014-02-27 15:15:00,0.0,32.54,35.685,34.0475,34.07,35.14
5531,2014-02-27 15:30:00,0.0,33.39,32.54,35.685,34.0475,34.07
5532,2014-02-27 15:45:00,0.0,34.2125,33.39,32.54,35.685,34.0475
5533,2014-02-27 16:00:00,0.0,35.94,34.2125,33.39,32.54,35.685
5534,2014-02-27 16:15:00,0.0,32.7075,35.94,34.2125,33.39,32.54
5535,2014-02-27 16:30:00,0.0,34.35,32.7075,35.94,34.2125,33.39
5536,2014-02-27 16:45:00,0.0,33.075,34.35,32.7075,35.94,34.2125
5537,2014-02-27 17:00:00,0.0,32.9075,33.075,34.35,32.7075,35.94
5538,2014-02-27 17:15:00,0.0,32.0725,32.9075,33.075,34.35,32.7075
5539,2014-02-27 17:30:00,0.0,31.7625,32.0725,32.9075,33.075,34.35
5540,2014-02-27 17:45:00,0.0,33.9025,31.7625,32.0725,32.9075,33.075
5541,2014-02-27 18:00:00,0.0,32.9,33.9025,31.7625,32.0725,32.9075
5542,2014-02-27 18:15:00,0.0,28.5675,32.9,33.9025,31.7625,32.0725
5543,2014-02-27 18:30:00,0.0,29.3825,28.5675,32.9,33.9025,31.7625
5544,2014-02-27 18:45:00,0.0,30.49,29.3825,28.5675,32.9,33.9025
5545,2014-02-27 19:00:00,0.0,31.2525,30.49,29.3825,28.5675,32.9
5546,2014-02-27 19:15:00,0.0,28.39,31.2525,30.49,29.3825,28.5675
5547,2014-02-27 19:30:00,0.0,30.535,28.39,31.2525,30.49,29.3825
5548,2014-02-27 19:45:00,0.0,30.945,30.535,28.39,31.2525,30.49
5549,2014-02-27 20:00:00,0.0,28.5875,30.945,30.535,28.39,31.2525
5550,2014-02-27 20:15:00,0.0,29.7675,28.5875,30.945,30.535,28.39
5551,2014-02-27 20:30:00,0.0,28.055,29.7675,28.5875,30.945,30.535
5552,2014-02-27 20:45:00,0.0,30.065,28.055,29.7675,28.5875,30.945
5553,2014-02-27 21:00:00,0.0,29.01,30.065,28.055,29.7675,28.5875
5554,2014-02-27 21:15:00,0.0,26.9725,29.01,30.065,28.055,29.7675
5555,2014-02-27 21:30:00,0.0,27.2375,26.9725,29.01,30.065,28.055
5556,2014-02-27 21:45:00,0.0,27.0625,27.2375,26.9725,29.01,30.065
5557,2014-02-27 22:00:00,0.0,27.595,27.0625,27.2375,26.9725,29.01
5558,2014-02-27 22:15:00,0.0,25.8625,27.595,27.0625,27.2375,26.9725
5559,2014-02-27 22:30:00,0.0,24.095,25.8625,27.595,27.0625,27.2375
5560,2014-02-27 22:45:00,0.0,26.45,24.095,25.8625,27.595,27.0625
5561,2014-02-27 23:00:00,0.0,26.5725,26.45,24.095,25.8625,27.595
5562,2014-02-27 23:15:00,0.0,26.6,26.5725,26.45,24.095,25.8625
5563,2014-02-27 23:30:00,0.0,24.3225,26.6,26.5725,26.45,24.095
5564,2014-02-27 23:45:00,0.0,25.985,24.3225,26.6,26.5725,26.45
5565,2014-02-28 00:00:00,0.0,24.76,25.985,24.3225,26.6,26.5725
5566,2014-02-28 00:15:00,0.0,24.645,24.76,25.985,24.3225,26.6
5567,2014-02-28 00:30:00,0.0,24.7475,24.645,24.76,25.985,24.3225
5568,2014-02-28 00:45:00,0.0,26.17,24.7475,24.645,24.76,25.985
5569,2014-02-28 01:00:00,0.0,26.2775,26.17,24.7475,24.645,24.76
5570,2014-02-28 01:15:00,0.0,22.045,26.2775,26.17,24.7475,24.645
5571,2014-02-28 01:30:00,0.0,23.5,22.045,26.2775,26.17,24.7475
5572,2014-02-28 01:45:00,0.0,24.7375,23.5,22.045,26.2775,26.17
5573,2014-02-28 02:00:00,0.0,25.355,24.7375,23.5,22.045,26.2775
5574,2014-02-28 02:15:00,0.0,22.77,25.355,24.7375,23.5,22.045
5575,2014-02-28 02:30:00,0.0,24.6875,22.77,25.355,24.7375,23.5
5576,2014-02-28 02:45:00,0.0,26.8225,24.6875,22.77,25.355,24.7375
5577,2014-02-28 03:00:00,0.0,25.0375,26.8225,24.6875,22.77,25.355
5578,2014-02-28 03:15:00,0.0,22.08,25.0375,26.8225,24.6875,22.77
5579,2014-02-28 03:30:00,0.0,23.8925,22.08,25.0375,26.8225,24.6875
5580,2014-02-28 03:45:00,0.0,24.515,23.8925,22.08,25.0375,26.8225
5581,2014-02-28 04:00:00,0.0,24.745,24.515,23.8925,22.08,25.0375
5582,2014-02-28 04:15:00,0.0,27.545,24.745,24.515,23.8925,22.08
5583,2014-02-28 04:30:00,0.0,25.6525,27.545,24.745,24.515,23.8925
5584,2014-02-28 04:45:00,0.0,26.1725,25.6525,27.545,24.745,24.515
5585,2014-02-28 05:00:00,0.0,25.3575,26.1725,25.6525,27.545,24.745
5586,2014-02-28 05:15:00,0.0,25.8075,25.3575,26.1725,25.6525,27.545
5587,2014-02-28 05:30:00,0.0,25.68,25.8075,25.3575,26.1725,25.6525
5588,2014-02-28 05:45:00,0.0,28.635,25.68,25.8075,25.3575,26.1725
5589,2014-02-28 06:00:00,0.0,26.8725,28.635,25.68,25.8075,25.3575
5590,2014-02-28 06:15:00,0.0,30.9425,26.8725,28.635,25.68,25.8075
5591,2014-02-28 06:30:00,0.0,31.575,30.9425,26.8725,28.635,25.68
5592,2014-02-28 06:45:00,0.0,29.57,31.575,30.9425,26.8725,28.635
5593,2014-02-28 07:00:00,0.0,31.0575,29.57,31.575,30.9425,26.8725
5594,2014-02-28 07:15:00,0.0,26.6975,31.0575,29.57,31.575,30.9425
5595,2014-02-28 07:30:00,0.0,31.0175,26.6975,31.0575,29.57,31.575
5596,2014-02-28 07:45:00,0.0,31.12,31.0175,26.6975,31.0575,29.57
5597,2014-02-28 08:00:00,0.0,31.705,31.12,31.0175,26.6975,31.0575
5598,2014-02-28 08:15:00,0.0,30.57,31.705,31.12,31.0175,26.6975
5599,2014-02-28 08:30:00,0.0,30.425,30.57,31.705,31.12,31.0175
5600,2014-02-28 08:45:00,0.0,33.4975,30.425,30.57,31.705,31.12
5601,2014-02-28 09:00:00,0.0,30.2725,33.4975,30.425,30.57,31.705
5602,2014-02-28 09:15:00,0.0,32.48,30.2725,33.4975,30.425,30.57
5603,2014-02-28 09:30:00,0.0,32.86,32.48,30.2725,33.4975,30.425
5604,2014-02-28 09:45:00,0.0,33.595,32.86,32.48,30.2725,33.4975
5605,2014-02-28 10:00:00,0.0,34.0475,33.595,32.86,32.48,30.2725
5606,2014-02-28 10:15:00,0.0,31.9275,34.0475,33.595,32.86,32.48
5607,2014-02-28 10:30:00,0.0,34.3425,31.9275,34.0475,33.595,32.86
5608,2014-02-28 10:45:00,0.0,33.6375,34.3425,31.9275,34.0475,33.595
5609,2014-02-28 11:00:00,0.0,33.8225,33.6375,34.3425,31.9275,34.0475
5610,2014-02-28 11:15:00,0.0,34.39,33.8225,33.6375,34.3425,31.9275
5611,2014-02-28 11:30:00,0.0,33.0125,34.39,33.8225,33.6375,34.3425
5612,2014-02-28 11:45:00,0.0,33.645,33.0125,34.39,33.8225,33.6375
5613,2014-02-28 12:00:00,0.0,33.2775,33.645,33.0125,34.39,33.8225
5614,2014-02-28 12:15:00,0.0,34.45,33.2775,33.645,33.0125,34.39
5615,2014-02-28 12:30:00,0.0,34.6475,34.45,33.2775,33.645,33.0125
5616,2014-02-28 12:45:00,0.0,32.3725,34.6475,34.45,33.2775,33.645
5617,2014-02-28 13:00:00,0.0,33.125,32.3725,34.6475,34.45,33.2775
5618,2014-02-28 13:15:00,0.0,33.295,33.125,32.3725,34.6475,34.45
5619,2014-02-28 13:30:00,0.0,33.485,33.295,33.125,32.3725,34.6475
5620,2014-02-28 13:45:00,0.0,33.77,33.485,33.295,33.125,32.3725
5621,2014-02-28 14:00:00,0.0,32.9875,33.77,33.485,33.295,33.125
5622,2014-02-28 14:15:00,0.0,33.77,32.9875,33.77,33.485,33.295
5623,2014-02-28 14:30:00,0.0,31.165,33.77,32.9875,33.77,33.485
5624,2014-02-28 14:45:00,0.0,35.0325,31.165,33.77,32.9875,33.77
5625,2014-02-28 15:00:00,0.0,33.695,35.0325,31.165,33.77,32.9875
5626,2014-02-28 15:15:00,0.0,33.2975,33.695,35.0325,31.165,33.77
5627,2014-02-28 15:30:00,0.0,32.785,33.2975,33.695,35.0325,31.165
5628,2014-02-28 15:45:00,0.0,33.475,32.785,33.2975,33.695,35.0325
5629,2014-02-28 16:00:00,0.0,32.625,33.475,32.785,33.2975,33.695
5630,2014-02-28 16:15:00,0.0,32.5075,32.625,33.475,32.785,33.2975
5631,2014-02-28 16:30:00,0.0,33.5775,32.5075,32.625,33.475,32.785
5632,2014-02-28 16:45:00,0.0,33.235,33.5775,32.5075,32.625,33.475
5633,2014-02-28 17:00:00,0.0,32.375,33.235,33.5775,32.5075,32.625
5634,2014-02-28 17:15:00,0.0,33.3825,32.375,33.235,33.5775,32.5075
5635,2014-02-28 17:30:00,0.0,31.08,33.3825,32.375,33.235,33.5775
5636,2014-02-28 17:45:00,0.0,32.115,31.08,33.3825,32.375,33.235
5637,2014-02-28 18:00:00,0.0,30.5675,32.115,31.08,33.3825,32.375
5638,2014-02-28 18:15:00,0.0,31.9725,30.5675,32.115,31.08,33.3825
5639,2014-02-28 18:30:00,0.0,29.5625,31.9725,30.5675,32.115,31.08
5640,2014-02-28 18:45:00,0.0,30.68,29.5625,31.9725,30.5675,32.115
5641,2014-02-28 19:00:00,0.0,28.8125,30.68,29.5625,31.9725,30.5675
5642,2014-02-28 19:15:00,0.0,27.3,28.8125,30.68,29.5625,31.9725
5643,2014-02-28 19:30:00,0.0,27.4725,27.3,28.8125,30.68,29.5625
5644,2014-02-28 19:45:00,0.0,29.4525,27.4725,27.3,28.8125,30.68
5645,2014-02-28 20:00:00,0.0,28.49,29.4525,27.4725,27.3,28.8125
5646,2014-02-28 20:15:00,0.0,27.8275,28.49,29.4525,27.4725,27.3
5647,2014-02-28 20:30:00,0.0,27.6125,27.8275,28.49,29.4525,27.4725
5648,2014-02-28 20:45:00,0.0,28.465,27.6125,27.8275,28.49,29.4525
5649,2014-02-28 21:00:00,0.0,27.7925,28.465,27.6125,27.8275,28.49
5650,2014-02-28 21:15:00,0.0,26.3175,27.7925,28.465,27.6125,27.8275
5651,2014-02-28 21:30:00,0.0,26.725,26.3175,27.7925,28.465,27.6125
5652,2014-02-28 21:45:00,0.0,27.2575,26.725,26.3175,27.7925,28.465
5653,2014-02-28 22:00:00,0.0,27.7325,27.2575,26.725,26.3175,27.7925
5654,2014-02-28 22:15:00,0.0,24.2125,27.7325,27.2575,26.725,26.3175
5655,2014-02-28 22:30:00,0.0,24.6175,24.2125,27.7325,27.2575,26.725
5656,2014-02-28 22:45:00,0.0,22.905,24.6175,24.2125,27.7325,27.2575
5657,2014-02-28 23:00:00,0.0,24.925,22.905,24.6175,24.2125,27.7325
5658,2014-02-28 23:15:00,0.0,24.8825,24.925,22.905,24.6175,24.2125
5659,2014-02-28 23:30:00,0.0,24.805,24.8825,24.925,22.905,24.6175
5660,2014-02-28 23:45:00,0.0,23.595,24.805,24.8825,24.925,22.905
5661,2014-03-01 00:00:00,0.0,24.855,23.595,24.805,24.8825,24.925
5662,2014-03-01 00:15:00,0.0,22.745,24.855,23.595,24.805,24.8825
5663,2014-03-01 00:30:00,0.0,23.8025,22.745,24.855,23.595,24.805
5664,2014-03-01 00:45:00,0.0,26.59,23.8025,22.745,24.855,23.595
5665,2014-03-01 01:00:00,0.0,25.145,26.59,23.8025,22.745,24.855
5666,2014-03-01 01:15:00,0.0,23.8375,25.145,26.59,23.8025,22.745
5667,2014-03-01 01:30:00,0.0,24.5175,23.8375,25.145,26.59,23.8025
5668,2014-03-01 01:45:00,0.0,24.0625,24.5175,23.8375,25.145,26.59
5669,2014-03-01 02:00:00,0.0,24.825,24.0625,24.5175,23.8375,25.145
5670,2014-03-01 02:15:00,0.0,24.305,24.825,24.0625,24.5175,23.8375
5671,2014-03-01 02:30:00,0.0,24.4525,24.305,24.825,24.0625,24.5175
5672,2014-03-01 02:45:00,0.0,25.96,24.4525,24.305,24.825,24.0625
5673,2014-03-01 03:00:00,0.0,25.33,25.96,24.4525,24.305,24.825
5674,2014-03-01 03:15:00,0.0,24.3975,25.33,25.96,24.4525,24.305
5675,2014-03-01 03:30:00,0.0,23.215,24.3975,25.33,25.96,24.4525
5676,2014-03-01 03:45:00,0.0,25.2525,23.215,24.3975,25.33,25.96
5677,2014-03-01 04:00:00,0.0,24.52,25.2525,23.215,24.3975,25.33
5678,2014-03-01 04:15:00,0.0,24.2325,24.52,25.2525,23.215,24.3975
5679,2014-03-01 04:30:00,0.0,25.2475,24.2325,24.52,25.2525,23.215
5680,2014-03-01 04:45:00,0.0,25.88,25.2475,24.2325,24.52,25.2525
5681,2014-03-01 05:00:00,0.0,24.8975,25.88,25.2475,24.2325,24.52
5682,2014-03-01 05:15:00,0.0,24.575,24.8975,25.88,25.2475,24.2325
5683,2014-03-01 05:30:00,0.0,24.345,24.575,24.8975,25.88,25.2475
5684,2014-03-01 05:45:00,0.0,25.5725,24.345,24.575,24.8975,25.88
5685,2014-03-01 06:00:00,0.0,26.2475,25.5725,24.345,24.575,24.8975
5686,2014-03-01 06:15:00,0.0,25.69,26.2475,25.5725,24.345,24.575
5687,2014-03-01 06:30:00,0.0,26.515,25.69,26.2475,25.5725,24.345
5688,2014-03-01 06:45:00,0.0,26.4125,26.515,25.69,26.2475,25.5725
5689,2014-03-01 07:00:00,0.0,23.775,26.4125,26.515,25.69,26.2475
5690,2014-03-01 07:15:00,0.0,24.75,23.775,26.4125,26.515,25.69
5691,2014-03-01 07:30:00,0.0,25.6,24.75,23.775,26.4125,26.515
5692,2014-03-01 07:45:00,0.0,26.1775,25.6,24.75,23.775,26.4125
5693,2014-03-01 08:00:00,0.0,27.47,26.1775,25.6,24.75,23.775
5694,2014-03-01 08:15:00,0.0,26.0175,27.47,26.1775,25.6,24.75
5695,2014-03-01 08:30:00,0.0,24.78,26.0175,27.47,26.1775,25.6
5696,2014-03-01 08:45:00,0.0,25.95,24.78,26.0175,27.47,26.1775
5697,2014-03-01 09:00:00,0.0,23.09,25.95,24.78,26.0175,27.47
5698,2014-03-01 09:15:00,0.0,26.6175,23.09,25.95,24.78,26.0175
5699,2014-03-01 09:30:00,0.0,27.09,26.6175,23.09,25.95,24.78
5700,2014-03-01 09:45:00,0.0,25.4825,27.09,26.6175,23.09,25.95
5701,2014-03-01 10:00:00,0.0,27.855,25.4825,27.09,26.6175,23.09
5702,2014-03-01 10:15:00,0.0,24.22,27.855,25.4825,27.09,26.6175
5703,2014-03-01 10:30:00,0.0,27.7475,24.22,27.855,25.4825,27.09
5704,2014-03-01 10:45:00,0.0,28.9625,27.7475,24.22,27.855,25.4825
5705,2014-03-01 11:00:00,0.0,28.2775,28.9625,27.7475,24.22,27.855
5706,2014-03-01 11:15:00,0.0,26.555,28.2775,28.9625,27.7475,24.22
5707,2014-03-01 11:30:00,0.0,25.9625,26.555,28.2775,28.9625,27.7475
5708,2014-03-01 11:45:00,0.0,27.87,25.9625,26.555,28.2775,28.9625
5709,2014-03-01 12:00:00,0.0,28.2675,27.87,25.9625,26.555,28.2775
5710,2014-03-01 12:15:00,0.0,28.13,28.2675,27.87,25.9625,26.555
5711,2014-03-01 12:30:00,0.0,28.4025,28.13,28.2675,27.87,25.9625
5712,2014-03-01 12:45:00,0.0,28.41,28.4025,28.13,28.2675,27.87
5713,2014-03-01 13:00:00,0.0,27.405,28.41,28.4025,28.13,28.2675
5714,2014-03-01 13:15:00,0.0,25.7575,27.405,28.41,28.4025,28.13
5715,2014-03-01 13:30:00,0.0,26.0725,25.7575,27.405,28.41,28.4025
5716,2014-03-01 13:45:00,0.0,27.695,26.0725,25.7575,27.405,28.41
5717,2014-03-01 14:00:00,0.0,26.7175,27.695,26.0725,25.7575,27.405
5718,2014-03-01 14:15:00,0.0,27.315,26.7175,27.695,26.0725,25.7575
5719,2014-03-01 14:30:00,0.0,27.4175,27.315,26.7175,27.695,26.0725
5720,2014-03-01 14:45:00,0.0,29.0225,27.4175,27.315,26.7175,27.695
5721,2014-03-01 15:00:00,0.0,28.035,29.0225,27.4175,27.315,26.7175
5722,2014-03-01 15:15:00,0.0,27.0625,28.035,29.0225,27.4175,27.315
5723,2014-03-01 15:30:00,0.0,26.3625,27.0625,28.035,29.0225,27.4175
5724,2014-03-01 15:45:00,0.0,28.6575,26.3625,27.0625,28.035,29.0225
5725,2014-03-01 16:00:00,0.0,26.1,28.6575,26.3625,27.0625,28.035
5726,2014-03-01 16:15:00,0.0,26.14,26.1,28.6575,26.3625,27.0625
5727,2014-03-01 16:30:00,0.0,26.9425,26.14,26.1,28.6575,26.3625
5728,2014-03-01 16:45:00,0.0,28.56,26.9425,26.14,26.1,28.6575
5729,2014-03-01 17:00:00,0.0,27.2325,28.56,26.9425,26.14,26.1
5730,2014-03-01 17:15:00,0.0,25.9725,27.2325,28.56,26.9425,26.14
5731,2014-03-01 17:30:00,0.0,26.6875,25.9725,27.2325,28.56,26.9425
5732,2014-03-01 17:45:00,0.0,26.8875,26.6875,25.9725,27.2325,28.56
5733,2014-03-01 18:00:00,0.0,27.2425,26.8875,26.6875,25.9725,27.2325
5734,2014-03-01 18:15:00,0.0,27.2025,27.2425,26.8875,26.6875,25.9725
5735,2014-03-01 18:30:00,0.0,26.89,27.2025,27.2425,26.8875,26.6875
5736,2014-03-01 18:45:00,0.0,28.325,26.89,27.2025,27.2425,26.8875
5737,2014-03-01 19:00:00,0.0,26.9275,28.325,26.89,27.2025,27.2425
5738,2014-03-01 19:15:00,0.0,27.62,26.9275,28.325,26.89,27.2025
5739,2014-03-01 19:30:00,0.0,24.1575,27.62,26.9275,28.325,26.89
5740,2014-03-01 19:45:00,0.0,27.9825,24.1575,27.62,26.9275,28.325
5741,2014-03-01 20:00:00,0.0,26.8725,27.9825,24.1575,27.62,26.9275
5742,2014-03-01 20:15:00,0.0,25.2175,26.8725,27.9825,24.1575,27.62
5743,2014-03-01 20:30:00,0.0,27.3775,25.2175,26.8725,27.9825,24.1575
5744,2014-03-01 20:45:00,0.0,28.01,27.3775,25.2175,26.8725,27.9825
5745,2014-03-01 21:00:00,0.0,28.0675,28.01,27.3775,25.2175,26.8725
5746,2014-03-01 21:15:00,0.0,27.755,28.0675,28.01,27.3775,25.2175
5747,2014-03-01 21:30:00,0.0,27.73,27.755,28.0675,28.01,27.3775
5748,2014-03-01 21:45:00,0.0,26.05,27.73,27.755,28.0675,28.01
5749,2014-03-01 22:00:00,0.0,25.79,26.05,27.73,27.755,28.0675
5750,2014-03-01 22:15:00,0.0,25.2175,25.79,26.05,27.73,27.755
5751,2014-03-01 22:30:00,0.0,25.96,25.2175,25.79,26.05,27.73
5752,2014-03-01 22:45:00,0.0,23.6675,25.96,25.2175,25.79,26.05
5753,2014-03-01 23:00:00,0.0,25.2475,23.6675,25.96,25.2175,25.79
5754,2014-03-01 23:15:00,0.0,25.5925,25.2475,23.6675,25.96,25.2175
5755,2014-03-01 23:30:00,0.0,25.8975,25.5925,25.2475,23.6675,25.96
5756,2014-03-01 23:45:00,0.0,25.5675,25.8975,25.5925,25.2475,23.6675
5757,2014-03-02 00:00:00,0.0,25.4025,25.5675,25.8975,25.5925,25.2475
5758,2014-03-02 00:15:00,0.0,24.9225,25.4025,25.5675,25.8975,25.5925
5759,2014-03-02 00:30:00,0.0,24.88,24.9225,25.4025,25.5675,25.8975
5760,2014-03-02 00:45:00,0.0,22.8625,24.88,24.9225,25.4025,25.5675
5761,2014-03-02 01:00:00,0.0,25.185,22.8625,24.88,24.9225,25.4025
5762,2014-03-02 01:15:00,0.0,24.2525,25.185,22.8625,24.88,24.9225
5763,2014-03-02 01:30:00,0.0,27.6325,24.2525,25.185,22.8625,24.88
5764,2014-03-02 01:45:00,0.0,27.2625,27.6325,24.2525,25.185,22.8625
5765,2014-03-02 02:00:00,0.0,25.63,27.2625,27.6325,24.2525,25.185
5766,2014-03-02 02:15:00,0.0,24.02,25.63,27.2625,27.6325,24.2525
5767,2014-03-02 02:30:00,0.0,22.9725,24.02,25.63,27.2625,27.6325
5768,2014-03-02 02:45:00,0.0,25.175,22.9725,24.02,25.63,27.2625
5769,2014-03-02 03:00:00,0.0,25.1725,25.175,22.9725,24.02,25.63
5770,2014-03-02 03:15:00,0.0,25.0225,25.1725,25.175,22.9725,24.02
5771,2014-03-02 03:30:00,0.0,25.14,25.0225,25.1725,25.175,22.9725
5772,2014-03-02 03:45:00,0.0,24.0975,25.14,25.0225,25.1725,25.175
5773,2014-03-02 04:00:00,0.0,24.5025,24.0975,25.14,25.0225,25.1725
5774,2014-03-02 04:15:00,0.0,24.8775,24.5025,24.0975,25.14,25.0225
5775,2014-03-02 04:30:00,0.0,25.5,24.8775,24.5025,24.0975,25.14
5776,2014-03-02 04:45:00,0.0,24.6275,25.5,24.8775,24.5025,24.0975
5777,2014-03-02 05:00:00,0.0,24.1875,24.6275,25.5,24.8775,24.5025
5778,2014-03-02 05:15:00,0.0,24.71,24.1875,24.6275,25.5,24.8775
5779,2014-03-02 05:30:00,0.0,24.775,24.71,24.1875,24.6275,25.5
5780,2014-03-02 05:45:00,0.0,25.0225,24.775,24.71,24.1875,24.6275
5781,2014-03-02 06:00:00,0.0,24.0675,25.0225,24.775,24.71,24.1875
5782,2014-03-02 06:15:00,0.0,25.51,24.0675,25.0225,24.775,24.71
5783,2014-03-02 06:30:00,0.0,23.8475,25.51,24.0675,25.0225,24.775
5784,2014-03-02 06:45:00,0.0,27.48,23.8475,25.51,24.0675,25.0225
5785,2014-03-02 07:00:00,0.0,26.0925,27.48,23.8475,25.51,24.0675
5786,2014-03-02 07:15:00,0.0,25.2275,26.0925,27.48,23.8475,25.51
5787,2014-03-02 07:30:00,0.0,25.01,25.2275,26.0925,27.48,23.8475
5788,2014-03-02 07:45:00,0.0,26.63,25.01,25.2275,26.0925,27.48
5789,2014-03-02 08:00:00,0.0,26.0825,26.63,25.01,25.2275,26.0925
5790,2014-03-02 08:15:00,0.0,25.885,26.0825,26.63,25.01,25.2275
5791,2014-03-02 08:30:00,0.0,24.69,25.885,26.0825,26.63,25.01
5792,2014-03-02 08:45:00,0.0,25.435,24.69,25.885,26.0825,26.63
5793,2014-03-02 09:00:00,0.0,24.93,25.435,24.69,25.885,26.0825
5794,2014-03-02 09:15:00,0.0,25.4025,24.93,25.435,24.69,25.885
5795,2014-03-02 09:30:00,0.0,24.2825,25.4025,24.93,25.435,24.69
5796,2014-03-02 09:45:00,0.0,25.9475,24.2825,25.4025,24.93,25.435
5797,2014-03-02 10:00:00,0.0,26.205,25.9475,24.2825,25.4025,24.93
5798,2014-03-02 10:15:00,0.0,26.3275,26.205,25.9475,24.2825,25.4025
5799,2014-03-02 10:30:00,0.0,24.6175,26.3275,26.205,25.9475,24.2825
5800,2014-03-02 10:45:00,0.0,26.53,24.6175,26.3275,26.205,25.9475
5801,2014-03-02 11:00:00,0.0,26.17,26.53,24.6175,26.3275,26.205
5802,2014-03-02 11:15:00,0.0,23.74,26.17,26.53,24.6175,26.3275
5803,2014-03-02 11:30:00,0.0,25.7525,23.74,26.17,26.53,24.6175
5804,2014-03-02 11:45:00,0.0,25.525,25.7525,23.74,26.17,26.53
5805,2014-03-02 12:00:00,0.0,27.5125,25.525,25.7525,23.74,26.17
5806,2014-03-02 12:15:00,0.0,28.1725,27.5125,25.525,25.7525,23.74
5807,2014-03-02 12:30:00,0.0,27.5725,28.1725,27.5125,25.525,25.7525
5808,2014-03-02 12:45:00,0.0,27.715,27.5725,28.1725,27.5125,25.525
5809,2014-03-02 13:00:00,0.0,27.105,27.715,27.5725,28.1725,27.5125
5810,2014-03-02 13:15:00,0.0,27.17,27.105,27.715,27.5725,28.1725
5811,2014-03-02 13:30:00,0.0,26.9175,27.17,27.105,27.715,27.5725
5812,2014-03-02 13:45:00,0.0,28.0575,26.9175,27.17,27.105,27.715
5813,2014-03-02 14:00:00,0.0,25.2,28.0575,26.9175,27.17,27.105
5814,2014-03-02 14:15:00,0.0,26.205,25.2,28.0575,26.9175,27.17
5815,2014-03-02 14:30:00,0.0,25.9175,26.205,25.2,28.0575,26.9175
5816,2014-03-02 14:45:00,0.0,28.335,25.9175,26.205,25.2,28.0575
5817,2014-03-02 15:00:00,0.0,26.775,28.335,25.9175,26.205,25.2
5818,2014-03-02 15:15:00,0.0,28.1375,26.775,28.335,25.9175,26.205
5819,2014-03-02 15:30:00,0.0,26.96,28.1375,26.775,28.335,25.9175
5820,2014-03-02 15:45:00,0.0,27.035,26.96,28.1375,26.775,28.335
5821,2014-03-02 16:00:00,0.0,24.8975,27.035,26.96,28.1375,26.775
5822,2014-03-02 16:15:00,0.0,24.8225,24.8975,27.035,26.96,28.1375
5823,2014-03-02 16:30:00,0.0,26.045,24.8225,24.8975,27.035,26.96
5824,2014-03-02 16:45:00,0.0,28.55,26.045,24.8225,24.8975,27.035
5825,2014-03-02 17:00:00,0.0,28.2425,28.55,26.045,24.8225,24.8975
5826,2014-03-02 17:15:00,0.0,24.7275,28.2425,28.55,26.045,24.8225
5827,2014-03-02 17:30:00,0.0,26.085,24.7275,28.2425,28.55,26.045
5828,2014-03-02 17:45:00,0.0,27.9225,26.085,24.7275,28.2425,28.55
5829,2014-03-02 18:00:00,0.0,26.425,27.9225,26.085,24.7275,28.2425
5830,2014-03-02 18:15:00,0.0,28.3025,26.425,27.9225,26.085,24.7275
5831,2014-03-02 18:30:00,0.0,28.3,28.3025,26.425,27.9225,26.085
5832,2014-03-02 18:45:00,0.0,26.7675,28.3,28.3025,26.425,27.9225
5833,2014-03-02 19:00:00,0.0,27.77,26.7675,28.3,28.3025,26.425
5834,2014-03-02 19:15:00,0.0,27.025,27.77,26.7675,28.3,28.3025
5835,2014-03-02 19:30:00,0.0,24.955,27.025,27.77,26.7675,28.3
5836,2014-03-02 19:45:00,0.0,27.17,24.955,27.025,27.77,26.7675
5837,2014-03-02 20:00:00,0.0,27.2175,27.17,24.955,27.025,27.77
5838,2014-03-02 20:15:00,0.0,26.27,27.2175,27.17,24.955,27.025
5839,2014-03-02 20:30:00,0.0,25.965,26.27,27.2175,27.17,24.955
5840,2014-03-02 20:45:00,0.0,26.3875,25.965,26.27,27.2175,27.17
5841,2014-03-02 21:00:00,0.0,25.2475,26.3875,25.965,26.27,27.2175
5842,2014-03-02 21:15:00,0.0,25.0575,25.2475,26.3875,25.965,26.27
5843,2014-03-02 21:30:00,0.0,24.6075,25.0575,25.2475,26.3875,25.965
5844,2014-03-02 21:45:00,0.0,27.2525,24.6075,25.0575,25.2475,26.3875
5845,2014-03-02 22:00:00,0.0,26.895,27.2525,24.6075,25.0575,25.2475
5846,2014-03-02 22:15:00,0.0,24.715,26.895,27.2525,24.6075,25.0575
5847,2014-03-02 22:30:00,0.0,24.01,24.715,26.895,27.2525,24.6075
5848,2014-03-02 22:45:00,0.0,25.9475,24.01,24.715,26.895,27.2525
5849,2014-03-02 23:00:00,0.0,23.985,25.9475,24.01,24.715,26.895
5850,2014-03-02 23:15:00,0.0,24.73,23.985,25.9475,24.01,24.715
5851,2014-03-02 23:30:00,0.0,25.37,24.73,23.985,25.9475,24.01
5852,2014-03-02 23:45:00,0.0,24.0675,25.37,24.73,23.985,25.9475
5853,2014-03-03 00:00:00,0.0,24.235,24.0675,25.37,24.73,23.985
5854,2014-03-03 00:15:00,0.0,24.1875,24.235,24.0675,25.37,24.73
5855,2014-03-03 00:30:00,0.0,24.3725,24.1875,24.235,24.0675,25.37
5856,2014-03-03 00:45:00,0.0,25.2375,24.3725,24.1875,24.235,24.0675
5857,2014-03-03 01:00:00,0.0,25.1125,25.2375,24.3725,24.1875,24.235
5858,2014-03-03 01:15:00,0.0,25.3425,25.1125,25.2375,24.3725,24.1875
5859,2014-03-03 01:30:00,0.0,26.4075,25.3425,25.1125,25.2375,24.3725
5860,2014-03-03 01:45:00,0.0,24.0825,26.4075,25.3425,25.1125,25.2375
5861,2014-03-03 02:00:00,0.0,25.1875,24.0825,26.4075,25.3425,25.1125
5862,2014-03-03 02:15:00,0.0,24.2225,25.1875,24.0825,26.4075,25.3425
5863,2014-03-03 02:30:00,0.0,24.61,24.2225,25.1875,24.0825,26.4075
5864,2014-03-03 02:45:00,0.0,26.26,24.61,24.2225,25.1875,24.0825
5865,2014-03-03 03:00:00,0.0,26.4575,26.26,24.61,24.2225,25.1875
5866,2014-03-03 03:15:00,0.0,23.5125,26.4575,26.26,24.61,24.2225
5867,2014-03-03 03:30:00,0.0,25.4125,23.5125,26.4575,26.26,24.61
5868,2014-03-03 03:45:00,0.0,24.8275,25.4125,23.5125,26.4575,26.26
5869,2014-03-03 04:00:00,0.0,25.0925,24.8275,25.4125,23.5125,26.4575
5870,2014-03-03 04:15:00,0.0,24.6175,25.0925,24.8275,25.4125,23.5125
5871,2014-03-03 04:30:00,0.0,25.8725,24.6175,25.0925,24.8275,25.4125
5872,2014-03-03 04:45:00,0.0,25.43,25.8725,24.6175,25.0925,24.8275
5873,2014-03-03 05:00:00,0.0,26.155,25.43,25.8725,24.6175,25.0925
5874,2014-03-03 05:15:00,0.0,23.55,26.155,25.43,25.8725,24.6175
5875,2014-03-03 05:30:00,0.0,25.77,23.55,26.155,25.43,25.8725
5876,2014-03-03 05:45:00,0.0,25.26,25.77,23.55,26.155,25.43
5877,2014-03-03 06:00:00,0.0,26.115,25.26,25.77,23.55,26.155
5878,2014-03-03 06:15:00,0.0,30.295,26.115,25.26,25.77,23.55
5879,2014-03-03 06:30:00,0.0,33.1675,30.295,26.115,25.26,25.77
5880,2014-03-03 06:45:00,0.0,31.4625,33.1675,30.295,26.115,25.26
5881,2014-03-03 07:00:00,0.0,30.6575,31.4625,33.1675,30.295,26.115
5882,2014-03-03 07:15:00,0.0,29.395,30.6575,31.4625,33.1675,30.295
5883,2014-03-03 07:30:00,0.0,29.755,29.395,30.6575,31.4625,33.1675
5884,2014-03-03 07:45:00,0.0,29.4425,29.755,29.395,30.6575,31.4625
5885,2014-03-03 08:00:00,0.0,29.34,29.4425,29.755,29.395,30.6575
5886,2014-03-03 08:15:00,0.0,29.995,29.34,29.4425,29.755,29.395
5887,2014-03-03 08:30:00,0.0,31.2725,29.995,29.34,29.4425,29.755
5888,2014-03-03 08:45:00,0.0,29.355,31.2725,29.995,29.34,29.4425
5889,2014-03-03 09:00:00,0.0,30.4475,29.355,31.2725,29.995,29.34
5890,2014-03-03 09:15:00,0.0,31.69,30.4475,29.355,31.2725,29.995
5891,2014-03-03 09:30:00,0.0,30.5575,31.69,30.4475,29.355,31.2725
5892,2014-03-03 09:45:00,0.0,32.6775,30.5575,31.69,30.4475,29.355
5893,2014-03-03 10:00:00,0.0,31.7725,32.6775,30.5575,31.69,30.4475
5894,2014-03-03 10:15:00,0.0,33.065,31.7725,32.6775,30.5575,31.69
5895,2014-03-03 10:30:00,0.0,32.1675,33.065,31.7725,32.6775,30.5575
5896,2014-03-03 10:45:00,0.0,35.0975,32.1675,33.065,31.7725,32.6775
5897,2014-03-03 11:00:00,0.0,33.58,35.0975,32.1675,33.065,31.7725
5898,2014-03-03 11:15:00,0.0,33.075,33.58,35.0975,32.1675,33.065
5899,2014-03-03 11:30:00,0.0,34.0325,33.075,33.58,35.0975,32.1675
5900,2014-03-03 11:45:00,0.0,35.25,34.0325,33.075,33.58,35.0975
5901,2014-03-03 12:00:00,0.0,33.75,35.25,34.0325,33.075,33.58
5902,2014-03-03 12:15:00,0.0,35.145,33.75,35.25,34.0325,33.075
5903,2014-03-03 12:30:00,0.0,35.0075,35.145,33.75,35.25,34.0325
5904,2014-03-03 12:45:00,0.0,33.7775,35.0075,35.145,33.75,35.25
5905,2014-03-03 13:00:00,0.0,33.71,33.7775,35.0075,35.145,33.75
5906,2014-03-03 13:15:00,0.0,33.9775,33.71,33.7775,35.0075,35.145
5907,2014-03-03 13:30:00,0.0,31.73,33.9775,33.71,33.7775,35.0075
5908,2014-03-03 13:45:00,0.0,34.5875,31.73,33.9775,33.71,33.7775
5909,2014-03-03 14:00:00,0.0,33.77,34.5875,31.73,33.9775,33.71
5910,2014-03-03 14:15:00,0.0,34.65,33.77,34.5875,31.73,33.9775
5911,2014-03-03 14:30:00,0.0,31.9925,34.65,33.77,34.5875,31.73
5912,2014-03-03 14:45:00,0.0,35.2725,31.9925,34.65,33.77,34.5875
5913,2014-03-03 15:00:00,0.0,35.5425,35.2725,31.9925,34.65,33.77
5914,2014-03-03 15:15:00,0.0,34.8725,35.5425,35.2725,31.9925,34.65
5915,2014-03-03 15:30:00,0.0,34.77,34.8725,35.5425,35.2725,31.9925
5916,2014-03-03 15:45:00,0.0,33.6775,34.77,34.8725,35.5425,35.2725
5917,2014-03-03 16:00:00,0.0,33.7825,33.6775,34.77,34.8725,35.5425
5918,2014-03-03 16:15:00,0.0,34.22,33.7825,33.6775,34.77,34.8725
5919,2014-03-03 16:30:00,0.0,32.325,34.22,33.7825,33.6775,34.77
5920,2014-03-03 16:45:00,0.0,33.1125,32.325,34.22,33.7825,33.6775
5921,2014-03-03 17:00:00,0.0,34.3875,33.1125,32.325,34.22,33.7825
5922,2014-03-03 17:15:00,0.0,32.95,34.3875,33.1125,32.325,34.22
5923,2014-03-03 17:30:00,0.0,32.85,32.95,34.3875,33.1125,32.325
5924,2014-03-03 17:45:00,0.0,33.7725,32.85,32.95,34.3875,33.1125
5925,2014-03-03 18:00:00,0.0,32.2,33.7725,32.85,32.95,34.3875
5926,2014-03-03 18:15:00,0.0,31.405,32.2,33.7725,32.85,32.95
5927,2014-03-03 18:30:00,0.0,30.27,31.405,32.2,33.7725,32.85
5928,2014-03-03 18:45:00,0.0,31.8025,30.27,31.405,32.2,33.7725
5929,2014-03-03 19:00:00,0.0,29.175,31.8025,30.27,31.405,32.2
5930,2014-03-03 19:15:00,0.0,26.1925,29.175,31.8025,30.27,31.405
5931,2014-03-03 19:30:00,0.0,25.4025,26.1925,29.175,31.8025,30.27
5932,2014-03-03 19:45:00,0.0,28.39,25.4025,26.1925,29.175,31.8025
5933,2014-03-03 20:00:00,0.0,28.0225,28.39,25.4025,26.1925,29.175
5934,2014-03-03 20:15:00,0.0,27.5175,28.0225,28.39,25.4025,26.1925
5935,2014-03-03 20:30:00,0.0,26.7025,27.5175,28.0225,28.39,25.4025
5936,2014-03-03 20:45:00,0.0,26.8875,26.7025,27.5175,28.0225,28.39
5937,2014-03-03 21:00:00,0.0,27.6525,26.8875,26.7025,27.5175,28.0225
5938,2014-03-03 21:15:00,0.0,26.845,27.6525,26.8875,26.7025,27.5175
5939,2014-03-03 21:30:00,0.0,25.2,26.845,27.6525,26.8875,26.7025
5940,2014-03-03 21:45:00,0.0,27.8475,25.2,26.845,27.6525,26.8875
5941,2014-03-03 22:00:00,0.0,26.44,27.8475,25.2,26.845,27.6525
5942,2014-03-03 22:15:00,0.0,24.11,26.44,27.8475,25.2,26.845
5943,2014-03-03 22:30:00,0.0,24.405,24.11,26.44,27.8475,25.2
5944,2014-03-03 22:45:00,0.0,25.38,24.405,24.11,26.44,27.8475
5945,2014-03-03 23:00:00,0.0,23.3075,25.38,24.405,24.11,26.44
5946,2014-03-03 23:15:00,0.0,25.4175,23.3075,25.38,24.405,24.11
5947,2014-03-03 23:30:00,0.0,24.3575,25.4175,23.3075,25.38,24.405
5948,2014-03-03 23:45:00,0.0,25.8425,24.3575,25.4175,23.3075,25.38
5949,2014-03-04 00:00:00,0.0,24.4625,25.8425,24.3575,25.4175,23.3075
5950,2014-03-04 00:15:00,0.0,21.4075,24.4625,25.8425,24.3575,25.4175
5951,2014-03-04 00:30:00,0.0,24.9025,21.4075,24.4625,25.8425,24.3575
5952,2014-03-04 00:45:00,0.0,24.3,24.9025,21.4075,24.4625,25.8425
5953,2014-03-04 01:00:00,0.0,23.8375,24.3,24.9025,21.4075,24.4625
5954,2014-03-04 01:15:00,0.0,25.745,23.8375,24.3,24.9025,21.4075
5955,2014-03-04 01:30:00,0.0,25.31,25.745,23.8375,24.3,24.9025
5956,2014-03-04 01:45:00,0.0,24.915,25.31,25.745,23.8375,24.3
5957,2014-03-04 02:00:00,0.0,24.0875,24.915,25.31,25.745,23.8375
5958,2014-03-04 02:15:00,0.0,24.525,24.0875,24.915,25.31,25.745
5959,2014-03-04 02:30:00,0.0,22.355,24.525,24.0875,24.915,25.31
5960,2014-03-04 02:45:00,0.0,25.7625,22.355,24.525,24.0875,24.915
5961,2014-03-04 03:00:00,0.0,25.45,25.7625,22.355,24.525,24.0875
5962,2014-03-04 03:15:00,0.0,23.9825,25.45,25.7625,22.355,24.525
5963,2014-03-04 03:30:00,0.0,24.585,23.9825,25.45,25.7625,22.355
5964,2014-03-04 03:45:00,0.0,25.53,24.585,23.9825,25.45,25.7625
5965,2014-03-04 04:00:00,0.0,26.015,25.53,24.585,23.9825,25.45
5966,2014-03-04 04:15:00,0.0,24.53,26.015,25.53,24.585,23.9825
5967,2014-03-04 04:30:00,0.0,25.1675,24.53,26.015,25.53,24.585
5968,2014-03-04 04:45:00,0.0,25.0025,25.1675,24.53,26.015,25.53
5969,2014-03-04 05:00:00,0.0,24.905,25.0025,25.1675,24.53,26.015
5970,2014-03-04 05:15:00,0.0,22.255,24.905,25.0025,25.1675,24.53
5971,2014-03-04 05:30:00,0.0,25.5125,22.255,24.905,25.0025,25.1675
5972,2014-03-04 05:45:00,0.0,25.3325,25.5125,22.255,24.905,25.0025
5973,2014-03-04 06:00:00,0.0,26.79,25.3325,25.5125,22.255,24.905
5974,2014-03-04 06:15:00,0.0,29.765,26.79,25.3325,25.5125,22.255
5975,2014-03-04 06:30:00,0.0,31.38,29.765,26.79,25.3325,25.5125
5976,2014-03-04 06:45:00,0.0,31.2175,31.38,29.765,26.79,25.3325
5977,2014-03-04 07:00:00,0.0,29.5725,31.2175,31.38,29.765,26.79
5978,2014-03-04 07:15:00,0.0,29.55,29.5725,31.2175,31.38,29.765
5979,2014-03-04 07:30:00,0.0,25.7725,29.55,29.5725,31.2175,31.38
5980,2014-03-04 07:45:00,0.0,29.37,25.7725,29.55,29.5725,31.2175
5981,2014-03-04 08:00:00,0.0,29.2425,29.37,25.7725,29.55,29.5725
5982,2014-03-04 08:15:00,0.0,30.77,29.2425,29.37,25.7725,29.55
5983,2014-03-04 08:30:00,0.0,31.1775,30.77,29.2425,29.37,25.7725
5984,2014-03-04 08:45:00,0.0,32.7425,31.1775,30.77,29.2425,29.37
5985,2014-03-04 09:00:00,0.0,29.61,32.7425,31.1775,30.77,29.2425
5986,2014-03-04 09:15:00,0.0,29.5475,29.61,32.7425,31.1775,30.77
5987,2014-03-04 09:30:00,0.0,32.5375,29.5475,29.61,32.7425,31.1775
5988,2014-03-04 09:45:00,0.0,33.2675,32.5375,29.5475,29.61,32.7425
5989,2014-03-04 10:00:00,0.0,33.16,33.2675,32.5375,29.5475,29.61
5990,2014-03-04 10:15:00,0.0,35.5425,33.16,33.2675,32.5375,29.5475
5991,2014-03-04 10:30:00,0.0,33.71,35.5425,33.16,33.2675,32.5375
5992,2014-03-04 10:45:00,0.0,33.0875,33.71,35.5425,33.16,33.2675
5993,2014-03-04 11:00:00,0.0,35.3225,33.0875,33.71,35.5425,33.16
5994,2014-03-04 11:15:00,0.0,32.4275,35.3225,33.0875,33.71,35.5425
5995,2014-03-04 11:30:00,0.0,35.21,32.4275,35.3225,33.0875,33.71
5996,2014-03-04 11:45:00,0.0,36.2525,35.21,32.4275,35.3225,33.0875
5997,2014-03-04 12:00:00,0.0,35.34,36.2525,35.21,32.4275,35.3225
5998,2014-03-04 12:15:00,0.0,34.5675,35.34,36.2525,35.21,32.4275
5999,2014-03-04 12:30:00,0.0,37.445,34.5675,35.34,36.2525,35.21
6000,2014-03-04 12:45:00,0.0,32.9275,37.445,34.5675,35.34,36.2525
6001,2014-03-04 13:00:00,0.0,32.7775,32.9275,37.445,34.5675,35.34
6002,2014-03-04 13:15:00,0.0,34.8475,32.7775,32.9275,37.445,34.5675
6003,2014-03-04 13:30:00,0.0,36.025,34.8475,32.7775,32.9275,37.445
6004,2014-03-04 13:45:00,0.0,34.84,36.025,34.8475,32.7775,32.9275
6005,2014-03-04 14:00:00,0.0,35.4575,34.84,36.025,34.8475,32.7775
6006,2014-03-04 14:15:00,0.0,31.02,35.4575,34.84,36.025,34.8475
6007,2014-03-04 14:30:00,0.0,36.0675,31.02,35.4575,34.84,36.025
6008,2014-03-04 14:45:00,0.0,36.0625,36.0675,31.02,35.4575,34.84
6009,2014-03-04 15:00:00,0.0,32.4725,36.0625,36.0675,31.02,35.4575
6010,2014-03-04 15:15:00,0.0,35.8525,32.4725,36.0625,36.0675,31.02
6011,2014-03-04 15:30:00,0.0,31.3275,35.8525,32.4725,36.0625,36.0675
6012,2014-03-04 15:45:00,0.0,34.06,31.3275,35.8525,32.4725,36.0625
6013,2014-03-04 16:00:00,0.0,32.6325,34.06,31.3275,35.8525,32.4725
6014,2014-03-04 16:15:00,0.0,33.465,32.6325,34.06,31.3275,35.8525
6015,2014-03-04 16:30:00,0.0,34.12,33.465,32.6325,34.06,31.3275
6016,2014-03-04 16:45:00,0.0,35.0775,34.12,33.465,32.6325,34.06
6017,2014-03-04 17:00:00,0.0,33.7025,35.0775,34.12,33.465,32.6325
6018,2014-03-04 17:15:00,0.0,31.6375,33.7025,35.0775,34.12,33.465
6019,2014-03-04 17:30:00,0.0,32.23,31.6375,33.7025,35.0775,34.12
6020,2014-03-04 17:45:00,0.0,31.795,32.23,31.6375,33.7025,35.0775
6021,2014-03-04 18:00:00,0.0,30.6425,31.795,32.23,31.6375,33.7025
6022,2014-03-04 18:15:00,0.0,29.875,30.6425,31.795,32.23,31.6375
6023,2014-03-04 18:30:00,0.0,30.125,29.875,30.6425,31.795,32.23
6024,2014-03-04 18:45:00,0.0,28.805,30.125,29.875,30.6425,31.795
6025,2014-03-04 19:00:00,0.0,28.0725,28.805,30.125,29.875,30.6425
6026,2014-03-04 19:15:00,0.0,28.92,28.0725,28.805,30.125,29.875
6027,2014-03-04 19:30:00,0.0,27.73,28.92,28.0725,28.805,30.125
6028,2014-03-04 19:45:00,0.0,29.575,27.73,28.92,28.0725,28.805
6029,2014-03-04 20:00:00,0.0,27.155,29.575,27.73,28.92,28.0725
6030,2014-03-04 20:15:00,0.0,30.1975,27.155,29.575,27.73,28.92
6031,2014-03-04 20:30:00,0.0,27.485,30.1975,27.155,29.575,27.73
6032,2014-03-04 20:45:00,0.0,29.7825,27.485,30.1975,27.155,29.575
6033,2014-03-04 21:00:00,0.0,27.8175,29.7825,27.485,30.1975,27.155
6034,2014-03-04 21:15:00,0.0,27.5725,27.8175,29.7825,27.485,30.1975
6035,2014-03-04 21:30:00,0.0,26.06,27.5725,27.8175,29.7825,27.485
6036,2014-03-04 21:45:00,0.0,28.0025,26.06,27.5725,27.8175,29.7825
6037,2014-03-04 22:00:00,0.0,27.0775,28.0025,26.06,27.5725,27.8175
6038,2014-03-04 22:15:00,0.0,26.555,27.0775,28.0025,26.06,27.5725
6039,2014-03-04 22:30:00,0.0,23.45,26.555,27.0775,28.0025,26.06
6040,2014-03-04 22:45:00,0.0,23.98,23.45,26.555,27.0775,28.0025
6041,2014-03-04 23:00:00,0.0,23.38,23.98,23.45,26.555,27.0775
6042,2014-03-04 23:15:00,0.0,23.4975,23.38,23.98,23.45,26.555
6043,2014-03-04 23:30:00,0.0,22.2875,23.4975,23.38,23.98,23.45
6044,2014-03-04 23:45:00,0.0,25.505,22.2875,23.4975,23.38,23.98
6045,2014-03-05 00:00:00,0.0,25.7675,25.505,22.2875,23.4975,23.38
6046,2014-03-05 00:15:00,0.0,23.3575,25.7675,25.505,22.2875,23.4975
6047,2014-03-05 00:30:00,0.0,25.4175,23.3575,25.7675,25.505,22.2875
6048,2014-03-05 00:45:00,0.0,23.925,25.4175,23.3575,25.7675,25.505
6049,2014-03-05 01:00:00,0.0,24.9025,23.925,25.4175,23.3575,25.7675
6050,2014-03-05 01:15:00,0.0,24.26,24.9025,23.925,25.4175,23.3575
6051,2014-03-05 01:30:00,0.0,25.3575,24.26,24.9025,23.925,25.4175
6052,2014-03-05 01:45:00,0.0,26.1075,25.3575,24.26,24.9025,23.925
6053,2014-03-05 02:00:00,0.0,22.375,26.1075,25.3575,24.26,24.9025
6054,2014-03-05 02:15:00,0.0,24.0125,22.375,26.1075,25.3575,24.26
6055,2014-03-05 02:30:00,0.0,24.1275,24.0125,22.375,26.1075,25.3575
6056,2014-03-05 02:45:00,0.0,25.945,24.1275,24.0125,22.375,26.1075
6057,2014-03-05 03:00:00,0.0,24.8025,25.945,24.1275,24.0125,22.375
6058,2014-03-05 03:15:00,0.0,25.8425,24.8025,25.945,24.1275,24.0125
6059,2014-03-05 03:30:00,0.0,25.3275,25.8425,24.8025,25.945,24.1275
6060,2014-03-05 03:45:00,0.0,25.465,25.3275,25.8425,24.8025,25.945
6061,2014-03-05 04:00:00,0.0,23.4225,25.465,25.3275,25.8425,24.8025
6062,2014-03-05 04:15:00,0.0,25.25,23.4225,25.465,25.3275,25.8425
6063,2014-03-05 04:30:00,0.0,25.0375,25.25,23.4225,25.465,25.3275
6064,2014-03-05 04:45:00,0.0,26.64,25.0375,25.25,23.4225,25.465
6065,2014-03-05 05:00:00,0.0,26.7075,26.64,25.0375,25.25,23.4225
6066,2014-03-05 05:15:00,0.0,25.5,26.7075,26.64,25.0375,25.25
6067,2014-03-05 05:30:00,0.0,26.165,25.5,26.7075,26.64,25.0375
6068,2014-03-05 05:45:00,0.0,26.03,26.165,25.5,26.7075,26.64
6069,2014-03-05 06:00:00,0.0,26.1025,26.03,26.165,25.5,26.7075
6070,2014-03-05 06:15:00,0.0,29.415,26.1025,26.03,26.165,25.5
6071,2014-03-05 06:30:00,0.0,31.1325,29.415,26.1025,26.03,26.165
6072,2014-03-05 06:45:00,0.0,30.685,31.1325,29.415,26.1025,26.03
6073,2014-03-05 07:00:00,0.0,32.225,30.685,31.1325,29.415,26.1025
6074,2014-03-05 07:15:00,0.0,28.8175,32.225,30.685,31.1325,29.415
6075,2014-03-05 07:30:00,0.0,27.9025,28.8175,32.225,30.685,31.1325
6076,2014-03-05 07:45:00,0.0,29.305,27.9025,28.8175,32.225,30.685
6077,2014-03-05 08:00:00,0.0,28.0375,29.305,27.9025,28.8175,32.225
6078,2014-03-05 08:15:00,0.0,29.39,28.0375,29.305,27.9025,28.8175
6079,2014-03-05 08:30:00,0.0,30.215,29.39,28.0375,29.305,27.9025
6080,2014-03-05 08:45:00,0.0,31.1425,30.215,29.39,28.0375,29.305
6081,2014-03-05 09:00:00,0.0,31.8475,31.1425,30.215,29.39,28.0375
6082,2014-03-05 09:15:00,0.0,30.1875,31.8475,31.1425,30.215,29.39
6083,2014-03-05 09:30:00,0.0,28.89,30.1875,31.8475,31.1425,30.215
6084,2014-03-05 09:45:00,0.0,33.7575,28.89,30.1875,31.8475,31.1425
6085,2014-03-05 10:00:00,0.0,32.6625,33.7575,28.89,30.1875,31.8475
6086,2014-03-05 10:15:00,0.0,30.3075,32.6625,33.7575,28.89,30.1875
6087,2014-03-05 10:30:00,0.0,34.2825,30.3075,32.6625,33.7575,28.89
6088,2014-03-05 10:45:00,0.0,33.3725,34.2825,30.3075,32.6625,33.7575
6089,2014-03-05 11:00:00,0.0,31.735,33.3725,34.2825,30.3075,32.6625
6090,2014-03-05 11:15:00,0.0,34.69,31.735,33.3725,34.2825,30.3075
6091,2014-03-05 11:30:00,0.0,32.61,34.69,31.735,33.3725,34.2825
6092,2014-03-05 11:45:00,0.0,34.085,32.61,34.69,31.735,33.3725
6093,2014-03-05 12:00:00,0.0,33.8725,34.085,32.61,34.69,31.735
6094,2014-03-05 12:15:00,0.0,36.595,33.8725,34.085,32.61,34.69
6095,2014-03-05 12:30:00,0.0,33.5725,36.595,33.8725,34.085,32.61
6096,2014-03-05 12:45:00,0.0,33.45,33.5725,36.595,33.8725,34.085
6097,2014-03-05 13:00:00,0.0,31.4375,33.45,33.5725,36.595,33.8725
6098,2014-03-05 13:15:00,0.0,30.3,31.4375,33.45,33.5725,36.595
6099,2014-03-05 13:30:00,0.0,35.825,30.3,31.4375,33.45,33.5725
6100,2014-03-05 13:45:00,0.0,35.295,35.825,30.3,31.4375,33.45
6101,2014-03-05 14:00:00,0.0,36.95,35.295,35.825,30.3,31.4375
6102,2014-03-05 14:15:00,0.0,35.5525,36.95,35.295,35.825,30.3
6103,2014-03-05 14:30:00,0.0,35.135,35.5525,36.95,35.295,35.825
6104,2014-03-05 14:45:00,0.0,36.615,35.135,35.5525,36.95,35.295
6105,2014-03-05 15:00:00,0.0,32.12,36.615,35.135,35.5525,36.95
6106,2014-03-05 15:15:00,0.0,31.1375,32.12,36.615,35.135,35.5525
6107,2014-03-05 15:30:00,0.0,34.72,31.1375,32.12,36.615,35.135
6108,2014-03-05 15:45:00,0.0,33.905,34.72,31.1375,32.12,36.615
6109,2014-03-05 16:00:00,0.0,30.9375,33.905,34.72,31.1375,32.12
6110,2014-03-05 16:15:00,0.0,31.6425,30.9375,33.905,34.72,31.1375
6111,2014-03-05 16:30:00,0.0,30.295,31.6425,30.9375,33.905,34.72
6112,2014-03-05 16:45:00,0.0,34.0825,30.295,31.6425,30.9375,33.905
6113,2014-03-05 17:00:00,0.0,32.3075,34.0825,30.295,31.6425,30.9375
6114,2014-03-05 17:15:00,0.0,32.555,32.3075,34.0825,30.295,31.6425
6115,2014-03-05 17:30:00,0.0,32.42,32.555,32.3075,34.0825,30.295
6116,2014-03-05 17:45:00,0.0,30.86,32.42,32.555,32.3075,34.0825
6117,2014-03-05 18:00:00,0.0,28.98,30.86,32.42,32.555,32.3075
6118,2014-03-05 18:15:00,0.0,29.62,28.98,30.86,32.42,32.555
6119,2014-03-05 18:30:00,0.0,29.825,29.62,28.98,30.86,32.42
6120,2014-03-05 18:45:00,0.0,29.9275,29.825,29.62,28.98,30.86
6121,2014-03-05 19:00:00,0.0,28.2925,29.9275,29.825,29.62,28.98
6122,2014-03-05 19:15:00,0.0,28.785,28.2925,29.9275,29.825,29.62
6123,2014-03-05 19:30:00,0.0,30.22,28.785,28.2925,29.9275,29.825
6124,2014-03-05 19:45:00,0.0,28.0425,30.22,28.785,28.2925,29.9275
6125,2014-03-05 20:00:00,0.0,28.935,28.0425,30.22,28.785,28.2925
6126,2014-03-05 20:15:00,0.0,25.585,28.935,28.0425,30.22,28.785
6127,2014-03-05 20:30:00,0.0,29.305,25.585,28.935,28.0425,30.22
6128,2014-03-05 20:45:00,0.0,28.29,29.305,25.585,28.935,28.0425
6129,2014-03-05 21:00:00,0.0,29.25,28.29,29.305,25.585,28.935
6130,2014-03-05 21:15:00,0.0,26.8425,29.25,28.29,29.305,25.585
6131,2014-03-05 21:30:00,0.0,23.99,26.8425,29.25,28.29,29.305
6132,2014-03-05 21:45:00,0.0,25.015,23.99,26.8425,29.25,28.29
6133,2014-03-05 22:00:00,0.0,26.5975,25.015,23.99,26.8425,29.25
6134,2014-03-05 22:15:00,0.0,22.84,26.5975,25.015,23.99,26.8425
6135,2014-03-05 22:30:00,0.0,21.4475,22.84,26.5975,25.015,23.99
6136,2014-03-05 22:45:00,0.0,26.5575,21.4475,22.84,26.5975,25.015
6137,2014-03-05 23:00:00,0.0,25.115,26.5575,21.4475,22.84,26.5975
6138,2014-03-05 23:15:00,0.0,25.235,25.115,26.5575,21.4475,22.84
6139,2014-03-05 23:30:00,0.0,22.0025,25.235,25.115,26.5575,21.4475
6140,2014-03-05 23:45:00,0.0,25.075,22.0025,25.235,25.115,26.5575
6141,2014-03-06 00:00:00,0.0,24.535,25.075,22.0025,25.235,25.115
6142,2014-03-06 00:15:00,0.0,25.365,24.535,25.075,22.0025,25.235
6143,2014-03-06 00:30:00,0.0,24.03,25.365,24.535,25.075,22.0025
6144,2014-03-06 00:45:00,0.0,26.8875,24.03,25.365,24.535,25.075
6145,2014-03-06 01:00:00,0.0,24.305,26.8875,24.03,25.365,24.535
6146,2014-03-06 01:15:00,0.0,24.635,24.305,26.8875,24.03,25.365
6147,2014-03-06 01:30:00,0.0,24.6575,24.635,24.305,26.8875,24.03
6148,2014-03-06 01:45:00,0.0,25.7075,24.6575,24.635,24.305,26.8875
6149,2014-03-06 02:00:00,0.0,25.145,25.7075,24.6575,24.635,24.305
6150,2014-03-06 02:15:00,0.0,26.045,25.145,25.7075,24.6575,24.635
6151,2014-03-06 02:30:00,0.0,25.62,26.045,25.145,25.7075,24.6575
6152,2014-03-06 02:45:00,0.0,25.065,25.62,26.045,25.145,25.7075
6153,2014-03-06 03:00:00,0.0,22.625,25.065,25.62,26.045,25.145
6154,2014-03-06 03:15:00,0.0,24.81,22.625,25.065,25.62,26.045
6155,2014-03-06 03:30:00,0.0,23.6275,24.81,22.625,25.065,25.62
6156,2014-03-06 03:45:00,0.0,26.1475,23.6275,24.81,22.625,25.065
6157,2014-03-06 04:00:00,0.0,25.7825,26.1475,23.6275,24.81,22.625
6158,2014-03-06 04:15:00,0.0,24.99,25.7825,26.1475,23.6275,24.81
6159,2014-03-06 04:30:00,0.0,24.965,24.99,25.7825,26.1475,23.6275
6160,2014-03-06 04:45:00,0.0,27.6775,24.965,24.99,25.7825,26.1475
6161,2014-03-06 05:00:00,0.0,26.895,27.6775,24.965,24.99,25.7825
6162,2014-03-06 05:15:00,0.0,25.7125,26.895,27.6775,24.965,24.99
6163,2014-03-06 05:30:00,0.0,27.5475,25.7125,26.895,27.6775,24.965
6164,2014-03-06 05:45:00,0.0,28.0775,27.5475,25.7125,26.895,27.6775
6165,2014-03-06 06:00:00,0.0,27.595,28.0775,27.5475,25.7125,26.895
6166,2014-03-06 06:15:00,0.0,30.38,27.595,28.0775,27.5475,25.7125
6167,2014-03-06 06:30:00,0.0,30.845,30.38,27.595,28.0775,27.5475
6168,2014-03-06 06:45:00,0.0,30.205,30.845,30.38,27.595,28.0775
6169,2014-03-06 07:00:00,0.0,28.4325,30.205,30.845,30.38,27.595
6170,2014-03-06 07:15:00,0.0,30.68,28.4325,30.205,30.845,30.38
6171,2014-03-06 07:30:00,0.0,28.9575,30.68,28.4325,30.205,30.845
6172,2014-03-06 07:45:00,0.0,30.71,28.9575,30.68,28.4325,30.205
6173,2014-03-06 08:00:00,0.0,29.295,30.71,28.9575,30.68,28.4325
6174,2014-03-06 08:15:00,0.0,29.9775,29.295,30.71,28.9575,30.68
6175,2014-03-06 08:30:00,0.0,29.39,29.9775,29.295,30.71,28.9575
6176,2014-03-06 08:45:00,0.0,30.29,29.39,29.9775,29.295,30.71
6177,2014-03-06 09:00:00,0.0,33.0475,30.29,29.39,29.9775,29.295
6178,2014-03-06 09:15:00,0.0,33.3225,33.0475,30.29,29.39,29.9775
6179,2014-03-06 09:30:00,0.0,33.3675,33.3225,33.0475,30.29,29.39
6180,2014-03-06 09:45:00,0.0,33.2075,33.3675,33.3225,33.0475,30.29
6181,2014-03-06 10:00:00,0.0,34.1725,33.2075,33.3675,33.3225,33.0475
6182,2014-03-06 10:15:00,0.0,33.93,34.1725,33.2075,33.3675,33.3225
6183,2014-03-06 10:30:00,0.0,33.615,33.93,34.1725,33.2075,33.3675
6184,2014-03-06 10:45:00,0.0,35.09,33.615,33.93,34.1725,33.2075
6185,2014-03-06 11:00:00,0.0,36.53,35.09,33.615,33.93,34.1725
6186,2014-03-06 11:15:00,0.0,31.575,36.53,35.09,33.615,33.93
6187,2014-03-06 11:30:00,0.0,34.8575,31.575,36.53,35.09,33.615
6188,2014-03-06 11:45:00,0.0,33.845,34.8575,31.575,36.53,35.09
6189,2014-03-06 12:00:00,0.0,35.6875,33.845,34.8575,31.575,36.53
6190,2014-03-06 12:15:00,0.0,31.515,35.6875,33.845,34.8575,31.575
6191,2014-03-06 12:30:00,0.0,36.7525,31.515,35.6875,33.845,34.8575
6192,2014-03-06 12:45:00,0.0,36.02,36.7525,31.515,35.6875,33.845
6193,2014-03-06 13:00:00,0.0,34.925,36.02,36.7525,31.515,35.6875
6194,2014-03-06 13:15:00,0.0,33.5475,34.925,36.02,36.7525,31.515
6195,2014-03-06 13:30:00,0.0,35.545,33.5475,34.925,36.02,36.7525
6196,2014-03-06 13:45:00,0.0,31.58,35.545,33.5475,34.925,36.02
6197,2014-03-06 14:00:00,0.0,35.385,31.58,35.545,33.5475,34.925
6198,2014-03-06 14:15:00,0.0,32.645,35.385,31.58,35.545,33.5475
6199,2014-03-06 14:30:00,0.0,34.5275,32.645,35.385,31.58,35.545
6200,2014-03-06 14:45:00,0.0,32.4425,34.5275,32.645,35.385,31.58
6201,2014-03-06 15:00:00,0.0,33.0,32.4425,34.5275,32.645,35.385
6202,2014-03-06 15:15:00,0.0,33.21,33.0,32.4425,34.5275,32.645
6203,2014-03-06 15:30:00,0.0,34.475,33.21,33.0,32.4425,34.5275
6204,2014-03-06 15:45:00,0.0,33.5475,34.475,33.21,33.0,32.4425
6205,2014-03-06 16:00:00,0.0,33.7725,33.5475,34.475,33.21,33.0
6206,2014-03-06 16:15:00,0.0,35.53,33.7725,33.5475,34.475,33.21
6207,2014-03-06 16:30:00,0.0,34.295,35.53,33.7725,33.5475,34.475
6208,2014-03-06 16:45:00,0.0,34.645,34.295,35.53,33.7725,33.5475
6209,2014-03-06 17:00:00,0.0,33.9925,34.645,34.295,35.53,33.7725
6210,2014-03-06 17:15:00,0.0,30.6275,33.9925,34.645,34.295,35.53
6211,2014-03-06 17:30:00,0.0,32.275,30.6275,33.9925,34.645,34.295
6212,2014-03-06 17:45:00,0.0,32.895,32.275,30.6275,33.9925,34.645
6213,2014-03-06 18:00:00,0.0,31.235,32.895,32.275,30.6275,33.9925
6214,2014-03-06 18:15:00,0.0,31.6175,31.235,32.895,32.275,30.6275
6215,2014-03-06 18:30:00,0.0,29.4875,31.6175,31.235,32.895,32.275
6216,2014-03-06 18:45:00,0.0,29.76,29.4875,31.6175,31.235,32.895
6217,2014-03-06 19:00:00,0.0,30.1875,29.76,29.4875,31.6175,31.235
6218,2014-03-06 19:15:00,0.0,27.8675,30.1875,29.76,29.4875,31.6175
6219,2014-03-06 19:30:00,0.0,27.9275,27.8675,30.1875,29.76,29.4875
6220,2014-03-06 19:45:00,0.0,29.27,27.9275,27.8675,30.1875,29.76
6221,2014-03-06 20:00:00,0.0,26.895,29.27,27.9275,27.8675,30.1875
6222,2014-03-06 20:15:00,0.0,26.8425,26.895,29.27,27.9275,27.8675
6223,2014-03-06 20:30:00,0.0,28.415,26.8425,26.895,29.27,27.9275
6224,2014-03-06 20:45:00,0.0,28.18,28.415,26.8425,26.895,29.27
6225,2014-03-06 21:00:00,0.0,28.6,28.18,28.415,26.8425,26.895
6226,2014-03-06 21:15:00,0.0,26.31,28.6,28.18,28.415,26.8425
6227,2014-03-06 21:30:00,0.0,27.5975,26.31,28.6,28.18,28.415
6228,2014-03-06 21:45:00,0.0,27.45,27.5975,26.31,28.6,28.18
6229,2014-03-06 22:00:00,0.0,26.97,27.45,27.5975,26.31,28.6
6230,2014-03-06 22:15:00,0.0,25.0725,26.97,27.45,27.5975,26.31
6231,2014-03-06 22:30:00,0.0,24.7575,25.0725,26.97,27.45,27.5975
6232,2014-03-06 22:45:00,0.0,23.5675,24.7575,25.0725,26.97,27.45
6233,2014-03-06 23:00:00,0.0,26.63,23.5675,24.7575,25.0725,26.97
6234,2014-03-06 23:15:00,0.0,24.49,26.63,23.5675,24.7575,25.0725
6235,2014-03-06 23:30:00,0.0,25.6175,24.49,26.63,23.5675,24.7575
6236,2014-03-06 23:45:00,0.0,24.2125,25.6175,24.49,26.63,23.5675
6237,2014-03-07 00:00:00,0.0,24.6375,24.2125,25.6175,24.49,26.63
6238,2014-03-07 00:15:00,0.0,24.3975,24.6375,24.2125,25.6175,24.49
6239,2014-03-07 00:30:00,0.0,25.51,24.3975,24.6375,24.2125,25.6175
6240,2014-03-07 00:45:00,0.0,25.8375,25.51,24.3975,24.6375,24.2125
6241,2014-03-07 01:00:00,0.0,25.84,25.8375,25.51,24.3975,24.6375
6242,2014-03-07 01:15:00,0.0,23.0775,25.84,25.8375,25.51,24.3975
6243,2014-03-07 01:30:00,0.0,25.035,23.0775,25.84,25.8375,25.51
6244,2014-03-07 01:45:00,0.0,24.805,25.035,23.0775,25.84,25.8375
6245,2014-03-07 02:00:00,0.0,25.12,24.805,25.035,23.0775,25.84
6246,2014-03-07 02:15:00,0.0,23.06,25.12,24.805,25.035,23.0775
6247,2014-03-07 02:30:00,0.0,26.135,23.06,25.12,24.805,25.035
6248,2014-03-07 02:45:00,0.0,23.7725,26.135,23.06,25.12,24.805
6249,2014-03-07 03:00:00,0.0,23.8325,23.7725,26.135,23.06,25.12
6250,2014-03-07 03:15:00,0.0,26.5575,23.8325,23.7725,26.135,23.06
6251,2014-03-07 03:30:00,0.0,26.435,26.5575,23.8325,23.7725,26.135
6252,2014-03-07 03:45:00,0.0,24.0975,26.435,26.5575,23.8325,23.7725
6253,2014-03-07 04:00:00,0.0,26.95,24.0975,26.435,26.5575,23.8325
6254,2014-03-07 04:15:00,0.0,26.455,26.95,24.0975,26.435,26.5575
6255,2014-03-07 04:30:00,0.0,25.425,26.455,26.95,24.0975,26.435
6256,2014-03-07 04:45:00,0.0,26.6475,25.425,26.455,26.95,24.0975
6257,2014-03-07 05:00:00,0.0,27.295,26.6475,25.425,26.455,26.95
6258,2014-03-07 05:15:00,0.0,25.725,27.295,26.6475,25.425,26.455
6259,2014-03-07 05:30:00,0.0,27.2775,25.725,27.295,26.6475,25.425
6260,2014-03-07 05:45:00,0.0,26.6925,27.2775,25.725,27.295,26.6475
6261,2014-03-07 06:00:00,0.0,27.095,26.6925,27.2775,25.725,27.295
6262,2014-03-07 06:15:00,0.0,30.5775,27.095,26.6925,27.2775,25.725
6263,2014-03-07 06:30:00,0.0,31.58,30.5775,27.095,26.6925,27.2775
6264,2014-03-07 06:45:00,0.0,30.6475,31.58,30.5775,27.095,26.6925
6265,2014-03-07 07:00:00,0.0,31.5275,30.6475,31.58,30.5775,27.095
6266,2014-03-07 07:15:00,0.0,27.3175,31.5275,30.6475,31.58,30.5775
6267,2014-03-07 07:30:00,0.0,31.015,27.3175,31.5275,30.6475,31.58
6268,2014-03-07 07:45:00,0.0,31.0,31.015,27.3175,31.5275,30.6475
6269,2014-03-07 08:00:00,0.0,31.295,31.0,31.015,27.3175,31.5275
6270,2014-03-07 08:15:00,0.0,28.7775,31.295,31.0,31.015,27.3175
6271,2014-03-07 08:30:00,0.0,31.9275,28.7775,31.295,31.0,31.015
6272,2014-03-07 08:45:00,0.0,32.2075,31.9275,28.7775,31.295,31.0
6273,2014-03-07 09:00:00,0.0,32.1125,32.2075,31.9275,28.7775,31.295
6274,2014-03-07 09:15:00,0.0,32.255,32.1125,32.2075,31.9275,28.7775
6275,2014-03-07 09:30:00,0.0,32.8525,32.255,32.1125,32.2075,31.9275
6276,2014-03-07 09:45:00,0.0,33.8275,32.8525,32.255,32.1125,32.2075
6277,2014-03-07 10:00:00,0.0,33.9425,33.8275,32.8525,32.255,32.1125
6278,2014-03-07 10:15:00,0.0,33.1275,33.9425,33.8275,32.8525,32.255
6279,2014-03-07 10:30:00,0.0,32.275,33.1275,33.9425,33.8275,32.8525
6280,2014-03-07 10:45:00,0.0,34.6225,32.275,33.1275,33.9425,33.8275
6281,2014-03-07 11:00:00,0.0,33.7675,34.6225,32.275,33.1275,33.9425
6282,2014-03-07 11:15:00,0.0,32.6075,33.7675,34.6225,32.275,33.1275
6283,2014-03-07 11:30:00,0.0,35.2175,32.6075,33.7675,34.6225,32.275
6284,2014-03-07 11:45:00,0.0,32.4325,35.2175,32.6075,33.7675,34.6225
6285,2014-03-07 12:00:00,0.0,33.92,32.4325,35.2175,32.6075,33.7675
6286,2014-03-07 12:15:00,0.0,33.7275,33.92,32.4325,35.2175,32.6075
6287,2014-03-07 12:30:00,0.0,34.1325,33.7275,33.92,32.4325,35.2175
6288,2014-03-07 12:45:00,0.0,32.5575,34.1325,33.7275,33.92,32.4325
6289,2014-03-07 13:00:00,0.0,34.8575,32.5575,34.1325,33.7275,33.92
6290,2014-03-07 13:15:00,0.0,33.7825,34.8575,32.5575,34.1325,33.7275
6291,2014-03-07 13:30:00,0.0,35.755,33.7825,34.8575,32.5575,34.1325
6292,2014-03-07 13:45:00,0.0,33.8625,35.755,33.7825,34.8575,32.5575
6293,2014-03-07 14:00:00,0.0,35.3975,33.8625,35.755,33.7825,34.8575
6294,2014-03-07 14:15:00,0.0,35.285,35.3975,33.8625,35.755,33.7825
6295,2014-03-07 14:30:00,0.0,36.205,35.285,35.3975,33.8625,35.755
6296,2014-03-07 14:45:00,0.0,36.2325,36.205,35.285,35.3975,33.8625
6297,2014-03-07 15:00:00,0.0,36.645,36.2325,36.205,35.285,35.3975
6298,2014-03-07 15:15:00,0.0,35.295,36.645,36.2325,36.205,35.285
6299,2014-03-07 15:30:00,0.0,36.325,35.295,36.645,36.2325,36.205
6300,2014-03-07 15:45:00,0.0,35.7475,36.325,35.295,36.645,36.2325
6301,2014-03-07 16:00:00,0.0,36.665,35.7475,36.325,35.295,36.645
6302,2014-03-07 16:15:00,0.0,34.545,36.665,35.7475,36.325,35.295
6303,2014-03-07 16:30:00,0.0,34.9275,34.545,36.665,35.7475,36.325
6304,2014-03-07 16:45:00,0.0,34.5075,34.9275,34.545,36.665,35.7475
6305,2014-03-07 17:00:00,0.0,35.415,34.5075,34.9275,34.545,36.665
6306,2014-03-07 17:15:00,0.0,34.665,35.415,34.5075,34.9275,34.545
6307,2014-03-07 17:30:00,0.0,34.2175,34.665,35.415,34.5075,34.9275
6308,2014-03-07 17:45:00,0.0,32.5325,34.2175,34.665,35.415,34.5075
6309,2014-03-07 18:00:00,0.0,31.9175,32.5325,34.2175,34.665,35.415
6310,2014-03-07 18:15:00,0.0,30.82,31.9175,32.5325,34.2175,34.665
6311,2014-03-07 18:30:00,0.0,30.53,30.82,31.9175,32.5325,34.2175
6312,2014-03-07 18:45:00,0.0,28.705,30.53,30.82,31.9175,32.5325
6313,2014-03-07 19:00:00,0.0,31.575,28.705,30.53,30.82,31.9175
6314,2014-03-07 19:15:00,0.0,28.7625,31.575,28.705,30.53,30.82
6315,2014-03-07 19:30:00,0.0,29.28,28.7625,31.575,28.705,30.53
6316,2014-03-07 19:45:00,0.0,30.255,29.28,28.7625,31.575,28.705
6317,2014-03-07 20:00:00,0.0,28.865,30.255,29.28,28.7625,31.575
6318,2014-03-07 20:15:00,0.0,28.4675,28.865,30.255,29.28,28.7625
6319,2014-03-07 20:30:00,0.0,27.495,28.4675,28.865,30.255,29.28
6320,2014-03-07 20:45:00,0.0,29.8675,27.495,28.4675,28.865,30.255
6321,2014-03-07 21:00:00,0.0,28.5975,29.8675,27.495,28.4675,28.865
6322,2014-03-07 21:15:00,0.0,27.6375,28.5975,29.8675,27.495,28.4675
6323,2014-03-07 21:30:00,0.0,27.5325,27.6375,28.5975,29.8675,27.495
6324,2014-03-07 21:45:00,0.0,27.2475,27.5325,27.6375,28.5975,29.8675
6325,2014-03-07 22:00:00,0.0,26.855,27.2475,27.5325,27.6375,28.5975
6326,2014-03-07 22:15:00,0.0,26.0125,26.855,27.2475,27.5325,27.6375
6327,2014-03-07 22:30:00,0.0,26.9025,26.0125,26.855,27.2475,27.5325
6328,2014-03-07 22:45:00,0.0,25.15,26.9025,26.0125,26.855,27.2475
6329,2014-03-07 23:00:00,0.0,25.9325,25.15,26.9025,26.0125,26.855
6330,2014-03-07 23:15:00,0.0,25.6025,25.9325,25.15,26.9025,26.0125
6331,2014-03-07 23:30:00,0.0,25.065,25.6025,25.9325,25.15,26.9025
6332,2014-03-07 23:45:00,0.0,27.0825,25.065,25.6025,25.9325,25.15
6333,2014-03-08 00:00:00,0.0,26.5225,27.0825,25.065,25.6025,25.9325
6334,2014-03-08 00:15:00,0.0,25.4025,26.5225,27.0825,25.065,25.6025
6335,2014-03-08 00:30:00,0.0,24.015,25.4025,26.5225,27.0825,25.065
6336,2014-03-08 00:45:00,0.0,25.78,24.015,25.4025,26.5225,27.0825
6337,2014-03-08 01:00:00,0.0,25.625,25.78,24.015,25.4025,26.5225
6338,2014-03-08 01:15:00,0.0,24.9225,25.625,25.78,24.015,25.4025
6339,2014-03-08 01:30:00,0.0,25.9,24.9225,25.625,25.78,24.015
6340,2014-03-08 01:45:00,0.0,27.385,25.9,24.9225,25.625,25.78
6341,2014-03-08 02:00:00,0.0,23.81,27.385,25.9,24.9225,25.625
6342,2014-03-08 02:15:00,0.0,26.1125,23.81,27.385,25.9,24.9225
6343,2014-03-08 02:30:00,0.0,25.9425,26.1125,23.81,27.385,25.9
6344,2014-03-08 02:45:00,0.0,26.36,25.9425,26.1125,23.81,27.385
6345,2014-03-08 03:00:00,0.0,25.55,26.36,25.9425,26.1125,23.81
6346,2014-03-08 03:15:00,0.0,24.0725,25.55,26.36,25.9425,26.1125
6347,2014-03-08 03:30:00,0.0,25.135,24.0725,25.55,26.36,25.9425
6348,2014-03-08 03:45:00,0.0,26.185,25.135,24.0725,25.55,26.36
6349,2014-03-08 04:00:00,0.0,27.545,26.185,25.135,24.0725,25.55
6350,2014-03-08 04:15:00,0.0,26.21,27.545,26.185,25.135,24.0725
6351,2014-03-08 04:30:00,0.0,27.2,26.21,27.545,26.185,25.135
6352,2014-03-08 04:45:00,0.0,25.49,27.2,26.21,27.545,26.185
6353,2014-03-08 05:00:00,0.0,26.3925,25.49,27.2,26.21,27.545
6354,2014-03-08 05:15:00,0.0,24.9425,26.3925,25.49,27.2,26.21
6355,2014-03-08 05:30:00,0.0,24.1925,24.9425,26.3925,25.49,27.2
6356,2014-03-08 05:45:00,0.0,26.7625,24.1925,24.9425,26.3925,25.49
6357,2014-03-08 06:00:00,0.0,26.635,26.7625,24.1925,24.9425,26.3925
6358,2014-03-08 06:15:00,0.0,26.1775,26.635,26.7625,24.1925,24.9425
6359,2014-03-08 06:30:00,0.0,25.35,26.1775,26.635,26.7625,24.1925
6360,2014-03-08 06:45:00,0.0,27.275,25.35,26.1775,26.635,26.7625
6361,2014-03-08 07:00:00,0.0,28.52,27.275,25.35,26.1775,26.635
6362,2014-03-08 07:15:00,0.0,26.0525,28.52,27.275,25.35,26.1775
6363,2014-03-08 07:30:00,0.0,25.8025,26.0525,28.52,27.275,25.35
6364,2014-03-08 07:45:00,0.0,28.265,25.8025,26.0525,28.52,27.275
6365,2014-03-08 08:00:00,0.0,27.0675,28.265,25.8025,26.0525,28.52
6366,2014-03-08 08:15:00,0.0,26.6075,27.0675,28.265,25.8025,26.0525
6367,2014-03-08 08:30:00,0.0,23.6525,26.6075,27.0675,28.265,25.8025
6368,2014-03-08 08:45:00,0.0,25.86,23.6525,26.6075,27.0675,28.265
6369,2014-03-08 09:00:00,0.0,26.4925,25.86,23.6525,26.6075,27.0675
6370,2014-03-08 09:15:00,0.0,26.325,26.4925,25.86,23.6525,26.6075
6371,2014-03-08 09:30:00,0.0,28.0625,26.325,26.4925,25.86,23.6525
6372,2014-03-08 09:45:00,0.0,25.195,28.0625,26.325,26.4925,25.86
6373,2014-03-08 10:00:00,0.0,27.4,25.195,28.0625,26.325,26.4925
6374,2014-03-08 10:15:00,0.0,26.395,27.4,25.195,28.0625,26.325
6375,2014-03-08 10:30:00,0.0,27.1325,26.395,27.4,25.195,28.0625
6376,2014-03-08 10:45:00,0.0,26.28,27.1325,26.395,27.4,25.195
6377,2014-03-08 11:00:00,0.0,27.6225,26.28,27.1325,26.395,27.4
6378,2014-03-08 11:15:00,0.0,26.8125,27.6225,26.28,27.1325,26.395
6379,2014-03-08 11:30:00,0.0,28.7825,26.8125,27.6225,26.28,27.1325
6380,2014-03-08 11:45:00,0.0,27.0125,28.7825,26.8125,27.6225,26.28
6381,2014-03-08 12:00:00,0.0,26.1925,27.0125,28.7825,26.8125,27.6225
6382,2014-03-08 12:15:00,0.0,27.9075,26.1925,27.0125,28.7825,26.8125
6383,2014-03-08 12:30:00,0.0,29.345,27.9075,26.1925,27.0125,28.7825
6384,2014-03-08 12:45:00,0.0,28.9875,29.345,27.9075,26.1925,27.0125
6385,2014-03-08 13:00:00,0.0,28.0325,28.9875,29.345,27.9075,26.1925
6386,2014-03-08 13:15:00,0.0,28.1025,28.0325,28.9875,29.345,27.9075
6387,2014-03-08 13:30:00,0.0,29.8125,28.1025,28.0325,28.9875,29.345
6388,2014-03-08 13:45:00,0.0,29.295,29.8125,28.1025,28.0325,28.9875
6389,2014-03-08 14:00:00,0.0,29.6475,29.295,29.8125,28.1025,28.0325
6390,2014-03-08 14:15:00,0.0,28.7525,29.6475,29.295,29.8125,28.1025
6391,2014-03-08 14:30:00,0.0,30.0225,28.7525,29.6475,29.295,29.8125
6392,2014-03-08 14:45:00,0.0,29.9775,30.0225,28.7525,29.6475,29.295
6393,2014-03-08 15:00:00,0.0,27.9675,29.9775,30.0225,28.7525,29.6475
6394,2014-03-08 15:15:00,0.0,28.15,27.9675,29.9775,30.0225,28.7525
6395,2014-03-08 15:30:00,0.0,27.0775,28.15,27.9675,29.9775,30.0225
6396,2014-03-08 15:45:00,0.0,29.2725,27.0775,28.15,27.9675,29.9775
6397,2014-03-08 16:00:00,0.0,25.7175,29.2725,27.0775,28.15,27.9675
6398,2014-03-08 16:15:00,0.0,26.6875,25.7175,29.2725,27.0775,28.15
6399,2014-03-08 16:30:00,0.0,28.565,26.6875,25.7175,29.2725,27.0775
6400,2014-03-08 16:45:00,0.0,25.2125,28.565,26.6875,25.7175,29.2725
6401,2014-03-08 17:00:00,0.0,29.4125,25.2125,28.565,26.6875,25.7175
6402,2014-03-08 17:15:00,0.0,27.035,29.4125,25.2125,28.565,26.6875
6403,2014-03-08 17:30:00,0.0,25.44,27.035,29.4125,25.2125,28.565
6404,2014-03-08 17:45:00,0.0,26.0275,25.44,27.035,29.4125,25.2125
6405,2014-03-08 18:00:00,0.0,24.675,26.0275,25.44,27.035,29.4125
6406,2014-03-08 18:15:00,0.0,23.9125,24.675,26.0275,25.44,27.035
6407,2014-03-08 18:30:00,0.0,25.8175,23.9125,24.675,26.0275,25.44
6408,2014-03-08 18:45:00,0.0,27.1825,25.8175,23.9125,24.675,26.0275
6409,2014-03-08 19:00:00,0.0,26.72,27.1825,25.8175,23.9125,24.675
6410,2014-03-08 19:15:00,0.0,26.7525,26.72,27.1825,25.8175,23.9125
6411,2014-03-08 19:30:00,0.0,26.6575,26.7525,26.72,27.1825,25.8175
6412,2014-03-08 19:45:00,0.0,26.975,26.6575,26.7525,26.72,27.1825
6413,2014-03-08 20:00:00,0.0,25.2375,26.975,26.6575,26.7525,26.72
6414,2014-03-08 20:15:00,0.0,26.355,25.2375,26.975,26.6575,26.7525
6415,2014-03-08 20:30:00,0.0,25.1325,26.355,25.2375,26.975,26.6575
6416,2014-03-08 20:45:00,0.0,26.11,25.1325,26.355,25.2375,26.975
6417,2014-03-08 21:00:00,0.0,23.13,26.11,25.1325,26.355,25.2375
6418,2014-03-08 21:15:00,0.0,25.47,23.13,26.11,25.1325,26.355
6419,2014-03-08 21:30:00,0.0,25.11,25.47,23.13,26.11,25.1325
6420,2014-03-08 21:45:00,0.0,25.7175,25.11,25.47,23.13,26.11
6421,2014-03-08 22:00:00,0.0,25.985,25.7175,25.11,25.47,23.13
6422,2014-03-08 22:15:00,0.0,26.03,25.985,25.7175,25.11,25.47
6423,2014-03-08 22:30:00,0.0,25.0975,26.03,25.985,25.7175,25.11
6424,2014-03-08 22:45:00,0.0,24.1025,25.0975,26.03,25.985,25.7175
6425,2014-03-08 23:00:00,0.0,25.49,24.1025,25.0975,26.03,25.985
6426,2014-03-08 23:15:00,0.0,23.0575,25.49,24.1025,25.0975,26.03
6427,2014-03-08 23:30:00,0.0,24.33,23.0575,25.49,24.1025,25.0975
6428,2014-03-08 23:45:00,0.0,24.7875,24.33,23.0575,25.49,24.1025
6429,2014-03-09 00:00:00,0.0,24.155,24.7875,24.33,23.0575,25.49
6430,2014-03-09 00:15:00,0.0,23.4375,24.155,24.7875,24.33,23.0575
6431,2014-03-09 00:30:00,0.0,24.8925,23.4375,24.155,24.7875,24.33
6432,2014-03-09 00:45:00,0.0,25.25,24.8925,23.4375,24.155,24.7875
6433,2014-03-09 01:00:00,0.0,25.5,25.25,24.8925,23.4375,24.155
6434,2014-03-09 01:15:00,0.0,23.985,25.5,25.25,24.8925,23.4375
6435,2014-03-09 01:30:00,0.0,25.1075,23.985,25.5,25.25,24.8925
6436,2014-03-09 01:45:00,0.0,24.7075,25.1075,23.985,25.5,25.25
6437,2014-03-09 02:00:00,0.0,24.6375,24.7075,25.1075,23.985,25.5
6438,2014-03-09 03:15:00,0.0,23.6725,24.6375,24.7075,25.1075,23.985
6439,2014-03-09 03:30:00,0.0,26.2625,23.6725,24.6375,24.7075,25.1075
6440,2014-03-09 03:45:00,0.0,23.1025,26.2625,23.6725,24.6375,24.7075
6441,2014-03-09 04:00:00,0.0,24.215,23.1025,26.2625,23.6725,24.6375
6442,2014-03-09 04:15:00,0.0,25.4475,24.215,23.1025,26.2625,23.6725
6443,2014-03-09 04:30:00,0.0,23.4525,25.4475,24.215,23.1025,26.2625
6444,2014-03-09 04:45:00,0.0,25.0375,23.4525,25.4475,24.215,23.1025
6445,2014-03-09 05:00:00,0.0,24.7875,25.0375,23.4525,25.4475,24.215
6446,2014-03-09 05:15:00,0.0,25.4075,24.7875,25.0375,23.4525,25.4475
6447,2014-03-09 05:30:00,0.0,22.97,25.4075,24.7875,25.0375,23.4525
6448,2014-03-09 05:45:00,0.0,22.9025,22.97,25.4075,24.7875,25.0375
6449,2014-03-09 06:00:00,0.0,25.3675,22.9025,22.97,25.4075,24.7875
6450,2014-03-09 06:15:00,0.0,24.0025,25.3675,22.9025,22.97,25.4075
6451,2014-03-09 06:30:00,0.0,25.585,24.0025,25.3675,22.9025,22.97
6452,2014-03-09 06:45:00,0.0,25.45,25.585,24.0025,25.3675,22.9025
6453,2014-03-09 07:00:00,0.0,24.4,25.45,25.585,24.0025,25.3675
6454,2014-03-09 07:15:00,0.0,25.2325,24.4,25.45,25.585,24.0025
6455,2014-03-09 07:30:00,0.0,24.84,25.2325,24.4,25.45,25.585
6456,2014-03-09 07:45:00,0.0,26.35,24.84,25.2325,24.4,25.45
6457,2014-03-09 08:00:00,0.0,24.8125,26.35,24.84,25.2325,24.4
6458,2014-03-09 08:15:00,0.0,25.565,24.8125,26.35,24.84,25.2325
6459,2014-03-09 08:30:00,0.0,25.29,25.565,24.8125,26.35,24.84
6460,2014-03-09 08:45:00,0.0,26.09,25.29,25.565,24.8125,26.35
6461,2014-03-09 09:00:00,0.0,23.9075,26.09,25.29,25.565,24.8125
6462,2014-03-09 09:15:00,0.0,25.215,23.9075,26.09,25.29,25.565
6463,2014-03-09 09:30:00,0.0,24.7775,25.215,23.9075,26.09,25.29
6464,2014-03-09 09:45:00,0.0,26.815,24.7775,25.215,23.9075,26.09
6465,2014-03-09 10:00:00,0.0,25.7275,26.815,24.7775,25.215,23.9075
6466,2014-03-09 10:15:00,0.0,24.6,25.7275,26.815,24.7775,25.215
6467,2014-03-09 10:30:00,0.0,23.21,24.6,25.7275,26.815,24.7775
6468,2014-03-09 10:45:00,0.0,27.025,23.21,24.6,25.7275,26.815
6469,2014-03-09 11:00:00,0.0,25.1475,27.025,23.21,24.6,25.7275
6470,2014-03-09 11:15:00,0.0,26.08,25.1475,27.025,23.21,24.6
6471,2014-03-09 11:30:00,0.0,24.8625,26.08,25.1475,27.025,23.21
6472,2014-03-09 11:45:00,0.0,23.38,24.8625,26.08,25.1475,27.025
6473,2014-03-09 12:00:00,0.0,25.8625,23.38,24.8625,26.08,25.1475
6474,2014-03-09 12:15:00,0.0,25.165,25.8625,23.38,24.8625,26.08
6475,2014-03-09 12:30:00,0.0,28.725,25.165,25.8625,23.38,24.8625
6476,2014-03-09 12:45:00,0.0,29.0725,28.725,25.165,25.8625,23.38
6477,2014-03-09 13:00:00,0.0,30.5225,29.0725,28.725,25.165,25.8625
6478,2014-03-09 13:15:00,0.0,27.025,30.5225,29.0725,28.725,25.165
6479,2014-03-09 13:30:00,0.0,27.2125,27.025,30.5225,29.0725,28.725
6480,2014-03-09 13:45:00,0.0,29.025,27.2125,27.025,30.5225,29.0725
6481,2014-03-09 14:00:00,0.0,25.885,29.025,27.2125,27.025,30.5225
6482,2014-03-09 14:15:00,0.0,28.9425,25.885,29.025,27.2125,27.025
6483,2014-03-09 14:30:00,0.0,26.4525,28.9425,25.885,29.025,27.2125
6484,2014-03-09 14:45:00,0.0,32.5725,26.4525,28.9425,25.885,29.025
6485,2014-03-09 15:00:00,0.0,31.0375,32.5725,26.4525,28.9425,25.885
6486,2014-03-09 15:15:00,0.0,28.2275,31.0375,32.5725,26.4525,28.9425
6487,2014-03-09 15:30:00,0.0,30.93,28.2275,31.0375,32.5725,26.4525
6488,2014-03-09 15:45:00,0.0,27.07,30.93,28.2275,31.0375,32.5725
6489,2014-03-09 16:00:00,0.0,28.8975,27.07,30.93,28.2275,31.0375
6490,2014-03-09 16:15:00,0.0,26.2925,28.8975,27.07,30.93,28.2275
6491,2014-03-09 16:30:00,0.0,31.3925,26.2925,28.8975,27.07,30.93
6492,2014-03-09 16:45:00,0.0,29.565,31.3925,26.2925,28.8975,27.07
6493,2014-03-09 17:00:00,0.0,26.6675,29.565,31.3925,26.2925,28.8975
6494,2014-03-09 17:15:00,0.0,27.6975,26.6675,29.565,31.3925,26.2925
6495,2014-03-09 17:30:00,0.0,28.4925,27.6975,26.6675,29.565,31.3925
6496,2014-03-09 17:45:00,0.0,27.355,28.4925,27.6975,26.6675,29.565
6497,2014-03-09 18:00:00,0.0,26.265,27.355,28.4925,27.6975,26.6675
6498,2014-03-09 18:15:00,0.0,28.905,26.265,27.355,28.4925,27.6975
6499,2014-03-09 18:30:00,0.0,25.185,28.905,26.265,27.355,28.4925
6500,2014-03-09 18:45:00,0.0,26.32,25.185,28.905,26.265,27.355
6501,2014-03-09 19:00:00,0.0,23.5725,26.32,25.185,28.905,26.265
6502,2014-03-09 19:15:00,0.0,26.0775,23.5725,26.32,25.185,28.905
6503,2014-03-09 19:30:00,0.0,24.5725,26.0775,23.5725,26.32,25.185
6504,2014-03-09 19:45:00,0.0,25.525,24.5725,26.0775,23.5725,26.32
6505,2014-03-09 20:00:00,0.0,26.0925,25.525,24.5725,26.0775,23.5725
6506,2014-03-09 20:15:00,0.0,26.72,26.0925,25.525,24.5725,26.0775
6507,2014-03-09 20:30:00,0.0,25.47,26.72,26.0925,25.525,24.5725
6508,2014-03-09 20:45:00,0.0,25.7775,25.47,26.72,26.0925,25.525
6509,2014-03-09 21:00:00,0.0,26.055,25.7775,25.47,26.72,26.0925
6510,2014-03-09 21:15:00,0.0,24.8475,26.055,25.7775,25.47,26.72
6511,2014-03-09 21:30:00,0.0,25.855,24.8475,26.055,25.7775,25.47
6512,2014-03-09 21:45:00,0.0,26.995,25.855,24.8475,26.055,25.7775
6513,2014-03-09 22:00:00,0.0,26.77,26.995,25.855,24.8475,26.055
6514,2014-03-09 22:15:00,0.0,24.7775,26.77,26.995,25.855,24.8475
6515,2014-03-09 22:30:00,0.0,23.7375,24.7775,26.77,26.995,25.855
6516,2014-03-09 22:45:00,0.0,26.07,23.7375,24.7775,26.77,26.995
6517,2014-03-09 23:00:00,0.0,26.84,26.07,23.7375,24.7775,26.77
6518,2014-03-09 23:15:00,0.0,23.89,26.84,26.07,23.7375,24.7775
6519,2014-03-09 23:30:00,0.0,23.89,23.89,26.84,26.07,23.7375
6520,2014-03-09 23:45:00,0.0,25.3325,23.89,23.89,26.84,26.07
6521,2014-03-10 00:00:00,0.0,23.8675,25.3325,23.89,23.89,26.84
6522,2014-03-10 00:15:00,0.0,24.3325,23.8675,25.3325,23.89,23.89
6523,2014-03-10 00:30:00,0.0,23.2625,24.3325,23.8675,25.3325,23.89
6524,2014-03-10 00:45:00,0.0,24.9575,23.2625,24.3325,23.8675,25.3325
6525,2014-03-10 01:00:00,0.0,24.4475,24.9575,23.2625,24.3325,23.8675
6526,2014-03-10 01:15:00,0.0,24.705,24.4475,24.9575,23.2625,24.3325
6527,2014-03-10 01:30:00,0.0,25.495,24.705,24.4475,24.9575,23.2625
6528,2014-03-10 01:45:00,0.0,25.1275,25.495,24.705,24.4475,24.9575
6529,2014-03-10 02:00:00,0.0,23.37,25.1275,25.495,24.705,24.4475
6530,2014-03-10 02:15:00,0.0,24.19,23.37,25.1275,25.495,24.705
6531,2014-03-10 02:30:00,0.0,22.53,24.19,23.37,25.1275,25.495
6532,2014-03-10 02:45:00,0.0,23.8075,22.53,24.19,23.37,25.1275
6533,2014-03-10 03:00:00,0.0,26.1275,23.8075,22.53,24.19,23.37
6534,2014-03-10 03:15:00,0.0,25.2625,26.1275,23.8075,22.53,24.19
6535,2014-03-10 03:30:00,0.0,22.295,25.2625,26.1275,23.8075,22.53
6536,2014-03-10 03:45:00,0.0,24.87,22.295,25.2625,26.1275,23.8075
6537,2014-03-10 04:00:00,0.0,25.68,24.87,22.295,25.2625,26.1275
6538,2014-03-10 04:15:00,0.0,25.055,25.68,24.87,22.295,25.2625
6539,2014-03-10 04:30:00,0.0,26.02,25.055,25.68,24.87,22.295
6540,2014-03-10 04:45:00,0.0,26.525,26.02,25.055,25.68,24.87
6541,2014-03-10 05:00:00,0.0,27.615,26.525,26.02,25.055,25.68
6542,2014-03-10 05:15:00,0.0,25.6825,27.615,26.525,26.02,25.055
6543,2014-03-10 05:30:00,0.0,24.985,25.6825,27.615,26.525,26.02
6544,2014-03-10 05:45:00,0.0,27.9575,24.985,25.6825,27.615,26.525
6545,2014-03-10 06:00:00,0.0,26.19,27.9575,24.985,25.6825,27.615
6546,2014-03-10 06:15:00,0.0,29.3325,26.19,27.9575,24.985,25.6825
6547,2014-03-10 06:30:00,0.0,29.9,29.3325,26.19,27.9575,24.985
6548,2014-03-10 06:45:00,0.0,30.2725,29.9,29.3325,26.19,27.9575
6549,2014-03-10 07:00:00,0.0,27.6075,30.2725,29.9,29.3325,26.19
6550,2014-03-10 07:15:00,0.0,30.31,27.6075,30.2725,29.9,29.3325
6551,2014-03-10 07:30:00,0.0,28.97,30.31,27.6075,30.2725,29.9
6552,2014-03-10 07:45:00,0.0,29.6775,28.97,30.31,27.6075,30.2725
6553,2014-03-10 08:00:00,0.0,30.4025,29.6775,28.97,30.31,27.6075
6554,2014-03-10 08:15:00,0.0,31.09,30.4025,29.6775,28.97,30.31
6555,2014-03-10 08:30:00,0.0,30.35,31.09,30.4025,29.6775,28.97
6556,2014-03-10 08:45:00,0.0,31.43,30.35,31.09,30.4025,29.6775
6557,2014-03-10 09:00:00,0.0,30.2725,31.43,30.35,31.09,30.4025
6558,2014-03-10 09:15:00,0.0,31.1925,30.2725,31.43,30.35,31.09
6559,2014-03-10 09:30:00,0.0,30.79,31.1925,30.2725,31.43,30.35
6560,2014-03-10 09:45:00,0.0,34.0725,30.79,31.1925,30.2725,31.43
6561,2014-03-10 10:00:00,0.0,32.0575,34.0725,30.79,31.1925,30.2725
6562,2014-03-10 10:15:00,0.0,33.7,32.0575,34.0725,30.79,31.1925
6563,2014-03-10 10:30:00,0.0,34.5825,33.7,32.0575,34.0725,30.79
6564,2014-03-10 10:45:00,0.0,35.635,34.5825,33.7,32.0575,34.0725
6565,2014-03-10 11:00:00,0.0,32.4375,35.635,34.5825,33.7,32.0575
6566,2014-03-10 11:15:00,0.0,33.8875,32.4375,35.635,34.5825,33.7
6567,2014-03-10 11:30:00,0.0,35.9275,33.8875,32.4375,35.635,34.5825
6568,2014-03-10 11:45:00,0.0,35.105,35.9275,33.8875,32.4375,35.635
6569,2014-03-10 12:00:00,0.0,35.3775,35.105,35.9275,33.8875,32.4375
6570,2014-03-10 12:15:00,0.0,34.74,35.3775,35.105,35.9275,33.8875
6571,2014-03-10 12:30:00,0.0,31.335,34.74,35.3775,35.105,35.9275
6572,2014-03-10 12:45:00,0.0,36.98,31.335,34.74,35.3775,35.105
6573,2014-03-10 13:00:00,0.0,35.7575,36.98,31.335,34.74,35.3775
6574,2014-03-10 13:15:00,0.0,34.42,35.7575,36.98,31.335,34.74
6575,2014-03-10 13:30:00,0.0,35.9675,34.42,35.7575,36.98,31.335
6576,2014-03-10 13:45:00,0.0,37.17,35.9675,34.42,35.7575,36.98
6577,2014-03-10 14:00:00,0.0,34.6,37.17,35.9675,34.42,35.7575
6578,2014-03-10 14:15:00,0.0,35.9925,34.6,37.17,35.9675,34.42
6579,2014-03-10 14:30:00,0.0,32.495,35.9925,34.6,37.17,35.9675
6580,2014-03-10 14:45:00,0.0,37.4975,32.495,35.9925,34.6,37.17
6581,2014-03-10 15:00:00,0.0,37.915,37.4975,32.495,35.9925,34.6
6582,2014-03-10 15:15:00,0.0,37.78,37.915,37.4975,32.495,35.9925
6583,2014-03-10 15:30:00,0.0,36.835,37.78,37.915,37.4975,32.495
6584,2014-03-10 15:45:00,0.0,39.7425,36.835,37.78,37.915,37.4975
6585,2014-03-10 16:00:00,0.0,39.5725,39.7425,36.835,37.78,37.915
6586,2014-03-10 16:15:00,0.0,39.425,39.5725,39.7425,36.835,37.78
6587,2014-03-10 16:30:00,0.0,40.87,39.425,39.5725,39.7425,36.835
6588,2014-03-10 16:45:00,0.0,41.6175,40.87,39.425,39.5725,39.7425
6589,2014-03-10 17:00:00,0.0,39.815,41.6175,40.87,39.425,39.5725
6590,2014-03-10 17:15:00,0.0,38.255,39.815,41.6175,40.87,39.425
6591,2014-03-10 17:30:00,0.0,37.33,38.255,39.815,41.6175,40.87
6592,2014-03-10 17:45:00,0.0,36.31,37.33,38.255,39.815,41.6175
6593,2014-03-10 18:00:00,0.0,34.4175,36.31,37.33,38.255,39.815
6594,2014-03-10 18:15:00,0.0,34.1625,34.4175,36.31,37.33,38.255
6595,2014-03-10 18:30:00,0.0,30.5125,34.1625,34.4175,36.31,37.33
6596,2014-03-10 18:45:00,0.0,33.79,30.5125,34.1625,34.4175,36.31
6597,2014-03-10 19:00:00,0.0,33.4825,33.79,30.5125,34.1625,34.4175
6598,2014-03-10 19:15:00,0.0,31.1825,33.4825,33.79,30.5125,34.1625
6599,2014-03-10 19:30:00,0.0,28.5475,31.1825,33.4825,33.79,30.5125
6600,2014-03-10 19:45:00,0.0,31.8975,28.5475,31.1825,33.4825,33.79
6601,2014-03-10 20:00:00,0.0,29.4625,31.8975,28.5475,31.1825,33.4825
6602,2014-03-10 20:15:00,0.0,27.7725,29.4625,31.8975,28.5475,31.1825
6603,2014-03-10 20:30:00,0.0,29.305,27.7725,29.4625,31.8975,28.5475
6604,2014-03-10 20:45:00,0.0,29.7375,29.305,27.7725,29.4625,31.8975
6605,2014-03-10 21:00:00,0.0,28.34,29.7375,29.305,27.7725,29.4625
6606,2014-03-10 21:15:00,0.0,24.885,28.34,29.7375,29.305,27.7725
6607,2014-03-10 21:30:00,0.0,26.045,24.885,28.34,29.7375,29.305
6608,2014-03-10 21:45:00,0.0,27.92,26.045,24.885,28.34,29.7375
6609,2014-03-10 22:00:00,0.0,24.75,27.92,26.045,24.885,28.34
6610,2014-03-10 22:15:00,0.0,25.795,24.75,27.92,26.045,24.885
6611,2014-03-10 22:30:00,0.0,26.5675,25.795,24.75,27.92,26.045
6612,2014-03-10 22:45:00,0.0,25.835,26.5675,25.795,24.75,27.92
6613,2014-03-10 23:00:00,0.0,26.4775,25.835,26.5675,25.795,24.75
6614,2014-03-10 23:15:00,0.0,23.9275,26.4775,25.835,26.5675,25.795
6615,2014-03-10 23:30:00,0.0,24.0025,23.9275,26.4775,25.835,26.5675
6616,2014-03-10 23:45:00,0.0,26.5,24.0025,23.9275,26.4775,25.835
6617,2014-03-11 00:00:00,0.0,25.24,26.5,24.0025,23.9275,26.4775
6618,2014-03-11 00:15:00,0.0,25.1175,25.24,26.5,24.0025,23.9275
6619,2014-03-11 00:30:00,0.0,24.005,25.1175,25.24,26.5,24.0025
6620,2014-03-11 00:45:00,0.0,25.51,24.005,25.1175,25.24,26.5
6621,2014-03-11 01:00:00,0.0,23.7075,25.51,24.005,25.1175,25.24
6622,2014-03-11 01:15:00,0.0,25.5425,23.7075,25.51,24.005,25.1175
6623,2014-03-11 01:30:00,0.0,22.9275,25.5425,23.7075,25.51,24.005
6624,2014-03-11 01:45:00,0.0,27.13,22.9275,25.5425,23.7075,25.51
6625,2014-03-11 02:00:00,0.0,22.895,27.13,22.9275,25.5425,23.7075
6626,2014-03-11 02:15:00,0.0,24.555,22.895,27.13,22.9275,25.5425
6627,2014-03-11 02:30:00,0.0,24.6875,24.555,22.895,27.13,22.9275
6628,2014-03-11 02:45:00,0.0,24.8775,24.6875,24.555,22.895,27.13
6629,2014-03-11 03:00:00,0.0,24.7575,24.8775,24.6875,24.555,22.895
6630,2014-03-11 03:15:00,0.0,26.425,24.7575,24.8775,24.6875,24.555
6631,2014-03-11 03:30:00,0.0,25.8775,26.425,24.7575,24.8775,24.6875
6632,2014-03-11 03:45:00,0.0,27.07,25.8775,26.425,24.7575,24.8775
6633,2014-03-11 04:00:00,0.0,25.025,27.07,25.8775,26.425,24.7575
6634,2014-03-11 04:15:00,0.0,25.605,25.025,27.07,25.8775,26.425
6635,2014-03-11 04:30:00,0.0,26.425,25.605,25.025,27.07,25.8775
6636,2014-03-11 04:45:00,0.0,26.3425,26.425,25.605,25.025,27.07
6637,2014-03-11 05:00:00,0.0,26.59,26.3425,26.425,25.605,25.025
6638,2014-03-11 05:15:00,0.0,27.0075,26.59,26.3425,26.425,25.605
6639,2014-03-11 05:30:00,0.0,25.845,27.0075,26.59,26.3425,26.425
6640,2014-03-11 05:45:00,0.0,26.3325,25.845,27.0075,26.59,26.3425
6641,2014-03-11 06:00:00,0.0,27.4475,26.3325,25.845,27.0075,26.59
6642,2014-03-11 06:15:00,0.0,28.205,27.4475,26.3325,25.845,27.0075
6643,2014-03-11 06:30:00,0.0,31.4325,28.205,27.4475,26.3325,25.845
6644,2014-03-11 06:45:00,0.0,30.8975,31.4325,28.205,27.4475,26.3325
6645,2014-03-11 07:00:00,0.0,30.14,30.8975,31.4325,28.205,27.4475
6646,2014-03-11 07:15:00,0.0,28.79,30.14,30.8975,31.4325,28.205
6647,2014-03-11 07:30:00,0.0,29.4325,28.79,30.14,30.8975,31.4325
6648,2014-03-11 07:45:00,0.0,31.985,29.4325,28.79,30.14,30.8975
6649,2014-03-11 08:00:00,0.0,29.3275,31.985,29.4325,28.79,30.14
6650,2014-03-11 08:15:00,0.0,31.8175,29.3275,31.985,29.4325,28.79
6651,2014-03-11 08:30:00,0.0,31.83,31.8175,29.3275,31.985,29.4325
6652,2014-03-11 08:45:00,0.0,32.62,31.83,31.8175,29.3275,31.985
6653,2014-03-11 09:00:00,0.0,33.2575,32.62,31.83,31.8175,29.3275
6654,2014-03-11 09:15:00,0.0,32.71,33.2575,32.62,31.83,31.8175
6655,2014-03-11 09:30:00,0.0,30.99,32.71,33.2575,32.62,31.83
6656,2014-03-11 09:45:00,0.0,35.3575,30.99,32.71,33.2575,32.62
6657,2014-03-11 10:00:00,0.0,35.11,35.3575,30.99,32.71,33.2575
6658,2014-03-11 10:15:00,0.0,33.975,35.11,35.3575,30.99,32.71
6659,2014-03-11 10:30:00,0.0,33.7725,33.975,35.11,35.3575,30.99
6660,2014-03-11 10:45:00,0.0,35.73,33.7725,33.975,35.11,35.3575
6661,2014-03-11 11:00:00,0.0,33.44,35.73,33.7725,33.975,35.11
6662,2014-03-11 11:15:00,0.0,35.89,33.44,35.73,33.7725,33.975
6663,2014-03-11 11:30:00,0.0,35.57,35.89,33.44,35.73,33.7725
6664,2014-03-11 11:45:00,0.0,35.135,35.57,35.89,33.44,35.73
6665,2014-03-11 12:00:00,0.0,36.125,35.135,35.57,35.89,33.44
6666,2014-03-11 12:15:00,0.0,33.5175,36.125,35.135,35.57,35.89
6667,2014-03-11 12:30:00,0.0,33.925,33.5175,36.125,35.135,35.57
6668,2014-03-11 12:45:00,0.0,35.7025,33.925,33.5175,36.125,35.135
6669,2014-03-11 13:00:00,0.0,31.5575,35.7025,33.925,33.5175,36.125
6670,2014-03-11 13:15:00,0.0,36.0275,31.5575,35.7025,33.925,33.5175
6671,2014-03-11 13:30:00,0.0,36.085,36.0275,31.5575,35.7025,33.925
6672,2014-03-11 13:45:00,0.0,37.9425,36.085,36.0275,31.5575,35.7025
6673,2014-03-11 14:00:00,0.0,36.4125,37.9425,36.085,36.0275,31.5575
6674,2014-03-11 14:15:00,0.0,38.3375,36.4125,37.9425,36.085,36.0275
6675,2014-03-11 14:30:00,0.0,38.3975,38.3375,36.4125,37.9425,36.085
6676,2014-03-11 14:45:00,0.0,37.9425,38.3975,38.3375,36.4125,37.9425
6677,2014-03-11 15:00:00,0.0,37.255,37.9425,38.3975,38.3375,36.4125
6678,2014-03-11 15:15:00,0.0,39.3225,37.255,37.9425,38.3975,38.3375
6679,2014-03-11 15:30:00,0.0,40.475,39.3225,37.255,37.9425,38.3975
6680,2014-03-11 15:45:00,0.0,43.4725,40.475,39.3225,37.255,37.9425
6681,2014-03-11 16:00:00,0.0,39.28,43.4725,40.475,39.3225,37.255
6682,2014-03-11 16:15:00,0.0,41.45,39.28,43.4725,40.475,39.3225
6683,2014-03-11 16:30:00,0.0,43.175,41.45,39.28,43.4725,40.475
6684,2014-03-11 16:45:00,0.0,41.355,43.175,41.45,39.28,43.4725
6685,2014-03-11 17:00:00,0.0,41.9125,41.355,43.175,41.45,39.28
6686,2014-03-11 17:15:00,0.0,39.84,41.9125,41.355,43.175,41.45
6687,2014-03-11 17:30:00,0.0,40.2175,39.84,41.9125,41.355,43.175
6688,2014-03-11 17:45:00,0.0,40.2475,40.2175,39.84,41.9125,41.355
6689,2014-03-11 18:00:00,0.0,35.2575,40.2475,40.2175,39.84,41.9125
6690,2014-03-11 18:15:00,0.0,34.605,35.2575,40.2475,40.2175,39.84
6691,2014-03-11 18:30:00,0.0,33.9675,34.605,35.2575,40.2475,40.2175
6692,2014-03-11 18:45:00,0.0,33.3825,33.9675,34.605,35.2575,40.2475
6693,2014-03-11 19:00:00,0.0,30.1425,33.3825,33.9675,34.605,35.2575
6694,2014-03-11 19:15:00,0.0,29.575,30.1425,33.3825,33.9675,34.605
6695,2014-03-11 19:30:00,0.0,29.3975,29.575,30.1425,33.3825,33.9675
6696,2014-03-11 19:45:00,0.0,29.8975,29.3975,29.575,30.1425,33.3825
6697,2014-03-11 20:00:00,0.0,25.905,29.8975,29.3975,29.575,30.1425
6698,2014-03-11 20:15:00,0.0,27.7875,25.905,29.8975,29.3975,29.575
6699,2014-03-11 20:30:00,0.0,25.3675,27.7875,25.905,29.8975,29.3975
6700,2014-03-11 20:45:00,0.0,27.725,25.3675,27.7875,25.905,29.8975
6701,2014-03-11 21:00:00,0.0,27.31,27.725,25.3675,27.7875,25.905
6702,2014-03-11 21:15:00,0.0,27.8725,27.31,27.725,25.3675,27.7875
6703,2014-03-11 21:30:00,0.0,27.5225,27.8725,27.31,27.725,25.3675
6704,2014-03-11 21:45:00,0.0,28.115,27.5225,27.8725,27.31,27.725
6705,2014-03-11 22:00:00,0.0,25.725,28.115,27.5225,27.8725,27.31
6706,2014-03-11 22:15:00,0.0,27.0225,25.725,28.115,27.5225,27.8725
6707,2014-03-11 22:30:00,0.0,26.31,27.0225,25.725,28.115,27.5225
6708,2014-03-11 22:45:00,0.0,27.5825,26.31,27.0225,25.725,28.115
6709,2014-03-11 23:00:00,0.0,26.94,27.5825,26.31,27.0225,25.725
6710,2014-03-11 23:15:00,0.0,26.26,26.94,27.5825,26.31,27.0225
6711,2014-03-11 23:30:00,0.0,26.135,26.26,26.94,27.5825,26.31
6712,2014-03-11 23:45:00,0.0,23.47,26.135,26.26,26.94,27.5825
6713,2014-03-12 00:00:00,0.0,25.7725,23.47,26.135,26.26,26.94
6714,2014-03-12 00:15:00,0.0,25.295,25.7725,23.47,26.135,26.26
6715,2014-03-12 00:30:00,0.0,23.475,25.295,25.7725,23.47,26.135
6716,2014-03-12 00:45:00,0.0,27.335,23.475,25.295,25.7725,23.47
6717,2014-03-12 01:00:00,0.0,25.6625,27.335,23.475,25.295,25.7725
6718,2014-03-12 01:15:00,0.0,25.1275,25.6625,27.335,23.475,25.295
6719,2014-03-12 01:30:00,0.0,24.995,25.1275,25.6625,27.335,23.475
6720,2014-03-12 01:45:00,0.0,25.4325,24.995,25.1275,25.6625,27.335
6721,2014-03-12 02:00:00,0.0,25.205,25.4325,24.995,25.1275,25.6625
6722,2014-03-12 02:15:00,0.0,25.27,25.205,25.4325,24.995,25.1275
6723,2014-03-12 02:30:00,0.0,24.895,25.27,25.205,25.4325,24.995
6724,2014-03-12 02:45:00,0.0,26.5125,24.895,25.27,25.205,25.4325
6725,2014-03-12 03:00:00,0.0,24.95,26.5125,24.895,25.27,25.205
6726,2014-03-12 03:15:00,0.0,24.355,24.95,26.5125,24.895,25.27
6727,2014-03-12 03:30:00,0.0,25.5725,24.355,24.95,26.5125,24.895
6728,2014-03-12 03:45:00,0.0,24.8225,25.5725,24.355,24.95,26.5125
6729,2014-03-12 04:00:00,0.0,26.7475,24.8225,25.5725,24.355,24.95
6730,2014-03-12 04:15:00,0.0,26.7275,26.7475,24.8225,25.5725,24.355
6731,2014-03-12 04:30:00,0.0,26.0525,26.7275,26.7475,24.8225,25.5725
6732,2014-03-12 04:45:00,0.0,26.34,26.0525,26.7275,26.7475,24.8225
6733,2014-03-12 05:00:00,0.0,26.655,26.34,26.0525,26.7275,26.7475
6734,2014-03-12 05:15:00,0.0,26.34,26.655,26.34,26.0525,26.7275
6735,2014-03-12 05:30:00,0.0,26.8,26.34,26.655,26.34,26.0525
6736,2014-03-12 05:45:00,0.0,27.5,26.8,26.34,26.655,26.34
6737,2014-03-12 06:00:00,0.0,27.925,27.5,26.8,26.34,26.655
6738,2014-03-12 06:15:00,0.0,28.78,27.925,27.5,26.8,26.34
6739,2014-03-12 06:30:00,0.0,30.9225,28.78,27.925,27.5,26.8
6740,2014-03-12 06:45:00,0.0,29.93,30.9225,28.78,27.925,27.5
6741,2014-03-12 07:00:00,0.0,30.35,29.93,30.9225,28.78,27.925
6742,2014-03-12 07:15:00,0.0,29.115,30.35,29.93,30.9225,28.78
6743,2014-03-12 07:30:00,0.0,32.105,29.115,30.35,29.93,30.9225
6744,2014-03-12 07:45:00,0.0,31.5925,32.105,29.115,30.35,29.93
6745,2014-03-12 08:00:00,0.0,31.56,31.5925,32.105,29.115,30.35
6746,2014-03-12 08:15:00,0.0,30.3775,31.56,31.5925,32.105,29.115
6747,2014-03-12 08:30:00,0.0,32.2525,30.3775,31.56,31.5925,32.105
6748,2014-03-12 08:45:00,0.0,32.4225,32.2525,30.3775,31.56,31.5925
6749,2014-03-12 09:00:00,0.0,33.85,32.4225,32.2525,30.3775,31.56
6750,2014-03-12 09:15:00,0.0,33.6375,33.85,32.4225,32.2525,30.3775
6751,2014-03-12 09:30:00,0.0,33.345,33.6375,33.85,32.4225,32.2525
6752,2014-03-12 09:45:00,0.0,35.5875,33.345,33.6375,33.85,32.4225
6753,2014-03-12 10:00:00,0.0,35.66,35.5875,33.345,33.6375,33.85
6754,2014-03-12 10:15:00,0.0,35.1,35.66,35.5875,33.345,33.6375
6755,2014-03-12 10:30:00,0.0,34.505,35.1,35.66,35.5875,33.345
6756,2014-03-12 10:45:00,0.0,35.8275,34.505,35.1,35.66,35.5875
6757,2014-03-12 11:00:00,0.0,35.495,35.8275,34.505,35.1,35.66
6758,2014-03-12 11:15:00,0.0,35.9525,35.495,35.8275,34.505,35.1
6759,2014-03-12 11:30:00,0.0,34.1475,35.9525,35.495,35.8275,34.505
6760,2014-03-12 11:45:00,0.0,37.6375,34.1475,35.9525,35.495,35.8275
6761,2014-03-12 12:00:00,0.0,34.8,37.6375,34.1475,35.9525,35.495
6762,2014-03-12 12:15:00,0.0,36.275,34.8,37.6375,34.1475,35.9525
6763,2014-03-12 12:30:00,0.0,34.6775,36.275,34.8,37.6375,34.1475
6764,2014-03-12 12:45:00,0.0,36.88,34.6775,36.275,34.8,37.6375
6765,2014-03-12 13:00:00,0.0,34.885,36.88,34.6775,36.275,34.8
6766,2014-03-12 13:15:00,0.0,33.985,34.885,36.88,34.6775,36.275
6767,2014-03-12 13:30:00,0.0,35.4575,33.985,34.885,36.88,34.6775
6768,2014-03-12 13:45:00,0.0,37.76,35.4575,33.985,34.885,36.88
6769,2014-03-12 14:00:00,0.0,38.28,37.76,35.4575,33.985,34.885
6770,2014-03-12 14:15:00,0.0,40.7875,38.28,37.76,35.4575,33.985
6771,2014-03-12 14:30:00,0.0,39.97,40.7875,38.28,37.76,35.4575
6772,2014-03-12 14:45:00,0.0,40.0425,39.97,40.7875,38.28,37.76
6773,2014-03-12 15:00:00,0.0,40.7275,40.0425,39.97,40.7875,38.28
6774,2014-03-12 15:15:00,0.0,41.2025,40.7275,40.0425,39.97,40.7875
6775,2014-03-12 15:30:00,0.0,42.775,41.2025,40.7275,40.0425,39.97
6776,2014-03-12 15:45:00,0.0,43.64,42.775,41.2025,40.7275,40.0425
6777,2014-03-12 16:00:00,0.0,44.785,43.64,42.775,41.2025,40.7275
6778,2014-03-12 16:15:00,0.0,43.9925,44.785,43.64,42.775,41.2025
6779,2014-03-12 16:30:00,0.0,43.13,43.9925,44.785,43.64,42.775
6780,2014-03-12 16:45:00,0.0,44.745,43.13,43.9925,44.785,43.64
6781,2014-03-12 17:00:00,0.0,41.2175,44.745,43.13,43.9925,44.785
6782,2014-03-12 17:15:00,0.0,42.655,41.2175,44.745,43.13,43.9925
6783,2014-03-12 17:30:00,0.0,39.52,42.655,41.2175,44.745,43.13
6784,2014-03-12 17:45:00,0.0,39.515,39.52,42.655,41.2175,44.745
6785,2014-03-12 18:00:00,0.0,38.9575,39.515,39.52,42.655,41.2175
6786,2014-03-12 18:15:00,0.0,36.4025,38.9575,39.515,39.52,42.655
6787,2014-03-12 18:30:00,0.0,34.4675,36.4025,38.9575,39.515,39.52
6788,2014-03-12 18:45:00,0.0,35.8025,34.4675,36.4025,38.9575,39.515
6789,2014-03-12 19:00:00,0.0,32.37,35.8025,34.4675,36.4025,38.9575
6790,2014-03-12 19:15:00,0.0,29.9875,32.37,35.8025,34.4675,36.4025
6791,2014-03-12 19:30:00,0.0,30.165,29.9875,32.37,35.8025,34.4675
6792,2014-03-12 19:45:00,0.0,28.37,30.165,29.9875,32.37,35.8025
6793,2014-03-12 20:00:00,0.0,27.6825,28.37,30.165,29.9875,32.37
6794,2014-03-12 20:15:00,0.0,26.6275,27.6825,28.37,30.165,29.9875
6795,2014-03-12 20:30:00,0.0,29.7975,26.6275,27.6825,28.37,30.165
6796,2014-03-12 20:45:00,0.0,29.6225,29.7975,26.6275,27.6825,28.37
6797,2014-03-12 21:00:00,0.0,28.4575,29.6225,29.7975,26.6275,27.6825
6798,2014-03-12 21:15:00,0.0,27.59,28.4575,29.6225,29.7975,26.6275
6799,2014-03-12 21:30:00,0.0,26.6275,27.59,28.4575,29.6225,29.7975
6800,2014-03-12 21:45:00,0.0,28.585,26.6275,27.59,28.4575,29.6225
6801,2014-03-12 22:00:00,0.0,28.7,28.585,26.6275,27.59,28.4575
6802,2014-03-12 22:15:00,0.0,28.6325,28.7,28.585,26.6275,27.59
6803,2014-03-12 22:30:00,0.0,27.82,28.6325,28.7,28.585,26.6275
6804,2014-03-12 22:45:00,0.0,28.015,27.82,28.6325,28.7,28.585
6805,2014-03-12 23:00:00,0.0,25.8825,28.015,27.82,28.6325,28.7
6806,2014-03-12 23:15:00,0.0,26.2225,25.8825,28.015,27.82,28.6325
6807,2014-03-12 23:30:00,0.0,24.2725,26.2225,25.8825,28.015,27.82
6808,2014-03-12 23:45:00,0.0,27.15,24.2725,26.2225,25.8825,28.015
6809,2014-03-13 00:00:00,0.0,25.5425,27.15,24.2725,26.2225,25.8825
6810,2014-03-13 00:15:00,0.0,25.94,25.5425,27.15,24.2725,26.2225
6811,2014-03-13 00:30:00,0.0,24.7475,25.94,25.5425,27.15,24.2725
6812,2014-03-13 00:45:00,0.0,26.0225,24.7475,25.94,25.5425,27.15
6813,2014-03-13 01:00:00,0.0,25.095,26.0225,24.7475,25.94,25.5425
6814,2014-03-13 01:15:00,0.0,24.9825,25.095,26.0225,24.7475,25.94
6815,2014-03-13 01:30:00,0.0,26.17,24.9825,25.095,26.0225,24.7475
6816,2014-03-13 01:45:00,0.0,26.7275,26.17,24.9825,25.095,26.0225
6817,2014-03-13 02:00:00,0.0,24.055,26.7275,26.17,24.9825,25.095
6818,2014-03-13 02:15:00,0.0,23.79,24.055,26.7275,26.17,24.9825
6819,2014-03-13 02:30:00,0.0,24.675,23.79,24.055,26.7275,26.17
6820,2014-03-13 02:45:00,0.0,23.85,24.675,23.79,24.055,26.7275
6821,2014-03-13 03:00:00,0.0,25.715,23.85,24.675,23.79,24.055
6822,2014-03-13 03:15:00,0.0,25.625,25.715,23.85,24.675,23.79
6823,2014-03-13 03:30:00,0.0,25.315,25.625,25.715,23.85,24.675
6824,2014-03-13 03:45:00,0.0,23.3775,25.315,25.625,25.715,23.85
6825,2014-03-13 04:00:00,0.0,27.065,23.3775,25.315,25.625,25.715
6826,2014-03-13 04:15:00,0.0,26.41,27.065,23.3775,25.315,25.625
6827,2014-03-13 04:30:00,0.0,28.2875,26.41,27.065,23.3775,25.315
6828,2014-03-13 04:45:00,0.0,27.5125,28.2875,26.41,27.065,23.3775
6829,2014-03-13 05:00:00,0.0,26.9325,27.5125,28.2875,26.41,27.065
6830,2014-03-13 05:15:00,0.0,24.345,26.9325,27.5125,28.2875,26.41
6831,2014-03-13 05:30:00,0.0,27.68,24.345,26.9325,27.5125,28.2875
6832,2014-03-13 05:45:00,0.0,26.2925,27.68,24.345,26.9325,27.5125
6833,2014-03-13 06:00:00,0.0,28.845,26.2925,27.68,24.345,26.9325
6834,2014-03-13 06:15:00,0.0,26.6,28.845,26.2925,27.68,24.345
6835,2014-03-13 06:30:00,0.0,29.2925,26.6,28.845,26.2925,27.68
6836,2014-03-13 06:45:00,0.0,28.5375,29.2925,26.6,28.845,26.2925
6837,2014-03-13 07:00:00,0.0,29.035,28.5375,29.2925,26.6,28.845
6838,2014-03-13 07:15:00,0.0,30.3,29.035,28.5375,29.2925,26.6
6839,2014-03-13 07:30:00,0.0,31.5125,30.3,29.035,28.5375,29.2925
6840,2014-03-13 07:45:00,0.0,32.385,31.5125,30.3,29.035,28.5375
6841,2014-03-13 08:00:00,0.0,32.1025,32.385,31.5125,30.3,29.035
6842,2014-03-13 08:15:00,0.0,32.4225,32.1025,32.385,31.5125,30.3
6843,2014-03-13 08:30:00,0.0,30.595,32.4225,32.1025,32.385,31.5125
6844,2014-03-13 08:45:00,0.0,34.27,30.595,32.4225,32.1025,32.385
6845,2014-03-13 09:00:00,0.0,33.6475,34.27,30.595,32.4225,32.1025
6846,2014-03-13 09:15:00,0.0,33.4875,33.6475,34.27,30.595,32.4225
6847,2014-03-13 09:30:00,0.0,32.7425,33.4875,33.6475,34.27,30.595
6848,2014-03-13 09:45:00,0.0,35.4975,32.7425,33.4875,33.6475,34.27
6849,2014-03-13 10:00:00,0.0,31.0475,35.4975,32.7425,33.4875,33.6475
6850,2014-03-13 10:15:00,0.0,35.0775,31.0475,35.4975,32.7425,33.4875
6851,2014-03-13 10:30:00,0.0,32.2525,35.0775,31.0475,35.4975,32.7425
6852,2014-03-13 10:45:00,0.0,32.12,32.2525,35.0775,31.0475,35.4975
6853,2014-03-13 11:00:00,0.0,35.91,32.12,32.2525,35.0775,31.0475
6854,2014-03-13 11:15:00,0.0,33.63,35.91,32.12,32.2525,35.0775
6855,2014-03-13 11:30:00,0.0,40.3725,33.63,35.91,32.12,32.2525
6856,2014-03-13 11:45:00,0.0,37.435,40.3725,33.63,35.91,32.12
6857,2014-03-13 12:00:00,0.0,41.15,37.435,40.3725,33.63,35.91
6858,2014-03-13 12:15:00,0.0,40.0725,41.15,37.435,40.3725,33.63
6859,2014-03-13 12:30:00,0.0,40.3375,40.0725,41.15,37.435,40.3725
6860,2014-03-13 12:45:00,0.0,38.78,40.3375,40.0725,41.15,37.435
6861,2014-03-13 13:00:00,0.0,39.855,38.78,40.3375,40.0725,41.15
6862,2014-03-13 13:15:00,0.0,38.145,39.855,38.78,40.3375,40.0725
6863,2014-03-13 13:30:00,0.0,41.86,38.145,39.855,38.78,40.3375
6864,2014-03-13 13:45:00,0.0,42.09,41.86,38.145,39.855,38.78
6865,2014-03-13 14:00:00,0.0,42.6775,42.09,41.86,38.145,39.855
6866,2014-03-13 14:15:00,0.0,42.5975,42.6775,42.09,41.86,38.145
6867,2014-03-13 14:45:00,0.0,90.215,42.5975,42.6775,42.09,41.86
6868,2014-03-13 15:00:00,0.0,44.8575,90.215,42.5975,42.6775,42.09
6869,2014-03-13 15:15:00,0.0,44.5,44.8575,90.215,42.5975,42.6775
6870,2014-03-13 15:30:00,0.0,44.4725,44.5,44.8575,90.215,42.5975
6871,2014-03-13 15:45:00,0.0,46.0675,44.4725,44.5,44.8575,90.215
6872,2014-03-13 16:00:00,0.0,45.19,46.0675,44.4725,44.5,44.8575
6873,2014-03-13 16:15:00,0.0,41.405,45.19,46.0675,44.4725,44.5
6874,2014-03-13 16:30:00,0.0,39.9025,41.405,45.19,46.0675,44.4725
6875,2014-03-13 16:45:00,0.0,41.795,39.9025,41.405,45.19,46.0675
6876,2014-03-13 17:00:00,0.0,42.5325,41.795,39.9025,41.405,45.19
6877,2014-03-13 17:15:00,0.0,40.21,42.5325,41.795,39.9025,41.405
6878,2014-03-13 17:30:00,0.0,41.475,40.21,42.5325,41.795,39.9025
6879,2014-03-13 17:45:00,0.0,39.75,41.475,40.21,42.5325,41.795
6880,2014-03-13 18:00:00,0.0,37.79,39.75,41.475,40.21,42.5325
6881,2014-03-13 18:15:00,0.0,34.175,37.79,39.75,41.475,40.21
6882,2014-03-13 18:30:00,0.0,32.6275,34.175,37.79,39.75,41.475
6883,2014-03-13 18:45:00,0.0,32.185,32.6275,34.175,37.79,39.75
6884,2014-03-13 19:00:00,0.0,29.305,32.185,32.6275,34.175,37.79
6885,2014-03-13 19:15:00,0.0,30.1975,29.305,32.185,32.6275,34.175
6886,2014-03-13 19:30:00,0.0,29.0625,30.1975,29.305,32.185,32.6275
6887,2014-03-13 19:45:00,0.0,27.1725,29.0625,30.1975,29.305,32.185
6888,2014-03-13 20:00:00,0.0,27.1075,27.1725,29.0625,30.1975,29.305
6889,2014-03-13 20:15:00,0.0,29.3675,27.1075,27.1725,29.0625,30.1975
6890,2014-03-13 20:30:00,0.0,26.9225,29.3675,27.1075,27.1725,29.0625
6891,2014-03-13 20:45:00,0.0,30.16,26.9225,29.3675,27.1075,27.1725
6892,2014-03-13 21:00:00,0.0,27.6525,30.16,26.9225,29.3675,27.1075
6893,2014-03-13 21:15:00,0.0,26.52,27.6525,30.16,26.9225,29.3675
6894,2014-03-13 21:30:00,0.0,27.3275,26.52,27.6525,30.16,26.9225
6895,2014-03-13 21:45:00,0.0,26.54,27.3275,26.52,27.6525,30.16
6896,2014-03-13 22:00:00,0.0,26.67,26.54,27.3275,26.52,27.6525
6897,2014-03-13 22:15:00,0.0,27.2725,26.67,26.54,27.3275,26.52
6898,2014-03-13 22:30:00,0.0,27.2325,27.2725,26.67,26.54,27.3275
6899,2014-03-13 22:45:00,0.0,25.92,27.2325,27.2725,26.67,26.54
6900,2014-03-13 23:00:00,0.0,26.5975,25.92,27.2325,27.2725,26.67
6901,2014-03-13 23:15:00,0.0,24.9275,26.5975,25.92,27.2325,27.2725
6902,2014-03-13 23:30:00,0.0,25.5525,24.9275,26.5975,25.92,27.2325
6903,2014-03-13 23:45:00,0.0,24.05,25.5525,24.9275,26.5975,25.92
6904,2014-03-14 00:00:00,0.0,24.0275,24.05,25.5525,24.9275,26.5975
6905,2014-03-14 00:15:00,0.0,23.91,24.0275,24.05,25.5525,24.9275
6906,2014-03-14 00:30:00,0.0,24.985,23.91,24.0275,24.05,25.5525
6907,2014-03-14 00:45:00,0.0,26.65,24.985,23.91,24.0275,24.05
6908,2014-03-14 01:00:00,0.0,26.01,26.65,24.985,23.91,24.0275
6909,2014-03-14 01:15:00,0.0,24.7275,26.01,26.65,24.985,23.91
6910,2014-03-14 01:30:00,0.0,25.715,24.7275,26.01,26.65,24.985
6911,2014-03-14 01:45:00,0.0,25.175,25.715,24.7275,26.01,26.65
6912,2014-03-14 02:00:00,0.0,24.18,25.175,25.715,24.7275,26.01
6913,2014-03-14 02:15:00,0.0,25.8675,24.18,25.175,25.715,24.7275
6914,2014-03-14 02:30:00,0.0,22.28,25.8675,24.18,25.175,25.715
6915,2014-03-14 02:45:00,0.0,26.915,22.28,25.8675,24.18,25.175
6916,2014-03-14 03:00:00,0.0,25.6225,26.915,22.28,25.8675,24.18
6917,2014-03-14 03:15:00,0.0,25.4375,25.6225,26.915,22.28,25.8675
6918,2014-03-14 03:30:00,0.0,24.91,25.4375,25.6225,26.915,22.28
6919,2014-03-14 03:45:00,0.0,26.0925,24.91,25.4375,25.6225,26.915
6920,2014-03-14 04:00:00,0.0,26.69,26.0925,24.91,25.4375,25.6225
6921,2014-03-14 04:15:00,0.0,25.155,26.69,26.0925,24.91,25.4375
6922,2014-03-14 04:30:00,0.0,25.3425,25.155,26.69,26.0925,24.91
6923,2014-03-14 04:45:00,0.0,27.4275,25.3425,25.155,26.69,26.0925
6924,2014-03-14 05:00:00,0.0,26.9475,27.4275,25.3425,25.155,26.69
6925,2014-03-14 05:15:00,0.0,27.0625,26.9475,27.4275,25.3425,25.155
6926,2014-03-14 05:30:00,0.0,25.885,27.0625,26.9475,27.4275,25.3425
6927,2014-03-14 05:45:00,0.0,27.11,25.885,27.0625,26.9475,27.4275
6928,2014-03-14 06:00:00,0.0,26.9125,27.11,25.885,27.0625,26.9475
6929,2014-03-14 06:15:00,0.0,26.8275,26.9125,27.11,25.885,27.0625
6930,2014-03-14 06:30:00,0.0,30.0325,26.8275,26.9125,27.11,25.885
6931,2014-03-14 06:45:00,0.0,27.49,30.0325,26.8275,26.9125,27.11
6932,2014-03-14 07:00:00,0.0,29.445,27.49,30.0325,26.8275,26.9125
6933,2014-03-14 07:15:00,0.0,30.29,29.445,27.49,30.0325,26.8275
6934,2014-03-14 07:30:00,0.0,30.365,30.29,29.445,27.49,30.0325
6935,2014-03-14 07:45:00,0.0,31.355,30.365,30.29,29.445,27.49
6936,2014-03-14 08:00:00,0.0,31.7075,31.355,30.365,30.29,29.445
6937,2014-03-14 08:15:00,0.0,29.095,31.7075,31.355,30.365,30.29
6938,2014-03-14 08:30:00,0.0,33.1625,29.095,31.7075,31.355,30.365
6939,2014-03-14 08:45:00,0.0,33.91,33.1625,29.095,31.7075,31.355
6940,2014-03-14 09:00:00,0.0,32.4475,33.91,33.1625,29.095,31.7075
6941,2014-03-14 09:15:00,0.0,34.0975,32.4475,33.91,33.1625,29.095
6942,2014-03-14 09:30:00,0.0,34.18,34.0975,32.4475,33.91,33.1625
6943,2014-03-14 09:45:00,0.0,34.275,34.18,34.0975,32.4475,33.91
6944,2014-03-14 10:00:00,0.0,34.6825,34.275,34.18,34.0975,32.4475
6945,2014-03-14 10:15:00,0.0,33.5825,34.6825,34.275,34.18,34.0975
6946,2014-03-14 10:30:00,0.0,35.8,33.5825,34.6825,34.275,34.18
6947,2014-03-14 10:45:00,0.0,35.9025,35.8,33.5825,34.6825,34.275
6948,2014-03-14 11:00:00,0.0,35.5375,35.9025,35.8,33.5825,34.6825
6949,2014-03-14 11:15:00,0.0,32.6625,35.5375,35.9025,35.8,33.5825
6950,2014-03-14 11:30:00,0.0,34.575,32.6625,35.5375,35.9025,35.8
6951,2014-03-14 11:45:00,0.0,33.935,34.575,32.6625,35.5375,35.9025
6952,2014-03-14 12:00:00,0.0,35.985,33.935,34.575,32.6625,35.5375
6953,2014-03-14 12:15:00,0.0,37.34,35.985,33.935,34.575,32.6625
6954,2014-03-14 12:30:00,0.0,37.3475,37.34,35.985,33.935,34.575
6955,2014-03-14 12:45:00,0.0,36.735,37.3475,37.34,35.985,33.935
6956,2014-03-14 13:00:00,0.0,34.34,36.735,37.3475,37.34,35.985
6957,2014-03-14 13:15:00,0.0,34.2725,34.34,36.735,37.3475,37.34
6958,2014-03-14 13:30:00,0.0,37.0125,34.2725,34.34,36.735,37.3475
6959,2014-03-14 13:45:00,0.0,35.9675,37.0125,34.2725,34.34,36.735
6960,2014-03-14 14:00:00,0.0,37.8375,35.9675,37.0125,34.2725,34.34
6961,2014-03-14 14:15:00,0.0,38.68,37.8375,35.9675,37.0125,34.2725
6962,2014-03-14 14:30:00,0.0,41.385,38.68,37.8375,35.9675,37.0125
6963,2014-03-14 14:45:00,0.0,38.2725,41.385,38.68,37.8375,35.9675
6964,2014-03-14 15:00:00,0.0,41.7925,38.2725,41.385,38.68,37.8375
6965,2014-03-14 15:15:00,0.0,39.27,41.7925,38.2725,41.385,38.68
6966,2014-03-14 15:30:00,0.0,38.9525,39.27,41.7925,38.2725,41.385
6967,2014-03-14 15:45:00,0.0,40.7075,38.9525,39.27,41.7925,38.2725
6968,2014-03-14 16:00:00,0.0,39.8425,40.7075,38.9525,39.27,41.7925
6969,2014-03-14 16:15:00,0.0,40.08,39.8425,40.7075,38.9525,39.27
6970,2014-03-14 16:30:00,0.0,40.955,40.08,39.8425,40.7075,38.9525
6971,2014-03-14 16:45:00,0.0,37.6675,40.955,40.08,39.8425,40.7075
6972,2014-03-14 17:00:00,0.0,38.3125,37.6675,40.955,40.08,39.8425
6973,2014-03-14 17:15:00,0.0,38.775,38.3125,37.6675,40.955,40.08
6974,2014-03-14 17:30:00,0.0,37.6075,38.775,38.3125,37.6675,40.955
6975,2014-03-14 17:45:00,0.0,38.9225,37.6075,38.775,38.3125,37.6675
6976,2014-03-14 18:00:00,0.0,33.8625,38.9225,37.6075,38.775,38.3125
6977,2014-03-14 20:15:00,0.0,238.455,33.8625,38.9225,37.6075,38.775
6978,2014-03-14 20:30:00,0.0,27.59,238.455,33.8625,38.9225,37.6075
6979,2014-03-14 20:45:00,0.0,27.025,27.59,238.455,33.8625,38.9225
6980,2014-03-14 21:00:00,0.0,28.8125,27.025,27.59,238.455,33.8625
6981,2014-03-14 21:15:00,0.0,26.6325,28.8125,27.025,27.59,238.455
6982,2014-03-14 21:30:00,0.0,26.7375,26.6325,28.8125,27.025,27.59
6983,2014-03-14 21:45:00,0.0,26.0775,26.7375,26.6325,28.8125,27.025
6984,2014-03-14 22:00:00,0.0,26.25,26.0775,26.7375,26.6325,28.8125
6985,2014-03-14 22:15:00,0.0,25.48,26.25,26.0775,26.7375,26.6325
6986,2014-03-14 22:30:00,0.0,25.08,25.48,26.25,26.0775,26.7375
6987,2014-03-14 22:45:00,0.0,27.0525,25.08,25.48,26.25,26.0775
6988,2014-03-14 23:00:00,0.0,26.8375,27.0525,25.08,25.48,26.25
6989,2014-03-14 23:15:00,0.0,25.0875,26.8375,27.0525,25.08,25.48
6990,2014-03-14 23:30:00,0.0,24.3475,25.0875,26.8375,27.0525,25.08
6991,2014-03-14 23:45:00,0.0,25.1,24.3475,25.0875,26.8375,27.0525
6992,2014-03-15 00:00:00,0.0,23.5725,25.1,24.3475,25.0875,26.8375
6993,2014-03-15 00:15:00,0.0,25.0325,23.5725,25.1,24.3475,25.0875
6994,2014-03-15 00:30:00,0.0,23.995,25.0325,23.5725,25.1,24.3475
6995,2014-03-15 00:45:00,0.0,24.2825,23.995,25.0325,23.5725,25.1
6996,2014-03-15 01:00:00,0.0,25.2475,24.2825,23.995,25.0325,23.5725
6997,2014-03-15 01:15:00,0.0,25.4475,25.2475,24.2825,23.995,25.0325
6998,2014-03-15 01:30:00,0.0,24.99,25.4475,25.2475,24.2825,23.995
6999,2014-03-15 01:45:00,0.0,24.46,24.99,25.4475,25.2475,24.2825
7000,2014-03-15 02:00:00,0.0,24.1225,24.46,24.99,25.4475,25.2475
7001,2014-03-15 02:15:00,0.0,24.2025,24.1225,24.46,24.99,25.4475
7002,2014-03-15 02:30:00,0.0,23.8,24.2025,24.1225,24.46,24.99
7003,2014-03-15 02:45:00,0.0,25.38,23.8,24.2025,24.1225,24.46
7004,2014-03-15 03:00:00,0.0,24.56,25.38,23.8,24.2025,24.1225
7005,2014-03-15 03:15:00,0.0,25.4375,24.56,25.38,23.8,24.2025
7006,2014-03-15 03:30:00,0.0,24.1075,25.4375,24.56,25.38,23.8
7007,2014-03-15 03:45:00,0.0,25.045,24.1075,25.4375,24.56,25.38
7008,2014-03-15 04:00:00,0.0,24.47,25.045,24.1075,25.4375,24.56
7009,2014-03-15 04:15:00,0.0,24.3875,24.47,25.045,24.1075,25.4375
7010,2014-03-15 04:30:00,0.0,23.6925,24.3875,24.47,25.045,24.1075
7011,2014-03-15 04:45:00,0.0,25.6225,23.6925,24.3875,24.47,25.045
7012,2014-03-15 05:00:00,0.0,26.1775,25.6225,23.6925,24.3875,24.47
7013,2014-03-15 05:15:00,0.0,23.9975,26.1775,25.6225,23.6925,24.3875
7014,2014-03-15 05:30:00,0.0,24.2625,23.9975,26.1775,25.6225,23.6925
7015,2014-03-15 05:45:00,0.0,23.6925,24.2625,23.9975,26.1775,25.6225
7016,2014-03-15 06:00:00,0.0,24.7,23.6925,24.2625,23.9975,26.1775
7017,2014-03-15 06:15:00,0.0,23.8775,24.7,23.6925,24.2625,23.9975
7018,2014-03-15 06:30:00,0.0,25.1775,23.8775,24.7,23.6925,24.2625
7019,2014-03-15 06:45:00,0.0,25.84,25.1775,23.8775,24.7,23.6925
7020,2014-03-15 07:00:00,0.0,25.6375,25.84,25.1775,23.8775,24.7
7021,2014-03-15 07:15:00,0.0,24.5975,25.6375,25.84,25.1775,23.8775
7022,2014-03-15 07:30:00,0.0,26.65,24.5975,25.6375,25.84,25.1775
7023,2014-03-15 07:45:00,0.0,24.9025,26.65,24.5975,25.6375,25.84
7024,2014-03-15 08:00:00,0.0,26.685,24.9025,26.65,24.5975,25.6375
7025,2014-03-15 08:15:00,0.0,25.4,26.685,24.9025,26.65,24.5975
7026,2014-03-15 08:30:00,0.0,26.435,25.4,26.685,24.9025,26.65
7027,2014-03-15 08:45:00,0.0,25.915,26.435,25.4,26.685,24.9025
7028,2014-03-15 09:00:00,0.0,24.425,25.915,26.435,25.4,26.685
7029,2014-03-15 09:15:00,0.0,24.83,24.425,25.915,26.435,25.4
7030,2014-03-15 09:30:00,0.0,25.12,24.83,24.425,25.915,26.435
7031,2014-03-15 09:45:00,0.0,25.07,25.12,24.83,24.425,25.915
7032,2014-03-15 10:00:00,0.0,26.285,25.07,25.12,24.83,24.425
7033,2014-03-15 10:15:00,0.0,27.7675,26.285,25.07,25.12,24.83
7034,2014-03-15 10:30:00,0.0,24.635,27.7675,26.285,25.07,25.12
7035,2014-03-15 10:45:00,0.0,24.0575,24.635,27.7675,26.285,25.07
7036,2014-03-15 11:00:00,0.0,23.7825,24.0575,24.635,27.7675,26.285
7037,2014-03-15 11:15:00,0.0,24.295,23.7825,24.0575,24.635,27.7675
7038,2014-03-15 11:30:00,0.0,22.91,24.295,23.7825,24.0575,24.635
7039,2014-03-15 11:45:00,0.0,27.185,22.91,24.295,23.7825,24.0575
7040,2014-03-15 12:00:00,0.0,32.5775,27.185,22.91,24.295,23.7825
7041,2014-03-15 12:15:00,0.0,30.2,32.5775,27.185,22.91,24.295
7042,2014-03-15 12:30:00,0.0,28.7375,30.2,32.5775,27.185,22.91
7043,2014-03-15 12:45:00,0.0,30.725,28.7375,30.2,32.5775,27.185
7044,2014-03-15 13:00:00,0.0,29.845,30.725,28.7375,30.2,32.5775
7045,2014-03-15 13:15:00,0.0,33.535,29.845,30.725,28.7375,30.2
7046,2014-03-15 13:30:00,0.0,29.3475,33.535,29.845,30.725,28.7375
7047,2014-03-15 13:45:00,0.0,29.54,29.3475,33.535,29.845,30.725
7048,2014-03-15 14:00:00,0.0,31.7375,29.54,29.3475,33.535,29.845
7049,2014-03-15 14:15:00,0.0,29.495,31.7375,29.54,29.3475,33.535
7050,2014-03-15 14:30:00,0.0,33.715,29.495,31.7375,29.54,29.3475
7051,2014-03-15 14:45:00,0.0,30.635,33.715,29.495,31.7375,29.54
7052,2014-03-15 15:00:00,0.0,30.85,30.635,33.715,29.495,31.7375
7053,2014-03-15 15:15:00,0.0,31.4075,30.85,30.635,33.715,29.495
7054,2014-03-15 15:30:00,0.0,30.4725,31.4075,30.85,30.635,33.715
7055,2014-03-15 15:45:00,0.0,30.8225,30.4725,31.4075,30.85,30.635
7056,2014-03-15 16:00:00,0.0,29.585,30.8225,30.4725,31.4075,30.85
7057,2014-03-15 16:15:00,0.0,30.615,29.585,30.8225,30.4725,31.4075
7058,2014-03-15 16:30:00,0.0,31.29,30.615,29.585,30.8225,30.4725
7059,2014-03-15 16:45:00,0.0,31.39,31.29,30.615,29.585,30.8225
7060,2014-03-15 17:00:00,0.0,28.3675,31.39,31.29,30.615,29.585
7061,2014-03-15 17:15:00,0.0,30.07,28.3675,31.39,31.29,30.615
7062,2014-03-15 17:30:00,0.0,31.5275,30.07,28.3675,31.39,31.29
7063,2014-03-15 17:45:00,0.0,27.4275,31.5275,30.07,28.3675,31.39
7064,2014-03-15 18:00:00,0.0,30.18,27.4275,31.5275,30.07,28.3675
7065,2014-03-15 18:15:00,0.0,25.5075,30.18,27.4275,31.5275,30.07
7066,2014-03-15 18:30:00,0.0,27.5825,25.5075,30.18,27.4275,31.5275
7067,2014-03-15 18:45:00,0.0,28.015,27.5825,25.5075,30.18,27.4275
7068,2014-03-15 19:00:00,0.0,24.9975,28.015,27.5825,25.5075,30.18
7069,2014-03-15 19:15:00,0.0,23.855,24.9975,28.015,27.5825,25.5075
7070,2014-03-15 19:30:00,0.0,25.825,23.855,24.9975,28.015,27.5825
7071,2014-03-15 19:45:00,0.0,25.7025,25.825,23.855,24.9975,28.015
7072,2014-03-15 20:00:00,0.0,25.6375,25.7025,25.825,23.855,24.9975
7073,2014-03-15 20:15:00,0.0,25.0025,25.6375,25.7025,25.825,23.855
7074,2014-03-15 20:30:00,0.0,23.845,25.0025,25.6375,25.7025,25.825
7075,2014-03-15 20:45:00,0.0,25.655,23.845,25.0025,25.6375,25.7025
7076,2014-03-15 21:00:00,0.0,26.14,25.655,23.845,25.0025,25.6375
7077,2014-03-15 21:15:00,0.0,26.6475,26.14,25.655,23.845,25.0025
7078,2014-03-15 21:30:00,0.0,25.6875,26.6475,26.14,25.655,23.845
7079,2014-03-15 21:45:00,0.0,27.015,25.6875,26.6475,26.14,25.655
7080,2014-03-15 22:00:00,0.0,22.84,27.015,25.6875,26.6475,26.14
7081,2014-03-15 22:15:00,0.0,26.83,22.84,27.015,25.6875,26.6475
7082,2014-03-15 22:30:00,0.0,25.205,26.83,22.84,27.015,25.6875
7083,2014-03-15 22:45:00,0.0,25.605,25.205,26.83,22.84,27.015
7084,2014-03-15 23:00:00,0.0,25.91,25.605,25.205,26.83,22.84
7085,2014-03-15 23:15:00,0.0,24.4375,25.91,25.605,25.205,26.83
7086,2014-03-15 23:30:00,0.0,22.56,24.4375,25.91,25.605,25.205
7087,2014-03-15 23:45:00,0.0,24.985,22.56,24.4375,25.91,25.605
7088,2014-03-16 00:00:00,0.0,23.8325,24.985,22.56,24.4375,25.91
7089,2014-03-16 00:15:00,0.0,24.6225,23.8325,24.985,22.56,24.4375
7090,2014-03-16 00:30:00,0.0,24.6875,24.6225,23.8325,24.985,22.56
7091,2014-03-16 00:45:00,0.0,25.5725,24.6875,24.6225,23.8325,24.985
7092,2014-03-16 01:00:00,0.0,25.8,25.5725,24.6875,24.6225,23.8325
7093,2014-03-16 01:15:00,0.0,24.815,25.8,25.5725,24.6875,24.6225
7094,2014-03-16 01:30:00,0.0,23.56,24.815,25.8,25.5725,24.6875
7095,2014-03-16 01:45:00,0.0,24.9575,23.56,24.815,25.8,25.5725
7096,2014-03-16 02:00:00,0.0,24.815,24.9575,23.56,24.815,25.8
7097,2014-03-16 02:15:00,0.0,23.57,24.815,24.9575,23.56,24.815
7098,2014-03-16 02:30:00,0.0,25.4425,23.57,24.815,24.9575,23.56
7099,2014-03-16 02:45:00,0.0,25.46,25.4425,23.57,24.815,24.9575
7100,2014-03-16 03:00:00,0.0,25.0975,25.46,25.4425,23.57,24.815
7101,2014-03-16 03:15:00,0.0,24.9825,25.0975,25.46,25.4425,23.57
7102,2014-03-16 03:30:00,0.0,23.025,24.9825,25.0975,25.46,25.4425
7103,2014-03-16 03:45:00,0.0,25.595,23.025,24.9825,25.0975,25.46
7104,2014-03-16 04:00:00,0.0,24.83,25.595,23.025,24.9825,25.0975
7105,2014-03-16 04:15:00,0.0,24.04,24.83,25.595,23.025,24.9825
7106,2014-03-16 04:30:00,0.0,24.2425,24.04,24.83,25.595,23.025
7107,2014-03-16 04:45:00,0.0,25.2925,24.2425,24.04,24.83,25.595
7108,2014-03-16 05:00:00,0.0,25.1575,25.2925,24.2425,24.04,24.83
7109,2014-03-16 05:15:00,0.0,23.77,25.1575,25.2925,24.2425,24.04
7110,2014-03-16 05:30:00,0.0,25.12,23.77,25.1575,25.2925,24.2425
7111,2014-03-16 05:45:00,0.0,24.97,25.12,23.77,25.1575,25.2925
7112,2014-03-16 06:00:00,0.0,25.2675,24.97,25.12,23.77,25.1575
7113,2014-03-16 06:15:00,0.0,22.9375,25.2675,24.97,25.12,23.77
7114,2014-03-16 06:30:00,0.0,24.4,22.9375,25.2675,24.97,25.12
7115,2014-03-16 06:45:00,0.0,23.6225,24.4,22.9375,25.2675,24.97
7116,2014-03-16 07:00:00,0.0,23.89,23.6225,24.4,22.9375,25.2675
7117,2014-03-16 07:15:00,0.0,25.5825,23.89,23.6225,24.4,22.9375
7118,2014-03-16 07:30:00,0.0,25.03,25.5825,23.89,23.6225,24.4
7119,2014-03-16 07:45:00,0.0,25.91,25.03,25.5825,23.89,23.6225
7120,2014-03-16 08:00:00,0.0,26.85,25.91,25.03,25.5825,23.89
7121,2014-03-16 08:15:00,0.0,26.4075,26.85,25.91,25.03,25.5825
7122,2014-03-16 08:30:00,0.0,24.65,26.4075,26.85,25.91,25.03
7123,2014-03-16 08:45:00,0.0,26.665,24.65,26.4075,26.85,25.91
7124,2014-03-16 09:00:00,0.0,24.395,26.665,24.65,26.4075,26.85
7125,2014-03-16 09:15:00,0.0,25.8075,24.395,26.665,24.65,26.4075
7126,2014-03-16 09:30:00,0.0,26.47,25.8075,24.395,26.665,24.65
7127,2014-03-16 09:45:00,0.0,26.1075,26.47,25.8075,24.395,26.665
7128,2014-03-16 10:00:00,0.0,28.435,26.1075,26.47,25.8075,24.395
7129,2014-03-16 10:15:00,0.0,23.2775,28.435,26.1075,26.47,25.8075
7130,2014-03-16 10:30:00,0.0,26.27,23.2775,28.435,26.1075,26.47
7131,2014-03-16 10:45:00,0.0,26.7225,26.27,23.2775,28.435,26.1075
7132,2014-03-16 11:00:00,0.0,25.27,26.7225,26.27,23.2775,28.435
7133,2014-03-16 11:15:00,0.0,24.8675,25.27,26.7225,26.27,23.2775
7134,2014-03-16 11:30:00,0.0,27.5325,24.8675,25.27,26.7225,26.27
7135,2014-03-16 11:45:00,0.0,29.2925,27.5325,24.8675,25.27,26.7225
7136,2014-03-16 12:00:00,0.0,29.3875,29.2925,27.5325,24.8675,25.27
7137,2014-03-16 12:15:00,0.0,29.52,29.3875,29.2925,27.5325,24.8675
7138,2014-03-16 12:30:00,0.0,29.255,29.52,29.3875,29.2925,27.5325
7139,2014-03-16 12:45:00,0.0,31.03,29.255,29.52,29.3875,29.2925
7140,2014-03-16 13:00:00,0.0,30.7225,31.03,29.255,29.52,29.3875
7141,2014-03-16 13:15:00,0.0,29.2725,30.7225,31.03,29.255,29.52
7142,2014-03-16 13:30:00,0.0,27.3475,29.2725,30.7225,31.03,29.255
7143,2014-03-16 13:45:00,0.0,33.8925,27.3475,29.2725,30.7225,31.03
7144,2014-03-16 14:00:00,0.0,28.5175,33.8925,27.3475,29.2725,30.7225
7145,2014-03-16 14:15:00,0.0,31.1775,28.5175,33.8925,27.3475,29.2725
7146,2014-03-16 14:30:00,0.0,28.3425,31.1775,28.5175,33.8925,27.3475
7147,2014-03-16 14:45:00,0.0,29.9875,28.3425,31.1775,28.5175,33.8925
7148,2014-03-16 15:00:00,0.0,29.455,29.9875,28.3425,31.1775,28.5175
7149,2014-03-16 15:15:00,0.0,27.4225,29.455,29.9875,28.3425,31.1775
7150,2014-03-16 15:30:00,0.0,28.785,27.4225,29.455,29.9875,28.3425
7151,2014-03-16 15:45:00,0.0,27.725,28.785,27.4225,29.455,29.9875
7152,2014-03-16 16:00:00,0.0,29.0325,27.725,28.785,27.4225,29.455
7153,2014-03-16 16:15:00,0.0,25.65,29.0325,27.725,28.785,27.4225
7154,2014-03-16 16:30:00,0.0,26.0375,25.65,29.0325,27.725,28.785
7155,2014-03-16 16:45:00,0.0,28.1425,26.0375,25.65,29.0325,27.725
7156,2014-03-16 17:00:00,0.0,26.4625,28.1425,26.0375,25.65,29.0325
7157,2014-03-16 17:15:00,0.0,24.4825,26.4625,28.1425,26.0375,25.65
7158,2014-03-16 17:30:00,0.0,24.6575,24.4825,26.4625,28.1425,26.0375
7159,2014-03-16 17:45:00,0.0,26.2425,24.6575,24.4825,26.4625,28.1425
7160,2014-03-16 18:00:00,0.0,25.6075,26.2425,24.6575,24.4825,26.4625
7161,2014-03-16 18:15:00,0.0,24.48,25.6075,26.2425,24.6575,24.4825
7162,2014-03-16 18:30:00,0.0,24.5175,24.48,25.6075,26.2425,24.6575
7163,2014-03-16 18:45:00,0.0,25.485,24.5175,24.48,25.6075,26.2425
7164,2014-03-16 19:00:00,0.0,25.5125,25.485,24.5175,24.48,25.6075
7165,2014-03-16 19:15:00,0.0,24.8575,25.5125,25.485,24.5175,24.48
7166,2014-03-16 19:30:00,0.0,25.2925,24.8575,25.5125,25.485,24.5175
7167,2014-03-16 19:45:00,0.0,26.885,25.2925,24.8575,25.5125,25.485
7168,2014-03-16 20:00:00,0.0,24.775,26.885,25.2925,24.8575,25.5125
7169,2014-03-16 20:15:00,0.0,25.55,24.775,26.885,25.2925,24.8575
7170,2014-03-16 20:30:00,0.0,24.6725,25.55,24.775,26.885,25.2925
7171,2014-03-16 20:45:00,0.0,26.0175,24.6725,25.55,24.775,26.885
7172,2014-03-16 21:00:00,0.0,25.3175,26.0175,24.6725,25.55,24.775
7173,2014-03-16 21:15:00,0.0,26.585,25.3175,26.0175,24.6725,25.55
7174,2014-03-16 21:30:00,0.0,26.5525,26.585,25.3175,26.0175,24.6725
7175,2014-03-16 21:45:00,0.0,25.3325,26.5525,26.585,25.3175,26.0175
7176,2014-03-16 22:00:00,0.0,25.3175,25.3325,26.5525,26.585,25.3175
7177,2014-03-16 22:15:00,0.0,24.3125,25.3175,25.3325,26.5525,26.585
7178,2014-03-16 22:30:00,0.0,25.61,24.3125,25.3175,25.3325,26.5525
7179,2014-03-16 22:45:00,0.0,25.9875,25.61,24.3125,25.3175,25.3325
7180,2014-03-16 23:00:00,0.0,25.4975,25.9875,25.61,24.3125,25.3175
7181,2014-03-16 23:15:00,0.0,25.7725,25.4975,25.9875,25.61,24.3125
7182,2014-03-16 23:30:00,0.0,25.1925,25.7725,25.4975,25.9875,25.61
7183,2014-03-16 23:45:00,0.0,23.8875,25.1925,25.7725,25.4975,25.9875
7184,2014-03-17 00:00:00,0.0,23.625,23.8875,25.1925,25.7725,25.4975
7185,2014-03-17 00:15:00,0.0,24.0325,23.625,23.8875,25.1925,25.7725
7186,2014-03-17 00:30:00,0.0,24.435,24.0325,23.625,23.8875,25.1925
7187,2014-03-17 00:45:00,0.0,24.595,24.435,24.0325,23.625,23.8875
7188,2014-03-17 01:00:00,0.0,24.7725,24.595,24.435,24.0325,23.625
7189,2014-03-17 01:15:00,0.0,24.4625,24.7725,24.595,24.435,24.0325
7190,2014-03-17 01:30:00,0.0,23.73,24.4625,24.7725,24.595,24.435
7191,2014-03-17 01:45:00,0.0,25.5,23.73,24.4625,24.7725,24.595
7192,2014-03-17 02:00:00,0.0,24.0475,25.5,23.73,24.4625,24.7725
7193,2014-03-17 02:15:00,0.0,24.02,24.0475,25.5,23.73,24.4625
7194,2014-03-17 02:30:00,0.0,26.0225,24.02,24.0475,25.5,23.73
7195,2014-03-17 02:45:00,0.0,24.975,26.0225,24.02,24.0475,25.5
7196,2014-03-17 03:00:00,0.0,25.6375,24.975,26.0225,24.02,24.0475
7197,2014-03-17 03:15:00,0.0,25.28,25.6375,24.975,26.0225,24.02
7198,2014-03-17 03:30:00,0.0,24.75,25.28,25.6375,24.975,26.0225
7199,2014-03-17 03:45:00,0.0,25.27,24.75,25.28,25.6375,24.975
7200,2014-03-17 04:00:00,0.0,27.03,25.27,24.75,25.28,25.6375
7201,2014-03-17 04:15:00,0.0,26.5725,27.03,25.27,24.75,25.28
7202,2014-03-17 04:30:00,0.0,23.28,26.5725,27.03,25.27,24.75
7203,2014-03-17 04:45:00,0.0,25.8425,23.28,26.5725,27.03,25.27
7204,2014-03-17 05:00:00,0.0,25.79,25.8425,23.28,26.5725,27.03
7205,2014-03-17 05:15:00,0.0,26.1425,25.79,25.8425,23.28,26.5725
7206,2014-03-17 05:30:00,0.0,25.95,26.1425,25.79,25.8425,23.28
7207,2014-03-17 05:45:00,0.0,26.4525,25.95,26.1425,25.79,25.8425
7208,2014-03-17 06:00:00,0.0,28.215,26.4525,25.95,26.1425,25.79
7209,2014-03-17 06:15:00,0.0,27.4575,28.215,26.4525,25.95,26.1425
7210,2014-03-17 06:30:00,0.0,30.5025,27.4575,28.215,26.4525,25.95
7211,2014-03-17 06:45:00,0.0,29.85,30.5025,27.4575,28.215,26.4525
7212,2014-03-17 07:00:00,0.0,28.9325,29.85,30.5025,27.4575,28.215
7213,2014-03-17 07:15:00,0.0,29.3075,28.9325,29.85,30.5025,27.4575
7214,2014-03-17 07:30:00,0.0,30.1825,29.3075,28.9325,29.85,30.5025
7215,2014-03-17 07:45:00,0.0,30.2325,30.1825,29.3075,28.9325,29.85
7216,2014-03-17 08:00:00,0.0,30.515,30.2325,30.1825,29.3075,28.9325
7217,2014-03-17 08:15:00,0.0,29.9775,30.515,30.2325,30.1825,29.3075
7218,2014-03-17 08:30:00,0.0,28.565,29.9775,30.515,30.2325,30.1825
7219,2014-03-17 08:45:00,0.0,30.4975,28.565,29.9775,30.515,30.2325
7220,2014-03-17 09:00:00,0.0,31.7325,30.4975,28.565,29.9775,30.515
7221,2014-03-17 09:15:00,0.0,31.5375,31.7325,30.4975,28.565,29.9775
7222,2014-03-17 09:30:00,0.0,33.36642,31.5375,31.7325,30.4975,28.565
7223,2014-03-17 09:45:00,0.0,33.26694,33.36642,31.5375,31.7325,30.4975
7224,2014-03-17 10:00:00,0.0,33.14828,33.26694,33.36642,31.5375,31.7325
7225,2014-03-17 10:15:00,0.0,33.49139,33.14828,33.26694,33.36642,31.5375
7226,2014-03-17 10:30:00,0.0,31.66235,33.49139,33.14828,33.26694,33.36642
7227,2014-03-17 10:45:00,0.0,32.23894,31.66235,33.49139,33.14828,33.26694
7228,2014-03-17 11:00:00,0.0,35.23089,32.23894,31.66235,33.49139,33.14828
7229,2014-03-17 11:15:00,0.0,35.12181,35.23089,32.23894,31.66235,33.49139
7230,2014-03-17 11:30:00,0.0,32.65096,35.12181,35.23089,32.23894,31.66235
7231,2014-03-17 11:45:00,0.0,35.41927,32.65096,35.12181,35.23089,32.23894
7232,2014-03-17 12:00:00,0.0,32.05046,35.41927,32.65096,35.12181,35.23089
7233,2014-03-17 12:15:00,0.0,35.98515,32.05046,35.41927,32.65096,35.12181
7234,2014-03-17 12:30:00,0.0,34.99245,35.98515,32.05046,35.41927,32.65096
7235,2014-03-17 12:45:00,0.0,37.42301,34.99245,35.98515,32.05046,35.41927
7236,2014-03-17 13:00:00,0.0,35.63068,37.42301,34.99245,35.98515,32.05046
7237,2014-03-17 13:15:00,0.0,34.21252,35.63068,37.42301,34.99245,35.98515
7238,2014-03-17 13:30:00,0.0,33.91075,34.21252,35.63068,37.42301,34.99245
7239,2014-03-17 13:45:00,0.0,33.7649,33.91075,34.21252,35.63068,37.42301
7240,2014-03-17 14:00:00,0.0,32.79798,33.7649,33.91075,34.21252,35.63068
7241,2014-03-17 14:15:00,0.0,35.11823,32.79798,33.7649,33.91075,34.21252
7242,2014-03-17 14:30:00,0.0,35.0241,35.11823,32.79798,33.7649,33.91075
7243,2014-03-17 14:45:00,0.0,36.89954,35.0241,35.11823,32.79798,33.7649
7244,2014-03-17 15:00:00,0.0,37.03526,36.89954,35.0241,35.11823,32.79798
7245,2014-03-17 15:15:00,0.0,34.43358,37.03526,36.89954,35.0241,35.11823
7246,2014-03-17 15:30:00,0.0,39.49587,34.43358,37.03526,36.89954,35.0241
7247,2014-03-17 15:45:00,0.0,40.38927,39.49587,34.43358,37.03526,36.89954
7248,2014-03-17 16:00:00,0.0,37.42563,40.38927,39.49587,34.43358,37.03526
7249,2014-03-17 16:15:00,0.0,38.12662,37.42563,40.38927,39.49587,34.43358
7250,2014-03-17 16:30:00,0.0,39.09041,38.12662,37.42563,40.38927,39.49587
7251,2014-03-17 16:45:00,0.0,37.15594,39.09041,38.12662,37.42563,40.38927
7252,2014-03-17 17:00:00,0.0,39.38306,37.15594,39.09041,38.12662,37.42563
7253,2014-03-17 17:15:00,0.0,36.23901,39.38306,37.15594,39.09041,38.12662
7254,2014-03-17 17:30:00,0.0,36.4395,36.23901,39.38306,37.15594,39.09041
7255,2014-03-17 17:45:00,0.0,32.485,36.4395,36.23901,39.38306,37.15594
7256,2014-03-17 18:00:00,0.0,30.91744,32.485,36.4395,36.23901,39.38306
7257,2014-03-17 18:15:00,0.0,30.42543,30.91744,32.485,36.4395,36.23901
7258,2014-03-17 18:30:00,0.0,30.43955,30.42543,30.91744,32.485,36.4395
7259,2014-03-17 18:45:00,0.0,31.03261,30.43955,30.42543,30.91744,32.485
7260,2014-03-17 19:00:00,0.0,30.46507,31.03261,30.43955,30.42543,30.91744
7261,2014-03-17 19:15:00,0.0,27.64761,30.46507,31.03261,30.43955,30.42543
7262,2014-03-17 19:30:00,0.0,28.42307,27.64761,30.46507,31.03261,30.43955
7263,2014-03-17 19:45:00,0.0,28.70367,28.42307,27.64761,30.46507,31.03261
7264,2014-03-17 20:00:00,0.0,28.77782,28.70367,28.42307,27.64761,30.46507
7265,2014-03-17 20:15:00,0.0,28.21623,28.77782,28.70367,28.42307,27.64761
7266,2014-03-17 20:30:00,0.0,30.09664,28.21623,28.77782,28.70367,28.42307
7267,2014-03-17 20:45:00,0.0,29.15886,30.09664,28.21623,28.77782,28.70367
7268,2014-03-17 21:00:00,0.0,27.10857,29.15886,30.09664,28.21623,28.77782
7269,2014-03-17 21:15:00,0.0,26.45981,27.10857,29.15886,30.09664,28.21623
7270,2014-03-17 21:30:00,0.0,25.82013,26.45981,27.10857,29.15886,30.09664
7271,2014-03-17 21:45:00,0.0,27.21083,25.82013,26.45981,27.10857,29.15886
7272,2014-03-17 22:00:00,0.0,25.25467,27.21083,25.82013,26.45981,27.10857
7273,2014-03-17 22:15:00,0.0,27.10443,25.25467,27.21083,25.82013,26.45981
7274,2014-03-17 22:30:00,0.0,26.10051,27.10443,25.25467,27.21083,25.82013
7275,2014-03-17 22:45:00,0.0,27.33425,26.10051,27.10443,25.25467,27.21083
7276,2014-03-17 23:00:00,0.0,25.41248,27.33425,26.10051,27.10443,25.25467
7277,2014-03-17 23:15:00,0.0,24.08632,25.41248,27.33425,26.10051,27.10443
7278,2014-03-17 23:30:00,0.0,23.75007,24.08632,25.41248,27.33425,26.10051
7279,2014-03-17 23:45:00,0.0,26.8573,23.75007,24.08632,25.41248,27.33425
7280,2014-03-18 00:00:00,0.0,25.69667,26.8573,23.75007,24.08632,25.41248
7281,2014-03-18 00:15:00,0.0,25.28346,25.69667,26.8573,23.75007,24.08632
7282,2014-03-18 00:30:00,0.0,25.78413,25.28346,25.69667,26.8573,23.75007
7283,2014-03-18 00:45:00,0.0,25.42741,25.78413,25.28346,25.69667,26.8573
7284,2014-03-18 01:00:00,0.0,25.76031,25.42741,25.78413,25.28346,25.69667
7285,2014-03-18 01:15:00,0.0,22.40619,25.76031,25.42741,25.78413,25.28346
7286,2014-03-18 01:30:00,0.0,25.66246,22.40619,25.76031,25.42741,25.78413
7287,2014-03-18 01:45:00,0.0,26.91108,25.66246,22.40619,25.76031,25.42741
7288,2014-03-18 02:00:00,0.0,26.24815,26.91108,25.66246,22.40619,25.76031
7289,2014-03-18 02:15:00,0.0,24.34716,26.24815,26.91108,25.66246,22.40619
7290,2014-03-18 02:30:00,0.0,24.65622,24.34716,26.24815,26.91108,25.66246
7291,2014-03-18 02:45:00,0.0,24.78051,24.65622,24.34716,26.24815,26.91108
7292,2014-03-18 03:00:00,0.0,23.12807,24.78051,24.65622,24.34716,26.24815
7293,2014-03-18 03:15:00,0.0,25.97032,23.12807,24.78051,24.65622,24.34716
7294,2014-03-18 03:30:00,0.0,26.44793,25.97032,23.12807,24.78051,24.65622
7295,2014-03-18 03:45:00,0.0,26.74875,26.44793,25.97032,23.12807,24.78051
7296,2014-03-18 04:00:00,0.0,26.21585,26.74875,26.44793,25.97032,23.12807
7297,2014-03-18 04:15:00,0.0,24.27817,26.21585,26.74875,26.44793,25.97032
7298,2014-03-18 04:30:00,0.0,26.53117,24.27817,26.21585,26.74875,26.44793
7299,2014-03-18 04:45:00,0.0,24.44797,26.53117,24.27817,26.21585,26.74875
7300,2014-03-18 05:00:00,0.0,25.97239,24.44797,26.53117,24.27817,26.21585
7301,2014-03-18 05:15:00,0.0,26.45701,25.97239,24.44797,26.53117,24.27817
7302,2014-03-18 05:30:00,0.0,26.6625,26.45701,25.97239,24.44797,26.53117
7303,2014-03-18 05:45:00,0.0,26.38756,26.6625,26.45701,25.97239,24.44797
7304,2014-03-18 06:00:00,0.0,25.85747,26.38756,26.6625,26.45701,25.97239
7305,2014-03-18 06:15:00,0.0,28.88367,25.85747,26.38756,26.6625,26.45701
7306,2014-03-18 06:30:00,0.0,30.96767,28.88367,25.85747,26.38756,26.6625
7307,2014-03-18 06:45:00,0.0,31.43347,30.96767,28.88367,25.85747,26.38756
7308,2014-03-18 07:00:00,0.0,28.77853,31.43347,30.96767,28.88367,25.85747
7309,2014-03-18 07:15:00,0.0,31.44329,28.77853,31.43347,30.96767,28.88367
7310,2014-03-18 07:30:00,0.0,28.7336,31.44329,28.77853,31.43347,30.96767
7311,2014-03-18 07:45:00,0.0,30.03035,28.7336,31.44329,28.77853,31.43347
7312,2014-03-18 08:00:00,0.0,29.77061,30.03035,28.7336,31.44329,28.77853
7313,2014-03-18 08:15:00,0.0,29.68807,29.77061,30.03035,28.7336,31.44329
7314,2014-03-18 08:30:00,0.0,32.29776,29.68807,29.77061,30.03035,28.7336
7315,2014-03-18 08:45:00,0.0,32.94477,32.29776,29.68807,29.77061,30.03035
7316,2014-03-18 09:00:00,0.0,32.26066,32.94477,32.29776,29.68807,29.77061
7317,2014-03-18 09:15:00,0.0,30.4525,32.26066,32.94477,32.29776,29.68807
7318,2014-03-18 09:30:00,0.0,31.75872,30.4525,32.26066,32.94477,32.29776
7319,2014-03-18 09:45:00,0.0,31.61361,31.75872,30.4525,32.26066,32.94477
7320,2014-03-18 10:00:00,0.0,31.03359,31.61361,31.75872,30.4525,32.26066
7321,2014-03-18 10:15:00,0.0,31.30859,31.03359,31.61361,31.75872,30.4525
7322,2014-03-18 10:30:00,0.0,33.65815,31.30859,31.03359,31.61361,31.75872
7323,2014-03-18 10:45:00,0.0,33.23092,33.65815,31.30859,31.03359,31.61361
7324,2014-03-18 11:00:00,0.0,34.15953,33.23092,33.65815,31.30859,31.03359
7325,2014-03-18 11:15:00,0.0,32.51328,34.15953,33.23092,33.65815,31.30859
7326,2014-03-18 11:30:00,0.0,33.22571,32.51328,34.15953,33.23092,33.65815
7327,2014-03-18 11:45:00,0.0,32.42812,33.22571,32.51328,34.15953,33.23092
7328,2014-03-18 12:00:00,0.0,35.41441,32.42812,33.22571,32.51328,34.15953
7329,2014-03-18 12:15:00,0.0,33.42083,35.41441,32.42812,33.22571,32.51328
7330,2014-03-18 12:30:00,0.0,31.83612,33.42083,35.41441,32.42812,33.22571
7331,2014-03-18 12:45:00,0.0,29.62021,31.83612,33.42083,35.41441,32.42812
7332,2014-03-18 13:00:00,0.0,34.33011,29.62021,31.83612,33.42083,35.41441
7333,2014-03-18 13:15:00,0.0,32.5547,34.33011,29.62021,31.83612,33.42083
7334,2014-03-18 13:30:00,0.0,33.4477,32.5547,34.33011,29.62021,31.83612
7335,2014-03-18 13:45:00,0.0,34.3772,33.4477,32.5547,34.33011,29.62021
7336,2014-03-18 14:00:00,0.0,38.2555,34.3772,33.4477,32.5547,34.33011
7337,2014-03-18 14:15:00,0.0,35.82372,38.2555,34.3772,33.4477,32.5547
7338,2014-03-18 14:30:00,0.0,37.60412,35.82372,38.2555,34.3772,33.4477
7339,2014-03-18 14:45:00,0.0,39.63112,37.60412,35.82372,38.2555,34.3772
7340,2014-03-18 15:00:00,0.0,40.09663,39.63112,37.60412,35.82372,38.2555
7341,2014-03-18 15:15:00,0.0,36.97798,40.09663,39.63112,37.60412,35.82372
7342,2014-03-18 15:30:00,0.0,41.49522,36.97798,40.09663,39.63112,37.60412
7343,2014-03-18 15:45:00,0.0,40.06207,41.49522,36.97798,40.09663,39.63112
7344,2014-03-18 16:00:00,0.0,42.18957,40.06207,41.49522,36.97798,40.09663
7345,2014-03-18 16:15:00,0.0,40.59759,42.18957,40.06207,41.49522,36.97798
7346,2014-03-18 16:30:00,0.0,41.28196,40.59759,42.18957,40.06207,41.49522
7347,2014-03-18 16:45:00,0.0,39.03966,41.28196,40.59759,42.18957,40.06207
7348,2014-03-18 17:00:00,0.0,38.83162,39.03966,41.28196,40.59759,42.18957
7349,2014-03-18 17:15:00,0.0,38.59119,38.83162,39.03966,41.28196,40.59759
7350,2014-03-18 17:30:00,0.0,36.31054,38.59119,38.83162,39.03966,41.28196
7351,2014-03-18 17:45:00,0.0,37.21617,36.31054,38.59119,38.83162,39.03966
7352,2014-03-18 18:00:00,0.0,33.53881,37.21617,36.31054,38.59119,38.83162
7353,2014-03-18 18:15:00,0.0,32.56701,33.53881,37.21617,36.31054,38.59119
7354,2014-03-18 18:30:00,0.0,31.5785,32.56701,33.53881,37.21617,36.31054
7355,2014-03-18 18:45:00,0.0,31.04338,31.5785,32.56701,33.53881,37.21617
7356,2014-03-18 19:00:00,0.0,30.41799,31.04338,31.5785,32.56701,33.53881
7357,2014-03-18 19:15:00,0.0,28.62115,30.41799,31.04338,31.5785,32.56701
7358,2014-03-18 19:30:00,0.0,28.23881,28.62115,30.41799,31.04338,31.5785
7359,2014-03-18 19:45:00,0.0,30.70426,28.23881,28.62115,30.41799,31.04338
7360,2014-03-18 20:00:00,0.0,30.01658,30.70426,28.23881,28.62115,30.41799
7361,2014-03-18 20:15:00,0.0,28.56771,30.01658,30.70426,28.23881,28.62115
7362,2014-03-18 20:30:00,0.0,27.87085,28.56771,30.01658,30.70426,28.23881
7363,2014-03-18 20:45:00,0.0,27.94206,27.87085,28.56771,30.01658,30.70426
7364,2014-03-18 21:00:00,0.0,28.70244,27.94206,27.87085,28.56771,30.01658
7365,2014-03-18 21:15:00,0.0,26.49108,28.70244,27.94206,27.87085,28.56771
7366,2014-03-18 21:30:00,0.0,27.03375,26.49108,28.70244,27.94206,27.87085
7367,2014-03-18 21:45:00,0.0,26.64345,27.03375,26.49108,28.70244,27.94206
7368,2014-03-18 22:00:00,0.0,26.11345,26.64345,27.03375,26.49108,28.70244
7369,2014-03-18 22:15:00,0.0,27.12156,26.11345,26.64345,27.03375,26.49108
7370,2014-03-18 22:30:00,0.0,26.45231,27.12156,26.11345,26.64345,27.03375
7371,2014-03-18 22:45:00,0.0,27.30219,26.45231,27.12156,26.11345,26.64345
7372,2014-03-18 23:00:00,0.0,24.00352,27.30219,26.45231,27.12156,26.11345
7373,2014-03-18 23:15:00,0.0,25.44813,24.00352,27.30219,26.45231,27.12156
7374,2014-03-18 23:30:00,0.0,25.34105,25.44813,24.00352,27.30219,26.45231
7375,2014-03-18 23:45:00,0.0,26.71432,25.34105,25.44813,24.00352,27.30219
7376,2014-03-19 00:00:00,0.0,25.13902,26.71432,25.34105,25.44813,24.00352
7377,2014-03-19 00:15:00,0.0,25.25456,25.13902,26.71432,25.34105,25.44813
7378,2014-03-19 00:30:00,0.0,24.72023,25.25456,25.13902,26.71432,25.34105
7379,2014-03-19 00:45:00,0.0,25.49768,24.72023,25.25456,25.13902,26.71432
7380,2014-03-19 01:00:00,0.0,25.82079,25.49768,24.72023,25.25456,25.13902
7381,2014-03-19 01:15:00,0.0,26.23715,25.82079,25.49768,24.72023,25.25456
7382,2014-03-19 01:30:00,0.0,23.34618,26.23715,25.82079,25.49768,24.72023
7383,2014-03-19 01:45:00,0.0,25.85263,23.34618,26.23715,25.82079,25.49768
7384,2014-03-19 02:00:00,0.0,21.75997,25.85263,23.34618,26.23715,25.82079
7385,2014-03-19 02:15:00,0.0,24.81271,21.75997,25.85263,23.34618,26.23715
7386,2014-03-19 02:30:00,0.0,24.17982,24.81271,21.75997,25.85263,23.34618
7387,2014-03-19 02:45:00,0.0,24.07631,24.17982,24.81271,21.75997,25.85263
7388,2014-03-19 03:00:00,0.0,25.9667,24.07631,24.17982,24.81271,21.75997
7389,2014-03-19 03:15:00,0.0,25.70759,25.9667,24.07631,24.17982,24.81271
7390,2014-03-19 03:30:00,0.0,24.77371,25.70759,25.9667,24.07631,24.17982
7391,2014-03-19 03:45:00,0.0,26.71838,24.77371,25.70759,25.9667,24.07631
7392,2014-03-19 04:00:00,0.0,26.30805,26.71838,24.77371,25.70759,25.9667
7393,2014-03-19 04:15:00,0.0,26.25795,26.30805,26.71838,24.77371,25.70759
7394,2014-03-19 04:30:00,0.0,26.86642,26.25795,26.30805,26.71838,24.77371
7395,2014-03-19 04:45:00,0.0,27.3338,26.86642,26.25795,26.30805,26.71838
7396,2014-03-19 05:00:00,0.0,27.10636,27.3338,26.86642,26.25795,26.30805
7397,2014-03-19 05:15:00,0.0,25.67506,27.10636,27.3338,26.86642,26.25795
7398,2014-03-19 05:30:00,0.0,25.49185,25.67506,27.10636,27.3338,26.86642
7399,2014-03-19 05:45:00,0.0,25.65679,25.49185,25.67506,27.10636,27.3338
7400,2014-03-19 06:00:00,0.0,26.30862,25.65679,25.49185,25.67506,27.10636
7401,2014-03-19 06:15:00,0.0,29.59569,26.30862,25.65679,25.49185,25.67506
7402,2014-03-19 06:30:00,0.0,31.74245,29.59569,26.30862,25.65679,25.49185
7403,2014-03-19 06:45:00,0.0,29.75022,31.74245,29.59569,26.30862,25.65679
7404,2014-03-19 07:00:00,0.0,28.70976,29.75022,31.74245,29.59569,26.30862
7405,2014-03-19 07:15:00,0.0,30.5124,28.70976,29.75022,31.74245,29.59569
7406,2014-03-19 07:30:00,0.0,29.22908,30.5124,28.70976,29.75022,31.74245
7407,2014-03-19 07:45:00,0.0,31.09185,29.22908,30.5124,28.70976,29.75022
7408,2014-03-19 08:00:00,0.0,29.27566,31.09185,29.22908,30.5124,28.70976
7409,2014-03-19 08:15:00,0.0,30.58818,29.27566,31.09185,29.22908,30.5124
7410,2014-03-19 08:30:00,0.0,32.91486,30.58818,29.27566,31.09185,29.22908
7411,2014-03-19 08:45:00,0.0,29.573,32.91486,30.58818,29.27566,31.09185
7412,2014-03-19 09:00:00,0.0,32.05482,29.573,32.91486,30.58818,29.27566
7413,2014-03-19 09:15:00,0.0,30.51326,32.05482,29.573,32.91486,30.58818
7414,2014-03-19 09:30:00,0.0,32.68189,30.51326,32.05482,29.573,32.91486
7415,2014-03-19 09:45:00,0.0,33.7264,32.68189,30.51326,32.05482,29.573
7416,2014-03-19 10:00:00,0.0,32.19389,33.7264,32.68189,30.51326,32.05482
7417,2014-03-19 10:15:00,0.0,33.482,32.19389,33.7264,32.68189,30.51326
7418,2014-03-19 10:30:00,0.0,31.66904,33.482,32.19389,33.7264,32.68189
7419,2014-03-19 10:45:00,0.0,34.83607,31.66904,33.482,32.19389,33.7264
7420,2014-03-19 11:00:00,0.0,31.80541,34.83607,31.66904,33.482,32.19389
7421,2014-03-19 11:15:00,0.0,32.2443,31.80541,34.83607,31.66904,33.482
7422,2014-03-19 11:30:00,0.0,34.8743,32.2443,31.80541,34.83607,31.66904
7423,2014-03-19 11:45:00,0.0,34.99126,34.8743,32.2443,31.80541,34.83607
7424,2014-03-19 12:00:00,0.0,34.32617,34.99126,34.8743,32.2443,31.80541
7425,2014-03-19 12:15:00,0.0,36.33312,34.32617,34.99126,34.8743,32.2443
7426,2014-03-19 12:30:00,0.0,35.20724,36.33312,34.32617,34.99126,34.8743
7427,2014-03-19 12:45:00,0.0,34.98989,35.20724,36.33312,34.32617,34.99126
7428,2014-03-19 13:00:00,0.0,39.04993,34.98989,35.20724,36.33312,34.32617
7429,2014-03-19 13:15:00,0.0,36.38529,39.04993,34.98989,35.20724,36.33312
7430,2014-03-19 13:30:00,0.0,37.344,36.38529,39.04993,34.98989,35.20724
7431,2014-03-19 13:45:00,0.0,40.29015,37.344,36.38529,39.04993,34.98989
7432,2014-03-19 14:00:00,0.0,38.85779,40.29015,37.344,36.38529,39.04993
7433,2014-03-19 14:15:00,0.0,38.86333,38.85779,40.29015,37.344,36.38529
7434,2014-03-19 14:30:00,0.0,38.79075,38.86333,38.85779,40.29015,37.344
7435,2014-03-19 14:45:00,0.0,41.60169,38.79075,38.86333,38.85779,40.29015
7436,2014-03-19 15:00:00,0.0,42.59199,41.60169,38.79075,38.86333,38.85779
7437,2014-03-19 15:15:00,0.0,44.88596,42.59199,41.60169,38.79075,38.86333
7438,2014-03-19 15:30:00,0.0,43.61621,44.88596,42.59199,41.60169,38.79075
7439,2014-03-19 15:45:00,0.0,43.32744,43.61621,44.88596,42.59199,41.60169
7440,2014-03-19 16:00:00,0.0,43.36476,43.32744,43.61621,44.88596,42.59199
7441,2014-03-19 16:15:00,0.0,45.8261,43.36476,43.32744,43.61621,44.88596
7442,2014-03-19 16:30:00,0.0,40.1685,45.8261,43.36476,43.32744,43.61621
7443,2014-03-19 16:45:00,0.0,43.51118,40.1685,45.8261,43.36476,43.32744
7444,2014-03-19 17:00:00,0.0,40.2331,43.51118,40.1685,45.8261,43.36476
7445,2014-03-19 17:15:00,0.0,43.92775,40.2331,43.51118,40.1685,45.8261
7446,2014-03-19 17:30:00,0.0,40.63366,43.92775,40.2331,43.51118,40.1685
7447,2014-03-19 17:45:00,0.0,38.04214,40.63366,43.92775,40.2331,43.51118
7448,2014-03-19 18:00:00,0.0,37.43106,38.04214,40.63366,43.92775,40.2331
7449,2014-03-19 18:15:00,0.0,35.15335,37.43106,38.04214,40.63366,43.92775
7450,2014-03-19 18:30:00,0.0,32.54741,35.15335,37.43106,38.04214,40.63366
7451,2014-03-19 18:45:00,0.0,32.82466,32.54741,35.15335,37.43106,38.04214
7452,2014-03-19 19:00:00,0.0,30.65799,32.82466,32.54741,35.15335,37.43106
7453,2014-03-19 19:15:00,0.0,31.00791,30.65799,32.82466,32.54741,35.15335
7454,2014-03-19 19:30:00,0.0,28.92884,31.00791,30.65799,32.82466,32.54741
7455,2014-03-19 19:45:00,0.0,29.52623,28.92884,31.00791,30.65799,32.82466
7456,2014-03-19 20:00:00,0.0,27.59426,29.52623,28.92884,31.00791,30.65799
7457,2014-03-19 20:45:00,0.0,83.97461,27.59426,29.52623,28.92884,31.00791
7458,2014-03-19 21:00:00,0.0,29.68992,83.97461,27.59426,29.52623,28.92884
7459,2014-03-19 21:15:00,0.0,27.52725,29.68992,83.97461,27.59426,29.52623
7460,2014-03-19 21:30:00,0.0,26.68459,27.52725,29.68992,83.97461,27.59426
7461,2014-03-19 21:45:00,0.0,27.86053,26.68459,27.52725,29.68992,83.97461
7462,2014-03-19 22:00:00,0.0,27.23088,27.86053,26.68459,27.52725,29.68992
7463,2014-03-19 22:15:00,0.0,26.94389,27.23088,27.86053,26.68459,27.52725
7464,2014-03-19 22:30:00,0.0,24.63461,26.94389,27.23088,27.86053,26.68459
7465,2014-03-19 22:45:00,0.0,27.10622,24.63461,26.94389,27.23088,27.86053
7466,2014-03-19 23:00:00,0.0,27.00152,27.10622,24.63461,26.94389,27.23088
7467,2014-03-19 23:15:00,0.0,24.09903,27.00152,27.10622,24.63461,26.94389
7468,2014-03-19 23:30:00,0.0,23.222,24.09903,27.00152,27.10622,24.63461
7469,2014-03-19 23:45:00,0.0,26.72557,23.222,24.09903,27.00152,27.10622
7470,2014-03-20 00:00:00,0.0,24.97562,26.72557,23.222,24.09903,27.00152
7471,2014-03-20 00:15:00,0.0,25.03438,24.97562,26.72557,23.222,24.09903
7472,2014-03-20 00:30:00,0.0,25.02932,25.03438,24.97562,26.72557,23.222
7473,2014-03-20 00:45:00,0.0,26.95914,25.02932,25.03438,24.97562,26.72557
7474,2014-03-20 01:00:00,0.0,25.80636,26.95914,25.02932,25.03438,24.97562
7475,2014-03-20 01:15:00,0.0,25.15753,25.80636,26.95914,25.02932,25.03438
7476,2014-03-20 01:30:00,0.0,24.73155,25.15753,25.80636,26.95914,25.02932
7477,2014-03-20 01:45:00,0.0,24.98234,24.73155,25.15753,25.80636,26.95914
7478,2014-03-20 02:00:00,0.0,26.43324,24.98234,24.73155,25.15753,25.80636
7479,2014-03-20 02:15:00,0.0,24.19178,26.43324,24.98234,24.73155,25.15753
7480,2014-03-20 02:30:00,0.0,26.71491,24.19178,26.43324,24.98234,24.73155
7481,2014-03-20 02:45:00,0.0,26.64238,26.71491,24.19178,26.43324,24.98234
7482,2014-03-20 03:00:00,0.0,24.49792,26.64238,26.71491,24.19178,26.43324
7483,2014-03-20 03:15:00,0.0,24.75545,24.49792,26.64238,26.71491,24.19178
7484,2014-03-20 03:30:00,0.0,24.912,24.75545,24.49792,26.64238,26.71491
7485,2014-03-20 03:45:00,0.0,23.29775,24.912,24.75545,24.49792,26.64238
7486,2014-03-20 04:00:00,0.0,25.9551,23.29775,24.912,24.75545,24.49792
7487,2014-03-20 04:15:00,0.0,26.474,25.9551,23.29775,24.912,24.75545
7488,2014-03-20 04:30:00,0.0,24.4081,26.474,25.9551,23.29775,24.912
7489,2014-03-20 04:45:00,0.0,27.18287,24.4081,26.474,25.9551,23.29775
7490,2014-03-20 05:00:00,0.0,25.45515,27.18287,24.4081,26.474,25.9551
7491,2014-03-20 05:15:00,0.0,24.94998,25.45515,27.18287,24.4081,26.474
7492,2014-03-20 05:30:00,0.0,27.21087,24.94998,25.45515,27.18287,24.4081
7493,2014-03-20 05:45:00,0.0,26.75915,27.21087,24.94998,25.45515,27.18287
7494,2014-03-20 06:00:00,0.0,27.14563,26.75915,27.21087,24.94998,25.45515
7495,2014-03-20 06:15:00,0.0,26.61693,27.14563,26.75915,27.21087,24.94998
7496,2014-03-20 06:30:00,0.0,29.77226,26.61693,27.14563,26.75915,27.21087
7497,2014-03-20 06:45:00,0.0,27.75524,29.77226,26.61693,27.14563,26.75915
7498,2014-03-20 07:00:00,0.0,27.39827,27.75524,29.77226,26.61693,27.14563
7499,2014-03-20 07:15:00,0.0,29.38928,27.39827,27.75524,29.77226,26.61693
7500,2014-03-20 07:30:00,0.0,30.20643,29.38928,27.39827,27.75524,29.77226
7501,2014-03-20 07:45:00,0.0,30.39345,30.20643,29.38928,27.39827,27.75524
7502,2014-03-20 08:00:00,0.0,30.57804,30.39345,30.20643,29.38928,27.39827
7503,2014-03-20 08:15:00,0.0,30.36045,30.57804,30.39345,30.20643,29.38928
7504,2014-03-20 08:30:00,0.0,31.35008,30.36045,30.57804,30.39345,30.20643
7505,2014-03-20 08:45:00,0.0,31.74546,31.35008,30.36045,30.57804,30.39345
7506,2014-03-20 09:00:00,0.0,31.90622,31.74546,31.35008,30.36045,30.57804
7507,2014-03-20 09:15:00,0.0,33.5685,31.90622,31.74546,31.35008,30.36045
7508,2014-03-20 09:30:00,0.0,25.37879,33.5685,31.90622,31.74546,31.35008
7509,2014-03-20 09:45:00,0.0,33.26246,25.37879,33.5685,31.90622,31.74546
7510,2014-03-20 10:00:00,0.0,32.69839,33.26246,25.37879,33.5685,31.90622
7511,2014-03-20 10:15:00,0.0,35.80997,32.69839,33.26246,25.37879,33.5685
7512,2014-03-20 10:30:00,0.0,35.57617,35.80997,32.69839,33.26246,25.37879
7513,2014-03-20 10:45:00,0.0,33.97612,35.57617,35.80997,32.69839,33.26246
7514,2014-03-20 11:00:00,0.0,34.60956,33.97612,35.57617,35.80997,32.69839
7515,2014-03-20 11:15:00,0.0,33.77306,34.60956,33.97612,35.57617,35.80997
7516,2014-03-20 11:30:00,0.0,35.67032,33.77306,34.60956,33.97612,35.57617
7517,2014-03-20 11:45:00,0.0,36.58395,35.67032,33.77306,34.60956,33.97612
7518,2014-03-20 12:00:00,0.0,36.05059,36.58395,35.67032,33.77306,34.60956
7519,2014-03-20 12:15:00,0.0,36.8692,36.05059,36.58395,35.67032,33.77306
7520,2014-03-20 12:30:00,0.0,37.28274,36.8692,36.05059,36.58395,35.67032
7521,2014-03-20 12:45:00,0.0,37.57385,37.28274,36.8692,36.05059,36.58395
7522,2014-03-20 13:00:00,0.0,36.15203,37.57385,37.28274,36.8692,36.05059
7523,2014-03-20 13:15:00,0.0,40.00023,36.15203,37.57385,37.28274,36.8692
7524,2014-03-20 13:30:00,0.0,37.92918,40.00023,36.15203,37.57385,37.28274
7525,2014-03-20 13:45:00,0.0,38.3976,37.92918,40.00023,36.15203,37.57385
7526,2014-03-20 14:00:00,0.0,41.36517,38.3976,37.92918,40.00023,36.15203
7527,2014-03-20 14:15:00,0.0,38.7725,41.36517,38.3976,37.92918,40.00023
7528,2014-03-20 14:30:00,0.0,38.22505,38.7725,41.36517,38.3976,37.92918
7529,2014-03-20 14:45:00,0.0,40.32395,38.22505,38.7725,41.36517,38.3976
7530,2014-03-20 15:00:00,0.0,40.48295,40.32395,38.22505,38.7725,41.36517
7531,2014-03-20 15:15:00,0.0,39.46573,40.48295,40.32395,38.22505,38.7725
7532,2014-03-20 15:30:00,0.0,38.61245,39.46573,40.48295,40.32395,38.22505
7533,2014-03-20 15:45:00,0.0,40.99888,38.61245,39.46573,40.48295,40.32395
7534,2014-03-20 16:00:00,0.0,38.25409,40.99888,38.61245,39.46573,40.48295
7535,2014-03-20 16:15:00,0.0,36.62114,38.25409,40.99888,38.61245,39.46573
7536,2014-03-20 16:30:00,0.0,34.33719,36.62114,38.25409,40.99888,38.61245
7537,2014-03-20 16:45:00,0.0,35.06943,34.33719,36.62114,38.25409,40.99888
7538,2014-03-20 17:00:00,0.0,33.72085,35.06943,34.33719,36.62114,38.25409
7539,2014-03-20 17:15:00,0.0,32.98376,33.72085,35.06943,34.33719,36.62114
7540,2014-03-20 17:30:00,0.0,32.93205,32.98376,33.72085,35.06943,34.33719
7541,2014-03-20 17:45:00,0.0,33.79768,32.93205,32.98376,33.72085,35.06943
7542,2014-03-20 18:00:00,0.0,32.23758,33.79768,32.93205,32.98376,33.72085
7543,2014-03-20 18:15:00,0.0,30.96894,32.23758,33.79768,32.93205,32.98376
7544,2014-03-20 18:30:00,0.0,30.44945,30.96894,32.23758,33.79768,32.93205
7545,2014-03-20 18:45:00,0.0,28.23137,30.44945,30.96894,32.23758,33.79768
7546,2014-03-20 19:00:00,0.0,26.92899,28.23137,30.44945,30.96894,32.23758
7547,2014-03-20 19:15:00,0.0,27.77762,26.92899,28.23137,30.44945,30.96894
7548,2014-03-20 19:30:00,0.0,28.04449,27.77762,26.92899,28.23137,30.44945
7549,2014-03-20 19:45:00,0.0,29.04611,28.04449,27.77762,26.92899,28.23137
7550,2014-03-20 20:00:00,0.0,29.27476,29.04611,28.04449,27.77762,26.92899
7551,2014-03-20 20:15:00,0.0,28.95265,29.27476,29.04611,28.04449,27.77762
7552,2014-03-20 20:30:00,0.0,26.75387,28.95265,29.27476,29.04611,28.04449
7553,2014-03-20 20:45:00,0.0,28.77844,26.75387,28.95265,29.27476,29.04611
7554,2014-03-20 21:00:00,0.0,27.11849,28.77844,26.75387,28.95265,29.27476
7555,2014-03-20 21:15:00,0.0,25.28204,27.11849,28.77844,26.75387,28.95265
7556,2014-03-20 21:30:00,0.0,26.9917,25.28204,27.11849,28.77844,26.75387
7557,2014-03-20 21:45:00,0.0,24.69277,26.9917,25.28204,27.11849,28.77844
7558,2014-03-20 22:00:00,0.0,27.63064,24.69277,26.9917,25.28204,27.11849
7559,2014-03-20 22:15:00,0.0,27.54499,27.63064,24.69277,26.9917,25.28204
7560,2014-03-20 22:30:00,0.0,26.61393,27.54499,27.63064,24.69277,26.9917
7561,2014-03-20 22:45:00,0.0,26.11284,26.61393,27.54499,27.63064,24.69277
7562,2014-03-20 23:00:00,0.0,26.66807,26.11284,26.61393,27.54499,27.63064
7563,2014-03-20 23:15:00,0.0,23.89288,26.66807,26.11284,26.61393,27.54499
7564,2014-03-20 23:30:00,0.0,25.66618,23.89288,26.66807,26.11284,26.61393
7565,2014-03-20 23:45:00,0.0,25.38691,25.66618,23.89288,26.66807,26.11284
7566,2014-03-21 00:00:00,0.0,25.82884,25.38691,25.66618,23.89288,26.66807
7567,2014-03-21 00:15:00,0.0,25.90496,25.82884,25.38691,25.66618,23.89288
7568,2014-03-21 00:30:00,0.0,23.07767,25.90496,25.82884,25.38691,25.66618
7569,2014-03-21 00:45:00,0.0,25.27989,23.07767,25.90496,25.82884,25.38691
7570,2014-03-21 01:00:00,0.0,25.00874,25.27989,23.07767,25.90496,25.82884
7571,2014-03-21 01:15:00,0.0,23.34011,25.00874,25.27989,23.07767,25.90496
7572,2014-03-21 01:30:00,0.0,25.19664,23.34011,25.00874,25.27989,23.07767
7573,2014-03-21 01:45:00,0.0,25.97107,25.19664,23.34011,25.00874,25.27989
7574,2014-03-21 02:00:00,0.0,25.21757,25.97107,25.19664,23.34011,25.00874
7575,2014-03-21 02:15:00,0.0,24.69306,25.21757,25.97107,25.19664,23.34011
7576,2014-03-21 02:30:00,0.0,24.15507,24.69306,25.21757,25.97107,25.19664
7577,2014-03-21 02:45:00,0.0,23.35513,24.15507,24.69306,25.21757,25.97107
7578,2014-03-21 03:00:00,0.0,25.89064,23.35513,24.15507,24.69306,25.21757
7579,2014-03-21 03:15:00,0.0,25.09286,25.89064,23.35513,24.15507,24.69306
7580,2014-03-21 03:30:00,0.0,25.78761,25.09286,25.89064,23.35513,24.15507
7581,2014-03-21 03:45:00,0.0,27.75485,25.78761,25.09286,25.89064,23.35513
7582,2014-03-21 04:00:00,0.0,24.38402,27.75485,25.78761,25.09286,25.89064
7583,2014-03-21 04:15:00,0.0,24.19059,24.38402,27.75485,25.78761,25.09286
7584,2014-03-21 04:30:00,0.0,23.54838,24.19059,24.38402,27.75485,25.78761
7585,2014-03-21 04:45:00,0.0,27.29024,23.54838,24.19059,24.38402,27.75485
7586,2014-03-21 05:00:00,0.0,26.60153,27.29024,23.54838,24.19059,24.38402
7587,2014-03-21 05:15:00,0.0,26.12889,26.60153,27.29024,23.54838,24.19059
7588,2014-03-21 05:30:00,0.0,26.53054,26.12889,26.60153,27.29024,23.54838
7589,2014-03-21 05:45:00,0.0,24.39286,26.53054,26.12889,26.60153,27.29024
7590,2014-03-21 06:00:00,0.0,26.57734,24.39286,26.53054,26.12889,26.60153
7591,2014-03-21 06:15:00,0.0,26.25899,26.57734,24.39286,26.53054,26.12889
7592,2014-03-21 06:30:00,0.0,30.23259,26.25899,26.57734,24.39286,26.53054
7593,2014-03-21 06:45:00,0.0,28.38748,30.23259,26.25899,26.57734,24.39286
7594,2014-03-21 07:00:00,0.0,28.16831,28.38748,30.23259,26.25899,26.57734
7595,2014-03-21 07:15:00,0.0,28.54296,28.16831,28.38748,30.23259,26.25899
7596,2014-03-21 07:30:00,0.0,29.52955,28.54296,28.16831,28.38748,30.23259
7597,2014-03-21 07:45:00,0.0,30.84236,29.52955,28.54296,28.16831,28.38748
7598,2014-03-21 08:00:00,0.0,31.30952,30.84236,29.52955,28.54296,28.16831
7599,2014-03-21 08:15:00,0.0,32.06394,31.30952,30.84236,29.52955,28.54296
7600,2014-03-21 08:30:00,0.0,30.76534,32.06394,31.30952,30.84236,29.52955
7601,2014-03-21 08:45:00,0.0,32.08396,30.76534,32.06394,31.30952,30.84236
7602,2014-03-21 09:00:00,0.0,31.0324,32.08396,30.76534,32.06394,31.30952
7603,2014-03-21 09:15:00,0.0,32.3158,31.0324,32.08396,30.76534,32.06394
7604,2014-03-21 09:30:00,0.0,31.75898,32.3158,31.0324,32.08396,30.76534
7605,2014-03-21 09:45:00,0.0,35.03591,31.75898,32.3158,31.0324,32.08396
7606,2014-03-21 10:00:00,0.0,32.22805,35.03591,31.75898,32.3158,31.0324
7607,2014-03-21 10:15:00,0.0,34.66148,32.22805,35.03591,31.75898,32.3158
7608,2014-03-21 10:30:00,0.0,34.01864,34.66148,32.22805,35.03591,31.75898
7609,2014-03-21 10:45:00,0.0,31.71063,34.01864,34.66148,32.22805,35.03591
7610,2014-03-21 11:00:00,0.0,34.59968,31.71063,34.01864,34.66148,32.22805
7611,2014-03-21 11:15:00,0.0,32.22284,34.59968,31.71063,34.01864,34.66148
7612,2014-03-21 11:30:00,0.0,31.63757,32.22284,34.59968,31.71063,34.01864
7613,2014-03-21 11:45:00,0.0,33.54064,31.63757,32.22284,34.59968,31.71063
7614,2014-03-21 12:00:00,0.0,33.87674,33.54064,31.63757,32.22284,34.59968
7615,2014-03-21 12:15:00,0.0,34.36619,33.87674,33.54064,31.63757,32.22284
7616,2014-03-21 12:30:00,0.0,30.52303,34.36619,33.87674,33.54064,31.63757
7617,2014-03-21 12:45:00,0.0,34.67847,30.52303,34.36619,33.87674,33.54064
7618,2014-03-21 13:00:00,0.0,33.90568,34.67847,30.52303,34.36619,33.87674
7619,2014-03-21 13:15:00,0.0,32.1236,33.90568,34.67847,30.52303,34.36619
7620,2014-03-21 13:30:00,0.0,32.95898,32.1236,33.90568,34.67847,30.52303
7621,2014-03-21 13:45:00,0.0,35.2292,32.95898,32.1236,33.90568,34.67847
7622,2014-03-21 14:00:00,0.0,33.82155,35.2292,32.95898,32.1236,33.90568
7623,2014-03-21 14:15:00,0.0,33.23465,33.82155,35.2292,32.95898,32.1236
7624,2014-03-21 14:30:00,0.0,33.50737,33.23465,33.82155,35.2292,32.95898
7625,2014-03-21 14:45:00,0.0,32.62527,33.50737,33.23465,33.82155,35.2292
7626,2014-03-21 15:00:00,0.0,33.47619,32.62527,33.50737,33.23465,33.82155
7627,2014-03-21 15:15:00,0.0,32.95914,33.47619,32.62527,33.50737,33.23465
7628,2014-03-21 15:30:00,0.0,31.35323,32.95914,33.47619,32.62527,33.50737
7629,2014-03-21 15:45:00,0.0,35.14668,31.35323,32.95914,33.47619,32.62527
7630,2014-03-21 16:00:00,0.0,32.42023,35.14668,31.35323,32.95914,33.47619
7631,2014-03-21 16:15:00,0.0,33.2824,32.42023,35.14668,31.35323,32.95914
7632,2014-03-21 16:30:00,0.0,33.2726,33.2824,32.42023,35.14668,31.35323
7633,2014-03-21 16:45:00,0.0,33.48426,33.2726,33.2824,32.42023,35.14668
7634,2014-03-21 17:00:00,0.0,33.4254,33.48426,33.2726,33.2824,32.42023
7635,2014-03-21 17:15:00,0.0,31.72146,33.4254,33.48426,33.2726,33.2824
7636,2014-03-21 17:30:00,0.0,32.14713,31.72146,33.4254,33.48426,33.2726
7637,2014-03-21 17:45:00,0.0,34.27484,32.14713,31.72146,33.4254,33.48426
7638,2014-03-21 18:00:00,0.0,30.63852,34.27484,32.14713,31.72146,33.4254
7639,2014-03-21 18:15:00,0.0,29.19909,30.63852,34.27484,32.14713,31.72146
7640,2014-03-21 18:30:00,0.0,28.32298,29.19909,30.63852,34.27484,32.14713
7641,2014-03-21 18:45:00,0.0,29.32452,28.32298,29.19909,30.63852,34.27484
7642,2014-03-21 19:00:00,0.0,29.69546,29.32452,28.32298,29.19909,30.63852
7643,2014-03-21 19:15:00,0.0,29.06089,29.69546,29.32452,28.32298,29.19909
7644,2014-03-21 19:30:00,0.0,29.15666,29.06089,29.69546,29.32452,28.32298
7645,2014-03-21 19:45:00,0.0,29.78391,29.15666,29.06089,29.69546,29.32452
7646,2014-03-21 20:00:00,0.0,28.89691,29.78391,29.15666,29.06089,29.69546
7647,2014-03-21 20:15:00,0.0,26.9314,28.89691,29.78391,29.15666,29.06089
7648,2014-03-21 20:30:00,0.0,29.02298,26.9314,28.89691,29.78391,29.15666
7649,2014-03-21 20:45:00,0.0,28.87937,29.02298,26.9314,28.89691,29.78391
7650,2014-03-21 21:00:00,0.0,28.94524,28.87937,29.02298,26.9314,28.89691
7651,2014-03-21 21:15:00,0.0,27.64485,28.94524,28.87937,29.02298,26.9314
7652,2014-03-21 21:30:00,0.0,26.09932,27.64485,28.94524,28.87937,29.02298
7653,2014-03-21 21:45:00,0.0,27.59248,26.09932,27.64485,28.94524,28.87937
7654,2014-03-21 22:00:00,0.0,27.15679,27.59248,26.09932,27.64485,28.94524
7655,2014-03-21 22:15:00,0.0,25.972,27.15679,27.59248,26.09932,27.64485
7656,2014-03-21 22:30:00,0.0,27.36358,25.972,27.15679,27.59248,26.09932
7657,2014-03-21 22:45:00,0.0,28.35296,27.36358,25.972,27.15679,27.59248
7658,2014-03-21 23:00:00,0.0,27.66531,28.35296,27.36358,25.972,27.15679
7659,2014-03-21 23:15:00,0.0,24.46925,27.66531,28.35296,27.36358,25.972
7660,2014-03-21 23:30:00,0.0,25.22286,24.46925,27.66531,28.35296,27.36358
7661,2014-03-21 23:45:00,0.0,26.61138,25.22286,24.46925,27.66531,28.35296
7662,2014-03-22 00:00:00,0.0,22.97949,26.61138,25.22286,24.46925,27.66531
7663,2014-03-22 00:15:00,0.0,25.84816,22.97949,26.61138,25.22286,24.46925
7664,2014-03-22 00:30:00,0.0,25.37855,25.84816,22.97949,26.61138,25.22286
7665,2014-03-22 00:45:00,0.0,26.0052,25.37855,25.84816,22.97949,26.61138
7666,2014-03-22 01:00:00,0.0,24.85078,26.0052,25.37855,25.84816,22.97949
7667,2014-03-22 01:15:00,0.0,25.33624,24.85078,26.0052,25.37855,25.84816
7668,2014-03-22 01:30:00,0.0,25.70663,25.33624,24.85078,26.0052,25.37855
7669,2014-03-22 01:45:00,0.0,26.36634,25.70663,25.33624,24.85078,26.0052
7670,2014-03-22 02:00:00,0.0,25.68242,26.36634,25.70663,25.33624,24.85078
7671,2014-03-22 02:15:00,0.0,27.52006,25.68242,26.36634,25.70663,25.33624
7672,2014-03-22 02:30:00,0.0,25.61233,27.52006,25.68242,26.36634,25.70663
7673,2014-03-22 02:45:00,0.0,26.66913,25.61233,27.52006,25.68242,26.36634
7674,2014-03-22 03:00:00,0.0,26.45973,26.66913,25.61233,27.52006,25.68242
7675,2014-03-22 03:15:00,0.0,26.10734,26.45973,26.66913,25.61233,27.52006
7676,2014-03-22 03:30:00,0.0,26.34037,26.10734,26.45973,26.66913,25.61233
7677,2014-03-22 03:45:00,0.0,27.11842,26.34037,26.10734,26.45973,26.66913
7678,2014-03-22 04:00:00,0.0,25.16695,27.11842,26.34037,26.10734,26.45973
7679,2014-03-22 04:15:00,0.0,25.71393,25.16695,27.11842,26.34037,26.10734
7680,2014-03-22 04:30:00,0.0,25.4865,25.71393,25.16695,27.11842,26.34037
7681,2014-03-22 04:45:00,0.0,27.06148,25.4865,25.71393,25.16695,27.11842
7682,2014-03-22 05:00:00,0.0,25.89173,27.06148,25.4865,25.71393,25.16695
7683,2014-03-22 05:15:00,0.0,24.04357,25.89173,27.06148,25.4865,25.71393
7684,2014-03-22 05:30:00,0.0,25.13308,24.04357,25.89173,27.06148,25.4865
7685,2014-03-22 05:45:00,0.0,25.7306,25.13308,24.04357,25.89173,27.06148
7686,2014-03-22 06:00:00,0.0,25.16241,25.7306,25.13308,24.04357,25.89173
7687,2014-03-22 06:15:00,0.0,24.27595,25.16241,25.7306,25.13308,24.04357
7688,2014-03-22 06:30:00,0.0,26.02724,24.27595,25.16241,25.7306,25.13308
7689,2014-03-22 06:45:00,0.0,23.89651,26.02724,24.27595,25.16241,25.7306
7690,2014-03-22 07:00:00,0.0,25.48322,23.89651,26.02724,24.27595,25.16241
7691,2014-03-22 07:15:00,0.0,26.03969,25.48322,23.89651,26.02724,24.27595
7692,2014-03-22 07:30:00,0.0,25.08989,26.03969,25.48322,23.89651,26.02724
7693,2014-03-22 07:45:00,0.0,27.10584,25.08989,26.03969,25.48322,23.89651
7694,2014-03-22 08:00:00,0.0,26.84143,27.10584,25.08989,26.03969,25.48322
7695,2014-03-22 08:15:00,0.0,25.18913,26.84143,27.10584,25.08989,26.03969
7696,2014-03-22 08:30:00,0.0,25.89793,25.18913,26.84143,27.10584,25.08989
7697,2014-03-22 08:45:00,0.0,25.32239,25.89793,25.18913,26.84143,27.10584
7698,2014-03-22 09:00:00,0.0,25.54895,25.32239,25.89793,25.18913,26.84143
7699,2014-03-22 09:15:00,0.0,23.27512,25.54895,25.32239,25.89793,25.18913
7700,2014-03-22 09:30:00,0.0,23.93626,23.27512,25.54895,25.32239,25.89793
7701,2014-03-22 09:45:00,0.0,27.2719,23.93626,23.27512,25.54895,25.32239
7702,2014-03-22 10:00:00,0.0,25.73574,27.2719,23.93626,23.27512,25.54895
7703,2014-03-22 10:15:00,0.0,23.12707,25.73574,27.2719,23.93626,23.27512
7704,2014-03-22 10:30:00,0.0,25.07939,23.12707,25.73574,27.2719,23.93626
7705,2014-03-22 10:45:00,0.0,26.43926,25.07939,23.12707,25.73574,27.2719
7706,2014-03-22 11:00:00,0.0,25.54587,26.43926,25.07939,23.12707,25.73574
7707,2014-03-22 11:15:00,0.0,24.74818,25.54587,26.43926,25.07939,23.12707
7708,2014-03-22 11:30:00,0.0,28.02044,24.74818,25.54587,26.43926,25.07939
7709,2014-03-22 11:45:00,0.0,28.49262,28.02044,24.74818,25.54587,26.43926
7710,2014-03-22 12:00:00,0.0,24.66106,28.49262,28.02044,24.74818,25.54587
7711,2014-03-22 12:15:00,0.0,27.17332,24.66106,28.49262,28.02044,24.74818
7712,2014-03-22 12:30:00,0.0,27.25667,27.17332,24.66106,28.49262,28.02044
7713,2014-03-22 12:45:00,0.0,26.5837,27.25667,27.17332,24.66106,28.49262
7714,2014-03-22 13:00:00,0.0,26.41825,26.5837,27.25667,27.17332,24.66106
7715,2014-03-22 13:15:00,0.0,23.9144,26.41825,26.5837,27.25667,27.17332
7716,2014-03-22 13:30:00,0.0,26.57914,23.9144,26.41825,26.5837,27.25667
7717,2014-03-22 13:45:00,0.0,25.29774,26.57914,23.9144,26.41825,26.5837
7718,2014-03-22 14:00:00,0.0,27.22263,25.29774,26.57914,23.9144,26.41825
7719,2014-03-22 14:15:00,0.0,23.95098,27.22263,25.29774,26.57914,23.9144
7720,2014-03-22 14:30:00,0.0,26.16239,23.95098,27.22263,25.29774,26.57914
7721,2014-03-22 14:45:00,0.0,27.1478,26.16239,23.95098,27.22263,25.29774
7722,2014-03-22 15:00:00,0.0,27.77488,27.1478,26.16239,23.95098,27.22263
7723,2014-03-22 15:15:00,0.0,26.16895,27.77488,27.1478,26.16239,23.95098
7724,2014-03-22 15:30:00,0.0,27.14734,26.16895,27.77488,27.1478,26.16239
7725,2014-03-22 15:45:00,0.0,28.0081,27.14734,26.16895,27.77488,27.1478
7726,2014-03-22 16:00:00,0.0,28.35141,28.0081,27.14734,26.16895,27.77488
7727,2014-03-22 16:15:00,0.0,25.67057,28.35141,28.0081,27.14734,26.16895
7728,2014-03-22 16:30:00,0.0,27.19572,25.67057,28.35141,28.0081,27.14734
7729,2014-03-22 16:45:00,0.0,26.89542,27.19572,25.67057,28.35141,28.0081
7730,2014-03-22 17:00:00,0.0,27.24135,26.89542,27.19572,25.67057,28.35141
7731,2014-03-22 17:15:00,0.0,26.24685,27.24135,26.89542,27.19572,25.67057
7732,2014-03-22 17:30:00,0.0,26.58483,26.24685,27.24135,26.89542,27.19572
7733,2014-03-22 17:45:00,0.0,25.8366,26.58483,26.24685,27.24135,26.89542
7734,2014-03-22 18:00:00,0.0,25.2172,25.8366,26.58483,26.24685,27.24135
7735,2014-03-22 18:15:00,0.0,24.69367,25.2172,25.8366,26.58483,26.24685
7736,2014-03-22 18:30:00,0.0,25.30612,24.69367,25.2172,25.8366,26.58483
7737,2014-03-22 18:45:00,0.0,27.1042,25.30612,24.69367,25.2172,25.8366
7738,2014-03-22 19:00:00,0.0,24.23731,27.1042,25.30612,24.69367,25.2172
7739,2014-03-22 19:15:00,0.0,25.8131,24.23731,27.1042,25.30612,24.69367
7740,2014-03-22 19:30:00,0.0,24.54991,25.8131,24.23731,27.1042,25.30612
7741,2014-03-22 19:45:00,0.0,25.77601,24.54991,25.8131,24.23731,27.1042
7742,2014-03-22 20:00:00,0.0,25.45233,25.77601,24.54991,25.8131,24.23731
7743,2014-03-22 20:15:00,0.0,26.42057,25.45233,25.77601,24.54991,25.8131
7744,2014-03-22 20:30:00,0.0,25.78322,26.42057,25.45233,25.77601,24.54991
7745,2014-03-22 20:45:00,0.0,26.18541,25.78322,26.42057,25.45233,25.77601
7746,2014-03-22 21:00:00,0.0,24.74219,26.18541,25.78322,26.42057,25.45233
7747,2014-03-22 21:15:00,0.0,25.87427,24.74219,26.18541,25.78322,26.42057
7748,2014-03-22 21:30:00,0.0,25.81652,25.87427,24.74219,26.18541,25.78322
7749,2014-03-22 21:45:00,0.0,26.29064,25.81652,25.87427,24.74219,26.18541
7750,2014-03-22 22:00:00,0.0,27.76254,26.29064,25.81652,25.87427,24.74219
7751,2014-03-22 22:15:00,0.0,23.77448,27.76254,26.29064,25.81652,25.87427
7752,2014-03-22 22:30:00,0.0,24.86731,23.77448,27.76254,26.29064,25.81652
7753,2014-03-22 22:45:00,0.0,26.19447,24.86731,23.77448,27.76254,26.29064
7754,2014-03-22 23:00:00,0.0,25.46713,26.19447,24.86731,23.77448,27.76254
7755,2014-03-22 23:15:00,0.0,26.04892,25.46713,26.19447,24.86731,23.77448
7756,2014-03-22 23:30:00,0.0,25.82072,26.04892,25.46713,26.19447,24.86731
7757,2014-03-22 23:45:00,0.0,26.68397,25.82072,26.04892,25.46713,26.19447
7758,2014-03-23 00:00:00,0.0,24.36616,26.68397,25.82072,26.04892,25.46713
7759,2014-03-23 00:15:00,0.0,25.43082,24.36616,26.68397,25.82072,26.04892
7760,2014-03-23 00:30:00,0.0,23.60764,25.43082,24.36616,26.68397,25.82072
7761,2014-03-23 00:45:00,0.0,25.18007,23.60764,25.43082,24.36616,26.68397
7762,2014-03-23 01:00:00,0.0,24.89088,25.18007,23.60764,25.43082,24.36616
7763,2014-03-23 01:15:00,0.0,25.39733,24.89088,25.18007,23.60764,25.43082
7764,2014-03-23 01:30:00,0.0,23.69758,25.39733,24.89088,25.18007,23.60764
7765,2014-03-23 01:45:00,0.0,24.72829,23.69758,25.39733,24.89088,25.18007
7766,2014-03-23 02:00:00,0.0,25.83613,24.72829,23.69758,25.39733,24.89088
7767,2014-03-23 02:15:00,0.0,24.90027,25.83613,24.72829,23.69758,25.39733
7768,2014-03-23 02:30:00,0.0,24.58182,24.90027,25.83613,24.72829,23.69758
7769,2014-03-23 02:45:00,0.0,26.25089,24.58182,24.90027,25.83613,24.72829
7770,2014-03-23 03:00:00,0.0,24.37595,26.25089,24.58182,24.90027,25.83613
7771,2014-03-23 03:15:00,0.0,26.16401,24.37595,26.25089,24.58182,24.90027
7772,2014-03-23 03:30:00,0.0,24.35857,26.16401,24.37595,26.25089,24.58182
7773,2014-03-23 03:45:00,0.0,26.07984,24.35857,26.16401,24.37595,26.25089
7774,2014-03-23 04:00:00,0.0,23.42013,26.07984,24.35857,26.16401,24.37595
7775,2014-03-23 04:15:00,0.0,21.83258,23.42013,26.07984,24.35857,26.16401
7776,2014-03-23 04:30:00,0.0,25.09023,21.83258,23.42013,26.07984,24.35857
7777,2014-03-23 04:45:00,0.0,27.01894,25.09023,21.83258,23.42013,26.07984
7778,2014-03-23 05:00:00,0.0,24.62047,27.01894,25.09023,21.83258,23.42013
7779,2014-03-23 05:15:00,0.0,25.02605,24.62047,27.01894,25.09023,21.83258
7780,2014-03-23 05:30:00,0.0,24.28116,25.02605,24.62047,27.01894,25.09023
7781,2014-03-23 05:45:00,0.0,25.27971,24.28116,25.02605,24.62047,27.01894
7782,2014-03-23 06:00:00,0.0,24.3772,25.27971,24.28116,25.02605,24.62047
7783,2014-03-23 06:15:00,0.0,25.13519,24.3772,25.27971,24.28116,25.02605
7784,2014-03-23 06:30:00,0.0,25.38006,25.13519,24.3772,25.27971,24.28116
7785,2014-03-23 06:45:00,0.0,24.90721,25.38006,25.13519,24.3772,25.27971
7786,2014-03-23 07:00:00,0.0,25.23293,24.90721,25.38006,25.13519,24.3772
7787,2014-03-23 07:15:00,0.0,25.06466,25.23293,24.90721,25.38006,25.13519
7788,2014-03-23 07:30:00,0.0,25.6999,25.06466,25.23293,24.90721,25.38006
7789,2014-03-23 07:45:00,0.0,26.3065,25.6999,25.06466,25.23293,24.90721
7790,2014-03-23 08:00:00,0.0,27.23243,26.3065,25.6999,25.06466,25.23293
7791,2014-03-23 08:15:00,0.0,26.99674,27.23243,26.3065,25.6999,25.06466
7792,2014-03-23 08:30:00,0.0,25.94768,26.99674,27.23243,26.3065,25.6999
7793,2014-03-23 08:45:00,0.0,25.61517,25.94768,26.99674,27.23243,26.3065
7794,2014-03-23 09:00:00,0.0,25.7048,25.61517,25.94768,26.99674,27.23243
7795,2014-03-23 09:15:00,0.0,24.03501,25.7048,25.61517,25.94768,26.99674
7796,2014-03-23 09:30:00,0.0,27.06843,24.03501,25.7048,25.61517,25.94768
7797,2014-03-23 09:45:00,0.0,26.4024,27.06843,24.03501,25.7048,25.61517
7798,2014-03-23 10:00:00,0.0,24.64749,26.4024,27.06843,24.03501,25.7048
7799,2014-03-23 10:15:00,0.0,24.08654,24.64749,26.4024,27.06843,24.03501
7800,2014-03-23 10:30:00,0.0,25.02997,24.08654,24.64749,26.4024,27.06843
7801,2014-03-23 10:45:00,0.0,25.93017,25.02997,24.08654,24.64749,26.4024
7802,2014-03-23 11:00:00,0.0,25.74303,25.93017,25.02997,24.08654,24.64749
7803,2014-03-23 11:15:00,0.0,23.40859,25.74303,25.93017,25.02997,24.08654
7804,2014-03-23 11:30:00,0.0,27.16144,23.40859,25.74303,25.93017,25.02997
7805,2014-03-23 11:45:00,0.0,26.50365,27.16144,23.40859,25.74303,25.93017
7806,2014-03-23 12:00:00,0.0,25.91032,26.50365,27.16144,23.40859,25.74303
7807,2014-03-23 12:15:00,0.0,25.87327,25.91032,26.50365,27.16144,23.40859
7808,2014-03-23 12:30:00,0.0,24.97038,25.87327,25.91032,26.50365,27.16144
7809,2014-03-23 12:45:00,0.0,27.3134,24.97038,25.87327,25.91032,26.50365
7810,2014-03-23 13:00:00,0.0,24.88466,27.3134,24.97038,25.87327,25.91032
7811,2014-03-23 13:15:00,0.0,26.06649,24.88466,27.3134,24.97038,25.87327
7812,2014-03-23 13:30:00,0.0,26.8339,26.06649,24.88466,27.3134,24.97038
7813,2014-03-23 13:45:00,0.0,26.02051,26.8339,26.06649,24.88466,27.3134
7814,2014-03-23 14:00:00,0.0,25.32873,26.02051,26.8339,26.06649,24.88466
7815,2014-03-23 14:15:00,0.0,25.37061,25.32873,26.02051,26.8339,26.06649
7816,2014-03-23 14:30:00,0.0,26.56568,25.37061,25.32873,26.02051,26.8339
7817,2014-03-23 14:45:00,0.0,23.5051,26.56568,25.37061,25.32873,26.02051
7818,2014-03-23 15:00:00,0.0,28.41947,23.5051,26.56568,25.37061,25.32873
7819,2014-03-23 15:15:00,0.0,27.5047,28.41947,23.5051,26.56568,25.37061
7820,2014-03-23 15:30:00,0.0,28.49478,27.5047,28.41947,23.5051,26.56568
7821,2014-03-23 15:45:00,0.0,26.50548,28.49478,27.5047,28.41947,23.5051
7822,2014-03-23 16:00:00,0.0,25.5771,26.50548,28.49478,27.5047,28.41947
7823,2014-03-23 16:15:00,0.0,26.67629,25.5771,26.50548,28.49478,27.5047
7824,2014-03-23 16:30:00,0.0,26.21422,26.67629,25.5771,26.50548,28.49478
7825,2014-03-23 16:45:00,0.0,26.23637,26.21422,26.67629,25.5771,26.50548
7826,2014-03-23 17:00:00,0.0,26.81273,26.23637,26.21422,26.67629,25.5771
7827,2014-03-23 17:15:00,0.0,27.10052,26.81273,26.23637,26.21422,26.67629
7828,2014-03-23 17:30:00,0.0,26.80576,27.10052,26.81273,26.23637,26.21422
7829,2014-03-23 17:45:00,0.0,24.84995,26.80576,27.10052,26.81273,26.23637
7830,2014-03-23 18:00:00,0.0,25.4561,24.84995,26.80576,27.10052,26.81273
7831,2014-03-23 18:15:00,0.0,26.03902,25.4561,24.84995,26.80576,27.10052
7832,2014-03-23 18:30:00,0.0,23.97859,26.03902,25.4561,24.84995,26.80576
7833,2014-03-23 18:45:00,0.0,24.06145,23.97859,26.03902,25.4561,24.84995
7834,2014-03-23 19:00:00,0.0,25.81183,24.06145,23.97859,26.03902,25.4561
7835,2014-03-23 19:15:00,0.0,24.96106,25.81183,24.06145,23.97859,26.03902
7836,2014-03-23 19:30:00,0.0,22.86147,24.96106,25.81183,24.06145,23.97859
7837,2014-03-23 19:45:00,0.0,25.45801,22.86147,24.96106,25.81183,24.06145
7838,2014-03-23 20:00:00,0.0,23.90331,25.45801,22.86147,24.96106,25.81183
7839,2014-03-23 20:15:00,0.0,25.68177,23.90331,25.45801,22.86147,24.96106
7840,2014-03-23 20:30:00,0.0,26.69296,25.68177,23.90331,25.45801,22.86147
7841,2014-03-23 20:45:00,0.0,26.12592,26.69296,25.68177,23.90331,25.45801
7842,2014-03-23 21:00:00,0.0,25.98041,26.12592,26.69296,25.68177,23.90331
7843,2014-03-23 21:15:00,0.0,25.12322,25.98041,26.12592,26.69296,25.68177
7844,2014-03-23 21:30:00,0.0,24.13986,25.12322,25.98041,26.12592,26.69296
7845,2014-03-23 21:45:00,0.0,26.54983,24.13986,25.12322,25.98041,26.12592
7846,2014-03-23 22:00:00,0.0,24.53245,26.54983,24.13986,25.12322,25.98041
7847,2014-03-23 22:15:00,0.0,25.9105,24.53245,26.54983,24.13986,25.12322
7848,2014-03-23 22:30:00,0.0,25.93716,25.9105,24.53245,26.54983,24.13986
7849,2014-03-23 22:45:00,0.0,27.24699,25.93716,25.9105,24.53245,26.54983
7850,2014-03-23 23:00:00,0.0,25.87346,27.24699,25.93716,25.9105,24.53245
7851,2014-03-23 23:15:00,0.0,23.46215,25.87346,27.24699,25.93716,25.9105
7852,2014-03-23 23:30:00,0.0,24.20452,23.46215,25.87346,27.24699,25.93716
7853,2014-03-23 23:45:00,0.0,24.12054,24.20452,23.46215,25.87346,27.24699
7854,2014-03-24 00:00:00,0.0,23.25212,24.12054,24.20452,23.46215,25.87346
7855,2014-03-24 00:15:00,0.0,25.25991,23.25212,24.12054,24.20452,23.46215
7856,2014-03-24 00:30:00,0.0,25.46829,25.25991,23.25212,24.12054,24.20452
7857,2014-03-24 00:45:00,0.0,25.43873,25.46829,25.25991,23.25212,24.12054
7858,2014-03-24 01:00:00,0.0,25.09596,25.43873,25.46829,25.25991,23.25212
7859,2014-03-24 01:15:00,0.0,25.5953,25.09596,25.43873,25.46829,25.25991
7860,2014-03-24 01:30:00,0.0,24.44667,25.5953,25.09596,25.43873,25.46829
7861,2014-03-24 01:45:00,0.0,25.90285,24.44667,25.5953,25.09596,25.43873
7862,2014-03-24 02:00:00,0.0,25.64808,25.90285,24.44667,25.5953,25.09596
7863,2014-03-24 02:15:00,0.0,25.03036,25.64808,25.90285,24.44667,25.5953
7864,2014-03-24 02:30:00,0.0,25.22751,25.03036,25.64808,25.90285,24.44667
7865,2014-03-24 02:45:00,0.0,24.30109,25.22751,25.03036,25.64808,25.90285
7866,2014-03-24 03:00:00,0.0,25.14899,24.30109,25.22751,25.03036,25.64808
7867,2014-03-24 03:15:00,0.0,25.00833,25.14899,24.30109,25.22751,25.03036
7868,2014-03-24 03:30:00,0.0,26.38859,25.00833,25.14899,24.30109,25.22751
7869,2014-03-24 03:45:00,0.0,27.29859,26.38859,25.00833,25.14899,24.30109
7870,2014-03-24 04:00:00,0.0,23.63904,27.29859,26.38859,25.00833,25.14899
7871,2014-03-24 04:15:00,0.0,24.62047,23.63904,27.29859,26.38859,25.00833
7872,2014-03-24 04:30:00,0.0,25.45231,24.62047,23.63904,27.29859,26.38859
7873,2014-03-24 04:45:00,0.0,24.80265,25.45231,24.62047,23.63904,27.29859
7874,2014-03-24 05:00:00,0.0,25.3407,24.80265,25.45231,24.62047,23.63904
7875,2014-03-24 05:15:00,0.0,24.55374,25.3407,24.80265,25.45231,24.62047
7876,2014-03-24 05:30:00,0.0,24.63635,24.55374,25.3407,24.80265,25.45231
7877,2014-03-24 05:45:00,0.0,27.12189,24.63635,24.55374,25.3407,24.80265
7878,2014-03-24 06:00:00,0.0,23.43015,27.12189,24.63635,24.55374,25.3407
7879,2014-03-24 06:15:00,0.0,27.72672,23.43015,27.12189,24.63635,24.55374
7880,2014-03-24 06:30:00,0.0,30.29752,27.72672,23.43015,27.12189,24.63635
7881,2014-03-24 06:45:00,0.0,28.19211,30.29752,27.72672,23.43015,27.12189
7882,2014-03-24 07:00:00,0.0,27.45589,28.19211,30.29752,27.72672,23.43015
7883,2014-03-24 07:15:00,0.0,30.70669,27.45589,28.19211,30.29752,27.72672
7884,2014-03-24 07:30:00,0.0,29.18113,30.70669,27.45589,28.19211,30.29752
7885,2014-03-24 07:45:00,0.0,30.36369,29.18113,30.70669,27.45589,28.19211
7886,2014-03-24 08:00:00,0.0,29.62451,30.36369,29.18113,30.70669,27.45589
7887,2014-03-24 08:15:00,0.0,29.69516,29.62451,30.36369,29.18113,30.70669
7888,2014-03-24 08:30:00,0.0,31.98851,29.69516,29.62451,30.36369,29.18113
7889,2014-03-24 08:45:00,0.0,33.45011,31.98851,29.69516,29.62451,30.36369
7890,2014-03-24 09:00:00,0.0,32.05596,33.45011,31.98851,29.69516,29.62451
7891,2014-03-24 09:15:00,0.0,30.67494,32.05596,33.45011,31.98851,29.69516
7892,2014-03-24 09:30:00,0.0,31.44692,30.67494,32.05596,33.45011,31.98851
7893,2014-03-24 09:45:00,0.0,35.15944,31.44692,30.67494,32.05596,33.45011
7894,2014-03-24 10:00:00,0.0,32.69768,35.15944,31.44692,30.67494,32.05596
7895,2014-03-24 10:15:00,0.0,34.43923,32.69768,35.15944,31.44692,30.67494
7896,2014-03-24 10:30:00,0.0,34.43542,34.43923,32.69768,35.15944,31.44692
7897,2014-03-24 10:45:00,0.0,35.53576,34.43542,34.43923,32.69768,35.15944
7898,2014-03-24 11:00:00,0.0,34.50818,35.53576,34.43542,34.43923,32.69768
7899,2014-03-24 11:15:00,0.0,31.94236,34.50818,35.53576,34.43542,34.43923
7900,2014-03-24 11:30:00,0.0,34.69314,31.94236,34.50818,35.53576,34.43542
7901,2014-03-24 11:45:00,0.0,36.55296,34.69314,31.94236,34.50818,35.53576
7902,2014-03-24 12:00:00,0.0,33.61748,36.55296,34.69314,31.94236,34.50818
7903,2014-03-24 12:15:00,0.0,38.01776,33.61748,36.55296,34.69314,31.94236
7904,2014-03-24 12:30:00,0.0,35.4177,38.01776,33.61748,36.55296,34.69314
7905,2014-03-24 12:45:00,0.0,37.73952,35.4177,38.01776,33.61748,36.55296
7906,2014-03-24 13:00:00,0.0,34.14523,37.73952,35.4177,38.01776,33.61748
7907,2014-03-24 13:15:00,0.0,35.69652,34.14523,37.73952,35.4177,38.01776
7908,2014-03-24 13:30:00,0.0,36.24693,35.69652,34.14523,37.73952,35.4177
7909,2014-03-24 13:45:00,0.0,39.66517,36.24693,35.69652,34.14523,37.73952
7910,2014-03-24 14:00:00,0.0,36.84851,39.66517,36.24693,35.69652,34.14523
7911,2014-03-24 14:15:00,0.0,37.67998,36.84851,39.66517,36.24693,35.69652
7912,2014-03-24 14:30:00,0.0,38.24761,37.67998,36.84851,39.66517,36.24693
7913,2014-03-24 14:45:00,0.0,41.49582,38.24761,37.67998,36.84851,39.66517
7914,2014-03-24 15:00:00,0.0,40.18773,41.49582,38.24761,37.67998,36.84851
7915,2014-03-24 15:15:00,0.0,37.11296,40.18773,41.49582,38.24761,37.67998
7916,2014-03-24 15:30:00,0.0,39.76021,37.11296,40.18773,41.49582,38.24761
7917,2014-03-24 15:45:00,0.0,40.02819,39.76021,37.11296,40.18773,41.49582
7918,2014-03-24 16:00:00,0.0,41.40811,40.02819,39.76021,37.11296,40.18773
7919,2014-03-24 16:15:00,0.0,39.93304,41.40811,40.02819,39.76021,37.11296
7920,2014-03-24 16:30:00,0.0,39.304,39.93304,41.40811,40.02819,39.76021
7921,2014-03-24 16:45:00,0.0,41.4551,39.304,39.93304,41.40811,40.02819
7922,2014-03-24 17:00:00,0.0,41.1727,41.4551,39.304,39.93304,41.40811
7923,2014-03-24 17:15:00,0.0,37.66583,41.1727,41.4551,39.304,39.93304
7924,2014-03-24 17:30:00,0.0,40.76087,37.66583,41.1727,41.4551,39.304
7925,2014-03-24 17:45:00,0.0,37.1895,40.76087,37.66583,41.1727,41.4551
7926,2014-03-24 18:00:00,0.0,35.98376,37.1895,40.76087,37.66583,41.1727
7927,2014-03-24 18:15:00,0.0,34.37164,35.98376,37.1895,40.76087,37.66583
7928,2014-03-24 18:30:00,0.0,29.36108,34.37164,35.98376,37.1895,40.76087
7929,2014-03-24 18:45:00,0.0,30.50825,29.36108,34.37164,35.98376,37.1895
7930,2014-03-24 19:00:00,0.0,29.82915,30.50825,29.36108,34.37164,35.98376
7931,2014-03-24 19:15:00,0.0,27.67785,29.82915,30.50825,29.36108,34.37164
7932,2014-03-24 19:30:00,0.0,30.78898,27.67785,29.82915,30.50825,29.36108
7933,2014-03-24 19:45:00,0.0,28.10393,30.78898,27.67785,29.82915,30.50825
7934,2014-03-24 20:00:00,0.0,28.48025,28.10393,30.78898,27.67785,29.82915
7935,2014-03-24 20:15:00,0.0,26.88946,28.48025,28.10393,30.78898,27.67785
7936,2014-03-24 20:30:00,0.0,26.65733,26.88946,28.48025,28.10393,30.78898
7937,2014-03-24 20:45:00,0.0,28.52865,26.65733,26.88946,28.48025,28.10393
7938,2014-03-24 21:00:00,0.0,27.69903,28.52865,26.65733,26.88946,28.48025
7939,2014-03-24 21:15:00,0.0,25.98259,27.69903,28.52865,26.65733,26.88946
7940,2014-03-24 21:30:00,0.0,27.45718,25.98259,27.69903,28.52865,26.65733
7941,2014-03-24 21:45:00,0.0,27.97319,27.45718,25.98259,27.69903,28.52865
7942,2014-03-24 22:00:00,0.0,26.63305,27.97319,27.45718,25.98259,27.69903
7943,2014-03-24 22:15:00,0.0,27.87368,26.63305,27.97319,27.45718,25.98259
7944,2014-03-24 22:30:00,0.0,25.66829,27.87368,26.63305,27.97319,27.45718
7945,2014-03-24 22:45:00,0.0,26.22731,25.66829,27.87368,26.63305,27.97319
7946,2014-03-24 23:00:00,0.0,25.5747,26.22731,25.66829,27.87368,26.63305
7947,2014-03-24 23:15:00,0.0,26.24122,25.5747,26.22731,25.66829,27.87368
7948,2014-03-24 23:30:00,0.0,23.97165,26.24122,25.5747,26.22731,25.66829
7949,2014-03-24 23:45:00,0.0,25.2704,23.97165,26.24122,25.5747,26.22731
7950,2014-03-25 00:00:00,0.0,24.35078,25.2704,23.97165,26.24122,25.5747
7951,2014-03-25 00:15:00,0.0,24.55598,24.35078,25.2704,23.97165,26.24122
7952,2014-03-25 00:30:00,0.0,24.89225,24.55598,24.35078,25.2704,23.97165
7953,2014-03-25 00:45:00,0.0,25.86519,24.89225,24.55598,24.35078,25.2704
7954,2014-03-25 01:00:00,0.0,24.65506,25.86519,24.89225,24.55598,24.35078
7955,2014-03-25 01:15:00,0.0,24.58548,24.65506,25.86519,24.89225,24.55598
7956,2014-03-25 01:30:00,0.0,24.21461,24.58548,24.65506,25.86519,24.89225
7957,2014-03-25 01:45:00,0.0,25.75686,24.21461,24.58548,24.65506,25.86519
7958,2014-03-25 02:00:00,0.0,24.21283,25.75686,24.21461,24.58548,24.65506
7959,2014-03-25 02:15:00,0.0,23.30532,24.21283,25.75686,24.21461,24.58548
7960,2014-03-25 02:30:00,0.0,25.03451,23.30532,24.21283,25.75686,24.21461
7961,2014-03-25 02:45:00,0.0,27.22298,25.03451,23.30532,24.21283,25.75686
7962,2014-03-25 03:00:00,0.0,23.99949,27.22298,25.03451,23.30532,24.21283
7963,2014-03-25 03:15:00,0.0,26.11348,23.99949,27.22298,25.03451,23.30532
7964,2014-03-25 03:30:00,0.0,24.49417,26.11348,23.99949,27.22298,25.03451
7965,2014-03-25 03:45:00,0.0,25.34328,24.49417,26.11348,23.99949,27.22298
7966,2014-03-25 04:00:00,0.0,25.51305,25.34328,24.49417,26.11348,23.99949
7967,2014-03-25 04:15:00,0.0,25.67078,25.51305,25.34328,24.49417,26.11348
7968,2014-03-25 04:30:00,0.0,26.87263,25.67078,25.51305,25.34328,24.49417
7969,2014-03-25 04:45:00,0.0,27.21617,26.87263,25.67078,25.51305,25.34328
7970,2014-03-25 05:00:00,0.0,26.14808,27.21617,26.87263,25.67078,25.51305
7971,2014-03-25 05:15:00,0.0,26.17671,26.14808,27.21617,26.87263,25.67078
7972,2014-03-25 05:30:00,0.0,26.81664,26.17671,26.14808,27.21617,26.87263
7973,2014-03-25 05:45:00,0.0,28.68931,26.81664,26.17671,26.14808,27.21617
7974,2014-03-25 06:00:00,0.0,26.65468,28.68931,26.81664,26.17671,26.14808
7975,2014-03-25 06:15:00,0.0,27.74008,26.65468,28.68931,26.81664,26.17671
7976,2014-03-25 06:30:00,0.0,28.94342,27.74008,26.65468,28.68931,26.81664
7977,2014-03-25 06:45:00,0.0,30.48451,28.94342,27.74008,26.65468,28.68931
7978,2014-03-25 07:00:00,0.0,29.37721,30.48451,28.94342,27.74008,26.65468
7979,2014-03-25 07:15:00,0.0,27.84384,29.37721,30.48451,28.94342,27.74008
7980,2014-03-25 07:30:00,0.0,30.17562,27.84384,29.37721,30.48451,28.94342
7981,2014-03-25 07:45:00,0.0,31.18216,30.17562,27.84384,29.37721,30.48451
7982,2014-03-25 08:00:00,0.0,31.72989,31.18216,30.17562,27.84384,29.37721
7983,2014-03-25 08:15:00,0.0,28.7722,31.72989,31.18216,30.17562,27.84384
7984,2014-03-25 08:30:00,0.0,30.88836,28.7722,31.72989,31.18216,30.17562
7985,2014-03-25 08:45:00,0.0,30.64315,30.88836,28.7722,31.72989,31.18216
7986,2014-03-25 09:00:00,0.0,32.11013,30.64315,30.88836,28.7722,31.72989
7987,2014-03-25 09:15:00,0.0,31.89616,32.11013,30.64315,30.88836,28.7722
7988,2014-03-25 09:30:00,0.0,32.57043,31.89616,32.11013,30.64315,30.88836
7989,2014-03-25 09:45:00,0.0,33.09557,32.57043,31.89616,32.11013,30.64315
7990,2014-03-25 10:00:00,0.0,32.71355,33.09557,32.57043,31.89616,32.11013
7991,2014-03-25 10:15:00,0.0,30.43393,32.71355,33.09557,32.57043,31.89616
7992,2014-03-25 10:30:00,0.0,32.29446,30.43393,32.71355,33.09557,32.57043
7993,2014-03-25 10:45:00,0.0,31.06745,32.29446,30.43393,32.71355,33.09557
7994,2014-03-25 11:00:00,0.0,32.98047,31.06745,32.29446,30.43393,32.71355
7995,2014-03-25 11:15:00,0.0,33.70034,32.98047,31.06745,32.29446,30.43393
7996,2014-03-25 11:30:00,0.0,32.39184,33.70034,32.98047,31.06745,32.29446
7997,2014-03-25 11:45:00,0.0,35.15825,32.39184,33.70034,32.98047,31.06745
7998,2014-03-25 12:00:00,0.0,32.47001,35.15825,32.39184,33.70034,32.98047
7999,2014-03-25 12:15:00,0.0,30.52972,32.47001,35.15825,32.39184,33.70034
8000,2014-03-25 12:30:00,0.0,33.36452,30.52972,32.47001,35.15825,32.39184
8001,2014-03-25 12:45:00,0.0,33.30751,33.36452,30.52972,32.47001,35.15825
8002,2014-03-25 13:00:00,0.0,34.31032,33.30751,33.36452,30.52972,32.47001
8003,2014-03-25 13:15:00,0.0,33.31099,34.31032,33.30751,33.36452,30.52972
8004,2014-03-25 13:30:00,0.0,33.44235,33.31099,34.31032,33.30751,33.36452
8005,2014-03-25 13:45:00,0.0,33.25212,33.44235,33.31099,34.31032,33.30751
8006,2014-03-25 14:00:00,0.0,33.64135,33.25212,33.44235,33.31099,34.31032
8007,2014-03-25 14:15:00,0.0,33.35717,33.64135,33.25212,33.44235,33.31099
8008,2014-03-25 14:30:00,0.0,32.18589,33.35717,33.64135,33.25212,33.44235
8009,2014-03-25 14:45:00,0.0,35.36477,32.18589,33.35717,33.64135,33.25212
8010,2014-03-25 15:00:00,0.0,34.63562,35.36477,32.18589,33.35717,33.64135
8011,2014-03-25 15:15:00,0.0,33.27464,34.63562,35.36477,32.18589,33.35717
8012,2014-03-25 15:30:00,0.0,32.91086,33.27464,34.63562,35.36477,32.18589
8013,2014-03-25 15:45:00,0.0,34.10992,32.91086,33.27464,34.63562,35.36477
8014,2014-03-25 16:00:00,0.0,34.02696,34.10992,32.91086,33.27464,34.63562
8015,2014-03-25 16:15:00,0.0,33.84724,34.02696,34.10992,32.91086,33.27464
8016,2014-03-25 16:30:00,0.0,33.62935,33.84724,34.02696,34.10992,32.91086
8017,2014-03-25 16:45:00,0.0,33.24878,33.62935,33.84724,34.02696,34.10992
8018,2014-03-25 17:00:00,0.0,34.9001,33.24878,33.62935,33.84724,34.02696
8019,2014-03-25 17:15:00,0.0,31.9127,34.9001,33.24878,33.62935,33.84724
8020,2014-03-25 17:30:00,0.0,31.96656,31.9127,34.9001,33.24878,33.62935
8021,2014-03-25 17:45:00,0.0,31.22236,31.96656,31.9127,34.9001,33.24878
8022,2014-03-25 18:00:00,0.0,30.7628,31.22236,31.96656,31.9127,34.9001
8023,2014-03-25 18:15:00,0.0,27.45261,30.7628,31.22236,31.96656,31.9127
8024,2014-03-25 18:30:00,0.0,28.88582,27.45261,30.7628,31.22236,31.96656
8025,2014-03-25 18:45:00,0.0,28.61957,28.88582,27.45261,30.7628,31.22236
8026,2014-03-25 19:00:00,0.0,29.90001,28.61957,28.88582,27.45261,30.7628
8027,2014-03-25 19:15:00,0.0,27.87744,29.90001,28.61957,28.88582,27.45261
8028,2014-03-25 19:30:00,0.0,27.06823,27.87744,29.90001,28.61957,28.88582
8029,2014-03-25 19:45:00,0.0,28.04576,27.06823,27.87744,29.90001,28.61957
8030,2014-03-25 20:00:00,0.0,27.14358,28.04576,27.06823,27.87744,29.90001
8031,2014-03-25 20:15:00,0.0,27.04527,27.14358,28.04576,27.06823,27.87744
8032,2014-03-25 20:30:00,0.0,27.16429,27.04527,27.14358,28.04576,27.06823
8033,2014-03-25 20:45:00,0.0,25.68376,27.16429,27.04527,27.14358,28.04576
8034,2014-03-25 21:00:00,0.0,28.25639,25.68376,27.16429,27.04527,27.14358
8035,2014-03-25 21:15:00,0.0,25.68068,28.25639,25.68376,27.16429,27.04527
8036,2014-03-25 21:30:00,0.0,25.40231,25.68068,28.25639,25.68376,27.16429
8037,2014-03-25 21:45:00,0.0,25.6876,25.40231,25.68068,28.25639,25.68376
8038,2014-03-25 22:00:00,0.0,25.0403,25.6876,25.40231,25.68068,28.25639
8039,2014-03-25 22:15:00,0.0,26.19776,25.0403,25.6876,25.40231,25.68068
8040,2014-03-25 22:30:00,0.0,25.55259,26.19776,25.0403,25.6876,25.40231
8041,2014-03-25 22:45:00,0.0,27.19201,25.55259,26.19776,25.0403,25.6876
8042,2014-03-25 23:00:00,0.0,26.26093,27.19201,25.55259,26.19776,25.0403
8043,2014-03-25 23:15:00,0.0,24.54238,26.26093,27.19201,25.55259,26.19776
8044,2014-03-25 23:30:00,0.0,24.85404,24.54238,26.26093,27.19201,25.55259
8045,2014-03-25 23:45:00,0.0,26.07919,24.85404,24.54238,26.26093,27.19201
8046,2014-03-26 00:00:00,0.0,26.359,26.07919,24.85404,24.54238,26.26093
8047,2014-03-26 00:15:00,0.0,23.42701,26.359,26.07919,24.85404,24.54238
8048,2014-03-26 00:30:00,0.0,23.99084,23.42701,26.359,26.07919,24.85404
8049,2014-03-26 00:45:00,0.0,23.53192,23.99084,23.42701,26.359,26.07919
8050,2014-03-26 01:00:00,0.0,23.5399,23.53192,23.99084,23.42701,26.359
8051,2014-03-26 01:15:00,0.0,23.70812,23.5399,23.53192,23.99084,23.42701
8052,2014-03-26 01:30:00,0.0,24.6695,23.70812,23.5399,23.53192,23.99084
8053,2014-03-26 01:45:00,0.0,25.20388,24.6695,23.70812,23.5399,23.53192
8054,2014-03-26 02:00:00,0.0,26.11124,25.20388,24.6695,23.70812,23.5399
8055,2014-03-26 02:15:00,0.0,25.46564,26.11124,25.20388,24.6695,23.70812
8056,2014-03-26 02:30:00,0.0,24.75726,25.46564,26.11124,25.20388,24.6695
8057,2014-03-26 02:45:00,0.0,26.21573,24.75726,25.46564,26.11124,25.20388
8058,2014-03-26 03:00:00,0.0,24.41134,26.21573,24.75726,25.46564,26.11124
8059,2014-03-26 03:15:00,0.0,24.10502,24.41134,26.21573,24.75726,25.46564
8060,2014-03-26 03:30:00,0.0,23.9039,24.10502,24.41134,26.21573,24.75726
8061,2014-03-26 03:45:00,0.0,26.49009,23.9039,24.10502,24.41134,26.21573
8062,2014-03-26 04:00:00,0.0,25.14395,26.49009,23.9039,24.10502,24.41134
8063,2014-03-26 04:15:00,0.0,25.32539,25.14395,26.49009,23.9039,24.10502
8064,2014-03-26 04:30:00,0.0,25.39794,25.32539,25.14395,26.49009,23.9039
8065,2014-03-26 04:45:00,0.0,25.41754,25.39794,25.32539,25.14395,26.49009
8066,2014-03-26 05:00:00,0.0,25.97399,25.41754,25.39794,25.32539,25.14395
8067,2014-03-26 05:15:00,0.0,25.24177,25.97399,25.41754,25.39794,25.32539
8068,2014-03-26 05:30:00,0.0,25.58682,25.24177,25.97399,25.41754,25.39794
8069,2014-03-26 05:45:00,0.0,28.60287,25.58682,25.24177,25.97399,25.41754
8070,2014-03-26 06:00:00,0.0,26.4932,28.60287,25.58682,25.24177,25.97399
8071,2014-03-26 06:15:00,0.0,29.39807,26.4932,28.60287,25.58682,25.24177
8072,2014-03-26 06:30:00,0.0,30.26354,29.39807,26.4932,28.60287,25.58682
8073,2014-03-26 06:45:00,0.0,26.54537,30.26354,29.39807,26.4932,28.60287
8074,2014-03-26 07:00:00,0.0,28.1561,26.54537,30.26354,29.39807,26.4932
8075,2014-03-26 07:15:00,0.0,30.22572,28.1561,26.54537,30.26354,29.39807
8076,2014-03-26 07:30:00,0.0,30.15268,30.22572,28.1561,26.54537,30.26354
8077,2014-03-26 07:45:00,0.0,30.78264,30.15268,30.22572,28.1561,26.54537
8078,2014-03-26 08:00:00,0.0,30.21345,30.78264,30.15268,30.22572,28.1561
8079,2014-03-26 08:15:00,0.0,30.14563,30.21345,30.78264,30.15268,30.22572
8080,2014-03-26 08:30:00,0.0,31.11441,30.14563,30.21345,30.78264,30.15268
8081,2014-03-26 08:45:00,0.0,30.69153,31.11441,30.14563,30.21345,30.78264
8082,2014-03-26 09:00:00,0.0,32.11145,30.69153,31.11441,30.14563,30.21345
8083,2014-03-26 09:15:00,0.0,32.45753,32.11145,30.69153,31.11441,30.14563
8084,2014-03-26 09:30:00,0.0,32.13054,32.45753,32.11145,30.69153,31.11441
8085,2014-03-26 09:45:00,0.0,34.20518,32.13054,32.45753,32.11145,30.69153
8086,2014-03-26 10:00:00,0.0,33.13761,34.20518,32.13054,32.45753,32.11145
8087,2014-03-26 10:15:00,0.0,33.61251,33.13761,34.20518,32.13054,32.45753
8088,2014-03-26 10:30:00,0.0,31.89694,33.61251,33.13761,34.20518,32.13054
8089,2014-03-26 10:45:00,0.0,33.12164,31.89694,33.61251,33.13761,34.20518
8090,2014-03-26 11:00:00,0.0,34.81334,33.12164,31.89694,33.61251,33.13761
8091,2014-03-26 11:15:00,0.0,32.84884,34.81334,33.12164,31.89694,33.61251
8092,2014-03-26 11:30:00,0.0,35.79218,32.84884,34.81334,33.12164,31.89694
8093,2014-03-26 11:45:00,0.0,35.14389,35.79218,32.84884,34.81334,33.12164
8094,2014-03-26 12:00:00,0.0,33.92951,35.14389,35.79218,32.84884,34.81334
8095,2014-03-26 12:15:00,0.0,35.5973,33.92951,35.14389,35.79218,32.84884
8096,2014-03-26 12:30:00,0.0,35.23204,35.5973,33.92951,35.14389,35.79218
8097,2014-03-26 12:45:00,0.0,36.14664,35.23204,35.5973,33.92951,35.14389
8098,2014-03-26 13:00:00,0.0,33.92777,36.14664,35.23204,35.5973,33.92951
8099,2014-03-26 13:15:00,0.0,32.03652,33.92777,36.14664,35.23204,35.5973
8100,2014-03-26 13:30:00,0.0,34.35687,32.03652,33.92777,36.14664,35.23204
8101,2014-03-26 13:45:00,0.0,34.43155,34.35687,32.03652,33.92777,36.14664
8102,2014-03-26 14:00:00,0.0,34.6938,34.43155,34.35687,32.03652,33.92777
8103,2014-03-26 14:15:00,0.0,32.99842,34.6938,34.43155,34.35687,32.03652
8104,2014-03-26 14:30:00,0.0,34.02008,32.99842,34.6938,34.43155,34.35687
8105,2014-03-26 14:45:00,0.0,34.9913,34.02008,32.99842,34.6938,34.43155
8106,2014-03-26 15:00:00,0.0,33.61436,34.9913,34.02008,32.99842,34.6938
8107,2014-03-26 15:15:00,0.0,34.31425,33.61436,34.9913,34.02008,32.99842
8108,2014-03-26 15:30:00,0.0,33.00866,34.31425,33.61436,34.9913,34.02008
8109,2014-03-26 15:45:00,0.0,35.38751,33.00866,34.31425,33.61436,34.9913
8110,2014-03-26 16:00:00,0.0,35.19055,35.38751,33.00866,34.31425,33.61436
8111,2014-03-26 16:15:00,0.0,36.78003,35.19055,35.38751,33.00866,34.31425
8112,2014-03-26 16:30:00,0.0,36.06265,36.78003,35.19055,35.38751,33.00866
8113,2014-03-26 16:45:00,0.0,34.91843,36.06265,36.78003,35.19055,35.38751
8114,2014-03-26 17:00:00,0.0,34.33109,34.91843,36.06265,36.78003,35.19055
8115,2014-03-26 17:15:00,0.0,30.58644,34.33109,34.91843,36.06265,36.78003
8116,2014-03-26 17:30:00,0.0,30.99594,30.58644,34.33109,34.91843,36.06265
8117,2014-03-26 17:45:00,0.0,31.91777,30.99594,30.58644,34.33109,34.91843
8118,2014-03-26 18:00:00,0.0,29.6331,31.91777,30.99594,30.58644,34.33109
8119,2014-03-26 18:15:00,0.0,29.14964,29.6331,31.91777,30.99594,30.58644
8120,2014-03-26 18:30:00,0.0,30.96866,29.14964,29.6331,31.91777,30.99594
8121,2014-03-26 18:45:00,0.0,29.88799,30.96866,29.14964,29.6331,31.91777
8122,2014-03-26 19:00:00,0.0,29.51087,29.88799,30.96866,29.14964,29.6331
8123,2014-03-26 19:15:00,0.0,28.40951,29.51087,29.88799,30.96866,29.14964
8124,2014-03-26 19:30:00,0.0,28.71629,28.40951,29.51087,29.88799,30.96866
8125,2014-03-26 19:45:00,0.0,28.23326,28.71629,28.40951,29.51087,29.88799
8126,2014-03-26 20:00:00,0.0,29.18412,28.23326,28.71629,28.40951,29.51087
8127,2014-03-26 20:15:00,0.0,28.20483,29.18412,28.23326,28.71629,28.40951
8128,2014-03-26 20:30:00,0.0,28.12889,28.20483,29.18412,28.23326,28.71629
8129,2014-03-26 20:45:00,0.0,29.16586,28.12889,28.20483,29.18412,28.23326
8130,2014-03-26 21:00:00,0.0,28.71857,29.16586,28.12889,28.20483,29.18412
8131,2014-03-26 21:15:00,0.0,27.01309,28.71857,29.16586,28.12889,28.20483
8132,2014-03-26 21:30:00,0.0,26.487,27.01309,28.71857,29.16586,28.12889
8133,2014-03-26 21:45:00,0.0,28.17771,26.487,27.01309,28.71857,29.16586
8134,2014-03-26 22:00:00,0.0,26.66535,28.17771,26.487,27.01309,28.71857
8135,2014-03-26 22:15:00,0.0,27.74032,26.66535,28.17771,26.487,27.01309
8136,2014-03-26 22:30:00,0.0,25.73162,27.74032,26.66535,28.17771,26.487
8137,2014-03-26 22:45:00,0.0,27.84505,25.73162,27.74032,26.66535,28.17771
8138,2014-03-26 23:00:00,0.0,27.11964,27.84505,25.73162,27.74032,26.66535
8139,2014-03-26 23:15:00,0.0,23.97002,27.11964,27.84505,25.73162,27.74032
8140,2014-03-26 23:30:00,0.0,24.91343,23.97002,27.11964,27.84505,25.73162
8141,2014-03-26 23:45:00,0.0,24.94069,24.91343,23.97002,27.11964,27.84505
8142,2014-03-27 00:00:00,0.0,24.74156,24.94069,24.91343,23.97002,27.11964
8143,2014-03-27 00:15:00,0.0,25.62272,24.74156,24.94069,24.91343,23.97002
8144,2014-03-27 00:30:00,0.0,25.55778,25.62272,24.74156,24.94069,24.91343
8145,2014-03-27 00:45:00,0.0,25.57563,25.55778,25.62272,24.74156,24.94069
8146,2014-03-27 01:00:00,0.0,25.37296,25.57563,25.55778,25.62272,24.74156
8147,2014-03-27 01:15:00,0.0,22.35761,25.37296,25.57563,25.55778,25.62272
8148,2014-03-27 01:30:00,0.0,23.15095,22.35761,25.37296,25.57563,25.55778
8149,2014-03-27 01:45:00,0.0,25.97461,23.15095,22.35761,25.37296,25.57563
8150,2014-03-27 02:00:00,0.0,25.83874,25.97461,23.15095,22.35761,25.37296
8151,2014-03-27 02:15:00,0.0,26.74416,25.83874,25.97461,23.15095,22.35761
8152,2014-03-27 02:30:00,0.0,24.74329,26.74416,25.83874,25.97461,23.15095
8153,2014-03-27 02:45:00,0.0,24.24388,24.74329,26.74416,25.83874,25.97461
8154,2014-03-27 03:00:00,0.0,25.20577,24.24388,24.74329,26.74416,25.83874
8155,2014-03-27 03:15:00,0.0,23.84979,25.20577,24.24388,24.74329,26.74416
8156,2014-03-27 03:30:00,0.0,24.83315,23.84979,25.20577,24.24388,24.74329
8157,2014-03-27 03:45:00,0.0,26.63507,24.83315,23.84979,25.20577,24.24388
8158,2014-03-27 04:00:00,0.0,26.82122,26.63507,24.83315,23.84979,25.20577
8159,2014-03-27 04:15:00,0.0,25.34504,26.82122,26.63507,24.83315,23.84979
8160,2014-03-27 04:30:00,0.0,25.80866,25.34504,26.82122,26.63507,24.83315
8161,2014-03-27 04:45:00,0.0,24.71288,25.80866,25.34504,26.82122,26.63507
8162,2014-03-27 05:00:00,0.0,25.22966,24.71288,25.80866,25.34504,26.82122
8163,2014-03-27 05:15:00,0.0,25.99349,25.22966,24.71288,25.80866,25.34504
8164,2014-03-27 05:30:00,0.0,26.78862,25.99349,25.22966,24.71288,25.80866
8165,2014-03-27 05:45:00,0.0,27.74042,26.78862,25.99349,25.22966,24.71288
8166,2014-03-27 06:00:00,0.0,25.57284,27.74042,26.78862,25.99349,25.22966
8167,2014-03-27 06:15:00,0.0,29.34239,25.57284,27.74042,26.78862,25.99349
8168,2014-03-27 06:30:00,0.0,29.66982,29.34239,25.57284,27.74042,26.78862
8169,2014-03-27 06:45:00,0.0,28.26131,29.66982,29.34239,25.57284,27.74042
8170,2014-03-27 07:00:00,0.0,29.00134,28.26131,29.66982,29.34239,25.57284
8171,2014-03-27 07:15:00,0.0,30.98092,29.00134,28.26131,29.66982,29.34239
8172,2014-03-27 07:30:00,0.0,30.33818,30.98092,29.00134,28.26131,29.66982
8173,2014-03-27 07:45:00,0.0,29.23527,30.33818,30.98092,29.00134,28.26131
8174,2014-03-27 08:00:00,0.0,29.49593,29.23527,30.33818,30.98092,29.00134
8175,2014-03-27 08:15:00,0.0,30.20469,29.49593,29.23527,30.33818,30.98092
8176,2014-03-27 08:30:00,0.0,31.01096,30.20469,29.49593,29.23527,30.33818
8177,2014-03-27 08:45:00,0.0,29.89897,31.01096,30.20469,29.49593,29.23527
8178,2014-03-27 09:00:00,0.0,31.71457,29.89897,31.01096,30.20469,29.49593
8179,2014-03-27 09:15:00,0.0,32.11634,31.71457,29.89897,31.01096,30.20469
8180,2014-03-27 09:30:00,0.0,33.51966,32.11634,31.71457,29.89897,31.01096
8181,2014-03-27 09:45:00,0.0,33.16217,33.51966,32.11634,31.71457,29.89897
8182,2014-03-27 10:00:00,0.0,32.65324,33.16217,33.51966,32.11634,31.71457
8183,2014-03-27 10:15:00,0.0,35.21934,32.65324,33.16217,33.51966,32.11634
8184,2014-03-27 10:30:00,0.0,34.11277,35.21934,32.65324,33.16217,33.51966
8185,2014-03-27 10:45:00,0.0,36.12588,34.11277,35.21934,32.65324,33.16217
8186,2014-03-27 11:00:00,0.0,35.0426,36.12588,34.11277,35.21934,32.65324
8187,2014-03-27 11:15:00,0.0,34.66195,35.0426,36.12588,34.11277,35.21934
8188,2014-03-27 11:30:00,0.0,34.81947,34.66195,35.0426,36.12588,34.11277
8189,2014-03-27 11:45:00,0.0,34.39951,34.81947,34.66195,35.0426,36.12588
8190,2014-03-27 12:00:00,0.0,33.90248,34.39951,34.81947,34.66195,35.0426
8191,2014-03-27 12:15:00,0.0,36.51203,33.90248,34.39951,34.81947,34.66195
8192,2014-03-27 12:30:00,0.0,33.71289,36.51203,33.90248,34.39951,34.81947
8193,2014-03-27 12:45:00,0.0,35.63034,33.71289,36.51203,33.90248,34.39951
8194,2014-03-27 13:00:00,0.0,33.38336,35.63034,33.71289,36.51203,33.90248
8195,2014-03-27 13:15:00,0.0,34.91897,33.38336,35.63034,33.71289,36.51203
8196,2014-03-27 13:30:00,0.0,32.13723,34.91897,33.38336,35.63034,33.71289
8197,2014-03-27 13:45:00,0.0,34.58261,32.13723,34.91897,33.38336,35.63034
8198,2014-03-27 14:00:00,0.0,34.212,34.58261,32.13723,34.91897,33.38336
8199,2014-03-27 14:15:00,0.0,35.35965,34.212,34.58261,32.13723,34.91897
8200,2014-03-27 14:30:00,0.0,37.30276,35.35965,34.212,34.58261,32.13723
8201,2014-03-27 14:45:00,0.0,35.88591,37.30276,35.35965,34.212,34.58261
8202,2014-03-27 15:00:00,0.0,36.4121,35.88591,37.30276,35.35965,34.212
8203,2014-03-27 15:15:00,0.0,34.41783,36.4121,35.88591,37.30276,35.35965
8204,2014-03-27 15:30:00,0.0,33.72925,34.41783,36.4121,35.88591,37.30276
8205,2014-03-27 15:45:00,0.0,37.72382,33.72925,34.41783,36.4121,35.88591
8206,2014-03-27 16:00:00,0.0,35.0506,37.72382,33.72925,34.41783,36.4121
8207,2014-03-27 16:15:00,0.0,36.45914,35.0506,37.72382,33.72925,34.41783
8208,2014-03-27 16:30:00,0.0,34.88391,36.45914,35.0506,37.72382,33.72925
8209,2014-03-27 16:45:00,0.0,34.54022,34.88391,36.45914,35.0506,37.72382
8210,2014-03-27 17:00:00,0.0,34.1381,34.54022,34.88391,36.45914,35.0506
8211,2014-03-27 17:15:00,0.0,33.01736,34.1381,34.54022,34.88391,36.45914
8212,2014-03-27 17:30:00,0.0,32.69736,33.01736,34.1381,34.54022,34.88391
8213,2014-03-27 17:45:00,0.0,32.34393,32.69736,33.01736,34.1381,34.54022
8214,2014-03-27 18:00:00,0.0,33.28973,32.34393,32.69736,33.01736,34.1381
8215,2014-03-27 18:15:00,0.0,30.01373,33.28973,32.34393,32.69736,33.01736
8216,2014-03-27 18:30:00,0.0,26.97448,30.01373,33.28973,32.34393,32.69736
8217,2014-03-27 18:45:00,0.0,28.83391,26.97448,30.01373,33.28973,32.34393
8218,2014-03-27 19:00:00,0.0,29.12588,28.83391,26.97448,30.01373,33.28973
8219,2014-03-27 19:15:00,0.0,28.42759,29.12588,28.83391,26.97448,30.01373
8220,2014-03-27 19:30:00,0.0,29.38935,28.42759,29.12588,28.83391,26.97448
8221,2014-03-27 19:45:00,0.0,28.00727,29.38935,28.42759,29.12588,28.83391
8222,2014-03-27 20:00:00,0.0,29.76498,28.00727,29.38935,28.42759,29.12588
8223,2014-03-27 20:15:00,0.0,28.10487,29.76498,28.00727,29.38935,28.42759
8224,2014-03-27 20:30:00,0.0,28.59628,28.10487,29.76498,28.00727,29.38935
8225,2014-03-27 20:45:00,0.0,29.01207,28.59628,28.10487,29.76498,28.00727
8226,2014-03-27 21:00:00,0.0,28.43634,29.01207,28.59628,28.10487,29.76498
8227,2014-03-27 21:15:00,0.0,28.55767,28.43634,29.01207,28.59628,28.10487
8228,2014-03-27 21:30:00,0.0,28.24433,28.55767,28.43634,29.01207,28.59628
8229,2014-03-27 21:45:00,0.0,28.22732,28.24433,28.55767,28.43634,29.01207
8230,2014-03-27 22:00:00,0.0,25.07707,28.22732,28.24433,28.55767,28.43634
8231,2014-03-27 22:15:00,0.0,25.32061,25.07707,28.22732,28.24433,28.55767
8232,2014-03-27 22:30:00,0.0,26.05652,25.32061,25.07707,28.22732,28.24433
8233,2014-03-27 22:45:00,0.0,27.78372,26.05652,25.32061,25.07707,28.22732
8234,2014-03-27 23:00:00,0.0,25.00347,27.78372,26.05652,25.32061,25.07707
8235,2014-03-27 23:15:00,0.0,26.64821,25.00347,27.78372,26.05652,25.32061
8236,2014-03-27 23:30:00,0.0,25.3682,26.64821,25.00347,27.78372,26.05652
8237,2014-03-27 23:45:00,0.0,25.53968,25.3682,26.64821,25.00347,27.78372
8238,2014-03-28 00:00:00,0.0,24.91131,25.53968,25.3682,26.64821,25.00347
8239,2014-03-28 00:15:00,0.0,24.68156,24.91131,25.53968,25.3682,26.64821
8240,2014-03-28 00:30:00,0.0,25.37644,24.68156,24.91131,25.53968,25.3682
8241,2014-03-28 00:45:00,0.0,25.09415,25.37644,24.68156,24.91131,25.53968
8242,2014-03-28 01:00:00,0.0,26.0402,25.09415,25.37644,24.68156,24.91131
8243,2014-03-28 01:15:00,0.0,25.57823,26.0402,25.09415,25.37644,24.68156
8244,2014-03-28 01:30:00,0.0,25.02478,25.57823,26.0402,25.09415,25.37644
8245,2014-03-28 01:45:00,0.0,24.58547,25.02478,25.57823,26.0402,25.09415
8246,2014-03-28 02:00:00,0.0,25.1544,24.58547,25.02478,25.57823,26.0402
8247,2014-03-28 02:15:00,0.0,24.80174,25.1544,24.58547,25.02478,25.57823
8248,2014-03-28 02:30:00,0.0,23.09144,24.80174,25.1544,24.58547,25.02478
8249,2014-03-28 02:45:00,0.0,24.14095,23.09144,24.80174,25.1544,24.58547
8250,2014-03-28 03:00:00,0.0,26.53925,24.14095,23.09144,24.80174,25.1544
8251,2014-03-28 03:15:00,0.0,24.82816,26.53925,24.14095,23.09144,24.80174
8252,2014-03-28 03:30:00,0.0,23.3814,24.82816,26.53925,24.14095,23.09144
8253,2014-03-28 03:45:00,0.0,25.79685,23.3814,24.82816,26.53925,24.14095
8254,2014-03-28 04:00:00,0.0,25.93702,25.79685,23.3814,24.82816,26.53925
8255,2014-03-28 04:15:00,0.0,24.36565,25.93702,25.79685,23.3814,24.82816
8256,2014-03-28 04:30:00,0.0,27.82932,24.36565,25.93702,25.79685,23.3814
8257,2014-03-28 04:45:00,0.0,26.21162,27.82932,24.36565,25.93702,25.79685
8258,2014-03-28 05:00:00,0.0,26.84653,26.21162,27.82932,24.36565,25.93702
8259,2014-03-28 05:15:00,0.0,27.34745,26.84653,26.21162,27.82932,24.36565
8260,2014-03-28 05:30:00,0.0,24.57527,27.34745,26.84653,26.21162,27.82932
8261,2014-03-28 05:45:00,0.0,27.27992,24.57527,27.34745,26.84653,26.21162
8262,2014-03-28 06:00:00,0.0,27.36049,27.27992,24.57527,27.34745,26.84653
8263,2014-03-28 06:15:00,0.0,27.24091,27.36049,27.27992,24.57527,27.34745
8264,2014-03-28 06:30:00,0.0,29.66189,27.24091,27.36049,27.27992,24.57527
8265,2014-03-28 06:45:00,0.0,27.90483,29.66189,27.24091,27.36049,27.27992
8266,2014-03-28 07:00:00,0.0,28.5885,27.90483,29.66189,27.24091,27.36049
8267,2014-03-28 07:15:00,0.0,30.7215,28.5885,27.90483,29.66189,27.24091
8268,2014-03-28 07:30:00,0.0,28.09395,30.7215,28.5885,27.90483,29.66189
8269,2014-03-28 07:45:00,0.0,31.19784,28.09395,30.7215,28.5885,27.90483
8270,2014-03-28 08:00:00,0.0,29.04819,31.19784,28.09395,30.7215,28.5885
8271,2014-03-28 08:15:00,0.0,30.85515,29.04819,31.19784,28.09395,30.7215
8272,2014-03-28 08:30:00,0.0,28.39518,30.85515,29.04819,31.19784,28.09395
8273,2014-03-28 08:45:00,0.0,29.11391,28.39518,30.85515,29.04819,31.19784
8274,2014-03-28 09:00:00,0.0,31.66703,29.11391,28.39518,30.85515,29.04819
8275,2014-03-28 09:15:00,0.0,30.77362,31.66703,29.11391,28.39518,30.85515
8276,2014-03-28 09:30:00,0.0,33.48938,30.77362,31.66703,29.11391,28.39518
8277,2014-03-28 09:45:00,0.0,33.28934,33.48938,30.77362,31.66703,29.11391
8278,2014-03-28 10:00:00,0.0,28.36098,33.28934,33.48938,30.77362,31.66703
8279,2014-03-28 10:15:00,0.0,32.49864,28.36098,33.28934,33.48938,30.77362
8280,2014-03-28 10:30:00,0.0,31.86877,32.49864,28.36098,33.28934,33.48938
8281,2014-03-28 10:45:00,0.0,32.80559,31.86877,32.49864,28.36098,33.28934
8282,2014-03-28 11:00:00,0.0,34.20737,32.80559,31.86877,32.49864,28.36098
8283,2014-03-28 11:15:00,0.0,31.01339,34.20737,32.80559,31.86877,32.49864
8284,2014-03-28 11:30:00,0.0,32.07191,31.01339,34.20737,32.80559,31.86877
8285,2014-03-28 11:45:00,0.0,34.03123,32.07191,31.01339,34.20737,32.80559
8286,2014-03-28 12:00:00,0.0,33.09062,34.03123,32.07191,31.01339,34.20737
8287,2014-03-28 12:15:00,0.0,35.43542,33.09062,34.03123,32.07191,31.01339
8288,2014-03-28 12:30:00,0.0,34.43596,35.43542,33.09062,34.03123,32.07191
8289,2014-03-28 12:45:00,0.0,34.63898,34.43596,35.43542,33.09062,34.03123
8290,2014-03-28 13:00:00,0.0,34.20915,34.63898,34.43596,35.43542,33.09062
8291,2014-03-28 13:15:00,0.0,34.16746,34.20915,34.63898,34.43596,35.43542
8292,2014-03-28 13:30:00,0.0,32.7282,34.16746,34.20915,34.63898,34.43596
8293,2014-03-28 13:45:00,0.0,36.06981,32.7282,34.16746,34.20915,34.63898
8294,2014-03-28 14:00:00,0.0,33.36639,36.06981,32.7282,34.16746,34.20915
8295,2014-03-28 14:15:00,0.0,36.23403,33.36639,36.06981,32.7282,34.16746
8296,2014-03-28 14:30:00,0.0,35.17978,36.23403,33.36639,36.06981,32.7282
8297,2014-03-28 14:45:00,0.0,38.39212,35.17978,36.23403,33.36639,36.06981
8298,2014-03-28 15:00:00,0.0,35.79847,38.39212,35.17978,36.23403,33.36639
8299,2014-03-28 15:15:00,0.0,34.8672,35.79847,38.39212,35.17978,36.23403
8300,2014-03-28 15:30:00,0.0,33.83201,34.8672,35.79847,38.39212,35.17978
8301,2014-03-28 15:45:00,0.0,34.10457,33.83201,34.8672,35.79847,38.39212
8302,2014-03-28 16:00:00,0.0,33.39423,34.10457,33.83201,34.8672,35.79847
8303,2014-03-28 16:15:00,0.0,32.93539,33.39423,34.10457,33.83201,34.8672
8304,2014-03-28 16:30:00,0.0,32.75718,32.93539,33.39423,34.10457,33.83201
8305,2014-03-28 16:45:00,0.0,32.03034,32.75718,32.93539,33.39423,34.10457
8306,2014-03-28 17:00:00,0.0,33.34069,32.03034,32.75718,32.93539,33.39423
8307,2014-03-28 17:15:00,0.0,30.70332,33.34069,32.03034,32.75718,32.93539
8308,2014-03-28 17:30:00,0.0,32.90257,30.70332,33.34069,32.03034,32.75718
8309,2014-03-28 17:45:00,0.0,30.66715,32.90257,30.70332,33.34069,32.03034
8310,2014-03-28 18:00:00,0.0,33.97778,30.66715,32.90257,30.70332,33.34069
8311,2014-03-28 18:15:00,0.0,29.4394,33.97778,30.66715,32.90257,30.70332
8312,2014-03-28 18:30:00,0.0,29.31517,29.4394,33.97778,30.66715,32.90257
8313,2014-03-28 18:45:00,0.0,29.56005,29.31517,29.4394,33.97778,30.66715
8314,2014-03-28 19:00:00,0.0,26.21893,29.56005,29.31517,29.4394,33.97778
8315,2014-03-28 19:15:00,0.0,28.19536,26.21893,29.56005,29.31517,29.4394
8316,2014-03-28 19:30:00,0.0,28.04024,28.19536,26.21893,29.56005,29.31517
8317,2014-03-28 19:45:00,0.0,28.23653,28.04024,28.19536,26.21893,29.56005
8318,2014-03-28 20:00:00,0.0,29.15638,28.23653,28.04024,28.19536,26.21893
8319,2014-03-28 20:15:00,0.0,28.06128,29.15638,28.23653,28.04024,28.19536
8320,2014-03-28 20:30:00,0.0,27.62297,28.06128,29.15638,28.23653,28.04024
8321,2014-03-28 20:45:00,0.0,28.35162,27.62297,28.06128,29.15638,28.23653
8322,2014-03-28 21:00:00,0.0,28.31054,28.35162,27.62297,28.06128,29.15638
8323,2014-03-28 21:15:00,0.0,26.38202,28.31054,28.35162,27.62297,28.06128
8324,2014-03-28 21:30:00,0.0,24.95906,26.38202,28.31054,28.35162,27.62297
8325,2014-03-28 21:45:00,0.0,26.95775,24.95906,26.38202,28.31054,28.35162
8326,2014-03-28 22:00:00,0.0,27.86698,26.95775,24.95906,26.38202,28.31054
8327,2014-03-28 22:15:00,0.0,25.72376,27.86698,26.95775,24.95906,26.38202
8328,2014-03-28 22:30:00,0.0,24.47427,25.72376,27.86698,26.95775,24.95906
8329,2014-03-28 22:45:00,0.0,26.43128,24.47427,25.72376,27.86698,26.95775
8330,2014-03-28 23:00:00,0.0,26.20198,26.43128,24.47427,25.72376,27.86698
8331,2014-03-28 23:15:00,0.0,24.51184,26.20198,26.43128,24.47427,25.72376
8332,2014-03-28 23:30:00,0.0,24.36636,24.51184,26.20198,26.43128,24.47427
8333,2014-03-28 23:45:00,0.0,26.95616,24.36636,24.51184,26.20198,26.43128
8334,2014-03-29 00:00:00,0.0,24.07001,26.95616,24.36636,24.51184,26.20198
8335,2014-03-29 00:15:00,0.0,24.897,24.07001,26.95616,24.36636,24.51184
8336,2014-03-29 00:30:00,0.0,22.91437,24.897,24.07001,26.95616,24.36636
8337,2014-03-29 00:45:00,0.0,25.32809,22.91437,24.897,24.07001,26.95616
8338,2014-03-29 01:00:00,0.0,24.65221,25.32809,22.91437,24.897,24.07001
8339,2014-03-29 01:15:00,0.0,27.21354,24.65221,25.32809,22.91437,24.897
8340,2014-03-29 01:30:00,0.0,25.12567,27.21354,24.65221,25.32809,22.91437
8341,2014-03-29 01:45:00,0.0,26.03758,25.12567,27.21354,24.65221,25.32809
8342,2014-03-29 02:00:00,0.0,23.60327,26.03758,25.12567,27.21354,24.65221
8343,2014-03-29 02:15:00,0.0,23.13104,23.60327,26.03758,25.12567,27.21354
8344,2014-03-29 02:30:00,0.0,22.95903,23.13104,23.60327,26.03758,25.12567
8345,2014-03-29 02:45:00,0.0,24.41946,22.95903,23.13104,23.60327,26.03758
8346,2014-03-29 03:00:00,0.0,25.76341,24.41946,22.95903,23.13104,23.60327
8347,2014-03-29 03:15:00,0.0,24.84734,25.76341,24.41946,22.95903,23.13104
8348,2014-03-29 03:30:00,0.0,23.43048,24.84734,25.76341,24.41946,22.95903
8349,2014-03-29 03:45:00,0.0,25.20023,23.43048,24.84734,25.76341,24.41946
8350,2014-03-29 04:00:00,0.0,24.70888,25.20023,23.43048,24.84734,25.76341
8351,2014-03-29 04:15:00,0.0,23.72234,24.70888,25.20023,23.43048,24.84734
8352,2014-03-29 04:30:00,0.0,25.02184,23.72234,24.70888,25.20023,23.43048
8353,2014-03-29 04:45:00,0.0,25.97784,25.02184,23.72234,24.70888,25.20023
8354,2014-03-29 05:00:00,0.0,25.24625,25.97784,25.02184,23.72234,24.70888
8355,2014-03-29 05:15:00,0.0,25.64159,25.24625,25.97784,25.02184,23.72234
8356,2014-03-29 05:30:00,0.0,22.53077,25.64159,25.24625,25.97784,25.02184
8357,2014-03-29 05:45:00,0.0,25.50383,22.53077,25.64159,25.24625,25.97784
8358,2014-03-29 06:00:00,0.0,24.58634,25.50383,22.53077,25.64159,25.24625
8359,2014-03-29 06:15:00,0.0,22.42421,24.58634,25.50383,22.53077,25.64159
8360,2014-03-29 06:30:00,0.0,25.06664,22.42421,24.58634,25.50383,22.53077
8361,2014-03-29 06:45:00,0.0,26.02243,25.06664,22.42421,24.58634,25.50383
8362,2014-03-29 07:00:00,0.0,24.77452,26.02243,25.06664,22.42421,24.58634
8363,2014-03-29 07:15:00,0.0,26.81587,24.77452,26.02243,25.06664,22.42421
8364,2014-03-29 07:30:00,0.0,24.94215,26.81587,24.77452,26.02243,25.06664
8365,2014-03-29 07:45:00,0.0,26.07371,24.94215,26.81587,24.77452,26.02243
8366,2014-03-29 08:00:00,0.0,25.90229,26.07371,24.94215,26.81587,24.77452
8367,2014-03-29 08:15:00,0.0,25.6165,25.90229,26.07371,24.94215,26.81587
8368,2014-03-29 08:30:00,0.0,26.92898,25.6165,25.90229,26.07371,24.94215
8369,2014-03-29 08:45:00,0.0,27.47204,26.92898,25.6165,25.90229,26.07371
8370,2014-03-29 09:00:00,0.0,24.35549,27.47204,26.92898,25.6165,25.90229
8371,2014-03-29 09:15:00,0.0,25.6601,24.35549,27.47204,26.92898,25.6165
8372,2014-03-29 09:30:00,0.0,27.67716,25.6601,24.35549,27.47204,26.92898
8373,2014-03-29 09:45:00,0.0,26.73512,27.67716,25.6601,24.35549,27.47204
8374,2014-03-29 10:00:00,0.0,26.71336,26.73512,27.67716,25.6601,24.35549
8375,2014-03-29 10:15:00,0.0,26.43198,26.71336,26.73512,27.67716,25.6601
8376,2014-03-29 10:30:00,0.0,24.37776,26.43198,26.71336,26.73512,27.67716
8377,2014-03-29 10:45:00,0.0,26.20592,24.37776,26.43198,26.71336,26.73512
8378,2014-03-29 11:00:00,0.0,24.86906,26.20592,24.37776,26.43198,26.71336
8379,2014-03-29 11:15:00,0.0,26.25183,24.86906,26.20592,24.37776,26.43198
8380,2014-03-29 11:30:00,0.0,26.20805,26.25183,24.86906,26.20592,24.37776
8381,2014-03-29 11:45:00,0.0,25.30861,26.20805,26.25183,24.86906,26.20592
8382,2014-03-29 12:00:00,0.0,25.44786,25.30861,26.20805,26.25183,24.86906
8383,2014-03-29 12:15:00,0.0,27.32467,25.44786,25.30861,26.20805,26.25183
8384,2014-03-29 12:30:00,0.0,26.07079,27.32467,25.44786,25.30861,26.20805
8385,2014-03-29 12:45:00,0.0,27.98783,26.07079,27.32467,25.44786,25.30861
8386,2014-03-29 13:00:00,0.0,25.7479,27.98783,26.07079,27.32467,25.44786
8387,2014-03-29 13:15:00,0.0,24.57455,25.7479,27.98783,26.07079,27.32467
8388,2014-03-29 13:30:00,0.0,24.26768,24.57455,25.7479,27.98783,26.07079
8389,2014-03-29 13:45:00,0.0,27.47515,24.26768,24.57455,25.7479,27.98783
8390,2014-03-29 14:00:00,0.0,26.3607,27.47515,24.26768,24.57455,25.7479
8391,2014-03-29 14:15:00,0.0,22.91574,26.3607,27.47515,24.26768,24.57455
8392,2014-03-29 14:30:00,0.0,27.14223,22.91574,26.3607,27.47515,24.26768
8393,2014-03-29 14:45:00,0.0,26.0223,27.14223,22.91574,26.3607,27.47515
8394,2014-03-29 15:00:00,0.0,26.9052,26.0223,27.14223,22.91574,26.3607
8395,2014-03-29 15:15:00,0.0,25.12916,26.9052,26.0223,27.14223,22.91574
8396,2014-03-29 15:30:00,0.0,26.64664,25.12916,26.9052,26.0223,27.14223
8397,2014-03-29 15:45:00,0.0,27.72984,26.64664,25.12916,26.9052,26.0223
8398,2014-03-29 16:00:00,0.0,25.26801,27.72984,26.64664,25.12916,26.9052
8399,2014-03-29 16:15:00,0.0,26.26158,25.26801,27.72984,26.64664,25.12916
8400,2014-03-29 16:30:00,0.0,27.63759,26.26158,25.26801,27.72984,26.64664
8401,2014-03-29 16:45:00,0.0,26.73184,27.63759,26.26158,25.26801,27.72984
8402,2014-03-29 17:00:00,0.0,23.0208,26.73184,27.63759,26.26158,25.26801
8403,2014-03-29 17:15:00,0.0,24.11681,23.0208,26.73184,27.63759,26.26158
8404,2014-03-29 17:30:00,0.0,26.59297,24.11681,23.0208,26.73184,27.63759
8405,2014-03-29 17:45:00,0.0,28.32035,26.59297,24.11681,23.0208,26.73184
8406,2014-03-29 18:00:00,0.0,25.43705,28.32035,26.59297,24.11681,23.0208
8407,2014-03-29 18:15:00,0.0,26.97373,25.43705,28.32035,26.59297,24.11681
8408,2014-03-29 18:30:00,0.0,26.33113,26.97373,25.43705,28.32035,26.59297
8409,2014-03-29 18:45:00,0.0,27.77091,26.33113,26.97373,25.43705,28.32035
8410,2014-03-29 19:00:00,0.0,26.45581,27.77091,26.33113,26.97373,25.43705
8411,2014-03-29 19:15:00,0.0,26.43889,26.45581,27.77091,26.33113,26.97373
8412,2014-03-29 19:30:00,0.0,25.75522,26.43889,26.45581,27.77091,26.33113
8413,2014-03-29 19:45:00,0.0,27.35344,25.75522,26.43889,26.45581,27.77091
8414,2014-03-29 20:00:00,0.0,25.28208,27.35344,25.75522,26.43889,26.45581
8415,2014-03-29 20:15:00,0.0,25.09514,25.28208,27.35344,25.75522,26.43889
8416,2014-03-29 20:30:00,0.0,26.35254,25.09514,25.28208,27.35344,25.75522
8417,2014-03-29 20:45:00,0.0,27.77277,26.35254,25.09514,25.28208,27.35344
8418,2014-03-29 21:00:00,0.0,26.12818,27.77277,26.35254,25.09514,25.28208
8419,2014-03-29 21:15:00,0.0,26.27606,26.12818,27.77277,26.35254,25.09514
8420,2014-03-29 21:30:00,0.0,26.76412,26.27606,26.12818,27.77277,26.35254
8421,2014-03-29 21:45:00,0.0,27.97399,26.76412,26.27606,26.12818,27.77277
8422,2014-03-29 22:00:00,0.0,25.61395,27.97399,26.76412,26.27606,26.12818
8423,2014-03-29 22:15:00,0.0,26.57433,25.61395,27.97399,26.76412,26.27606
8424,2014-03-29 22:30:00,0.0,26.3248,26.57433,25.61395,27.97399,26.76412
8425,2014-03-29 22:45:00,0.0,28.3227,26.3248,26.57433,25.61395,27.97399
8426,2014-03-29 23:00:00,0.0,25.2205,28.3227,26.3248,26.57433,25.61395
8427,2014-03-29 23:15:00,0.0,25.40151,25.2205,28.3227,26.3248,26.57433
8428,2014-03-29 23:30:00,0.0,25.14264,25.40151,25.2205,28.3227,26.3248
8429,2014-03-29 23:45:00,0.0,27.39103,25.14264,25.40151,25.2205,28.3227
8430,2014-03-30 00:00:00,0.0,26.68894,27.39103,25.14264,25.40151,25.2205
8431,2014-03-30 00:15:00,0.0,25.65308,26.68894,27.39103,25.14264,25.40151
8432,2014-03-30 00:30:00,0.0,23.83466,25.65308,26.68894,27.39103,25.14264
8433,2014-03-30 00:45:00,0.0,25.39912,23.83466,25.65308,26.68894,27.39103
8434,2014-03-30 01:00:00,0.0,24.36506,25.39912,23.83466,25.65308,26.68894
8435,2014-03-30 01:15:00,0.0,25.29861,24.36506,25.39912,23.83466,25.65308
8436,2014-03-30 01:30:00,0.0,25.90568,25.29861,24.36506,25.39912,23.83466
8437,2014-03-30 01:45:00,0.0,24.96672,25.90568,25.29861,24.36506,25.39912
8438,2014-03-30 02:00:00,0.0,25.18154,24.96672,25.90568,25.29861,24.36506
8439,2014-03-30 02:15:00,0.0,25.14162,25.18154,24.96672,25.90568,25.29861
8440,2014-03-30 02:30:00,0.0,25.22396,25.14162,25.18154,24.96672,25.90568
8441,2014-03-30 02:45:00,0.0,26.27981,25.22396,25.14162,25.18154,24.96672
8442,2014-03-30 03:00:00,0.0,27.01647,26.27981,25.22396,25.14162,25.18154
8443,2014-03-30 03:15:00,0.0,26.0218,27.01647,26.27981,25.22396,25.14162
8444,2014-03-30 03:30:00,0.0,26.35045,26.0218,27.01647,26.27981,25.22396
8445,2014-03-30 03:45:00,0.0,25.35894,26.35045,26.0218,27.01647,26.27981
8446,2014-03-30 04:00:00,0.0,25.15491,25.35894,26.35045,26.0218,27.01647
8447,2014-03-30 04:15:00,0.0,24.05322,25.15491,25.35894,26.35045,26.0218
8448,2014-03-30 04:30:00,0.0,25.88282,24.05322,25.15491,25.35894,26.35045
8449,2014-03-30 04:45:00,0.0,25.35962,25.88282,24.05322,25.15491,25.35894
8450,2014-03-30 05:00:00,0.0,27.32984,25.35962,25.88282,24.05322,25.15491
8451,2014-03-30 05:15:00,0.0,24.08395,27.32984,25.35962,25.88282,24.05322
8452,2014-03-30 05:30:00,0.0,26.12383,24.08395,27.32984,25.35962,25.88282
8453,2014-03-30 05:45:00,0.0,24.08929,26.12383,24.08395,27.32984,25.35962
8454,2014-03-30 06:00:00,0.0,27.01439,24.08929,26.12383,24.08395,27.32984
8455,2014-03-30 06:15:00,0.0,25.49211,27.01439,24.08929,26.12383,24.08395
8456,2014-03-30 06:30:00,0.0,25.58222,25.49211,27.01439,24.08929,26.12383
8457,2014-03-30 06:45:00,0.0,25.4246,25.58222,25.49211,27.01439,24.08929
8458,2014-03-30 07:00:00,0.0,25.83928,25.4246,25.58222,25.49211,27.01439
8459,2014-03-30 07:15:00,0.0,26.47615,25.83928,25.4246,25.58222,25.49211
8460,2014-03-30 07:30:00,0.0,27.04821,26.47615,25.83928,25.4246,25.58222
8461,2014-03-30 07:45:00,0.0,26.4952,27.04821,26.47615,25.83928,25.4246
8462,2014-03-30 08:00:00,0.0,27.46542,26.4952,27.04821,26.47615,25.83928
8463,2014-03-30 08:15:00,0.0,28.3741,27.46542,26.4952,27.04821,26.47615
8464,2014-03-30 08:30:00,0.0,26.29578,28.3741,27.46542,26.4952,27.04821
8465,2014-03-30 08:45:00,0.0,26.22543,26.29578,28.3741,27.46542,26.4952
8466,2014-03-30 09:00:00,0.0,26.76418,26.22543,26.29578,28.3741,27.46542
8467,2014-03-30 09:15:00,0.0,26.28275,26.76418,26.22543,26.29578,28.3741
8468,2014-03-30 09:30:00,0.0,26.53035,26.28275,26.76418,26.22543,26.29578
8469,2014-03-30 09:45:00,0.0,28.3221,26.53035,26.28275,26.76418,26.22543
8470,2014-03-30 10:00:00,0.0,24.97602,28.3221,26.53035,26.28275,26.76418
8471,2014-03-30 10:15:00,0.0,25.50089,24.97602,28.3221,26.53035,26.28275
8472,2014-03-30 10:30:00,0.0,25.73102,25.50089,24.97602,28.3221,26.53035
8473,2014-03-30 10:45:00,0.0,25.48869,25.73102,25.50089,24.97602,28.3221
8474,2014-03-30 11:00:00,0.0,26.44787,25.48869,25.73102,25.50089,24.97602
8475,2014-03-30 11:15:00,0.0,26.21548,26.44787,25.48869,25.73102,25.50089
8476,2014-03-30 11:30:00,0.0,28.9603,26.21548,26.44787,25.48869,25.73102
8477,2014-03-30 11:45:00,0.0,26.88953,28.9603,26.21548,26.44787,25.48869
8478,2014-03-30 12:00:00,0.0,27.50651,26.88953,28.9603,26.21548,26.44787
8479,2014-03-30 12:15:00,0.0,27.62709,27.50651,26.88953,28.9603,26.21548
8480,2014-03-30 12:30:00,0.0,27.2681,27.62709,27.50651,26.88953,28.9603
8481,2014-03-30 12:45:00,0.0,23.76974,27.2681,27.62709,27.50651,26.88953
8482,2014-03-30 13:00:00,0.0,25.33931,23.76974,27.2681,27.62709,27.50651
8483,2014-03-30 13:15:00,0.0,27.28113,25.33931,23.76974,27.2681,27.62709
8484,2014-03-30 13:30:00,0.0,24.85101,27.28113,25.33931,23.76974,27.2681
8485,2014-03-30 13:45:00,0.0,26.52297,24.85101,27.28113,25.33931,23.76974
8486,2014-03-30 14:00:00,0.0,26.60723,26.52297,24.85101,27.28113,25.33931
8487,2014-03-30 14:15:00,0.0,25.7382,26.60723,26.52297,24.85101,27.28113
8488,2014-03-30 14:30:00,0.0,27.49811,25.7382,26.60723,26.52297,24.85101
8489,2014-03-30 14:45:00,0.0,25.90426,27.49811,25.7382,26.60723,26.52297
8490,2014-03-30 15:00:00,0.0,28.52328,25.90426,27.49811,25.7382,26.60723
8491,2014-03-30 15:15:00,0.0,26.36187,28.52328,25.90426,27.49811,25.7382
8492,2014-03-30 15:30:00,0.0,26.4975,26.36187,28.52328,25.90426,27.49811
8493,2014-03-30 15:45:00,0.0,25.7547,26.4975,26.36187,28.52328,25.90426
8494,2014-03-30 16:00:00,0.0,27.14048,25.7547,26.4975,26.36187,28.52328
8495,2014-03-30 16:15:00,0.0,26.34278,27.14048,25.7547,26.4975,26.36187
8496,2014-03-30 16:30:00,0.0,27.5273,26.34278,27.14048,25.7547,26.4975
8497,2014-03-30 16:45:00,0.0,27.04933,27.5273,26.34278,27.14048,25.7547
8498,2014-03-30 17:00:00,0.0,25.71477,27.04933,27.5273,26.34278,27.14048
8499,2014-03-30 17:15:00,0.0,24.23284,25.71477,27.04933,27.5273,26.34278
8500,2014-03-30 17:30:00,0.0,26.02811,24.23284,25.71477,27.04933,27.5273
8501,2014-03-30 17:45:00,0.0,26.80197,26.02811,24.23284,25.71477,27.04933
8502,2014-03-30 18:00:00,0.0,26.505,26.80197,26.02811,24.23284,25.71477
8503,2014-03-30 18:15:00,0.0,26.5683,26.505,26.80197,26.02811,24.23284
8504,2014-03-30 18:30:00,0.0,27.27185,26.5683,26.505,26.80197,26.02811
8505,2014-03-30 18:45:00,0.0,26.57285,27.27185,26.5683,26.505,26.80197
8506,2014-03-30 19:00:00,0.0,25.91654,26.57285,27.27185,26.5683,26.505
8507,2014-03-30 19:15:00,0.0,26.57103,25.91654,26.57285,27.27185,26.5683
8508,2014-03-30 19:30:00,0.0,25.67905,26.57103,25.91654,26.57285,27.27185
8509,2014-03-30 19:45:00,0.0,28.39043,25.67905,26.57103,25.91654,26.57285
8510,2014-03-30 20:00:00,0.0,27.69665,28.39043,25.67905,26.57103,25.91654
8511,2014-03-30 20:15:00,0.0,26.80972,27.69665,28.39043,25.67905,26.57103
8512,2014-03-30 20:30:00,0.0,27.34656,26.80972,27.69665,28.39043,25.67905
8513,2014-03-30 20:45:00,0.0,27.90514,27.34656,26.80972,27.69665,28.39043
8514,2014-03-30 21:00:00,0.0,26.08554,27.90514,27.34656,26.80972,27.69665
8515,2014-03-30 21:15:00,0.0,26.30329,26.08554,27.90514,27.34656,26.80972
8516,2014-03-30 21:30:00,0.0,26.91527,26.30329,26.08554,27.90514,27.34656
8517,2014-03-30 21:45:00,0.0,27.55596,26.91527,26.30329,26.08554,27.90514
8518,2014-03-30 22:00:00,0.0,28.18624,27.55596,26.91527,26.30329,26.08554
8519,2014-03-30 22:15:00,0.0,25.80002,28.18624,27.55596,26.91527,26.30329
8520,2014-03-30 22:30:00,0.0,26.19181,25.80002,28.18624,27.55596,26.91527
8521,2014-03-30 22:45:00,0.0,26.84323,26.19181,25.80002,28.18624,27.55596
8522,2014-03-30 23:00:00,0.0,25.99369,26.84323,26.19181,25.80002,28.18624
8523,2014-03-30 23:15:00,0.0,26.5709,25.99369,26.84323,26.19181,25.80002
8524,2014-03-30 23:30:00,0.0,26.12461,26.5709,25.99369,26.84323,26.19181
8525,2014-03-30 23:45:00,0.0,26.84335,26.12461,26.5709,25.99369,26.84323
8526,2014-03-31 00:00:00,0.0,24.5177,26.84335,26.12461,26.5709,25.99369
8527,2014-03-31 00:15:00,0.0,26.03982,24.5177,26.84335,26.12461,26.5709
8528,2014-03-31 00:30:00,0.0,25.13769,26.03982,24.5177,26.84335,26.12461
8529,2014-03-31 00:45:00,0.0,23.70685,25.13769,26.03982,24.5177,26.84335
8530,2014-03-31 01:00:00,0.0,27.66881,23.70685,25.13769,26.03982,24.5177
8531,2014-03-31 01:15:00,0.0,25.60733,27.66881,23.70685,25.13769,26.03982
8532,2014-03-31 01:30:00,0.0,25.24602,25.60733,27.66881,23.70685,25.13769
8533,2014-03-31 01:45:00,0.0,26.09881,25.24602,25.60733,27.66881,23.70685
8534,2014-03-31 02:00:00,0.0,23.62618,26.09881,25.24602,25.60733,27.66881
8535,2014-03-31 02:15:00,0.0,23.55642,23.62618,26.09881,25.24602,25.60733
8536,2014-03-31 02:30:00,0.0,26.48649,23.55642,23.62618,26.09881,25.24602
8537,2014-03-31 02:45:00,0.0,26.68043,26.48649,23.55642,23.62618,26.09881
8538,2014-03-31 03:00:00,0.0,26.52465,26.68043,26.48649,23.55642,23.62618
8539,2014-03-31 03:15:00,0.0,24.68555,26.52465,26.68043,26.48649,23.55642
8540,2014-03-31 03:30:00,0.0,22.75724,24.68555,26.52465,26.68043,26.48649
8541,2014-03-31 03:45:00,0.0,24.2757,22.75724,24.68555,26.52465,26.68043
8542,2014-03-31 04:00:00,0.0,26.28069,24.2757,22.75724,24.68555,26.52465
8543,2014-03-31 04:15:00,0.0,25.34141,26.28069,24.2757,22.75724,24.68555
8544,2014-03-31 04:30:00,0.0,25.14282,25.34141,26.28069,24.2757,22.75724
8545,2014-03-31 04:45:00,0.0,25.11634,25.14282,25.34141,26.28069,24.2757
8546,2014-03-31 05:00:00,0.0,25.88251,25.11634,25.14282,25.34141,26.28069
8547,2014-03-31 05:15:00,0.0,24.97912,25.88251,25.11634,25.14282,25.34141
8548,2014-03-31 05:30:00,0.0,24.97931,24.97912,25.88251,25.11634,25.14282
8549,2014-03-31 05:45:00,0.0,27.66224,24.97931,24.97912,25.88251,25.11634
8550,2014-03-31 06:00:00,0.0,27.29117,27.66224,24.97931,24.97912,25.88251
8551,2014-03-31 06:15:00,0.0,27.66821,27.29117,27.66224,24.97931,24.97912
8552,2014-03-31 06:30:00,0.0,32.79498,27.66821,27.29117,27.66224,24.97931
8553,2014-03-31 06:45:00,0.0,29.66839,32.79498,27.66821,27.29117,27.66224
8554,2014-03-31 07:00:00,0.0,30.54078,29.66839,32.79498,27.66821,27.29117
8555,2014-03-31 07:15:00,0.0,30.09879,30.54078,29.66839,32.79498,27.66821
8556,2014-03-31 07:30:00,0.0,30.16334,30.09879,30.54078,29.66839,32.79498
8557,2014-03-31 07:45:00,0.0,29.9199,30.16334,30.09879,30.54078,29.66839
8558,2014-03-31 08:00:00,0.0,30.449,29.9199,30.16334,30.09879,30.54078
8559,2014-03-31 08:15:00,0.0,30.87728,30.449,29.9199,30.16334,30.09879
8560,2014-03-31 08:30:00,0.0,28.78516,30.87728,30.449,29.9199,30.16334
8561,2014-03-31 08:45:00,0.0,30.94005,28.78516,30.87728,30.449,29.9199
8562,2014-03-31 09:00:00,0.0,32.86996,30.94005,28.78516,30.87728,30.449
8563,2014-03-31 09:15:00,0.0,31.28541,32.86996,30.94005,28.78516,30.87728
8564,2014-03-31 09:30:00,0.0,32.62248,31.28541,32.86996,30.94005,28.78516
8565,2014-03-31 09:45:00,0.0,32.5191,32.62248,31.28541,32.86996,30.94005
8566,2014-03-31 10:00:00,0.0,35.50334,32.5191,32.62248,31.28541,32.86996
8567,2014-03-31 10:15:00,0.0,33.10714,35.50334,32.5191,32.62248,31.28541
8568,2014-03-31 10:30:00,0.0,34.73569,33.10714,35.50334,32.5191,32.62248
8569,2014-03-31 10:45:00,0.0,33.81146,34.73569,33.10714,35.50334,32.5191
8570,2014-03-31 11:00:00,0.0,35.59963,33.81146,34.73569,33.10714,35.50334
8571,2014-03-31 11:15:00,0.0,32.15342,35.59963,33.81146,34.73569,33.10714
8572,2014-03-31 11:30:00,0.0,34.18643,32.15342,35.59963,33.81146,34.73569
8573,2014-03-31 11:45:00,0.0,34.33824,34.18643,32.15342,35.59963,33.81146
8574,2014-03-31 12:00:00,0.0,35.03667,34.33824,34.18643,32.15342,35.59963
8575,2014-03-31 12:15:00,0.0,35.40588,35.03667,34.33824,34.18643,32.15342
8576,2014-03-31 12:30:00,0.0,35.45439,35.40588,35.03667,34.33824,34.18643
8577,2014-03-31 12:45:00,0.0,34.52376,35.45439,35.40588,35.03667,34.33824
8578,2014-03-31 13:00:00,0.0,32.76663,34.52376,35.45439,35.40588,35.03667
8579,2014-03-31 13:15:00,0.0,33.43067,32.76663,34.52376,35.45439,35.40588
8580,2014-03-31 13:30:00,0.0,34.18297,33.43067,32.76663,34.52376,35.45439
8581,2014-03-31 13:45:00,0.0,35.02152,34.18297,33.43067,32.76663,34.52376
8582,2014-03-31 14:00:00,0.0,34.11924,35.02152,34.18297,33.43067,32.76663
8583,2014-03-31 14:15:00,0.0,34.55207,34.11924,35.02152,34.18297,33.43067
8584,2014-03-31 14:30:00,0.0,34.72346,34.55207,34.11924,35.02152,34.18297
8585,2014-03-31 14:45:00,0.0,35.95126,34.72346,34.55207,34.11924,35.02152
8586,2014-03-31 15:00:00,0.0,35.97465,35.95126,34.72346,34.55207,34.11924
8587,2014-03-31 15:15:00,0.0,36.63535,35.97465,35.95126,34.72346,34.55207
8588,2014-03-31 15:30:00,0.0,34.03131,36.63535,35.97465,35.95126,34.72346
8589,2014-03-31 15:45:00,0.0,36.10125,34.03131,36.63535,35.97465,35.95126
8590,2014-03-31 16:00:00,0.0,35.52174,36.10125,34.03131,36.63535,35.97465
8591,2014-03-31 16:15:00,0.0,34.53663,35.52174,36.10125,34.03131,36.63535
8592,2014-03-31 16:30:00,0.0,33.82845,34.53663,35.52174,36.10125,34.03131
8593,2014-03-31 16:45:00,0.0,33.93444,33.82845,34.53663,35.52174,36.10125
8594,2014-03-31 17:00:00,0.0,32.97989,33.93444,33.82845,34.53663,35.52174
8595,2014-03-31 17:15:00,0.0,32.62846,32.97989,33.93444,33.82845,34.53663
8596,2014-03-31 17:30:00,0.0,30.92123,32.62846,32.97989,33.93444,33.82845
8597,2014-03-31 17:45:00,0.0,32.82551,30.92123,32.62846,32.97989,33.93444
8598,2014-03-31 18:00:00,0.0,31.27123,32.82551,30.92123,32.62846,32.97989
8599,2014-03-31 18:15:00,0.0,29.62837,31.27123,32.82551,30.92123,32.62846
8600,2014-03-31 18:30:00,0.0,28.37893,29.62837,31.27123,32.82551,30.92123
8601,2014-03-31 18:45:00,0.0,28.15089,28.37893,29.62837,31.27123,32.82551
8602,2014-03-31 19:00:00,0.0,29.06354,28.15089,28.37893,29.62837,31.27123
8603,2014-03-31 19:15:00,0.0,27.99082,29.06354,28.15089,28.37893,29.62837
8604,2014-03-31 19:30:00,0.0,28.89539,27.99082,29.06354,28.15089,28.37893
8605,2014-03-31 19:45:00,0.0,29.5244,28.89539,27.99082,29.06354,28.15089
8606,2014-03-31 20:00:00,0.0,28.61726,29.5244,28.89539,27.99082,29.06354
8607,2014-03-31 20:15:00,0.0,26.4919,28.61726,29.5244,28.89539,27.99082
8608,2014-03-31 20:30:00,0.0,28.33785,26.4919,28.61726,29.5244,28.89539
8609,2014-03-31 20:45:00,0.0,28.30617,28.33785,26.4919,28.61726,29.5244
8610,2014-03-31 21:00:00,0.0,28.56339,28.30617,28.33785,26.4919,28.61726
8611,2014-03-31 21:15:00,0.0,26.78862,28.56339,28.30617,28.33785,26.4919
8612,2014-03-31 21:30:00,0.0,27.37132,26.78862,28.56339,28.30617,28.33785
8613,2014-03-31 21:45:00,0.0,28.33029,27.37132,26.78862,28.56339,28.30617
8614,2014-03-31 22:00:00,0.0,27.72267,28.33029,27.37132,26.78862,28.56339
8615,2014-03-31 22:15:00,0.0,28.19969,27.72267,28.33029,27.37132,26.78862
8616,2014-03-31 22:30:00,0.0,27.75356,28.19969,27.72267,28.33029,27.37132
8617,2014-03-31 22:45:00,0.0,25.47514,27.75356,28.19969,27.72267,28.33029
8618,2014-03-31 23:00:00,0.0,26.24265,25.47514,27.75356,28.19969,27.72267
8619,2014-03-31 23:15:00,0.0,25.3192,26.24265,25.47514,27.75356,28.19969
8620,2014-03-31 23:30:00,0.0,24.38967,25.3192,26.24265,25.47514,27.75356
8621,2014-03-31 23:45:00,0.0,27.39207,24.38967,25.3192,26.24265,25.47514
8622,2014-04-01 00:00:00,0.0,26.35388,27.39207,24.38967,25.3192,26.24265
8623,2014-04-01 00:15:00,0.0,23.2941,26.35388,27.39207,24.38967,25.3192
8624,2014-04-01 00:30:00,0.0,25.94536,23.2941,26.35388,27.39207,24.38967
8625,2014-04-01 00:45:00,0.0,24.20081,25.94536,23.2941,26.35388,27.39207
8626,2014-04-01 01:00:00,0.0,25.17642,24.20081,25.94536,23.2941,26.35388
8627,2014-04-01 01:15:00,0.0,26.12711,25.17642,24.20081,25.94536,23.2941
8628,2014-04-01 01:30:00,0.0,24.16844,26.12711,25.17642,24.20081,25.94536
8629,2014-04-01 01:45:00,0.0,26.81532,24.16844,26.12711,25.17642,24.20081
8630,2014-04-01 02:00:00,0.0,24.25844,26.81532,24.16844,26.12711,25.17642
8631,2014-04-01 02:15:00,0.0,25.12634,24.25844,26.81532,24.16844,26.12711
8632,2014-04-01 02:30:00,0.0,24.8198,25.12634,24.25844,26.81532,24.16844
8633,2014-04-01 02:45:00,0.0,25.96016,24.8198,25.12634,24.25844,26.81532
8634,2014-04-01 03:00:00,0.0,26.22941,25.96016,24.8198,25.12634,24.25844
8635,2014-04-01 03:15:00,0.0,26.51356,26.22941,25.96016,24.8198,25.12634
8636,2014-04-01 03:30:00,0.0,24.29112,26.51356,26.22941,25.96016,24.8198
8637,2014-04-01 03:45:00,0.0,24.82253,24.29112,26.51356,26.22941,25.96016
8638,2014-04-01 04:00:00,0.0,26.09373,24.82253,24.29112,26.51356,26.22941
8639,2014-04-01 04:15:00,0.0,23.96455,26.09373,24.82253,24.29112,26.51356
8640,2014-04-01 04:30:00,0.0,26.05483,23.96455,26.09373,24.82253,24.29112
8641,2014-04-01 04:45:00,0.0,27.05935,26.05483,23.96455,26.09373,24.82253
8642,2014-04-01 05:00:00,0.0,26.20136,27.05935,26.05483,23.96455,26.09373
8643,2014-04-01 05:15:00,0.0,25.94625,26.20136,27.05935,26.05483,23.96455
8644,2014-04-01 05:30:00,0.0,24.1486,25.94625,26.20136,27.05935,26.05483
8645,2014-04-01 05:45:00,0.0,26.66089,24.1486,25.94625,26.20136,27.05935
8646,2014-04-01 06:00:00,0.0,26.81686,26.66089,24.1486,25.94625,26.20136
8647,2014-04-01 06:15:00,0.0,28.71999,26.81686,26.66089,24.1486,25.94625
8648,2014-04-01 06:30:00,0.0,32.53956,28.71999,26.81686,26.66089,24.1486
8649,2014-04-01 06:45:00,0.0,31.76007,32.53956,28.71999,26.81686,26.66089
8650,2014-04-01 07:00:00,0.0,26.58538,31.76007,32.53956,28.71999,26.81686
8651,2014-04-01 07:15:00,0.0,29.59301,26.58538,31.76007,32.53956,28.71999
8652,2014-04-01 07:30:00,0.0,28.75233,29.59301,26.58538,31.76007,32.53956
8653,2014-04-01 07:45:00,0.0,29.80835,28.75233,29.59301,26.58538,31.76007
8654,2014-04-01 08:00:00,0.0,32.45284,29.80835,28.75233,29.59301,26.58538
8655,2014-04-01 08:15:00,0.0,29.93732,32.45284,29.80835,28.75233,29.59301
8656,2014-04-01 08:30:00,0.0,30.71716,29.93732,32.45284,29.80835,28.75233
8657,2014-04-01 08:45:00,0.0,31.96279,30.71716,29.93732,32.45284,29.80835
8658,2014-04-01 09:00:00,0.0,30.06651,31.96279,30.71716,29.93732,32.45284
8659,2014-04-01 09:15:00,0.0,31.82409,30.06651,31.96279,30.71716,29.93732
8660,2014-04-01 09:30:00,0.0,32.13238,31.82409,30.06651,31.96279,30.71716
8661,2014-04-01 09:45:00,0.0,33.5737,32.13238,31.82409,30.06651,31.96279
8662,2014-04-01 10:00:00,0.0,34.90631,33.5737,32.13238,31.82409,30.06651
8663,2014-04-01 10:15:00,0.0,33.07727,34.90631,33.5737,32.13238,31.82409
8664,2014-04-01 10:30:00,0.0,34.34075,33.07727,34.90631,33.5737,32.13238
8665,2014-04-01 10:45:00,0.0,33.86733,34.34075,33.07727,34.90631,33.5737
8666,2014-04-01 11:00:00,0.0,35.87787,33.86733,34.34075,33.07727,34.90631
8667,2014-04-01 11:15:00,0.0,34.64081,35.87787,33.86733,34.34075,33.07727
8668,2014-04-01 11:30:00,0.0,36.75253,34.64081,35.87787,33.86733,34.34075
8669,2014-04-01 11:45:00,0.0,36.07999,36.75253,34.64081,35.87787,33.86733
8670,2014-04-01 12:00:00,0.0,33.77705,36.07999,36.75253,34.64081,35.87787
8671,2014-04-01 12:15:00,0.0,35.61995,33.77705,36.07999,36.75253,34.64081
8672,2014-04-01 12:30:00,0.0,36.76362,35.61995,33.77705,36.07999,36.75253
8673,2014-04-01 12:45:00,0.0,34.9796,36.76362,35.61995,33.77705,36.07999
8674,2014-04-01 13:00:00,0.0,35.12965,34.9796,36.76362,35.61995,33.77705
8675,2014-04-01 13:15:00,0.0,34.00282,35.12965,34.9796,36.76362,35.61995
8676,2014-04-01 13:30:00,0.0,36.00539,34.00282,35.12965,34.9796,36.76362
8677,2014-04-01 13:45:00,0.0,37.52534,36.00539,34.00282,35.12965,34.9796
8678,2014-04-01 14:00:00,0.0,34.61439,37.52534,36.00539,34.00282,35.12965
8679,2014-04-01 14:15:00,0.0,36.12667,34.61439,37.52534,36.00539,34.00282
8680,2014-04-01 14:30:00,0.0,35.74029,36.12667,34.61439,37.52534,36.00539
8681,2014-04-01 14:45:00,0.0,34.91415,35.74029,36.12667,34.61439,37.52534
8682,2014-04-01 15:00:00,0.0,36.16702,34.91415,35.74029,36.12667,34.61439
8683,2014-04-01 15:15:00,0.0,33.98637,36.16702,34.91415,35.74029,36.12667
8684,2014-04-01 15:30:00,0.0,34.65604,33.98637,36.16702,34.91415,35.74029
8685,2014-04-01 15:45:00,0.0,35.14435,34.65604,33.98637,36.16702,34.91415
8686,2014-04-01 16:00:00,0.0,35.83507,35.14435,34.65604,33.98637,36.16702
8687,2014-04-01 16:15:00,0.0,36.28573,35.83507,35.14435,34.65604,33.98637
8688,2014-04-01 16:30:00,0.0,36.01075,36.28573,35.83507,35.14435,34.65604
8689,2014-04-01 16:45:00,0.0,34.04181,36.01075,36.28573,35.83507,35.14435
8690,2014-04-01 17:00:00,0.0,34.26821,34.04181,36.01075,36.28573,35.83507
8691,2014-04-01 17:15:00,0.0,33.60272,34.26821,34.04181,36.01075,36.28573
8692,2014-04-01 17:30:00,0.0,32.42633,33.60272,34.26821,34.04181,36.01075
8693,2014-04-01 17:45:00,0.0,33.64216,32.42633,33.60272,34.26821,34.04181
8694,2014-04-01 18:00:00,0.0,31.41369,33.64216,32.42633,33.60272,34.26821
8695,2014-04-01 18:15:00,0.0,29.24428,31.41369,33.64216,32.42633,33.60272
8696,2014-04-01 18:30:00,0.0,28.97301,29.24428,31.41369,33.64216,32.42633
8697,2014-04-01 18:45:00,0.0,28.60317,28.97301,29.24428,31.41369,33.64216
8698,2014-04-01 19:00:00,0.0,29.76906,28.60317,28.97301,29.24428,31.41369
8699,2014-04-01 19:15:00,0.0,27.35242,29.76906,28.60317,28.97301,29.24428
8700,2014-04-01 19:30:00,0.0,28.28894,27.35242,29.76906,28.60317,28.97301
8701,2014-04-01 19:45:00,0.0,27.31521,28.28894,27.35242,29.76906,28.60317
8702,2014-04-01 20:00:00,0.0,28.08184,27.31521,28.28894,27.35242,29.76906
8703,2014-04-01 20:15:00,0.0,27.14109,28.08184,27.31521,28.28894,27.35242
8704,2014-04-01 20:30:00,0.0,26.29512,27.14109,28.08184,27.31521,28.28894
8705,2014-04-01 20:45:00,0.0,28.13027,26.29512,27.14109,28.08184,27.31521
8706,2014-04-01 21:00:00,0.0,29.10938,28.13027,26.29512,27.14109,28.08184
8707,2014-04-01 21:15:00,0.0,26.40606,29.10938,28.13027,26.29512,27.14109
8708,2014-04-01 21:30:00,0.0,27.58542,26.40606,29.10938,28.13027,26.29512
8709,2014-04-01 21:45:00,0.0,28.50034,27.58542,26.40606,29.10938,28.13027
8710,2014-04-01 22:00:00,0.0,25.25901,28.50034,27.58542,26.40606,29.10938
8711,2014-04-01 22:15:00,0.0,27.02514,25.25901,28.50034,27.58542,26.40606
8712,2014-04-01 22:30:00,0.0,26.48414,27.02514,25.25901,28.50034,27.58542
8713,2014-04-01 22:45:00,0.0,27.36195,26.48414,27.02514,25.25901,28.50034
8714,2014-04-01 23:00:00,0.0,26.27076,27.36195,26.48414,27.02514,25.25901
8715,2014-04-01 23:15:00,0.0,25.66779,26.27076,27.36195,26.48414,27.02514
8716,2014-04-01 23:30:00,0.0,26.10194,25.66779,26.27076,27.36195,26.48414
8717,2014-04-01 23:45:00,0.0,25.65429,26.10194,25.66779,26.27076,27.36195
8718,2014-04-02 00:00:00,0.0,26.20138,25.65429,26.10194,25.66779,26.27076
8719,2014-04-02 00:15:00,0.0,25.06766,26.20138,25.65429,26.10194,25.66779
8720,2014-04-02 00:30:00,0.0,25.59016,25.06766,26.20138,25.65429,26.10194
8721,2014-04-02 00:45:00,0.0,25.94084,25.59016,25.06766,26.20138,25.65429
8722,2014-04-02 01:00:00,0.0,26.57221,25.94084,25.59016,25.06766,26.20138
8723,2014-04-02 01:15:00,0.0,26.87691,26.57221,25.94084,25.59016,25.06766
8724,2014-04-02 01:30:00,0.0,25.89144,26.87691,26.57221,25.94084,25.59016
8725,2014-04-02 01:45:00,0.0,25.87531,25.89144,26.87691,26.57221,25.94084
8726,2014-04-02 02:00:00,0.0,25.00197,25.87531,25.89144,26.87691,26.57221
8727,2014-04-02 02:15:00,0.0,25.78335,25.00197,25.87531,25.89144,26.87691
8728,2014-04-02 02:30:00,0.0,27.4687,25.78335,25.00197,25.87531,25.89144
8729,2014-04-02 02:45:00,0.0,26.40885,27.4687,25.78335,25.00197,25.87531
8730,2014-04-02 03:00:00,0.0,26.51111,26.40885,27.4687,25.78335,25.00197
8731,2014-04-02 03:15:00,0.0,26.47175,26.51111,26.40885,27.4687,25.78335
8732,2014-04-02 03:30:00,0.0,25.73982,26.47175,26.51111,26.40885,27.4687
8733,2014-04-02 03:45:00,0.0,26.00078,25.73982,26.47175,26.51111,26.40885
8734,2014-04-02 04:00:00,0.0,26.5372,26.00078,25.73982,26.47175,26.51111
8735,2014-04-02 04:15:00,0.0,26.27927,26.5372,26.00078,25.73982,26.47175
8736,2014-04-02 04:30:00,0.0,26.19499,26.27927,26.5372,26.00078,25.73982
8737,2014-04-02 04:45:00,0.0,27.37337,26.19499,26.27927,26.5372,26.00078
8738,2014-04-02 05:00:00,0.0,26.14663,27.37337,26.19499,26.27927,26.5372
8739,2014-04-02 05:15:00,0.0,25.52553,26.14663,27.37337,26.19499,26.27927
8740,2014-04-02 05:30:00,0.0,26.96612,25.52553,26.14663,27.37337,26.19499
8741,2014-04-02 05:45:00,0.0,28.04151,26.96612,25.52553,26.14663,27.37337
8742,2014-04-02 06:00:00,0.0,27.13718,28.04151,26.96612,25.52553,26.14663
8743,2014-04-02 06:15:00,0.0,30.35796,27.13718,28.04151,26.96612,25.52553
8744,2014-04-02 06:30:00,0.0,32.42658,30.35796,27.13718,28.04151,26.96612
8745,2014-04-02 06:45:00,0.0,31.17402,32.42658,30.35796,27.13718,28.04151
8746,2014-04-02 07:00:00,0.0,30.71257,31.17402,32.42658,30.35796,27.13718
8747,2014-04-02 07:15:00,0.0,31.07473,30.71257,31.17402,32.42658,30.35796
8748,2014-04-02 07:30:00,0.0,30.44341,31.07473,30.71257,31.17402,32.42658
8749,2014-04-02 07:45:00,0.0,31.11113,30.44341,31.07473,30.71257,31.17402
8750,2014-04-02 08:00:00,0.0,30.37334,31.11113,30.44341,31.07473,30.71257
8751,2014-04-02 08:15:00,0.0,31.80178,30.37334,31.11113,30.44341,31.07473
8752,2014-04-02 08:30:00,0.0,29.1445,31.80178,30.37334,31.11113,30.44341
8753,2014-04-02 08:45:00,0.0,34.30414,29.1445,31.80178,30.37334,31.11113
8754,2014-04-02 09:00:00,0.0,32.91461,34.30414,29.1445,31.80178,30.37334
8755,2014-04-02 09:15:00,0.0,30.72558,32.91461,34.30414,29.1445,31.80178
8756,2014-04-02 09:30:00,0.0,33.90538,30.72558,32.91461,34.30414,29.1445
8757,2014-04-02 09:45:00,0.0,32.26225,33.90538,30.72558,32.91461,34.30414
8758,2014-04-02 10:00:00,0.0,33.03488,32.26225,33.90538,30.72558,32.91461
8759,2014-04-02 10:15:00,0.0,34.67231,33.03488,32.26225,33.90538,30.72558
8760,2014-04-02 10:30:00,0.0,34.51229,34.67231,33.03488,32.26225,33.90538
8761,2014-04-02 10:45:00,0.0,37.12649,34.51229,34.67231,33.03488,32.26225
8762,2014-04-02 11:00:00,0.0,33.49667,37.12649,34.51229,34.67231,33.03488
8763,2014-04-02 11:15:00,0.0,34.89591,33.49667,37.12649,34.51229,34.67231
8764,2014-04-02 11:30:00,0.0,32.99544,34.89591,33.49667,37.12649,34.51229
8765,2014-04-02 11:45:00,0.0,36.35836,32.99544,34.89591,33.49667,37.12649
8766,2014-04-02 12:00:00,0.0,36.62087,36.35836,32.99544,34.89591,33.49667
8767,2014-04-02 12:15:00,0.0,33.59769,36.62087,36.35836,32.99544,34.89591
8768,2014-04-02 12:30:00,0.0,36.88322,33.59769,36.62087,36.35836,32.99544
8769,2014-04-02 12:45:00,0.0,33.43993,36.88322,33.59769,36.62087,36.35836
8770,2014-04-02 13:00:00,0.0,34.96954,33.43993,36.88322,33.59769,36.62087
8771,2014-04-02 13:15:00,0.0,31.03413,34.96954,33.43993,36.88322,33.59769
8772,2014-04-02 13:30:00,0.0,35.3779,31.03413,34.96954,33.43993,36.88322
8773,2014-04-02 13:45:00,0.0,34.71284,35.3779,31.03413,34.96954,33.43993
8774,2014-04-02 14:00:00,0.0,35.22659,34.71284,35.3779,31.03413,34.96954
8775,2014-04-02 14:15:00,0.0,33.04749,35.22659,34.71284,35.3779,31.03413
8776,2014-04-02 14:30:00,0.0,35.50647,33.04749,35.22659,34.71284,35.3779
8777,2014-04-02 14:45:00,0.0,36.73094,35.50647,33.04749,35.22659,34.71284
8778,2014-04-02 15:00:00,0.0,33.39862,36.73094,35.50647,33.04749,35.22659
8779,2014-04-02 15:15:00,0.0,34.79634,33.39862,36.73094,35.50647,33.04749
8780,2014-04-02 15:30:00,0.0,33.99212,34.79634,33.39862,36.73094,35.50647
8781,2014-04-02 15:45:00,0.0,34.73838,33.99212,34.79634,33.39862,36.73094
8782,2014-04-02 16:00:00,0.0,34.11309,34.73838,33.99212,34.79634,33.39862
8783,2014-04-02 16:15:00,0.0,34.19087,34.11309,34.73838,33.99212,34.79634
8784,2014-04-02 16:30:00,0.0,35.6628,34.19087,34.11309,34.73838,33.99212
8785,2014-04-02 16:45:00,0.0,34.62293,35.6628,34.19087,34.11309,34.73838
8786,2014-04-02 17:00:00,0.0,31.92831,34.62293,35.6628,34.19087,34.11309
8787,2014-04-02 17:15:00,0.0,32.54221,31.92831,34.62293,35.6628,34.19087
8788,2014-04-02 17:30:00,0.0,32.01724,32.54221,31.92831,34.62293,35.6628
8789,2014-04-02 17:45:00,0.0,32.40738,32.01724,32.54221,31.92831,34.62293
8790,2014-04-02 18:00:00,0.0,31.60257,32.40738,32.01724,32.54221,31.92831
8791,2014-04-02 18:15:00,0.0,31.994,31.60257,32.40738,32.01724,32.54221
8792,2014-04-02 18:30:00,0.0,30.69921,31.994,31.60257,32.40738,32.01724
8793,2014-04-02 18:45:00,0.0,30.2152,30.69921,31.994,31.60257,32.40738
8794,2014-04-02 19:00:00,0.0,29.53076,30.2152,30.69921,31.994,31.60257
8795,2014-04-02 19:15:00,0.0,28.91189,29.53076,30.2152,30.69921,31.994
8796,2014-04-02 19:30:00,0.0,26.47299,28.91189,29.53076,30.2152,30.69921
8797,2014-04-02 19:45:00,0.0,30.58394,26.47299,28.91189,29.53076,30.2152
8798,2014-04-02 20:00:00,0.0,29.80699,30.58394,26.47299,28.91189,29.53076
8799,2014-04-02 20:15:00,0.0,29.02231,29.80699,30.58394,26.47299,28.91189
8800,2014-04-02 20:30:00,0.0,28.24662,29.02231,29.80699,30.58394,26.47299
8801,2014-04-02 20:45:00,0.0,29.29865,28.24662,29.02231,29.80699,30.58394
8802,2014-04-02 21:00:00,0.0,28.52659,29.29865,28.24662,29.02231,29.80699
8803,2014-04-02 21:15:00,0.0,26.82353,28.52659,29.29865,28.24662,29.02231
8804,2014-04-02 21:30:00,0.0,28.63431,26.82353,28.52659,29.29865,28.24662
8805,2014-04-02 21:45:00,0.0,28.07506,28.63431,26.82353,28.52659,29.29865
8806,2014-04-02 22:00:00,0.0,26.86147,28.07506,28.63431,26.82353,28.52659
8807,2014-04-02 22:15:00,0.0,27.84824,26.86147,28.07506,28.63431,26.82353
8808,2014-04-02 22:30:00,0.0,24.00703,27.84824,26.86147,28.07506,28.63431
8809,2014-04-02 22:45:00,0.0,27.85303,24.00703,27.84824,26.86147,28.07506
8810,2014-04-02 23:00:00,0.0,27.42923,27.85303,24.00703,27.84824,26.86147
8811,2014-04-02 23:15:00,0.0,25.95938,27.42923,27.85303,24.00703,27.84824
8812,2014-04-02 23:30:00,0.0,24.99434,25.95938,27.42923,27.85303,24.00703
8813,2014-04-02 23:45:00,0.0,25.40933,24.99434,25.95938,27.42923,27.85303
8814,2014-04-03 00:00:00,0.0,25.47779,25.40933,24.99434,25.95938,27.42923
8815,2014-04-03 00:15:00,0.0,23.80814,25.47779,25.40933,24.99434,25.95938
8816,2014-04-03 00:30:00,0.0,25.59024,23.80814,25.47779,25.40933,24.99434
8817,2014-04-03 00:45:00,0.0,27.15066,25.59024,23.80814,25.47779,25.40933
8818,2014-04-03 01:00:00,0.0,26.34271,27.15066,25.59024,23.80814,25.47779
8819,2014-04-03 01:15:00,0.0,24.56464,26.34271,27.15066,25.59024,23.80814
8820,2014-04-03 01:30:00,0.0,24.74347,24.56464,26.34271,27.15066,25.59024
8821,2014-04-03 01:45:00,0.0,26.64626,24.74347,24.56464,26.34271,27.15066
8822,2014-04-03 02:00:00,0.0,26.25245,26.64626,24.74347,24.56464,26.34271
8823,2014-04-03 02:15:00,0.0,27.66776,26.25245,26.64626,24.74347,24.56464
8824,2014-04-03 02:30:00,0.0,25.15338,27.66776,26.25245,26.64626,24.74347
8825,2014-04-03 02:45:00,0.0,26.10408,25.15338,27.66776,26.25245,26.64626
8826,2014-04-03 03:00:00,0.0,25.75325,26.10408,25.15338,27.66776,26.25245
8827,2014-04-03 03:15:00,0.0,25.84932,25.75325,26.10408,25.15338,27.66776
8828,2014-04-03 03:30:00,0.0,25.53092,25.84932,25.75325,26.10408,25.15338
8829,2014-04-03 03:45:00,0.0,26.00042,25.53092,25.84932,25.75325,26.10408
8830,2014-04-03 04:00:00,0.0,25.05098,26.00042,25.53092,25.84932,25.75325
8831,2014-04-03 04:15:00,0.0,24.29593,25.05098,26.00042,25.53092,25.84932
8832,2014-04-03 04:30:00,0.0,25.3137,24.29593,25.05098,26.00042,25.53092
8833,2014-04-03 04:45:00,0.0,24.15895,25.3137,24.29593,25.05098,26.00042
8834,2014-04-03 05:00:00,0.0,22.02373,24.15895,25.3137,24.29593,25.05098
8835,2014-04-03 05:15:00,0.0,25.8155,22.02373,24.15895,25.3137,24.29593
8836,2014-04-03 05:30:00,0.0,26.79978,25.8155,22.02373,24.15895,25.3137
8837,2014-04-03 05:45:00,0.0,27.89777,26.79978,25.8155,22.02373,24.15895
8838,2014-04-03 06:00:00,0.0,26.98349,27.89777,26.79978,25.8155,22.02373
8839,2014-04-03 06:15:00,0.0,29.51369,26.98349,27.89777,26.79978,25.8155
8840,2014-04-03 06:30:00,0.0,30.89629,29.51369,26.98349,27.89777,26.79978
8841,2014-04-03 06:45:00,0.0,30.28466,30.89629,29.51369,26.98349,27.89777
8842,2014-04-03 07:00:00,0.0,29.26799,30.28466,30.89629,29.51369,26.98349
8843,2014-04-03 07:15:00,0.0,30.97879,29.26799,30.28466,30.89629,29.51369
8844,2014-04-03 07:30:00,0.0,29.6285,30.97879,29.26799,30.28466,30.89629
8845,2014-04-03 07:45:00,0.0,31.4099,29.6285,30.97879,29.26799,30.28466
8846,2014-04-03 08:00:00,0.0,29.87102,31.4099,29.6285,30.97879,29.26799
8847,2014-04-03 08:15:00,0.0,32.13414,29.87102,31.4099,29.6285,30.97879
8848,2014-04-03 08:30:00,0.0,32.63194,32.13414,29.87102,31.4099,29.6285
8849,2014-04-03 08:45:00,0.0,30.67091,32.63194,32.13414,29.87102,31.4099
8850,2014-04-03 09:00:00,0.0,32.44943,30.67091,32.63194,32.13414,29.87102
8851,2014-04-03 09:15:00,0.0,32.7214,32.44943,30.67091,32.63194,32.13414
8852,2014-04-03 09:30:00,0.0,33.42688,32.7214,32.44943,30.67091,32.63194
8853,2014-04-03 09:45:00,0.0,33.20674,33.42688,32.7214,32.44943,30.67091
8854,2014-04-03 10:00:00,0.0,35.42573,33.20674,33.42688,32.7214,32.44943
8855,2014-04-03 10:15:00,0.0,35.15947,35.42573,33.20674,33.42688,32.7214
8856,2014-04-03 10:30:00,0.0,37.20459,35.15947,35.42573,33.20674,33.42688
8857,2014-04-03 10:45:00,0.0,37.2088,37.20459,35.15947,35.42573,33.20674
8858,2014-04-03 11:00:00,0.0,36.23288,37.2088,37.20459,35.15947,35.42573
8859,2014-04-03 11:15:00,0.0,35.63091,36.23288,37.2088,37.20459,35.15947
8860,2014-04-03 11:30:00,0.0,35.38788,35.63091,36.23288,37.2088,37.20459
8861,2014-04-03 11:45:00,0.0,38.0184,35.38788,35.63091,36.23288,37.2088
8862,2014-04-03 12:00:00,0.0,36.09807,38.0184,35.38788,35.63091,36.23288
8863,2014-04-03 12:15:00,0.0,36.44064,36.09807,38.0184,35.38788,35.63091
8864,2014-04-03 12:30:00,0.0,38.22423,36.44064,36.09807,38.0184,35.38788
8865,2014-04-03 12:45:00,0.0,35.69003,38.22423,36.44064,36.09807,38.0184
8866,2014-04-03 13:00:00,0.0,36.48794,35.69003,38.22423,36.44064,36.09807
8867,2014-04-03 13:15:00,0.0,35.77603,36.48794,35.69003,38.22423,36.44064
8868,2014-04-03 13:30:00,0.0,34.9505,35.77603,36.48794,35.69003,38.22423
8869,2014-04-03 13:45:00,0.0,38.05146,34.9505,35.77603,36.48794,35.69003
8870,2014-04-03 14:00:00,0.0,35.92578,38.05146,34.9505,35.77603,36.48794
8871,2014-04-03 14:15:00,0.0,36.26002,35.92578,38.05146,34.9505,35.77603
8872,2014-04-03 14:30:00,0.0,36.49777,36.26002,35.92578,38.05146,34.9505
8873,2014-04-03 14:45:00,0.0,37.47786,36.49777,36.26002,35.92578,38.05146
8874,2014-04-03 15:00:00,0.0,37.13329,37.47786,36.49777,36.26002,35.92578
8875,2014-04-03 15:15:00,0.0,37.99429,37.13329,37.47786,36.49777,36.26002
8876,2014-04-03 15:30:00,0.0,36.81908,37.99429,37.13329,37.47786,36.49777
8877,2014-04-03 15:45:00,0.0,38.44617,36.81908,37.99429,37.13329,37.47786
8878,2014-04-03 16:00:00,0.0,35.21449,38.44617,36.81908,37.99429,37.13329
8879,2014-04-03 16:15:00,0.0,35.14315,35.21449,38.44617,36.81908,37.99429
8880,2014-04-03 16:30:00,0.0,34.39072,35.14315,35.21449,38.44617,36.81908
8881,2014-04-03 16:45:00,0.0,36.31005,34.39072,35.14315,35.21449,38.44617
8882,2014-04-03 17:00:00,0.0,34.59113,36.31005,34.39072,35.14315,35.21449
8883,2014-04-03 17:15:00,0.0,35.11172,34.59113,36.31005,34.39072,35.14315
8884,2014-04-03 17:30:00,0.0,34.79083,35.11172,34.59113,36.31005,34.39072
8885,2014-04-03 17:45:00,0.0,33.91318,34.79083,35.11172,34.59113,36.31005
8886,2014-04-03 18:00:00,0.0,33.37817,33.91318,34.79083,35.11172,34.59113
8887,2014-04-03 18:15:00,0.0,31.74149,33.37817,33.91318,34.79083,35.11172
8888,2014-04-03 18:30:00,0.0,31.21393,31.74149,33.37817,33.91318,34.79083
8889,2014-04-03 18:45:00,0.0,29.27426,31.21393,31.74149,33.37817,33.91318
8890,2014-04-03 19:00:00,0.0,32.09098,29.27426,31.21393,31.74149,33.37817
8891,2014-04-03 19:15:00,0.0,31.77434,32.09098,29.27426,31.21393,31.74149
8892,2014-04-03 19:30:00,0.0,30.29216,31.77434,32.09098,29.27426,31.21393
8893,2014-04-03 19:45:00,0.0,31.16737,30.29216,31.77434,32.09098,29.27426
8894,2014-04-03 20:00:00,0.0,28.89307,31.16737,30.29216,31.77434,32.09098
8895,2014-04-03 20:15:00,0.0,30.50675,28.89307,31.16737,30.29216,31.77434
8896,2014-04-03 20:30:00,0.0,30.1182,30.50675,28.89307,31.16737,30.29216
8897,2014-04-03 20:45:00,0.0,31.05328,30.1182,30.50675,28.89307,31.16737
8898,2014-04-03 21:00:00,0.0,30.54742,31.05328,30.1182,30.50675,28.89307
8899,2014-04-03 21:15:00,0.0,28.11,30.54742,31.05328,30.1182,30.50675
8900,2014-04-03 21:30:00,0.0,26.76502,28.11,30.54742,31.05328,30.1182
8901,2014-04-03 21:45:00,0.0,26.84812,26.76502,28.11,30.54742,31.05328
8902,2014-04-03 22:00:00,0.0,27.46763,26.84812,26.76502,28.11,30.54742
8903,2014-04-03 22:15:00,0.0,26.95694,27.46763,26.84812,26.76502,28.11
8904,2014-04-03 22:30:00,0.0,28.41315,26.95694,27.46763,26.84812,26.76502
8905,2014-04-03 22:45:00,0.0,27.55804,28.41315,26.95694,27.46763,26.84812
8906,2014-04-03 23:00:00,0.0,26.74662,27.55804,28.41315,26.95694,27.46763
8907,2014-04-03 23:15:00,0.0,25.66383,26.74662,27.55804,28.41315,26.95694
8908,2014-04-03 23:30:00,0.0,25.0767,25.66383,26.74662,27.55804,28.41315
8909,2014-04-03 23:45:00,0.0,25.93379,25.0767,25.66383,26.74662,27.55804
8910,2014-04-04 00:00:00,0.0,27.14905,25.93379,25.0767,25.66383,26.74662
8911,2014-04-04 00:15:00,0.0,25.70019,27.14905,25.93379,25.0767,25.66383
8912,2014-04-04 00:30:00,0.0,26.14966,25.70019,27.14905,25.93379,25.0767
8913,2014-04-04 00:45:00,0.0,25.79995,26.14966,25.70019,27.14905,25.93379
8914,2014-04-04 01:00:00,0.0,25.62939,25.79995,26.14966,25.70019,27.14905
8915,2014-04-04 01:15:00,0.0,24.94783,25.62939,25.79995,26.14966,25.70019
8916,2014-04-04 01:30:00,0.0,24.89994,24.94783,25.62939,25.79995,26.14966
8917,2014-04-04 01:45:00,0.0,26.14354,24.89994,24.94783,25.62939,25.79995
8918,2014-04-04 02:00:00,0.0,27.80238,26.14354,24.89994,24.94783,25.62939
8919,2014-04-04 02:15:00,0.0,25.54097,27.80238,26.14354,24.89994,24.94783
8920,2014-04-04 02:30:00,0.0,25.07943,25.54097,27.80238,26.14354,24.89994
8921,2014-04-04 02:45:00,0.0,26.76585,25.07943,25.54097,27.80238,26.14354
8922,2014-04-04 03:00:00,0.0,24.47712,26.76585,25.07943,25.54097,27.80238
8923,2014-04-04 03:15:00,0.0,26.22862,24.47712,26.76585,25.07943,25.54097
8924,2014-04-04 03:30:00,0.0,26.41529,26.22862,24.47712,26.76585,25.07943
8925,2014-04-04 03:45:00,0.0,28.28751,26.41529,26.22862,24.47712,26.76585
8926,2014-04-04 04:00:00,0.0,24.9266,28.28751,26.41529,26.22862,24.47712
8927,2014-04-04 04:15:00,0.0,26.29636,24.9266,28.28751,26.41529,26.22862
8928,2014-04-04 04:30:00,0.0,27.00012,26.29636,24.9266,28.28751,26.41529
8929,2014-04-04 04:45:00,0.0,25.9936,27.00012,26.29636,24.9266,28.28751
8930,2014-04-04 05:00:00,0.0,27.66961,25.9936,27.00012,26.29636,24.9266
8931,2014-04-04 05:15:00,0.0,27.83397,27.66961,25.9936,27.00012,26.29636
8932,2014-04-04 05:30:00,0.0,27.83129,27.83397,27.66961,25.9936,27.00012
8933,2014-04-04 05:45:00,0.0,26.87995,27.83129,27.83397,27.66961,25.9936
8934,2014-04-04 06:00:00,0.0,28.05207,26.87995,27.83129,27.83397,27.66961
8935,2014-04-04 06:15:00,0.0,30.11013,28.05207,26.87995,27.83129,27.83397
8936,2014-04-04 06:30:00,0.0,31.68858,30.11013,28.05207,26.87995,27.83129
8937,2014-04-04 06:45:00,0.0,31.18828,31.68858,30.11013,28.05207,26.87995
8938,2014-04-04 07:00:00,0.0,29.21819,31.18828,31.68858,30.11013,28.05207
8939,2014-04-04 07:15:00,0.0,29.52612,29.21819,31.18828,31.68858,30.11013
8940,2014-04-04 07:30:00,0.0,32.01171,29.52612,29.21819,31.18828,31.68858
8941,2014-04-04 07:45:00,0.0,30.22628,32.01171,29.52612,29.21819,31.18828
8942,2014-04-04 08:00:00,0.0,33.39784,30.22628,32.01171,29.52612,29.21819
8943,2014-04-04 08:15:00,0.0,33.62741,33.39784,30.22628,32.01171,29.52612
8944,2014-04-04 08:30:00,0.0,32.59152,33.62741,33.39784,30.22628,32.01171
8945,2014-04-04 08:45:00,0.0,33.76356,32.59152,33.62741,33.39784,30.22628
8946,2014-04-04 09:00:00,0.0,34.63099,33.76356,32.59152,33.62741,33.39784
8947,2014-04-04 09:15:00,0.0,31.601,34.63099,33.76356,32.59152,33.62741
8948,2014-04-04 09:30:00,0.0,33.64796,31.601,34.63099,33.76356,32.59152
8949,2014-04-04 09:45:00,0.0,34.04231,33.64796,31.601,34.63099,33.76356
8950,2014-04-04 10:00:00,0.0,35.89496,34.04231,33.64796,31.601,34.63099
8951,2014-04-04 10:15:00,0.0,35.28607,35.89496,34.04231,33.64796,31.601
8952,2014-04-04 10:30:00,0.0,35.24777,35.28607,35.89496,34.04231,33.64796
8953,2014-04-04 10:45:00,0.0,38.04357,35.24777,35.28607,35.89496,34.04231
8954,2014-04-04 11:00:00,0.0,34.8214,38.04357,35.24777,35.28607,35.89496
8955,2014-04-04 11:15:00,0.0,32.34969,34.8214,38.04357,35.24777,35.28607
8956,2014-04-04 11:30:00,0.0,33.73936,32.34969,34.8214,38.04357,35.24777
8957,2014-04-04 11:45:00,0.0,35.15278,33.73936,32.34969,34.8214,38.04357
8958,2014-04-04 12:00:00,0.0,33.36013,35.15278,33.73936,32.34969,34.8214
8959,2014-04-04 12:15:00,0.0,35.88207,33.36013,35.15278,33.73936,32.34969
8960,2014-04-04 12:30:00,0.0,33.83637,35.88207,33.36013,35.15278,33.73936
8961,2014-04-04 12:45:00,0.0,35.81565,33.83637,35.88207,33.36013,35.15278
8962,2014-04-04 13:00:00,0.0,34.17502,35.81565,33.83637,35.88207,33.36013
8963,2014-04-04 13:15:00,0.0,35.49574,34.17502,35.81565,33.83637,35.88207
8964,2014-04-04 13:30:00,0.0,35.49956,35.49574,34.17502,35.81565,33.83637
8965,2014-04-04 13:45:00,0.0,37.02894,35.49956,35.49574,34.17502,35.81565
8966,2014-04-04 14:00:00,0.0,36.19907,37.02894,35.49956,35.49574,34.17502
8967,2014-04-04 14:15:00,0.0,35.39426,36.19907,37.02894,35.49956,35.49574
8968,2014-04-04 14:30:00,0.0,36.01867,35.39426,36.19907,37.02894,35.49956
8969,2014-04-04 14:45:00,0.0,36.74158,36.01867,35.39426,36.19907,37.02894
8970,2014-04-04 15:00:00,0.0,35.2511,36.74158,36.01867,35.39426,36.19907
8971,2014-04-04 15:15:00,0.0,34.30185,35.2511,36.74158,36.01867,35.39426
8972,2014-04-04 15:30:00,0.0,36.32146,34.30185,35.2511,36.74158,36.01867
8973,2014-04-04 15:45:00,0.0,34.03179,36.32146,34.30185,35.2511,36.74158
8974,2014-04-04 16:00:00,0.0,35.35742,34.03179,36.32146,34.30185,35.2511
8975,2014-04-04 16:15:00,0.0,34.23571,35.35742,34.03179,36.32146,34.30185
8976,2014-04-04 16:30:00,0.0,34.12965,34.23571,35.35742,34.03179,36.32146
8977,2014-04-04 16:45:00,0.0,36.96438,34.12965,34.23571,35.35742,34.03179
8978,2014-04-04 17:00:00,0.0,35.32166,36.96438,34.12965,34.23571,35.35742
8979,2014-04-04 17:15:00,0.0,35.82099,35.32166,36.96438,34.12965,34.23571
8980,2014-04-04 17:30:00,0.0,33.86948,35.82099,35.32166,36.96438,34.12965
8981,2014-04-04 17:45:00,0.0,34.18727,33.86948,35.82099,35.32166,36.96438
8982,2014-04-04 18:00:00,0.0,34.04525,34.18727,33.86948,35.82099,35.32166
8983,2014-04-04 18:15:00,0.0,31.44716,34.04525,34.18727,33.86948,35.82099
8984,2014-04-04 18:30:00,0.0,31.50825,31.44716,34.04525,34.18727,33.86948
8985,2014-04-04 18:45:00,0.0,30.75196,31.50825,31.44716,34.04525,34.18727
8986,2014-04-04 19:00:00,0.0,30.70246,30.75196,31.50825,31.44716,34.04525
8987,2014-04-04 19:15:00,0.0,30.33575,30.70246,30.75196,31.50825,31.44716
8988,2014-04-04 19:30:00,0.0,29.27064,30.33575,30.70246,30.75196,31.50825
8989,2014-04-04 19:45:00,0.0,30.69161,29.27064,30.33575,30.70246,30.75196
8990,2014-04-04 20:00:00,0.0,28.88742,30.69161,29.27064,30.33575,30.70246
8991,2014-04-04 20:15:00,0.0,30.97992,28.88742,30.69161,29.27064,30.33575
8992,2014-04-04 20:30:00,0.0,27.47968,30.97992,28.88742,30.69161,29.27064
8993,2014-04-04 20:45:00,0.0,29.5481,27.47968,30.97992,28.88742,30.69161
8994,2014-04-04 21:00:00,0.0,29.13833,29.5481,27.47968,30.97992,28.88742
8995,2014-04-04 21:15:00,0.0,29.37517,29.13833,29.5481,27.47968,30.97992
8996,2014-04-04 21:30:00,0.0,27.13911,29.37517,29.13833,29.5481,27.47968
8997,2014-04-04 21:45:00,0.0,28.16454,27.13911,29.37517,29.13833,29.5481
8998,2014-04-04 22:00:00,0.0,28.89553,28.16454,27.13911,29.37517,29.13833
8999,2014-04-04 22:15:00,0.0,27.95725,28.89553,28.16454,27.13911,29.37517
9000,2014-04-04 22:30:00,0.0,28.16055,27.95725,28.89553,28.16454,27.13911
9001,2014-04-04 22:45:00,0.0,27.64929,28.16055,27.95725,28.89553,28.16454
9002,2014-04-04 23:00:00,0.0,27.43448,27.64929,28.16055,27.95725,28.89553
9003,2014-04-04 23:15:00,0.0,25.03543,27.43448,27.64929,28.16055,27.95725
9004,2014-04-04 23:30:00,0.0,26.30681,25.03543,27.43448,27.64929,28.16055
9005,2014-04-04 23:45:00,0.0,26.62751,26.30681,25.03543,27.43448,27.64929
9006,2014-04-05 00:00:00,0.0,27.46659,26.62751,26.30681,25.03543,27.43448
9007,2014-04-05 00:15:00,0.0,25.46612,27.46659,26.62751,26.30681,25.03543
9008,2014-04-05 00:30:00,0.0,25.69396,25.46612,27.46659,26.62751,26.30681
9009,2014-04-05 00:45:00,0.0,25.6828,25.69396,25.46612,27.46659,26.62751
9010,2014-04-05 01:00:00,0.0,25.59588,25.6828,25.69396,25.46612,27.46659
9011,2014-04-05 01:15:00,0.0,25.50621,25.59588,25.6828,25.69396,25.46612
9012,2014-04-05 01:30:00,0.0,26.11841,25.50621,25.59588,25.6828,25.69396
9013,2014-04-05 01:45:00,0.0,28.13854,26.11841,25.50621,25.59588,25.6828
9014,2014-04-05 02:00:00,0.0,26.0087,28.13854,26.11841,25.50621,25.59588
9015,2014-04-05 02:15:00,0.0,25.10582,26.0087,28.13854,26.11841,25.50621
9016,2014-04-05 02:30:00,0.0,25.96652,25.10582,26.0087,28.13854,26.11841
9017,2014-04-05 02:45:00,0.0,25.95828,25.96652,25.10582,26.0087,28.13854
9018,2014-04-05 03:00:00,0.0,24.45772,25.95828,25.96652,25.10582,26.0087
9019,2014-04-05 03:15:00,0.0,25.99594,24.45772,25.95828,25.96652,25.10582
9020,2014-04-05 03:30:00,0.0,26.40917,25.99594,24.45772,25.95828,25.96652
9021,2014-04-05 03:45:00,0.0,23.81489,26.40917,25.99594,24.45772,25.95828
9022,2014-04-05 04:00:00,0.0,26.25023,23.81489,26.40917,25.99594,24.45772
9023,2014-04-05 04:15:00,0.0,24.68837,26.25023,23.81489,26.40917,25.99594
9024,2014-04-05 04:30:00,0.0,26.96065,24.68837,26.25023,23.81489,26.40917
9025,2014-04-05 04:45:00,0.0,26.65,26.96065,24.68837,26.25023,23.81489
9026,2014-04-05 05:00:00,0.0,26.77753,26.65,26.96065,24.68837,26.25023
9027,2014-04-05 05:15:00,0.0,25.51676,26.77753,26.65,26.96065,24.68837
9028,2014-04-05 05:30:00,0.0,25.06083,25.51676,26.77753,26.65,26.96065
9029,2014-04-05 05:45:00,0.0,26.82807,25.06083,25.51676,26.77753,26.65
9030,2014-04-05 06:00:00,0.0,25.93884,26.82807,25.06083,25.51676,26.77753
9031,2014-04-05 06:15:00,0.0,26.62113,25.93884,26.82807,25.06083,25.51676
9032,2014-04-05 06:30:00,0.0,26.14849,26.62113,25.93884,26.82807,25.06083
9033,2014-04-05 06:45:00,0.0,25.91283,26.14849,26.62113,25.93884,26.82807
9034,2014-04-05 07:00:00,0.0,24.99743,25.91283,26.14849,26.62113,25.93884
9035,2014-04-05 07:15:00,0.0,26.73048,24.99743,25.91283,26.14849,26.62113
9036,2014-04-05 07:30:00,0.0,25.44993,26.73048,24.99743,25.91283,26.14849
9037,2014-04-05 07:45:00,0.0,27.10263,25.44993,26.73048,24.99743,25.91283
9038,2014-04-05 08:00:00,0.0,27.87949,27.10263,25.44993,26.73048,24.99743
9039,2014-04-05 08:15:00,0.0,27.46459,27.87949,27.10263,25.44993,26.73048
9040,2014-04-05 08:30:00,0.0,27.33284,27.46459,27.87949,27.10263,25.44993
9041,2014-04-05 08:45:00,0.0,26.44517,27.33284,27.46459,27.87949,27.10263
9042,2014-04-05 09:00:00,0.0,25.7432,26.44517,27.33284,27.46459,27.87949
9043,2014-04-05 09:15:00,0.0,26.98615,25.7432,26.44517,27.33284,27.46459
9044,2014-04-05 09:30:00,0.0,26.49907,26.98615,25.7432,26.44517,27.33284
9045,2014-04-05 09:45:00,0.0,26.35747,26.49907,26.98615,25.7432,26.44517
9046,2014-04-05 10:00:00,0.0,26.75981,26.35747,26.49907,26.98615,25.7432
9047,2014-04-05 10:15:00,0.0,26.98269,26.75981,26.35747,26.49907,26.98615
9048,2014-04-05 10:30:00,0.0,26.86985,26.98269,26.75981,26.35747,26.49907
9049,2014-04-05 10:45:00,0.0,26.01197,26.86985,26.98269,26.75981,26.35747
9050,2014-04-05 11:00:00,0.0,26.43792,26.01197,26.86985,26.98269,26.75981
9051,2014-04-05 11:15:00,0.0,27.57941,26.43792,26.01197,26.86985,26.98269
9052,2014-04-05 11:30:00,0.0,27.76832,27.57941,26.43792,26.01197,26.86985
9053,2014-04-05 11:45:00,0.0,27.93869,27.76832,27.57941,26.43792,26.01197
9054,2014-04-05 12:00:00,0.0,27.24689,27.93869,27.76832,27.57941,26.43792
9055,2014-04-05 12:15:00,0.0,25.77363,27.24689,27.93869,27.76832,27.57941
9056,2014-04-05 12:30:00,0.0,27.50532,25.77363,27.24689,27.93869,27.76832
9057,2014-04-05 12:45:00,0.0,26.93804,27.50532,25.77363,27.24689,27.93869
9058,2014-04-05 13:00:00,0.0,25.21118,26.93804,27.50532,25.77363,27.24689
9059,2014-04-05 13:15:00,0.0,24.52745,25.21118,26.93804,27.50532,25.77363
9060,2014-04-05 13:30:00,0.0,27.21979,24.52745,25.21118,26.93804,27.50532
9061,2014-04-05 13:45:00,0.0,27.15887,27.21979,24.52745,25.21118,26.93804
9062,2014-04-05 14:00:00,0.0,26.63522,27.15887,27.21979,24.52745,25.21118
9063,2014-04-05 14:15:00,0.0,25.77492,26.63522,27.15887,27.21979,24.52745
9064,2014-04-05 14:30:00,0.0,25.74528,25.77492,26.63522,27.15887,27.21979
9065,2014-04-05 14:45:00,0.0,25.57687,25.74528,25.77492,26.63522,27.15887
9066,2014-04-05 15:00:00,0.0,27.02932,25.57687,25.74528,25.77492,26.63522
9067,2014-04-05 15:15:00,0.0,25.53307,27.02932,25.57687,25.74528,25.77492
9068,2014-04-05 15:30:00,0.0,25.71709,25.53307,27.02932,25.57687,25.74528
9069,2014-04-05 15:45:00,0.0,25.83666,25.71709,25.53307,27.02932,25.57687
9070,2014-04-05 16:00:00,0.0,26.18302,25.83666,25.71709,25.53307,27.02932
9071,2014-04-05 16:15:00,0.0,26.54264,26.18302,25.83666,25.71709,25.53307
9072,2014-04-05 16:30:00,0.0,24.8945,26.54264,26.18302,25.83666,25.71709
9073,2014-04-05 16:45:00,0.0,26.57137,24.8945,26.54264,26.18302,25.83666
9074,2014-04-05 17:00:00,0.0,25.697,26.57137,24.8945,26.54264,26.18302
9075,2014-04-05 17:15:00,0.0,25.95904,25.697,26.57137,24.8945,26.54264
9076,2014-04-05 17:30:00,0.0,25.41668,25.95904,25.697,26.57137,24.8945
9077,2014-04-05 17:45:00,0.0,25.4838,25.41668,25.95904,25.697,26.57137
9078,2014-04-05 18:00:00,0.0,26.24823,25.4838,25.41668,25.95904,25.697
9079,2014-04-05 18:15:00,0.0,26.48957,26.24823,25.4838,25.41668,25.95904
9080,2014-04-05 18:30:00,0.0,25.77952,26.48957,26.24823,25.4838,25.41668
9081,2014-04-05 18:45:00,0.0,26.4509,25.77952,26.48957,26.24823,25.4838
9082,2014-04-05 19:00:00,0.0,25.87369,26.4509,25.77952,26.48957,26.24823
9083,2014-04-05 19:15:00,0.0,25.7591,25.87369,26.4509,25.77952,26.48957
9084,2014-04-05 19:30:00,0.0,24.97553,25.7591,25.87369,26.4509,25.77952
9085,2014-04-05 19:45:00,0.0,26.36076,24.97553,25.7591,25.87369,26.4509
9086,2014-04-05 20:00:00,0.0,25.94705,26.36076,24.97553,25.7591,25.87369
9087,2014-04-05 20:15:00,0.0,25.53666,25.94705,26.36076,24.97553,25.7591
9088,2014-04-05 20:30:00,0.0,27.9555,25.53666,25.94705,26.36076,24.97553
9089,2014-04-05 20:45:00,0.0,28.26495,27.9555,25.53666,25.94705,26.36076
9090,2014-04-05 21:00:00,0.0,27.88439,28.26495,27.9555,25.53666,25.94705
9091,2014-04-05 21:15:00,0.0,27.05838,27.88439,28.26495,27.9555,25.53666
9092,2014-04-05 21:30:00,0.0,26.77025,27.05838,27.88439,28.26495,27.9555
9093,2014-04-05 21:45:00,0.0,28.14584,26.77025,27.05838,27.88439,28.26495
9094,2014-04-05 22:00:00,0.0,25.831,28.14584,26.77025,27.05838,27.88439
9095,2014-04-05 22:15:00,0.0,28.50156,25.831,28.14584,26.77025,27.05838
9096,2014-04-05 22:30:00,0.0,27.45044,28.50156,25.831,28.14584,26.77025
9097,2014-04-05 22:45:00,0.0,28.13494,27.45044,28.50156,25.831,28.14584
9098,2014-04-05 23:00:00,0.0,26.82352,28.13494,27.45044,28.50156,25.831
9099,2014-04-05 23:15:00,0.0,26.28299,26.82352,28.13494,27.45044,28.50156
9100,2014-04-05 23:30:00,0.0,25.39801,26.28299,26.82352,28.13494,27.45044
9101,2014-04-05 23:45:00,0.0,24.66859,25.39801,26.28299,26.82352,28.13494
9102,2014-04-06 00:00:00,0.0,27.39325,24.66859,25.39801,26.28299,26.82352
9103,2014-04-06 00:15:00,0.0,24.48757,27.39325,24.66859,25.39801,26.28299
9104,2014-04-06 00:30:00,0.0,26.33636,24.48757,27.39325,24.66859,25.39801
9105,2014-04-06 00:45:00,0.0,26.02131,26.33636,24.48757,27.39325,24.66859
9106,2014-04-06 01:00:00,0.0,25.02467,26.02131,26.33636,24.48757,27.39325
9107,2014-04-06 01:15:00,0.0,23.35398,25.02467,26.02131,26.33636,24.48757
9108,2014-04-06 01:30:00,0.0,26.77641,23.35398,25.02467,26.02131,26.33636
9109,2014-04-06 01:45:00,0.0,27.98887,26.77641,23.35398,25.02467,26.02131
9110,2014-04-06 02:00:00,0.0,27.2574,27.98887,26.77641,23.35398,25.02467
9111,2014-04-06 02:15:00,0.0,24.95847,27.2574,27.98887,26.77641,23.35398
9112,2014-04-06 02:30:00,0.0,26.07441,24.95847,27.2574,27.98887,26.77641
9113,2014-04-06 02:45:00,0.0,25.01749,26.07441,24.95847,27.2574,27.98887
9114,2014-04-06 03:00:00,0.0,26.42527,25.01749,26.07441,24.95847,27.2574
9115,2014-04-06 03:15:00,0.0,26.53313,26.42527,25.01749,26.07441,24.95847
9116,2014-04-06 03:30:00,0.0,27.47863,26.53313,26.42527,25.01749,26.07441
9117,2014-04-06 03:45:00,0.0,27.84429,27.47863,26.53313,26.42527,25.01749
9118,2014-04-06 04:00:00,0.0,25.54306,27.84429,27.47863,26.53313,26.42527
9119,2014-04-06 04:15:00,0.0,25.85909,25.54306,27.84429,27.47863,26.53313
9120,2014-04-06 04:30:00,0.0,26.76713,25.85909,25.54306,27.84429,27.47863
9121,2014-04-06 04:45:00,0.0,26.6807,26.76713,25.85909,25.54306,27.84429
9122,2014-04-06 05:00:00,0.0,28.41161,26.6807,26.76713,25.85909,25.54306
9123,2014-04-06 05:15:00,0.0,23.74398,28.41161,26.6807,26.76713,25.85909
9124,2014-04-06 05:30:00,0.0,27.44514,23.74398,28.41161,26.6807,26.76713
9125,2014-04-06 05:45:00,0.0,26.01399,27.44514,23.74398,28.41161,26.6807
9126,2014-04-06 06:00:00,0.0,26.27005,26.01399,27.44514,23.74398,28.41161
9127,2014-04-06 06:15:00,0.0,26.17227,26.27005,26.01399,27.44514,23.74398
9128,2014-04-06 06:30:00,0.0,25.89511,26.17227,26.27005,26.01399,27.44514
9129,2014-04-06 06:45:00,0.0,28.37842,25.89511,26.17227,26.27005,26.01399
9130,2014-04-06 07:00:00,0.0,25.75213,28.37842,25.89511,26.17227,26.27005
9131,2014-04-06 07:15:00,0.0,28.29963,25.75213,28.37842,25.89511,26.17227
9132,2014-04-06 07:30:00,0.0,25.72854,28.29963,25.75213,28.37842,25.89511
9133,2014-04-06 07:45:00,0.0,28.34998,25.72854,28.29963,25.75213,28.37842
9134,2014-04-06 08:00:00,0.0,28.28226,28.34998,25.72854,28.29963,25.75213
9135,2014-04-06 08:15:00,0.0,28.8331,28.28226,28.34998,25.72854,28.29963
9136,2014-04-06 08:30:00,0.0,28.66689,28.8331,28.28226,28.34998,25.72854
9137,2014-04-06 08:45:00,0.0,29.44452,28.66689,28.8331,28.28226,28.34998
9138,2014-04-06 09:00:00,0.0,26.1077,29.44452,28.66689,28.8331,28.28226
9139,2014-04-06 09:15:00,0.0,27.479,26.1077,29.44452,28.66689,28.8331
9140,2014-04-06 09:30:00,0.0,26.49724,27.479,26.1077,29.44452,28.66689
9141,2014-04-06 09:45:00,0.0,28.28986,26.49724,27.479,26.1077,29.44452
9142,2014-04-06 10:00:00,0.0,27.62668,28.28986,26.49724,27.479,26.1077
9143,2014-04-06 10:15:00,0.0,28.87572,27.62668,28.28986,26.49724,27.479
9144,2014-04-06 10:30:00,0.0,28.23699,28.87572,27.62668,28.28986,26.49724
9145,2014-04-06 10:45:00,0.0,26.40902,28.23699,28.87572,27.62668,28.28986
9146,2014-04-06 11:00:00,0.0,27.55188,26.40902,28.23699,28.87572,27.62668
9147,2014-04-06 11:15:00,0.0,28.63266,27.55188,26.40902,28.23699,28.87572
9148,2014-04-06 11:30:00,0.0,25.78791,28.63266,27.55188,26.40902,28.23699
9149,2014-04-06 11:45:00,0.0,27.35833,25.78791,28.63266,27.55188,26.40902
9150,2014-04-06 12:00:00,0.0,32.01462,27.35833,25.78791,28.63266,27.55188
9151,2014-04-06 12:15:00,0.0,31.10923,32.01462,27.35833,25.78791,28.63266
9152,2014-04-06 12:30:00,0.0,30.58781,31.10923,32.01462,27.35833,25.78791
9153,2014-04-06 12:45:00,0.0,30.32272,30.58781,31.10923,32.01462,27.35833
9154,2014-04-06 13:00:00,0.0,30.51134,30.32272,30.58781,31.10923,32.01462
9155,2014-04-06 13:15:00,0.0,31.94035,30.51134,30.32272,30.58781,31.10923
9156,2014-04-06 13:30:00,0.0,29.65653,31.94035,30.51134,30.32272,30.58781
9157,2014-04-06 13:45:00,0.0,32.70158,29.65653,31.94035,30.51134,30.32272
9158,2014-04-06 14:00:00,0.0,34.90311,32.70158,29.65653,31.94035,30.51134
9159,2014-04-06 14:15:00,0.0,30.56884,34.90311,32.70158,29.65653,31.94035
9160,2014-04-06 14:30:00,0.0,34.27293,30.56884,34.90311,32.70158,29.65653
9161,2014-04-06 14:45:00,0.0,31.06402,34.27293,30.56884,34.90311,32.70158
9162,2014-04-06 15:00:00,0.0,32.20025,31.06402,34.27293,30.56884,34.90311
9163,2014-04-06 15:15:00,0.0,31.31448,32.20025,31.06402,34.27293,30.56884
9164,2014-04-06 15:30:00,0.0,29.38071,31.31448,32.20025,31.06402,34.27293
9165,2014-04-06 15:45:00,0.0,29.44522,29.38071,31.31448,32.20025,31.06402
9166,2014-04-06 16:00:00,0.0,29.83311,29.44522,29.38071,31.31448,32.20025
9167,2014-04-06 16:15:00,0.0,30.65717,29.83311,29.44522,29.38071,31.31448
9168,2014-04-06 16:30:00,0.0,30.65314,30.65717,29.83311,29.44522,29.38071
9169,2014-04-06 16:45:00,0.0,31.51418,30.65314,30.65717,29.83311,29.44522
9170,2014-04-06 17:00:00,0.0,30.1233,31.51418,30.65314,30.65717,29.83311
9171,2014-04-06 17:15:00,0.0,28.76517,30.1233,31.51418,30.65314,30.65717
9172,2014-04-06 17:30:00,0.0,29.88677,28.76517,30.1233,31.51418,30.65314
9173,2014-04-06 17:45:00,0.0,28.95738,29.88677,28.76517,30.1233,31.51418
9174,2014-04-06 18:00:00,0.0,28.53403,28.95738,29.88677,28.76517,30.1233
9175,2014-04-06 18:15:00,0.0,29.38409,28.53403,28.95738,29.88677,28.76517
9176,2014-04-06 18:30:00,0.0,28.39455,29.38409,28.53403,28.95738,29.88677
9177,2014-04-06 18:45:00,0.0,26.81463,28.39455,29.38409,28.53403,28.95738
9178,2014-04-06 19:00:00,0.0,27.86513,26.81463,28.39455,29.38409,28.53403
9179,2014-04-06 19:15:00,0.0,24.61624,27.86513,26.81463,28.39455,29.38409
9180,2014-04-06 19:30:00,0.0,25.45884,24.61624,27.86513,26.81463,28.39455
9181,2014-04-06 19:45:00,0.0,25.91128,25.45884,24.61624,27.86513,26.81463
9182,2014-04-06 20:00:00,0.0,25.87319,25.91128,25.45884,24.61624,27.86513
9183,2014-04-06 20:15:00,0.0,27.00307,25.87319,25.91128,25.45884,24.61624
9184,2014-04-06 20:30:00,0.0,24.84888,27.00307,25.87319,25.91128,25.45884
9185,2014-04-06 20:45:00,0.0,26.91389,24.84888,27.00307,25.87319,25.91128
9186,2014-04-06 21:00:00,0.0,25.1298,26.91389,24.84888,27.00307,25.87319
9187,2014-04-06 21:15:00,0.0,25.46853,25.1298,26.91389,24.84888,27.00307
9188,2014-04-06 21:30:00,0.0,25.52604,25.46853,25.1298,26.91389,24.84888
9189,2014-04-06 21:45:00,0.0,26.71327,25.52604,25.46853,25.1298,26.91389
9190,2014-04-06 22:00:00,0.0,27.12324,26.71327,25.52604,25.46853,25.1298
9191,2014-04-06 22:15:00,0.0,26.99862,27.12324,26.71327,25.52604,25.46853
9192,2014-04-06 22:30:00,0.0,26.35617,26.99862,27.12324,26.71327,25.52604
9193,2014-04-06 22:45:00,0.0,27.27363,26.35617,26.99862,27.12324,26.71327
9194,2014-04-06 23:00:00,0.0,24.89117,27.27363,26.35617,26.99862,27.12324
9195,2014-04-06 23:15:00,0.0,25.66137,24.89117,27.27363,26.35617,26.99862
9196,2014-04-06 23:30:00,0.0,24.01733,25.66137,24.89117,27.27363,26.35617
9197,2014-04-06 23:45:00,0.0,26.79326,24.01733,25.66137,24.89117,27.27363
9198,2014-04-07 00:00:00,0.0,25.4107,26.79326,24.01733,25.66137,24.89117
9199,2014-04-07 00:15:00,0.0,26.17216,25.4107,26.79326,24.01733,25.66137
9200,2014-04-07 00:30:00,0.0,24.12533,26.17216,25.4107,26.79326,24.01733
9201,2014-04-07 00:45:00,0.0,24.09898,24.12533,26.17216,25.4107,26.79326
9202,2014-04-07 01:00:00,0.0,23.45302,24.09898,24.12533,26.17216,25.4107
9203,2014-04-07 01:15:00,0.0,23.93786,23.45302,24.09898,24.12533,26.17216
9204,2014-04-07 01:30:00,0.0,24.86113,23.93786,23.45302,24.09898,24.12533
9205,2014-04-07 01:45:00,0.0,25.67175,24.86113,23.93786,23.45302,24.09898
9206,2014-04-07 02:00:00,0.0,23.54981,25.67175,24.86113,23.93786,23.45302
9207,2014-04-07 02:15:00,0.0,24.41078,23.54981,25.67175,24.86113,23.93786
9208,2014-04-07 02:30:00,0.0,24.16468,24.41078,23.54981,25.67175,24.86113
9209,2014-04-07 02:45:00,0.0,24.51418,24.16468,24.41078,23.54981,25.67175
9210,2014-04-07 03:00:00,0.0,24.66028,24.51418,24.16468,24.41078,23.54981
9211,2014-04-07 03:15:00,0.0,24.68799,24.66028,24.51418,24.16468,24.41078
9212,2014-04-07 03:30:00,0.0,25.12558,24.68799,24.66028,24.51418,24.16468
9213,2014-04-07 03:45:00,0.0,25.65274,25.12558,24.68799,24.66028,24.51418
9214,2014-04-07 04:00:00,0.0,23.51396,25.65274,25.12558,24.68799,24.66028
9215,2014-04-07 04:15:00,0.0,25.67437,23.51396,25.65274,25.12558,24.68799
9216,2014-04-07 04:30:00,0.0,26.40197,25.67437,23.51396,25.65274,25.12558
9217,2014-04-07 04:45:00,0.0,26.90133,26.40197,25.67437,23.51396,25.65274
9218,2014-04-07 05:00:00,0.0,25.5161,26.90133,26.40197,25.67437,23.51396
9219,2014-04-07 05:15:00,0.0,27.1878,25.5161,26.90133,26.40197,25.67437
9220,2014-04-07 05:30:00,0.0,26.91513,27.1878,25.5161,26.90133,26.40197
9221,2014-04-07 05:45:00,0.0,25.14802,26.91513,27.1878,25.5161,26.90133
9222,2014-04-07 06:00:00,0.0,25.83388,25.14802,26.91513,27.1878,25.5161
9223,2014-04-07 06:15:00,0.0,26.71009,25.83388,25.14802,26.91513,27.1878
9224,2014-04-07 06:30:00,0.0,29.20105,26.71009,25.83388,25.14802,26.91513
9225,2014-04-07 06:45:00,0.0,27.29916,29.20105,26.71009,25.83388,25.14802
9226,2014-04-07 07:00:00,0.0,27.90686,27.29916,29.20105,26.71009,25.83388
9227,2014-04-07 07:15:00,0.0,30.031,27.90686,27.29916,29.20105,26.71009
9228,2014-04-07 07:30:00,0.0,29.52614,30.031,27.90686,27.29916,29.20105
9229,2014-04-07 07:45:00,0.0,27.56074,29.52614,30.031,27.90686,27.29916
9230,2014-04-07 08:00:00,0.0,30.24455,27.56074,29.52614,30.031,27.90686
9231,2014-04-07 08:15:00,0.0,28.20331,30.24455,27.56074,29.52614,30.031
9232,2014-04-07 08:30:00,0.0,31.09418,28.20331,30.24455,27.56074,29.52614
9233,2014-04-07 08:45:00,0.0,34.08957,31.09418,28.20331,30.24455,27.56074
9234,2014-04-07 09:00:00,0.0,33.8357,34.08957,31.09418,28.20331,30.24455
9235,2014-04-07 09:15:00,0.0,33.43969,33.8357,34.08957,31.09418,28.20331
9236,2014-04-07 09:30:00,0.0,32.67111,33.43969,33.8357,34.08957,31.09418
9237,2014-04-07 09:45:00,0.0,34.20091,32.67111,33.43969,33.8357,34.08957
9238,2014-04-07 10:00:00,0.0,33.93167,34.20091,32.67111,33.43969,33.8357
9239,2014-04-07 10:15:00,0.0,35.18616,33.93167,34.20091,32.67111,33.43969
9240,2014-04-07 10:30:00,0.0,34.54315,35.18616,33.93167,34.20091,32.67111
9241,2014-04-07 10:45:00,0.0,42.87734,34.54315,35.18616,33.93167,34.20091
9242,2014-04-07 11:00:00,0.0,39.57024,42.87734,34.54315,35.18616,33.93167
9243,2014-04-07 11:15:00,0.0,38.03186,39.57024,42.87734,34.54315,35.18616
9244,2014-04-07 11:30:00,0.0,38.09479,38.03186,39.57024,42.87734,34.54315
9245,2014-04-07 11:45:00,0.0,39.67887,38.09479,38.03186,39.57024,42.87734
9246,2014-04-07 12:00:00,0.0,43.9543,39.67887,38.09479,38.03186,39.57024
9247,2014-04-07 12:15:00,0.0,39.76908,43.9543,39.67887,38.09479,38.03186
9248,2014-04-07 12:30:00,0.0,43.96317,39.76908,43.9543,39.67887,38.09479
9249,2014-04-07 12:45:00,0.0,39.53252,43.96317,39.76908,43.9543,39.67887
9250,2014-04-07 13:00:00,0.0,42.21142,39.53252,43.96317,39.76908,43.9543
9251,2014-04-07 13:15:00,0.0,43.37969,42.21142,39.53252,43.96317,39.76908
9252,2014-04-07 13:30:00,0.0,41.51141,43.37969,42.21142,39.53252,43.96317
9253,2014-04-07 13:45:00,0.0,42.1809,41.51141,43.37969,42.21142,39.53252
9254,2014-04-07 14:00:00,0.0,40.00738,42.1809,41.51141,43.37969,42.21142
9255,2014-04-07 14:15:00,0.0,43.14287,40.00738,42.1809,41.51141,43.37969
9256,2014-04-07 14:30:00,0.0,39.94767,43.14287,40.00738,42.1809,41.51141
9257,2014-04-07 14:45:00,0.0,44.88389,39.94767,43.14287,40.00738,42.1809
9258,2014-04-07 15:00:00,0.0,42.85681,44.88389,39.94767,43.14287,40.00738
9259,2014-04-07 15:15:00,0.0,45.35832,42.85681,44.88389,39.94767,43.14287
9260,2014-04-07 15:30:00,0.0,45.29537,45.35832,42.85681,44.88389,39.94767
9261,2014-04-07 15:45:00,0.0,45.93227,45.29537,45.35832,42.85681,44.88389
9262,2014-04-07 16:00:00,0.0,45.25639,45.93227,45.29537,45.35832,42.85681
9263,2014-04-07 16:15:00,0.0,45.979,45.25639,45.93227,45.29537,45.35832
9264,2014-04-07 16:30:00,0.0,46.34457,45.979,45.25639,45.93227,45.29537
9265,2014-04-07 16:45:00,0.0,48.55192,46.34457,45.979,45.25639,45.93227
9266,2014-04-07 17:00:00,0.0,49.29537,48.55192,46.34457,45.979,45.25639
9267,2014-04-07 17:15:00,0.0,45.44497,49.29537,48.55192,46.34457,45.979
9268,2014-04-07 17:30:00,0.0,48.25355,45.44497,49.29537,48.55192,46.34457
9269,2014-04-07 17:45:00,0.0,45.66929,48.25355,45.44497,49.29537,48.55192
9270,2014-04-07 18:00:00,0.0,43.26292,45.66929,48.25355,45.44497,49.29537
9271,2014-04-07 18:15:00,0.0,43.18121,43.26292,45.66929,48.25355,45.44497
9272,2014-04-07 18:30:00,0.0,42.54769,43.18121,43.26292,45.66929,48.25355
9273,2014-04-07 18:45:00,0.0,38.05153,42.54769,43.18121,43.26292,45.66929
9274,2014-04-07 19:00:00,0.0,36.22776,38.05153,42.54769,43.18121,43.26292
9275,2014-04-07 19:15:00,0.0,35.48874,36.22776,38.05153,42.54769,43.18121
9276,2014-04-07 19:30:00,0.0,33.39508,35.48874,36.22776,38.05153,42.54769
9277,2014-04-07 19:45:00,0.0,34.41777,33.39508,35.48874,36.22776,38.05153
9278,2014-04-07 20:00:00,0.0,35.18162,34.41777,33.39508,35.48874,36.22776
9279,2014-04-07 20:15:00,0.0,33.74952,35.18162,34.41777,33.39508,35.48874
9280,2014-04-07 20:30:00,0.0,29.37166,33.74952,35.18162,34.41777,33.39508
9281,2014-04-07 20:45:00,0.0,30.4547,29.37166,33.74952,35.18162,34.41777
9282,2014-04-07 21:00:00,0.0,30.69383,30.4547,29.37166,33.74952,35.18162
9283,2014-04-07 21:15:00,0.0,30.03157,30.69383,30.4547,29.37166,33.74952
9284,2014-04-07 21:30:00,0.0,29.13715,30.03157,30.69383,30.4547,29.37166
9285,2014-04-07 21:45:00,0.0,31.34192,29.13715,30.03157,30.69383,30.4547
9286,2014-04-07 22:00:00,0.0,27.81676,31.34192,29.13715,30.03157,30.69383
9287,2014-04-07 22:15:00,0.0,27.39954,27.81676,31.34192,29.13715,30.03157
9288,2014-04-07 22:30:00,0.0,28.40581,27.39954,27.81676,31.34192,29.13715
9289,2014-04-07 22:45:00,0.0,27.60355,28.40581,27.39954,27.81676,31.34192
9290,2014-04-07 23:00:00,0.0,27.16669,27.60355,28.40581,27.39954,27.81676
9291,2014-04-07 23:15:00,0.0,24.4395,27.16669,27.60355,28.40581,27.39954
9292,2014-04-07 23:30:00,0.0,26.97687,24.4395,27.16669,27.60355,28.40581
9293,2014-04-07 23:45:00,0.0,27.48998,26.97687,24.4395,27.16669,27.60355
9294,2014-04-08 00:00:00,0.0,25.72989,27.48998,26.97687,24.4395,27.16669
9295,2014-04-08 00:15:00,0.0,26.73002,25.72989,27.48998,26.97687,24.4395
9296,2014-04-08 00:30:00,0.0,25.32639,26.73002,25.72989,27.48998,26.97687
9297,2014-04-08 00:45:00,0.0,27.48879,25.32639,26.73002,25.72989,27.48998
9298,2014-04-08 01:00:00,0.0,25.52848,27.48879,25.32639,26.73002,25.72989
9299,2014-04-08 01:15:00,0.0,26.48259,25.52848,27.48879,25.32639,26.73002
9300,2014-04-08 01:30:00,0.0,26.60907,26.48259,25.52848,27.48879,25.32639
9301,2014-04-08 01:45:00,0.0,26.71695,26.60907,26.48259,25.52848,27.48879
9302,2014-04-08 02:00:00,0.0,23.55037,26.71695,26.60907,26.48259,25.52848
9303,2014-04-08 02:15:00,0.0,22.99871,23.55037,26.71695,26.60907,26.48259
9304,2014-04-08 02:30:00,0.0,26.39907,22.99871,23.55037,26.71695,26.60907
9305,2014-04-08 02:45:00,0.0,25.59318,26.39907,22.99871,23.55037,26.71695
9306,2014-04-08 03:00:00,0.0,26.00991,25.59318,26.39907,22.99871,23.55037
9307,2014-04-08 03:15:00,0.0,25.66082,26.00991,25.59318,26.39907,22.99871
9308,2014-04-08 03:30:00,0.0,25.08806,25.66082,26.00991,25.59318,26.39907
9309,2014-04-08 03:45:00,0.0,26.19551,25.08806,25.66082,26.00991,25.59318
9310,2014-04-08 04:00:00,0.0,26.16194,26.19551,25.08806,25.66082,26.00991
9311,2014-04-08 04:15:00,0.0,24.69206,26.16194,26.19551,25.08806,25.66082
9312,2014-04-08 04:30:00,0.0,26.4683,24.69206,26.16194,26.19551,25.08806
9313,2014-04-08 04:45:00,0.0,27.58892,26.4683,24.69206,26.16194,26.19551
9314,2014-04-08 05:00:00,0.0,28.9783,27.58892,26.4683,24.69206,26.16194
9315,2014-04-08 05:15:00,0.0,26.94438,28.9783,27.58892,26.4683,24.69206
9316,2014-04-08 05:30:00,0.0,29.65825,26.94438,28.9783,27.58892,26.4683
9317,2014-04-08 05:45:00,0.0,27.583,29.65825,26.94438,28.9783,27.58892
9318,2014-04-08 06:00:00,0.0,27.89109,27.583,29.65825,26.94438,28.9783
9319,2014-04-08 06:15:00,0.0,26.26709,27.89109,27.583,29.65825,26.94438
9320,2014-04-08 06:30:00,0.0,28.24007,26.26709,27.89109,27.583,29.65825
9321,2014-04-08 06:45:00,0.0,26.43019,28.24007,26.26709,27.89109,27.583
9322,2014-04-08 07:00:00,0.0,30.35499,26.43019,28.24007,26.26709,27.89109
9323,2014-04-08 07:15:00,0.0,31.17151,30.35499,26.43019,28.24007,26.26709
9324,2014-04-08 07:30:00,0.0,30.00226,31.17151,30.35499,26.43019,28.24007
9325,2014-04-08 07:45:00,0.0,30.71225,30.00226,31.17151,30.35499,26.43019
9326,2014-04-08 08:00:00,0.0,29.39694,30.71225,30.00226,31.17151,30.35499
9327,2014-04-08 08:15:00,0.0,28.62722,29.39694,30.71225,30.00226,31.17151
9328,2014-04-08 08:30:00,0.0,29.49378,28.62722,29.39694,30.71225,30.00226
9329,2014-04-08 08:45:00,0.0,32.2567,29.49378,28.62722,29.39694,30.71225
9330,2014-04-08 09:00:00,0.0,31.33105,32.2567,29.49378,28.62722,29.39694
9331,2014-04-08 09:15:00,0.0,30.73081,31.33105,32.2567,29.49378,28.62722
9332,2014-04-08 09:30:00,0.0,33.72297,30.73081,31.33105,32.2567,29.49378
9333,2014-04-08 09:45:00,0.0,34.76479,33.72297,30.73081,31.33105,32.2567
9334,2014-04-08 10:00:00,0.0,36.04657,34.76479,33.72297,30.73081,31.33105
9335,2014-04-08 10:15:00,0.0,37.62506,36.04657,34.76479,33.72297,30.73081
9336,2014-04-08 10:30:00,0.0,38.92131,37.62506,36.04657,34.76479,33.72297
9337,2014-04-08 10:45:00,0.0,40.76087,38.92131,37.62506,36.04657,34.76479
9338,2014-04-08 11:00:00,0.0,40.82982,40.76087,38.92131,37.62506,36.04657
9339,2014-04-08 11:15:00,0.0,41.59108,40.82982,40.76087,38.92131,37.62506
9340,2014-04-08 11:30:00,0.0,40.81306,41.59108,40.82982,40.76087,38.92131
9341,2014-04-08 11:45:00,0.0,44.3855,40.81306,41.59108,40.82982,40.76087
9342,2014-04-08 12:00:00,0.0,42.42547,44.3855,40.81306,41.59108,40.82982
9343,2014-04-08 12:15:00,0.0,45.01669,42.42547,44.3855,40.81306,41.59108
9344,2014-04-08 12:30:00,0.0,42.17213,45.01669,42.42547,44.3855,40.81306
9345,2014-04-08 12:45:00,0.0,42.37871,42.17213,45.01669,42.42547,44.3855
9346,2014-04-08 13:00:00,0.0,48.69394,42.37871,42.17213,45.01669,42.42547
9347,2014-04-08 13:15:00,0.0,43.92408,48.69394,42.37871,42.17213,45.01669
9348,2014-04-08 13:30:00,0.0,48.56899,43.92408,48.69394,42.37871,42.17213
9349,2014-04-08 13:45:00,0.0,47.81703,48.56899,43.92408,48.69394,42.37871
9350,2014-04-08 14:00:00,0.0,45.54402,47.81703,48.56899,43.92408,48.69394
9351,2014-04-08 14:15:00,0.0,51.69062,45.54402,47.81703,48.56899,43.92408
9352,2014-04-08 14:30:00,0.0,46.76729,51.69062,45.54402,47.81703,48.56899
9353,2014-04-08 14:45:00,0.0,48.81557,46.76729,51.69062,45.54402,47.81703
9354,2014-04-08 15:00:00,0.0,49.23477,48.81557,46.76729,51.69062,45.54402
9355,2014-04-08 15:15:00,0.0,46.34201,49.23477,48.81557,46.76729,51.69062
9356,2014-04-08 15:30:00,0.0,46.14772,46.34201,49.23477,48.81557,46.76729
9357,2014-04-08 15:45:00,0.0,45.47703,46.14772,46.34201,49.23477,48.81557
9358,2014-04-08 16:00:00,0.0,44.97672,45.47703,46.14772,46.34201,49.23477
9359,2014-04-08 16:15:00,0.0,46.61947,44.97672,45.47703,46.14772,46.34201
9360,2014-04-08 16:30:00,0.0,47.71565,46.61947,44.97672,45.47703,46.14772
9361,2014-04-08 16:45:00,0.0,48.12909,47.71565,46.61947,44.97672,45.47703
9362,2014-04-08 17:00:00,0.0,47.4244,48.12909,47.71565,46.61947,44.97672
9363,2014-04-08 17:15:00,0.0,45.9427,47.4244,48.12909,47.71565,46.61947
9364,2014-04-08 17:30:00,0.0,45.81635,45.9427,47.4244,48.12909,47.71565
9365,2014-04-08 17:45:00,0.0,43.42596,45.81635,45.9427,47.4244,48.12909
9366,2014-04-08 18:00:00,0.0,37.91509,43.42596,45.81635,45.9427,47.4244
9367,2014-04-08 18:15:00,0.0,37.90272,37.91509,43.42596,45.81635,45.9427
9368,2014-04-08 18:30:00,0.0,35.1692,37.90272,37.91509,43.42596,45.81635
9369,2014-04-08 18:45:00,0.0,32.03249,35.1692,37.90272,37.91509,43.42596
9370,2014-04-08 19:00:00,0.0,30.50627,32.03249,35.1692,37.90272,37.91509
9371,2014-04-08 19:15:00,0.0,30.71806,30.50627,32.03249,35.1692,37.90272
9372,2014-04-08 19:30:00,0.0,29.77379,30.71806,30.50627,32.03249,35.1692
9373,2014-04-08 19:45:00,0.0,31.39834,29.77379,30.71806,30.50627,32.03249
9374,2014-04-08 20:00:00,0.0,29.85731,31.39834,29.77379,30.71806,30.50627
9375,2014-04-08 20:15:00,0.0,27.14887,29.85731,31.39834,29.77379,30.71806
9376,2014-04-08 20:30:00,0.0,27.99523,27.14887,29.85731,31.39834,29.77379
9377,2014-04-08 20:45:00,0.0,30.18947,27.99523,27.14887,29.85731,31.39834
9378,2014-04-08 21:00:00,0.0,27.80213,30.18947,27.99523,27.14887,29.85731
9379,2014-04-08 21:15:00,0.0,28.8225,27.80213,30.18947,27.99523,27.14887
9380,2014-04-08 21:30:00,0.0,27.00738,28.8225,27.80213,30.18947,27.99523
9381,2014-04-08 21:45:00,0.0,29.44152,27.00738,28.8225,27.80213,30.18947
9382,2014-04-08 22:00:00,0.0,27.74338,29.44152,27.00738,28.8225,27.80213
9383,2014-04-08 22:15:00,0.0,27.74413,27.74338,29.44152,27.00738,28.8225
9384,2014-04-08 22:30:00,0.0,26.96687,27.74413,27.74338,29.44152,27.00738
9385,2014-04-08 22:45:00,0.0,28.32294,26.96687,27.74413,27.74338,29.44152
9386,2014-04-08 23:00:00,0.0,27.42165,28.32294,26.96687,27.74413,27.74338
9387,2014-04-08 23:15:00,0.0,26.38922,27.42165,28.32294,26.96687,27.74413
9388,2014-04-08 23:30:00,0.0,25.12652,26.38922,27.42165,28.32294,26.96687
9389,2014-04-08 23:45:00,0.0,25.78523,25.12652,26.38922,27.42165,28.32294
9390,2014-04-09 00:00:00,0.0,24.8596,25.78523,25.12652,26.38922,27.42165
9391,2014-04-09 00:15:00,0.0,25.8492,24.8596,25.78523,25.12652,26.38922
9392,2014-04-09 00:30:00,0.0,24.90594,25.8492,24.8596,25.78523,25.12652
9393,2014-04-09 00:45:00,0.0,25.16654,24.90594,25.8492,24.8596,25.78523
9394,2014-04-09 01:00:00,0.0,26.51684,25.16654,24.90594,25.8492,24.8596
9395,2014-04-09 01:15:00,0.0,26.38127,26.51684,25.16654,24.90594,25.8492
9396,2014-04-09 01:30:00,0.0,23.75182,26.38127,26.51684,25.16654,24.90594
9397,2014-04-09 01:45:00,0.0,26.41645,23.75182,26.38127,26.51684,25.16654
9398,2014-04-09 02:00:00,0.0,26.87009,26.41645,23.75182,26.38127,26.51684
9399,2014-04-09 02:15:00,0.0,25.23688,26.87009,26.41645,23.75182,26.38127
9400,2014-04-09 02:30:00,0.0,25.62628,25.23688,26.87009,26.41645,23.75182
9401,2014-04-09 02:45:00,0.0,26.93524,25.62628,25.23688,26.87009,26.41645
9402,2014-04-09 03:00:00,0.0,26.47724,26.93524,25.62628,25.23688,26.87009
9403,2014-04-09 03:15:00,0.0,24.96267,26.47724,26.93524,25.62628,25.23688
9404,2014-04-09 03:30:00,0.0,25.58841,24.96267,26.47724,26.93524,25.62628
9405,2014-04-09 03:45:00,0.0,27.55655,25.58841,24.96267,26.47724,26.93524
9406,2014-04-09 04:00:00,0.0,25.85702,27.55655,25.58841,24.96267,26.47724
9407,2014-04-09 04:15:00,0.0,26.7002,25.85702,27.55655,25.58841,24.96267
9408,2014-04-09 04:30:00,0.0,27.54728,26.7002,25.85702,27.55655,25.58841
9409,2014-04-09 04:45:00,0.0,28.42569,27.54728,26.7002,25.85702,27.55655
9410,2014-04-09 05:00:00,0.0,27.17646,28.42569,27.54728,26.7002,25.85702
9411,2014-04-09 05:15:00,0.0,27.09947,27.17646,28.42569,27.54728,26.7002
9412,2014-04-09 05:30:00,0.0,25.56354,27.09947,27.17646,28.42569,27.54728
9413,2014-04-09 05:45:00,0.0,27.16417,25.56354,27.09947,27.17646,28.42569
9414,2014-04-09 06:00:00,0.0,28.19891,27.16417,25.56354,27.09947,27.17646
9415,2014-04-09 06:15:00,0.0,29.72026,28.19891,27.16417,25.56354,27.09947
9416,2014-04-09 06:30:00,0.0,30.6097,29.72026,28.19891,27.16417,25.56354
9417,2014-04-09 06:45:00,0.0,29.54311,30.6097,29.72026,28.19891,27.16417
9418,2014-04-09 07:00:00,0.0,29.36052,29.54311,30.6097,29.72026,28.19891
9419,2014-04-09 07:15:00,0.0,30.66184,29.36052,29.54311,30.6097,29.72026
9420,2014-04-09 07:30:00,0.0,30.81687,30.66184,29.36052,29.54311,30.6097
9421,2014-04-09 07:45:00,0.0,32.15654,30.81687,30.66184,29.36052,29.54311
9422,2014-04-09 08:00:00,0.0,32.20137,32.15654,30.81687,30.66184,29.36052
9423,2014-04-09 08:15:00,0.0,30.65048,32.20137,32.15654,30.81687,30.66184
9424,2014-04-09 08:30:00,0.0,31.58703,30.65048,32.20137,32.15654,30.81687
9425,2014-04-09 08:45:00,0.0,31.73355,31.58703,30.65048,32.20137,32.15654
9426,2014-04-09 09:00:00,0.0,31.27363,31.73355,31.58703,30.65048,32.20137
9427,2014-04-09 09:15:00,0.0,31.3376,31.27363,31.73355,31.58703,30.65048
9428,2014-04-09 09:30:00,0.0,33.72927,31.3376,31.27363,31.73355,31.58703
9429,2014-04-09 09:45:00,0.0,34.91252,33.72927,31.3376,31.27363,31.73355
9430,2014-04-09 10:00:00,0.0,33.81093,34.91252,33.72927,31.3376,31.27363
9431,2014-04-09 10:15:00,0.0,34.4897,33.81093,34.91252,33.72927,31.3376
9432,2014-04-09 10:30:00,0.0,34.89467,34.4897,33.81093,34.91252,33.72927
9433,2014-04-09 10:45:00,0.0,37.00626,34.89467,34.4897,33.81093,34.91252
9434,2014-04-09 11:00:00,0.0,36.56291,37.00626,34.89467,34.4897,33.81093
9435,2014-04-09 11:15:00,0.0,34.78863,36.56291,37.00626,34.89467,34.4897
9436,2014-04-09 11:30:00,0.0,35.64061,34.78863,36.56291,37.00626,34.89467
9437,2014-04-09 11:45:00,0.0,35.96682,35.64061,34.78863,36.56291,37.00626
9438,2014-04-09 12:00:00,0.0,35.05238,35.96682,35.64061,34.78863,36.56291
9439,2014-04-09 12:15:00,0.0,33.04599,35.05238,35.96682,35.64061,34.78863
9440,2014-04-09 12:30:00,0.0,34.32614,33.04599,35.05238,35.96682,35.64061
9441,2014-04-09 12:45:00,0.0,37.36637,34.32614,33.04599,35.05238,35.96682
9442,2014-04-09 13:00:00,0.0,33.82771,37.36637,34.32614,33.04599,35.05238
9443,2014-04-09 13:15:00,0.0,36.91162,33.82771,37.36637,34.32614,33.04599
9444,2014-04-09 13:30:00,0.0,36.18926,36.91162,33.82771,37.36637,34.32614
9445,2014-04-09 13:45:00,0.0,39.08007,36.18926,36.91162,33.82771,37.36637
9446,2014-04-09 14:00:00,0.0,35.24378,39.08007,36.18926,36.91162,33.82771
9447,2014-04-09 14:15:00,0.0,37.08951,35.24378,39.08007,36.18926,36.91162
9448,2014-04-09 14:30:00,0.0,35.14943,37.08951,35.24378,39.08007,36.18926
9449,2014-04-09 14:45:00,0.0,37.42979,35.14943,37.08951,35.24378,39.08007
9450,2014-04-09 15:00:00,0.0,38.56632,37.42979,35.14943,37.08951,35.24378
9451,2014-04-09 15:15:00,0.0,41.5264,38.56632,37.42979,35.14943,37.08951
9452,2014-04-09 15:30:00,0.0,37.90372,41.5264,38.56632,37.42979,35.14943
9453,2014-04-09 15:45:00,0.0,39.58436,37.90372,41.5264,38.56632,37.42979
9454,2014-04-09 16:00:00,0.0,38.9507,39.58436,37.90372,41.5264,38.56632
9455,2014-04-09 16:15:00,0.0,42.22889,38.9507,39.58436,37.90372,41.5264
9456,2014-04-09 16:30:00,0.0,40.15232,42.22889,38.9507,39.58436,37.90372
9457,2014-04-09 16:45:00,0.0,41.246,40.15232,42.22889,38.9507,39.58436
9458,2014-04-09 17:00:00,0.0,42.51033,41.246,40.15232,42.22889,38.9507
9459,2014-04-09 17:15:00,0.0,41.94642,42.51033,41.246,40.15232,42.22889
9460,2014-04-09 17:30:00,0.0,41.30911,41.94642,42.51033,41.246,40.15232
9461,2014-04-09 17:45:00,0.0,38.38539,41.30911,41.94642,42.51033,41.246
9462,2014-04-09 18:00:00,0.0,34.2101,38.38539,41.30911,41.94642,42.51033
9463,2014-04-09 18:15:00,0.0,34.14754,34.2101,38.38539,41.30911,41.94642
9464,2014-04-09 18:30:00,0.0,29.9949,34.14754,34.2101,38.38539,41.30911
9465,2014-04-09 18:45:00,0.0,32.91024,29.9949,34.14754,34.2101,38.38539
9466,2014-04-09 19:00:00,0.0,31.33874,32.91024,29.9949,34.14754,34.2101
9467,2014-04-09 19:15:00,0.0,29.79861,31.33874,32.91024,29.9949,34.14754
9468,2014-04-09 19:30:00,0.0,29.36238,29.79861,31.33874,32.91024,29.9949
9469,2014-04-09 19:45:00,0.0,31.38538,29.36238,29.79861,31.33874,32.91024
9470,2014-04-09 20:00:00,0.0,26.44326,31.38538,29.36238,29.79861,31.33874
9471,2014-04-09 20:15:00,0.0,29.98445,26.44326,31.38538,29.36238,29.79861
9472,2014-04-09 20:30:00,0.0,29.55683,29.98445,26.44326,31.38538,29.36238
9473,2014-04-09 20:45:00,0.0,30.75016,29.55683,29.98445,26.44326,31.38538
9474,2014-04-09 21:00:00,0.0,29.12365,30.75016,29.55683,29.98445,26.44326
9475,2014-04-09 21:15:00,0.0,28.4449,29.12365,30.75016,29.55683,29.98445
9476,2014-04-09 21:30:00,0.0,27.95953,28.4449,29.12365,30.75016,29.55683
9477,2014-04-09 21:45:00,0.0,27.04317,27.95953,28.4449,29.12365,30.75016
9478,2014-04-09 22:00:00,0.0,29.85393,27.04317,27.95953,28.4449,29.12365
9479,2014-04-09 22:15:00,0.0,28.54123,29.85393,27.04317,27.95953,28.4449
9480,2014-04-09 22:30:00,0.0,25.28359,28.54123,29.85393,27.04317,27.95953
9481,2014-04-09 22:45:00,0.0,28.59454,25.28359,28.54123,29.85393,27.04317
9482,2014-04-09 23:00:00,0.0,27.18705,28.59454,25.28359,28.54123,29.85393
9483,2014-04-09 23:15:00,0.0,26.78971,27.18705,28.59454,25.28359,28.54123
9484,2014-04-09 23:30:00,0.0,26.88197,26.78971,27.18705,28.59454,25.28359
9485,2014-04-09 23:45:00,0.0,26.76969,26.88197,26.78971,27.18705,28.59454
9486,2014-04-10 00:00:00,0.0,26.88376,26.76969,26.88197,26.78971,27.18705
9487,2014-04-10 00:15:00,0.0,24.52664,26.88376,26.76969,26.88197,26.78971
9488,2014-04-10 00:30:00,0.0,25.49985,24.52664,26.88376,26.76969,26.88197
9489,2014-04-10 00:45:00,0.0,25.78929,25.49985,24.52664,26.88376,26.76969
9490,2014-04-10 01:00:00,0.0,26.12885,25.78929,25.49985,24.52664,26.88376
9491,2014-04-10 01:15:00,0.0,25.02157,26.12885,25.78929,25.49985,24.52664
9492,2014-04-10 01:30:00,0.0,25.83691,25.02157,26.12885,25.78929,25.49985
9493,2014-04-10 01:45:00,0.0,25.82629,25.83691,25.02157,26.12885,25.78929
9494,2014-04-10 02:00:00,0.0,26.14581,25.82629,25.83691,25.02157,26.12885
9495,2014-04-10 02:15:00,0.0,23.73559,26.14581,25.82629,25.83691,25.02157
9496,2014-04-10 02:30:00,0.0,24.58905,23.73559,26.14581,25.82629,25.83691
9497,2014-04-10 02:45:00,0.0,26.46268,24.58905,23.73559,26.14581,25.82629
9498,2014-04-10 03:00:00,0.0,23.77544,26.46268,24.58905,23.73559,26.14581
9499,2014-04-10 03:15:00,0.0,26.13799,23.77544,26.46268,24.58905,23.73559
9500,2014-04-10 03:30:00,0.0,26.92462,26.13799,23.77544,26.46268,24.58905
9501,2014-04-10 03:45:00,0.0,27.89083,26.92462,26.13799,23.77544,26.46268
9502,2014-04-10 04:00:00,0.0,26.23431,27.89083,26.92462,26.13799,23.77544
9503,2014-04-10 04:15:00,0.0,26.32128,26.23431,27.89083,26.92462,26.13799
9504,2014-04-10 04:30:00,0.0,26.3256,26.32128,26.23431,27.89083,26.92462
9505,2014-04-10 04:45:00,0.0,27.39601,26.3256,26.32128,26.23431,27.89083
9506,2014-04-10 05:00:00,0.0,26.84573,27.39601,26.3256,26.32128,26.23431
9507,2014-04-10 05:15:00,0.0,26.1625,26.84573,27.39601,26.3256,26.32128
9508,2014-04-10 05:30:00,0.0,26.64685,26.1625,26.84573,27.39601,26.3256
9509,2014-04-10 05:45:00,0.0,27.28674,26.64685,26.1625,26.84573,27.39601
9510,2014-04-10 06:00:00,0.0,27.30947,27.28674,26.64685,26.1625,26.84573
9511,2014-04-10 06:15:00,0.0,29.49851,27.30947,27.28674,26.64685,26.1625
9512,2014-04-10 06:30:00,0.0,31.59328,29.49851,27.30947,27.28674,26.64685
9513,2014-04-10 06:45:00,0.0,31.39911,31.59328,29.49851,27.30947,27.28674
9514,2014-04-10 07:00:00,0.0,28.55335,31.39911,31.59328,29.49851,27.30947
9515,2014-04-10 07:15:00,0.0,30.62204,28.55335,31.39911,31.59328,29.49851
9516,2014-04-10 07:30:00,0.0,31.67352,30.62204,28.55335,31.39911,31.59328
9517,2014-04-10 07:45:00,0.0,32.5726,31.67352,30.62204,28.55335,31.39911
9518,2014-04-10 08:00:00,0.0,31.28404,32.5726,31.67352,30.62204,28.55335
9519,2014-04-10 08:15:00,0.0,33.62815,31.28404,32.5726,31.67352,30.62204
9520,2014-04-10 08:30:00,0.0,31.32706,33.62815,31.28404,32.5726,31.67352
9521,2014-04-10 08:45:00,0.0,33.20819,31.32706,33.62815,31.28404,32.5726
9522,2014-04-10 09:00:00,0.0,31.42645,33.20819,31.32706,33.62815,31.28404
9523,2014-04-10 09:15:00,0.0,32.52501,31.42645,33.20819,31.32706,33.62815
9524,2014-04-10 09:30:00,0.0,31.73341,32.52501,31.42645,33.20819,31.32706
9525,2014-04-10 09:45:00,0.0,35.52408,31.73341,32.52501,31.42645,33.20819
9526,2014-04-10 10:00:00,0.0,34.6848,35.52408,31.73341,32.52501,31.42645
9527,2014-04-10 10:15:00,0.0,33.91766,34.6848,35.52408,31.73341,32.52501
9528,2014-04-10 10:30:00,0.0,31.87148,33.91766,34.6848,35.52408,31.73341
9529,2014-04-10 10:45:00,0.0,32.89292,31.87148,33.91766,34.6848,35.52408
9530,2014-04-10 11:00:00,0.0,33.72294,32.89292,31.87148,33.91766,34.6848
9531,2014-04-10 11:15:00,0.0,35.36827,33.72294,32.89292,31.87148,33.91766
9532,2014-04-10 11:30:00,0.0,34.97738,35.36827,33.72294,32.89292,31.87148
9533,2014-04-10 11:45:00,0.0,35.5046,34.97738,35.36827,33.72294,32.89292
9534,2014-04-10 12:00:00,0.0,39.13666,35.5046,34.97738,35.36827,33.72294
9535,2014-04-10 12:15:00,0.0,36.66011,39.13666,35.5046,34.97738,35.36827
9536,2014-04-10 12:30:00,0.0,39.76707,36.66011,39.13666,35.5046,34.97738
9537,2014-04-10 12:45:00,0.0,41.85247,39.76707,36.66011,39.13666,35.5046
9538,2014-04-10 13:00:00,0.0,40.95208,41.85247,39.76707,36.66011,39.13666
9539,2014-04-10 13:15:00,0.0,40.36586,40.95208,41.85247,39.76707,36.66011
9540,2014-04-10 13:30:00,0.0,39.30383,40.36586,40.95208,41.85247,39.76707
9541,2014-04-10 13:45:00,0.0,41.40275,39.30383,40.36586,40.95208,41.85247
9542,2014-04-10 14:00:00,0.0,39.80411,41.40275,39.30383,40.36586,40.95208
9543,2014-04-10 14:15:00,0.0,41.86918,39.80411,41.40275,39.30383,40.36586
9544,2014-04-10 14:30:00,0.0,43.63586,41.86918,39.80411,41.40275,39.30383
9545,2014-04-10 14:45:00,0.0,43.15331,43.63586,41.86918,39.80411,41.40275
9546,2014-04-10 15:00:00,0.0,39.81922,43.15331,43.63586,41.86918,39.80411
9547,2014-04-10 15:15:00,0.0,39.5181,39.81922,43.15331,43.63586,41.86918
9548,2014-04-10 15:30:00,0.0,38.81489,39.5181,39.81922,43.15331,43.63586
9549,2014-04-10 15:45:00,0.0,42.44292,38.81489,39.5181,39.81922,43.15331
9550,2014-04-10 16:00:00,0.0,43.27563,42.44292,38.81489,39.5181,39.81922
9551,2014-04-10 16:15:00,0.0,43.33005,43.27563,42.44292,38.81489,39.5181
9552,2014-04-10 16:30:00,0.0,47.32772,43.33005,43.27563,42.44292,38.81489
9553,2014-04-10 16:45:00,0.0,46.61231,47.32772,43.33005,43.27563,42.44292
9554,2014-04-10 17:00:00,0.0,46.29366,46.61231,47.32772,43.33005,43.27563
9555,2014-04-10 17:15:00,0.0,39.6977,46.29366,46.61231,47.32772,43.33005
9556,2014-04-10 17:30:00,0.0,39.78285,39.6977,46.29366,46.61231,47.32772
9557,2014-04-10 17:45:00,0.0,40.02908,39.78285,39.6977,46.29366,46.61231
9558,2014-04-10 18:00:00,0.0,39.01427,40.02908,39.78285,39.6977,46.29366
9559,2014-04-10 18:15:00,0.0,35.53378,39.01427,40.02908,39.78285,39.6977
9560,2014-04-10 18:30:00,0.0,33.98989,35.53378,39.01427,40.02908,39.78285
9561,2014-04-10 18:45:00,0.0,34.71351,33.98989,35.53378,39.01427,40.02908
9562,2014-04-10 19:00:00,0.0,33.36598,34.71351,33.98989,35.53378,39.01427
9563,2014-04-10 19:15:00,0.0,36.96387,33.36598,34.71351,33.98989,35.53378
9564,2014-04-10 19:30:00,0.0,33.22286,36.96387,33.36598,34.71351,33.98989
9565,2014-04-10 19:45:00,0.0,31.32586,33.22286,36.96387,33.36598,34.71351
9566,2014-04-10 20:00:00,0.0,29.10342,31.32586,33.22286,36.96387,33.36598
9567,2014-04-10 20:15:00,0.0,30.92458,29.10342,31.32586,33.22286,36.96387
9568,2014-04-10 20:30:00,0.0,29.71164,30.92458,29.10342,31.32586,33.22286
9569,2014-04-10 20:45:00,0.0,28.52498,29.71164,30.92458,29.10342,31.32586
9570,2014-04-10 21:00:00,0.0,29.32851,28.52498,29.71164,30.92458,29.10342
9571,2014-04-10 21:15:00,0.0,27.81735,29.32851,28.52498,29.71164,30.92458
9572,2014-04-10 21:30:00,0.0,27.7814,27.81735,29.32851,28.52498,29.71164
9573,2014-04-10 21:45:00,0.0,30.45257,27.7814,27.81735,29.32851,28.52498
9574,2014-04-10 22:00:00,0.0,29.27722,30.45257,27.7814,27.81735,29.32851
9575,2014-04-10 22:15:00,0.0,28.83543,29.27722,30.45257,27.7814,27.81735
9576,2014-04-10 22:30:00,0.0,28.62239,28.83543,29.27722,30.45257,27.7814
9577,2014-04-10 22:45:00,0.0,28.34902,28.62239,28.83543,29.27722,30.45257
9578,2014-04-10 23:00:00,0.0,29.31502,28.34902,28.62239,28.83543,29.27722
9579,2014-04-10 23:15:00,0.0,26.3644,29.31502,28.34902,28.62239,28.83543
9580,2014-04-10 23:30:00,0.0,26.40442,26.3644,29.31502,28.34902,28.62239
9581,2014-04-10 23:45:00,0.0,29.02806,26.40442,26.3644,29.31502,28.34902
9582,2014-04-11 00:00:00,0.0,27.67003,29.02806,26.40442,26.3644,29.31502
9583,2014-04-11 00:15:00,0.0,26.01403,27.67003,29.02806,26.40442,26.3644
9584,2014-04-11 00:30:00,0.0,26.0123,26.01403,27.67003,29.02806,26.40442
9585,2014-04-11 00:45:00,0.0,26.53049,26.0123,26.01403,27.67003,29.02806
9586,2014-04-11 01:00:00,0.0,27.13352,26.53049,26.0123,26.01403,27.67003
9587,2014-04-11 01:15:00,0.0,26.38728,27.13352,26.53049,26.0123,26.01403
9588,2014-04-11 01:30:00,0.0,27.74807,26.38728,27.13352,26.53049,26.0123
9589,2014-04-11 01:45:00,0.0,26.57689,27.74807,26.38728,27.13352,26.53049
9590,2014-04-11 02:00:00,0.0,27.09932,26.57689,27.74807,26.38728,27.13352
9591,2014-04-11 02:15:00,0.0,26.15345,27.09932,26.57689,27.74807,26.38728
9592,2014-04-11 02:30:00,0.0,26.45983,26.15345,27.09932,26.57689,27.74807
9593,2014-04-11 02:45:00,0.0,27.52035,26.45983,26.15345,27.09932,26.57689
9594,2014-04-11 03:00:00,0.0,26.80905,27.52035,26.45983,26.15345,27.09932
9595,2014-04-11 03:15:00,0.0,27.71009,26.80905,27.52035,26.45983,26.15345
9596,2014-04-11 03:30:00,0.0,27.18212,27.71009,26.80905,27.52035,26.45983
9597,2014-04-11 03:45:00,0.0,27.95115,27.18212,27.71009,26.80905,27.52035
9598,2014-04-11 04:00:00,0.0,26.16542,27.95115,27.18212,27.71009,26.80905
9599,2014-04-11 04:15:00,0.0,27.11183,26.16542,27.95115,27.18212,27.71009
9600,2014-04-11 04:30:00,0.0,28.50439,27.11183,26.16542,27.95115,27.18212
9601,2014-04-11 04:45:00,0.0,28.47522,28.50439,27.11183,26.16542,27.95115
9602,2014-04-11 05:00:00,0.0,29.32155,28.47522,28.50439,27.11183,26.16542
9603,2014-04-11 05:15:00,0.0,27.00983,29.32155,28.47522,28.50439,27.11183
9604,2014-04-11 05:30:00,0.0,26.56722,27.00983,29.32155,28.47522,28.50439
9605,2014-04-11 05:45:00,0.0,29.25408,26.56722,27.00983,29.32155,28.47522
9606,2014-04-11 06:00:00,0.0,28.25018,29.25408,26.56722,27.00983,29.32155
9607,2014-04-11 06:15:00,0.0,26.85966,28.25018,29.25408,26.56722,27.00983
9608,2014-04-11 06:30:00,0.0,30.44942,26.85966,28.25018,29.25408,26.56722
9609,2014-04-11 06:45:00,0.0,31.65153,30.44942,26.85966,28.25018,29.25408
9610,2014-04-11 07:00:00,0.0,29.56539,31.65153,30.44942,26.85966,28.25018
9611,2014-04-11 07:15:00,0.0,30.37543,29.56539,31.65153,30.44942,26.85966
9612,2014-04-11 07:30:00,0.0,29.86377,30.37543,29.56539,31.65153,30.44942
9613,2014-04-11 07:45:00,0.0,31.92671,29.86377,30.37543,29.56539,31.65153
9614,2014-04-11 08:00:00,0.0,31.70367,31.92671,29.86377,30.37543,29.56539
9615,2014-04-11 08:15:00,0.0,32.76339,31.70367,31.92671,29.86377,30.37543
9616,2014-04-11 08:30:00,0.0,30.59913,32.76339,31.70367,31.92671,29.86377
9617,2014-04-11 08:45:00,0.0,33.39789,30.59913,32.76339,31.70367,31.92671
9618,2014-04-11 09:00:00,0.0,31.46382,33.39789,30.59913,32.76339,31.70367
9619,2014-04-11 09:15:00,0.0,35.39003,31.46382,33.39789,30.59913,32.76339
9620,2014-04-11 09:30:00,0.0,34.66452,35.39003,31.46382,33.39789,30.59913
9621,2014-04-11 09:45:00,0.0,34.75905,34.66452,35.39003,31.46382,33.39789
9622,2014-04-11 10:00:00,0.0,35.52592,34.75905,34.66452,35.39003,31.46382
9623,2014-04-11 10:15:00,0.0,35.98846,35.52592,34.75905,34.66452,35.39003
9624,2014-04-11 10:30:00,0.0,34.49645,35.98846,35.52592,34.75905,34.66452
9625,2014-04-11 10:45:00,0.0,33.77315,34.49645,35.98846,35.52592,34.75905
9626,2014-04-11 11:00:00,0.0,34.8738,33.77315,34.49645,35.98846,35.52592
9627,2014-04-11 11:15:00,0.0,34.30055,34.8738,33.77315,34.49645,35.98846
9628,2014-04-11 11:30:00,0.0,34.73788,34.30055,34.8738,33.77315,34.49645
9629,2014-04-11 11:45:00,0.0,33.44058,34.73788,34.30055,34.8738,33.77315
9630,2014-04-11 12:00:00,0.0,37.31563,33.44058,34.73788,34.30055,34.8738
9631,2014-04-11 12:15:00,0.0,34.66524,37.31563,33.44058,34.73788,34.30055
9632,2014-04-11 12:30:00,0.0,36.08124,34.66524,37.31563,33.44058,34.73788
9633,2014-04-11 12:45:00,0.0,35.61626,36.08124,34.66524,37.31563,33.44058
9634,2014-04-11 13:00:00,0.0,34.85975,35.61626,36.08124,34.66524,37.31563
9635,2014-04-11 13:15:00,0.0,36.21858,34.85975,35.61626,36.08124,34.66524
9636,2014-04-11 13:30:00,0.0,35.81468,36.21858,34.85975,35.61626,36.08124
9637,2014-04-11 13:45:00,0.0,37.43129,35.81468,36.21858,34.85975,35.61626
9638,2014-04-11 14:00:00,0.0,36.63218,37.43129,35.81468,36.21858,34.85975
9639,2014-04-11 14:15:00,0.0,35.55665,36.63218,37.43129,35.81468,36.21858
9640,2014-04-11 14:30:00,0.0,34.00081,35.55665,36.63218,37.43129,35.81468
9641,2014-04-11 14:45:00,0.0,36.98736,34.00081,35.55665,36.63218,37.43129
9642,2014-04-11 15:00:00,0.0,37.25331,36.98736,34.00081,35.55665,36.63218
9643,2014-04-11 15:15:00,0.0,35.79811,37.25331,36.98736,34.00081,35.55665
9644,2014-04-11 15:30:00,0.0,34.66835,35.79811,37.25331,36.98736,34.00081
9645,2014-04-11 15:45:00,0.0,38.5567,34.66835,35.79811,37.25331,36.98736
9646,2014-04-11 16:00:00,0.0,36.57192,38.5567,34.66835,35.79811,37.25331
9647,2014-04-11 16:15:00,0.0,34.65523,36.57192,38.5567,34.66835,35.79811
9648,2014-04-11 16:30:00,0.0,33.24083,34.65523,36.57192,38.5567,34.66835
9649,2014-04-11 16:45:00,0.0,36.42842,33.24083,34.65523,36.57192,38.5567
9650,2014-04-11 17:00:00,0.0,34.09846,36.42842,33.24083,34.65523,36.57192
9651,2014-04-11 17:15:00,0.0,35.84405,34.09846,36.42842,33.24083,34.65523
9652,2014-04-11 17:30:00,0.0,34.0309,35.84405,34.09846,36.42842,33.24083
9653,2014-04-11 17:45:00,0.0,31.53917,34.0309,35.84405,34.09846,36.42842
9654,2014-04-11 18:00:00,0.0,34.12815,31.53917,34.0309,35.84405,34.09846
9655,2014-04-11 18:15:00,0.0,32.52722,34.12815,31.53917,34.0309,35.84405
9656,2014-04-11 18:30:00,0.0,27.46405,32.52722,34.12815,31.53917,34.0309
9657,2014-04-11 18:45:00,0.0,30.53525,27.46405,32.52722,34.12815,31.53917
9658,2014-04-11 19:00:00,0.0,29.3229,30.53525,27.46405,32.52722,34.12815
9659,2014-04-11 19:15:00,0.0,29.49988,29.3229,30.53525,27.46405,32.52722
9660,2014-04-11 19:30:00,0.0,29.00447,29.49988,29.3229,30.53525,27.46405
9661,2014-04-11 19:45:00,0.0,28.75534,29.00447,29.49988,29.3229,30.53525
9662,2014-04-11 20:00:00,0.0,30.31925,28.75534,29.00447,29.49988,29.3229
9663,2014-04-11 20:15:00,0.0,28.46825,30.31925,28.75534,29.00447,29.49988
9664,2014-04-11 20:30:00,0.0,29.23811,28.46825,30.31925,28.75534,29.00447
9665,2014-04-11 20:45:00,0.0,28.99791,29.23811,28.46825,30.31925,28.75534
9666,2014-04-11 21:00:00,0.0,28.07706,28.99791,29.23811,28.46825,30.31925
9667,2014-04-11 21:15:00,0.0,27.57337,28.07706,28.99791,29.23811,28.46825
9668,2014-04-11 21:30:00,0.0,27.89038,27.57337,28.07706,28.99791,29.23811
9669,2014-04-11 21:45:00,0.0,26.75212,27.89038,27.57337,28.07706,28.99791
9670,2014-04-11 22:00:00,0.0,27.2088,26.75212,27.89038,27.57337,28.07706
9671,2014-04-11 22:15:00,0.0,26.44316,27.2088,26.75212,27.89038,27.57337
9672,2014-04-11 22:30:00,0.0,26.623,26.44316,27.2088,26.75212,27.89038
9673,2014-04-11 22:45:00,0.0,27.02394,26.623,26.44316,27.2088,26.75212
9674,2014-04-11 23:00:00,0.0,27.29911,27.02394,26.623,26.44316,27.2088
9675,2014-04-11 23:15:00,0.0,26.0959,27.29911,27.02394,26.623,26.44316
9676,2014-04-11 23:30:00,0.0,26.15235,26.0959,27.29911,27.02394,26.623
9677,2014-04-11 23:45:00,0.0,26.31216,26.15235,26.0959,27.29911,27.02394
9678,2014-04-12 00:00:00,0.0,24.76595,26.31216,26.15235,26.0959,27.29911
9679,2014-04-12 00:15:00,0.0,25.56393,24.76595,26.31216,26.15235,26.0959
9680,2014-04-12 00:30:00,0.0,23.66291,25.56393,24.76595,26.31216,26.15235
9681,2014-04-12 00:45:00,0.0,26.85869,23.66291,25.56393,24.76595,26.31216
9682,2014-04-12 01:00:00,0.0,25.05898,26.85869,23.66291,25.56393,24.76595
9683,2014-04-12 01:15:00,0.0,26.99577,25.05898,26.85869,23.66291,25.56393
9684,2014-04-12 01:30:00,0.0,23.17759,26.99577,25.05898,26.85869,23.66291
9685,2014-04-12 01:45:00,0.0,25.11108,23.17759,26.99577,25.05898,26.85869
9686,2014-04-12 02:00:00,0.0,26.23029,25.11108,23.17759,26.99577,25.05898
9687,2014-04-12 02:15:00,0.0,22.77586,26.23029,25.11108,23.17759,26.99577
9688,2014-04-12 02:30:00,0.0,25.70411,22.77586,26.23029,25.11108,23.17759
9689,2014-04-12 02:45:00,0.0,26.30435,25.70411,22.77586,26.23029,25.11108
9690,2014-04-12 03:00:00,0.0,26.44661,26.30435,25.70411,22.77586,26.23029
9691,2014-04-12 03:15:00,0.0,24.61877,26.44661,26.30435,25.70411,22.77586
9692,2014-04-12 03:30:00,0.0,25.17682,24.61877,26.44661,26.30435,25.70411
9693,2014-04-12 03:45:00,0.0,26.07532,25.17682,24.61877,26.44661,26.30435
9694,2014-04-12 04:00:00,0.0,24.622,26.07532,25.17682,24.61877,26.44661
9695,2014-04-12 04:15:00,0.0,25.76429,24.622,26.07532,25.17682,24.61877
9696,2014-04-12 04:30:00,0.0,27.11297,25.76429,24.622,26.07532,25.17682
9697,2014-04-12 04:45:00,0.0,26.47692,27.11297,25.76429,24.622,26.07532
9698,2014-04-12 05:00:00,0.0,25.41003,26.47692,27.11297,25.76429,24.622
9699,2014-04-12 05:15:00,0.0,24.42586,25.41003,26.47692,27.11297,25.76429
9700,2014-04-12 05:30:00,0.0,25.80926,24.42586,25.41003,26.47692,27.11297
9701,2014-04-12 05:45:00,0.0,26.36351,25.80926,24.42586,25.41003,26.47692
9702,2014-04-12 06:00:00,0.0,26.07242,26.36351,25.80926,24.42586,25.41003
9703,2014-04-12 06:15:00,0.0,26.31853,26.07242,26.36351,25.80926,24.42586
9704,2014-04-12 06:30:00,0.0,26.21106,26.31853,26.07242,26.36351,25.80926
9705,2014-04-12 06:45:00,0.0,27.14013,26.21106,26.31853,26.07242,26.36351
9706,2014-04-12 07:00:00,0.0,25.88305,27.14013,26.21106,26.31853,26.07242
9707,2014-04-12 07:15:00,0.0,25.29451,25.88305,27.14013,26.21106,26.31853
9708,2014-04-12 07:30:00,0.0,23.94383,25.29451,25.88305,27.14013,26.21106
9709,2014-04-12 07:45:00,0.0,27.28899,23.94383,25.29451,25.88305,27.14013
9710,2014-04-12 08:00:00,0.0,27.81977,27.28899,23.94383,25.29451,25.88305
9711,2014-04-12 08:15:00,0.0,28.03724,27.81977,27.28899,23.94383,25.29451
9712,2014-04-12 08:30:00,0.0,24.73741,28.03724,27.81977,27.28899,23.94383
9713,2014-04-12 08:45:00,0.0,26.53899,24.73741,28.03724,27.81977,27.28899
9714,2014-04-12 09:00:00,0.0,27.3845,26.53899,24.73741,28.03724,27.81977
9715,2014-04-12 09:15:00,0.0,26.76793,27.3845,26.53899,24.73741,28.03724
9716,2014-04-12 09:30:00,0.0,26.39683,26.76793,27.3845,26.53899,24.73741
9717,2014-04-12 09:45:00,0.0,27.50658,26.39683,26.76793,27.3845,26.53899
9718,2014-04-12 10:00:00,0.0,28.63619,27.50658,26.39683,26.76793,27.3845
9719,2014-04-12 10:15:00,0.0,26.69476,28.63619,27.50658,26.39683,26.76793
9720,2014-04-12 10:30:00,0.0,27.76869,26.69476,28.63619,27.50658,26.39683
9721,2014-04-12 10:45:00,0.0,28.21307,27.76869,26.69476,28.63619,27.50658
9722,2014-04-12 11:00:00,0.0,28.65604,28.21307,27.76869,26.69476,28.63619
9723,2014-04-12 11:15:00,0.0,27.62348,28.65604,28.21307,27.76869,26.69476
9724,2014-04-12 11:30:00,0.0,28.28025,27.62348,28.65604,28.21307,27.76869
9725,2014-04-12 11:45:00,0.0,27.52299,28.28025,27.62348,28.65604,28.21307
9726,2014-04-12 12:00:00,0.0,28.08768,27.52299,28.28025,27.62348,28.65604
9727,2014-04-12 12:15:00,0.0,27.28011,28.08768,27.52299,28.28025,27.62348
9728,2014-04-12 12:30:00,0.0,26.37863,27.28011,28.08768,27.52299,28.28025
9729,2014-04-12 12:45:00,0.0,28.11292,26.37863,27.28011,28.08768,27.52299
9730,2014-04-12 13:00:00,0.0,25.22792,28.11292,26.37863,27.28011,28.08768
9731,2014-04-12 13:15:00,0.0,26.76429,25.22792,28.11292,26.37863,27.28011
9732,2014-04-12 13:30:00,0.0,26.435,26.76429,25.22792,28.11292,26.37863
9733,2014-04-12 13:45:00,0.0,25.27546,26.435,26.76429,25.22792,28.11292
9734,2014-04-12 14:00:00,0.0,27.1852,25.27546,26.435,26.76429,25.22792
9735,2014-04-12 14:15:00,0.0,26.09719,27.1852,25.27546,26.435,26.76429
9736,2014-04-12 14:30:00,0.0,26.76813,26.09719,27.1852,25.27546,26.435
9737,2014-04-12 14:45:00,0.0,26.36247,26.76813,26.09719,27.1852,25.27546
9738,2014-04-12 15:00:00,0.0,28.79148,26.36247,26.76813,26.09719,27.1852
9739,2014-04-12 15:15:00,0.0,27.53829,28.79148,26.36247,26.76813,26.09719
9740,2014-04-12 15:30:00,0.0,26.52448,27.53829,28.79148,26.36247,26.76813
9741,2014-04-12 15:45:00,0.0,27.51146,26.52448,27.53829,28.79148,26.36247
9742,2014-04-12 16:00:00,0.0,24.88596,27.51146,26.52448,27.53829,28.79148
9743,2014-04-12 16:15:00,0.0,24.65169,24.88596,27.51146,26.52448,27.53829
9744,2014-04-12 16:30:00,0.0,27.63856,24.65169,24.88596,27.51146,26.52448
9745,2014-04-12 16:45:00,0.0,29.15509,27.63856,24.65169,24.88596,27.51146
9746,2014-04-12 17:00:00,0.0,27.88688,29.15509,27.63856,24.65169,24.88596
9747,2014-04-12 17:15:00,0.0,27.58115,27.88688,29.15509,27.63856,24.65169
9748,2014-04-12 17:30:00,0.0,26.71193,27.58115,27.88688,29.15509,27.63856
9749,2014-04-12 17:45:00,0.0,27.20672,26.71193,27.58115,27.88688,29.15509
9750,2014-04-12 18:00:00,0.0,25.66899,27.20672,26.71193,27.58115,27.88688
9751,2014-04-12 18:15:00,0.0,27.41878,25.66899,27.20672,26.71193,27.58115
9752,2014-04-12 18:30:00,0.0,26.97639,27.41878,25.66899,27.20672,26.71193
9753,2014-04-12 18:45:00,0.0,27.83359,26.97639,27.41878,25.66899,27.20672
9754,2014-04-12 19:00:00,0.0,27.04538,27.83359,26.97639,27.41878,25.66899
9755,2014-04-12 19:15:00,0.0,27.45141,27.04538,27.83359,26.97639,27.41878
9756,2014-04-12 19:30:00,0.0,26.45002,27.45141,27.04538,27.83359,26.97639
9757,2014-04-12 19:45:00,0.0,27.29351,26.45002,27.45141,27.04538,27.83359
9758,2014-04-12 20:00:00,0.0,27.21151,27.29351,26.45002,27.45141,27.04538
9759,2014-04-12 20:15:00,0.0,28.02513,27.21151,27.29351,26.45002,27.45141
9760,2014-04-12 20:30:00,0.0,26.50403,28.02513,27.21151,27.29351,26.45002
9761,2014-04-12 20:45:00,0.0,27.73646,26.50403,28.02513,27.21151,27.29351
9762,2014-04-12 21:00:00,0.0,26.95707,27.73646,26.50403,28.02513,27.21151
9763,2014-04-12 21:15:00,0.0,24.88778,26.95707,27.73646,26.50403,28.02513
9764,2014-04-12 21:30:00,0.0,27.10172,24.88778,26.95707,27.73646,26.50403
9765,2014-04-12 21:45:00,0.0,27.89364,27.10172,24.88778,26.95707,27.73646
9766,2014-04-12 22:00:00,0.0,28.95791,27.89364,27.10172,24.88778,26.95707
9767,2014-04-12 22:15:00,0.0,27.44086,28.95791,27.89364,27.10172,24.88778
9768,2014-04-12 22:30:00,0.0,26.95217,27.44086,28.95791,27.89364,27.10172
9769,2014-04-12 22:45:00,0.0,28.4429,26.95217,27.44086,28.95791,27.89364
9770,2014-04-12 23:00:00,0.0,26.01812,28.4429,26.95217,27.44086,28.95791
9771,2014-04-12 23:15:00,0.0,25.38049,26.01812,28.4429,26.95217,27.44086
9772,2014-04-12 23:30:00,0.0,25.40727,25.38049,26.01812,28.4429,26.95217
9773,2014-04-12 23:45:00,0.0,27.43658,25.40727,25.38049,26.01812,28.4429
9774,2014-04-13 00:00:00,0.0,23.9699,27.43658,25.40727,25.38049,26.01812
9775,2014-04-13 00:15:00,0.0,25.79421,23.9699,27.43658,25.40727,25.38049
9776,2014-04-13 00:30:00,0.0,25.80855,25.79421,23.9699,27.43658,25.40727
9777,2014-04-13 00:45:00,0.0,25.53023,25.80855,25.79421,23.9699,27.43658
9778,2014-04-13 01:00:00,0.0,26.20258,25.53023,25.80855,25.79421,23.9699
9779,2014-04-13 01:15:00,0.0,26.30481,26.20258,25.53023,25.80855,25.79421
9780,2014-04-13 01:30:00,0.0,26.25931,26.30481,26.20258,25.53023,25.80855
9781,2014-04-13 01:45:00,0.0,24.56956,26.25931,26.30481,26.20258,25.53023
9782,2014-04-13 02:00:00,0.0,24.55307,24.56956,26.25931,26.30481,26.20258
9783,2014-04-13 02:15:00,0.0,25.23364,24.55307,24.56956,26.25931,26.30481
9784,2014-04-13 02:30:00,0.0,23.57976,25.23364,24.55307,24.56956,26.25931
9785,2014-04-13 02:45:00,0.0,25.96398,23.57976,25.23364,24.55307,24.56956
9786,2014-04-13 03:00:00,0.0,25.62546,25.96398,23.57976,25.23364,24.55307
9787,2014-04-13 03:15:00,0.0,26.31424,25.62546,25.96398,23.57976,25.23364
9788,2014-04-13 03:30:00,0.0,26.88953,26.31424,25.62546,25.96398,23.57976
9789,2014-04-13 03:45:00,0.0,25.85237,26.88953,26.31424,25.62546,25.96398
9790,2014-04-13 04:00:00,0.0,26.35175,25.85237,26.88953,26.31424,25.62546
9791,2014-04-13 04:15:00,0.0,26.07594,26.35175,25.85237,26.88953,26.31424
9792,2014-04-13 04:30:00,0.0,24.9772,26.07594,26.35175,25.85237,26.88953
9793,2014-04-13 04:45:00,0.0,26.03092,24.9772,26.07594,26.35175,25.85237
9794,2014-04-13 05:00:00,0.0,27.09936,26.03092,24.9772,26.07594,26.35175
9795,2014-04-13 05:15:00,0.0,26.15599,27.09936,26.03092,24.9772,26.07594
9796,2014-04-13 05:30:00,0.0,24.70088,26.15599,27.09936,26.03092,24.9772
9797,2014-04-13 05:45:00,0.0,26.40301,24.70088,26.15599,27.09936,26.03092
9798,2014-04-13 06:00:00,0.0,25.11567,26.40301,24.70088,26.15599,27.09936
9799,2014-04-13 06:15:00,0.0,24.99442,25.11567,26.40301,24.70088,26.15599
9800,2014-04-13 06:30:00,0.0,26.61343,24.99442,25.11567,26.40301,24.70088
9801,2014-04-13 06:45:00,0.0,26.68973,26.61343,24.99442,25.11567,26.40301
9802,2014-04-13 07:00:00,0.0,26.39027,26.68973,26.61343,24.99442,25.11567
9803,2014-04-13 07:15:00,0.0,26.00514,26.39027,26.68973,26.61343,24.99442
9804,2014-04-13 07:30:00,0.0,28.19589,26.00514,26.39027,26.68973,26.61343
9805,2014-04-13 07:45:00,0.0,26.64241,28.19589,26.00514,26.39027,26.68973
9806,2014-04-13 08:00:00,0.0,27.5368,26.64241,28.19589,26.00514,26.39027
9807,2014-04-13 08:15:00,0.0,27.1924,27.5368,26.64241,28.19589,26.00514
9808,2014-04-13 08:30:00,0.0,28.12731,27.1924,27.5368,26.64241,28.19589
9809,2014-04-13 08:45:00,0.0,27.09554,28.12731,27.1924,27.5368,26.64241
9810,2014-04-13 09:00:00,0.0,26.90994,27.09554,28.12731,27.1924,27.5368
9811,2014-04-13 09:15:00,0.0,26.56869,26.90994,27.09554,28.12731,27.1924
9812,2014-04-13 09:30:00,0.0,25.28471,26.56869,26.90994,27.09554,28.12731
9813,2014-04-13 09:45:00,0.0,26.55108,25.28471,26.56869,26.90994,27.09554
9814,2014-04-13 10:00:00,0.0,26.40703,26.55108,25.28471,26.56869,26.90994
9815,2014-04-13 10:15:00,0.0,27.44053,26.40703,26.55108,25.28471,26.56869
9816,2014-04-13 10:30:00,0.0,26.82784,27.44053,26.40703,26.55108,25.28471
9817,2014-04-13 10:45:00,0.0,27.71818,26.82784,27.44053,26.40703,26.55108
9818,2014-04-13 11:00:00,0.0,27.44528,27.71818,26.82784,27.44053,26.40703
9819,2014-04-13 11:15:00,0.0,24.47532,27.44528,27.71818,26.82784,27.44053
9820,2014-04-13 11:30:00,0.0,25.16255,24.47532,27.44528,27.71818,26.82784
9821,2014-04-13 11:45:00,0.0,27.43007,25.16255,24.47532,27.44528,27.71818
9822,2014-04-13 12:00:00,0.0,26.07302,27.43007,25.16255,24.47532,27.44528
9823,2014-04-13 12:15:00,0.0,28.89645,26.07302,27.43007,25.16255,24.47532
9824,2014-04-13 12:30:00,0.0,30.02838,28.89645,26.07302,27.43007,25.16255
9825,2014-04-13 12:45:00,0.0,26.66991,30.02838,28.89645,26.07302,27.43007
9826,2014-04-13 13:00:00,0.0,27.14007,26.66991,30.02838,28.89645,26.07302
9827,2014-04-13 13:15:00,0.0,27.76172,27.14007,26.66991,30.02838,28.89645
9828,2014-04-13 13:30:00,0.0,25.14421,27.76172,27.14007,26.66991,30.02838
9829,2014-04-13 13:45:00,0.0,26.92458,25.14421,27.76172,27.14007,26.66991
9830,2014-04-13 14:00:00,0.0,28.07797,26.92458,25.14421,27.76172,27.14007
9831,2014-04-13 14:15:00,0.0,29.2173,28.07797,26.92458,25.14421,27.76172
9832,2014-04-13 14:30:00,0.0,26.96589,29.2173,28.07797,26.92458,25.14421
9833,2014-04-13 14:45:00,0.0,28.55604,26.96589,29.2173,28.07797,26.92458
9834,2014-04-13 15:00:00,0.0,28.44452,28.55604,26.96589,29.2173,28.07797
9835,2014-04-13 15:15:00,0.0,27.66683,28.44452,28.55604,26.96589,29.2173
9836,2014-04-13 15:30:00,0.0,30.73219,27.66683,28.44452,28.55604,26.96589
9837,2014-04-13 15:45:00,0.0,29.92575,30.73219,27.66683,28.44452,28.55604
9838,2014-04-13 16:00:00,0.0,27.66722,29.92575,30.73219,27.66683,28.44452
9839,2014-04-13 16:15:00,0.0,27.39369,27.66722,29.92575,30.73219,27.66683
9840,2014-04-13 16:30:00,0.0,28.41497,27.39369,27.66722,29.92575,30.73219
9841,2014-04-13 16:45:00,0.0,24.08705,28.41497,27.39369,27.66722,29.92575
9842,2014-04-13 17:00:00,0.0,25.99027,24.08705,28.41497,27.39369,27.66722
9843,2014-04-13 17:15:00,0.0,25.50171,25.99027,24.08705,28.41497,27.39369
9844,2014-04-13 17:30:00,0.0,24.82335,25.50171,25.99027,24.08705,28.41497
9845,2014-04-13 17:45:00,0.0,26.38593,24.82335,25.50171,25.99027,24.08705
9846,2014-04-13 18:00:00,0.0,25.70548,26.38593,24.82335,25.50171,25.99027
9847,2014-04-13 18:15:00,0.0,27.12868,25.70548,26.38593,24.82335,25.50171
9848,2014-04-13 18:30:00,0.0,25.51522,27.12868,25.70548,26.38593,24.82335
9849,2014-04-13 18:45:00,0.0,27.37771,25.51522,27.12868,25.70548,26.38593
9850,2014-04-13 19:00:00,0.0,23.32302,27.37771,25.51522,27.12868,25.70548
9851,2014-04-13 19:15:00,0.0,26.31224,23.32302,27.37771,25.51522,27.12868
9852,2014-04-13 19:30:00,0.0,25.9909,26.31224,23.32302,27.37771,25.51522
9853,2014-04-13 19:45:00,0.0,28.40605,25.9909,26.31224,23.32302,27.37771
9854,2014-04-13 20:00:00,0.0,26.74115,28.40605,25.9909,26.31224,23.32302
9855,2014-04-13 20:15:00,0.0,26.00485,26.74115,28.40605,25.9909,26.31224
9856,2014-04-13 20:30:00,0.0,24.88608,26.00485,26.74115,28.40605,25.9909
9857,2014-04-13 20:45:00,0.0,24.8522,24.88608,26.00485,26.74115,28.40605
9858,2014-04-13 21:00:00,0.0,27.21092,24.8522,24.88608,26.00485,26.74115
9859,2014-04-13 21:15:00,0.0,26.00291,27.21092,24.8522,24.88608,26.00485
9860,2014-04-13 21:30:00,0.0,27.62663,26.00291,27.21092,24.8522,24.88608
9861,2014-04-13 21:45:00,0.0,27.74216,27.62663,26.00291,27.21092,24.8522
9862,2014-04-13 22:00:00,0.0,27.6146,27.74216,27.62663,26.00291,27.21092
9863,2014-04-13 22:15:00,0.0,26.37133,27.6146,27.74216,27.62663,26.00291
9864,2014-04-13 22:30:00,0.0,26.48383,26.37133,27.6146,27.74216,27.62663
9865,2014-04-13 22:45:00,0.0,27.19262,26.48383,26.37133,27.6146,27.74216
9866,2014-04-13 23:00:00,0.0,26.86807,27.19262,26.48383,26.37133,27.6146
9867,2014-04-13 23:15:00,0.0,25.50241,26.86807,27.19262,26.48383,26.37133
9868,2014-04-13 23:30:00,0.0,27.02388,25.50241,26.86807,27.19262,26.48383
9869,2014-04-13 23:45:00,0.0,24.63048,27.02388,25.50241,26.86807,27.19262
9870,2014-04-14 00:00:00,0.0,25.62525,24.63048,27.02388,25.50241,26.86807
9871,2014-04-14 00:15:00,0.0,25.19492,25.62525,24.63048,27.02388,25.50241
9872,2014-04-14 00:30:00,0.0,25.70921,25.19492,25.62525,24.63048,27.02388
9873,2014-04-14 00:45:00,0.0,28.11307,25.70921,25.19492,25.62525,24.63048
9874,2014-04-14 01:00:00,0.0,26.08641,28.11307,25.70921,25.19492,25.62525
9875,2014-04-14 01:15:00,0.0,27.00985,26.08641,28.11307,25.70921,25.19492
9876,2014-04-14 01:30:00,0.0,24.96434,27.00985,26.08641,28.11307,25.70921
9877,2014-04-14 01:45:00,0.0,24.16095,24.96434,27.00985,26.08641,28.11307
9878,2014-04-14 02:00:00,0.0,27.02163,24.16095,24.96434,27.00985,26.08641
9879,2014-04-14 02:15:00,0.0,24.65566,27.02163,24.16095,24.96434,27.00985
9880,2014-04-14 02:30:00,0.0,25.49946,24.65566,27.02163,24.16095,24.96434
9881,2014-04-14 02:45:00,0.0,25.98574,25.49946,24.65566,27.02163,24.16095
9882,2014-04-14 03:00:00,0.0,26.9887,25.98574,25.49946,24.65566,27.02163
9883,2014-04-14 03:15:00,0.0,26.76294,26.9887,25.98574,25.49946,24.65566
9884,2014-04-14 03:30:00,0.0,26.00823,26.76294,26.9887,25.98574,25.49946
9885,2014-04-14 03:45:00,0.0,25.88884,26.00823,26.76294,26.9887,25.98574
9886,2014-04-14 04:00:00,0.0,25.79755,25.88884,26.00823,26.76294,26.9887
9887,2014-04-14 04:15:00,0.0,27.50929,25.79755,25.88884,26.00823,26.76294
9888,2014-04-14 04:30:00,0.0,24.89986,27.50929,25.79755,25.88884,26.00823
9889,2014-04-14 04:45:00,0.0,27.20058,24.89986,27.50929,25.79755,25.88884
9890,2014-04-14 05:00:00,0.0,26.52597,27.20058,24.89986,27.50929,25.79755
9891,2014-04-14 05:15:00,0.0,25.63808,26.52597,27.20058,24.89986,27.50929
9892,2014-04-14 05:30:00,0.0,26.64071,25.63808,26.52597,27.20058,24.89986
9893,2014-04-14 05:45:00,0.0,27.56798,26.64071,25.63808,26.52597,27.20058
9894,2014-04-14 06:00:00,0.0,27.38295,27.56798,26.64071,25.63808,26.52597
9895,2014-04-14 06:15:00,0.0,31.15139,27.38295,27.56798,26.64071,25.63808
9896,2014-04-14 06:30:00,0.0,30.32586,31.15139,27.38295,27.56798,26.64071
9897,2014-04-14 06:45:00,0.0,30.45777,30.32586,31.15139,27.38295,27.56798
9898,2014-04-14 07:00:00,0.0,28.41804,30.45777,30.32586,31.15139,27.38295
9899,2014-04-14 07:15:00,0.0,29.53021,28.41804,30.45777,30.32586,31.15139
9900,2014-04-14 07:30:00,0.0,28.96022,29.53021,28.41804,30.45777,30.32586
9901,2014-04-14 07:45:00,0.0,28.98731,28.96022,29.53021,28.41804,30.45777
9902,2014-04-14 08:00:00,0.0,32.12026,28.98731,28.96022,29.53021,28.41804
9903,2014-04-14 08:15:00,0.0,31.69821,32.12026,28.98731,28.96022,29.53021
9904,2014-04-14 08:30:00,0.0,29.59525,31.69821,32.12026,28.98731,28.96022
9905,2014-04-14 08:45:00,0.0,32.29877,29.59525,31.69821,32.12026,28.98731
9906,2014-04-14 09:00:00,0.0,32.7315,32.29877,29.59525,31.69821,32.12026
9907,2014-04-14 09:15:00,0.0,31.72866,32.7315,32.29877,29.59525,31.69821
9908,2014-04-14 09:30:00,0.0,34.44465,31.72866,32.7315,32.29877,29.59525
9909,2014-04-14 09:45:00,0.0,34.04073,34.44465,31.72866,32.7315,32.29877
9910,2014-04-14 10:00:00,0.0,33.59115,34.04073,34.44465,31.72866,32.7315
9911,2014-04-14 10:15:00,0.0,32.90271,33.59115,34.04073,34.44465,31.72866
9912,2014-04-14 10:30:00,0.0,31.70159,32.90271,33.59115,34.04073,34.44465
9913,2014-04-14 10:45:00,0.0,33.8646,31.70159,32.90271,33.59115,34.04073
9914,2014-04-14 11:00:00,0.0,33.54227,33.8646,31.70159,32.90271,33.59115
9915,2014-04-14 11:15:00,0.0,34.73434,33.54227,33.8646,31.70159,32.90271
9916,2014-04-14 11:30:00,0.0,35.613,34.73434,33.54227,33.8646,31.70159
9917,2014-04-14 11:45:00,0.0,33.28477,35.613,34.73434,33.54227,33.8646
9918,2014-04-14 12:00:00,0.0,31.54068,33.28477,35.613,34.73434,33.54227
9919,2014-04-14 12:15:00,0.0,34.29331,31.54068,33.28477,35.613,34.73434
9920,2014-04-14 12:30:00,0.0,33.25746,34.29331,31.54068,33.28477,35.613
9921,2014-04-14 12:45:00,0.0,34.80268,33.25746,34.29331,31.54068,33.28477
9922,2014-04-14 13:00:00,0.0,34.5958,34.80268,33.25746,34.29331,31.54068
9923,2014-04-14 13:15:00,0.0,35.82351,34.5958,34.80268,33.25746,34.29331
9924,2014-04-14 13:30:00,0.0,37.05846,35.82351,34.5958,34.80268,33.25746
9925,2014-04-14 13:45:00,0.0,36.29659,37.05846,35.82351,34.5958,34.80268
9926,2014-04-14 14:00:00,0.0,36.3659,36.29659,37.05846,35.82351,34.5958
9927,2014-04-14 14:15:00,0.0,38.1915,36.3659,36.29659,37.05846,35.82351
9928,2014-04-14 14:30:00,0.0,37.84222,38.1915,36.3659,36.29659,37.05846
9929,2014-04-14 14:45:00,0.0,38.5254,37.84222,38.1915,36.3659,36.29659
9930,2014-04-14 15:00:00,0.0,36.64664,38.5254,37.84222,38.1915,36.3659
9931,2014-04-14 15:15:00,0.0,37.16869,36.64664,38.5254,37.84222,38.1915
9932,2014-04-14 15:30:00,0.0,37.72082,37.16869,36.64664,38.5254,37.84222
9933,2014-04-14 15:45:00,0.0,35.87206,37.72082,37.16869,36.64664,38.5254
9934,2014-04-14 16:00:00,0.0,38.55031,35.87206,37.72082,37.16869,36.64664
9935,2014-04-14 16:15:00,0.0,36.38882,38.55031,35.87206,37.72082,37.16869
9936,2014-04-14 16:30:00,0.0,37.74871,36.38882,38.55031,35.87206,37.72082
9937,2014-04-14 16:45:00,0.0,39.74938,37.74871,36.38882,38.55031,35.87206
9938,2014-04-14 17:00:00,0.0,40.86115,39.74938,37.74871,36.38882,38.55031
9939,2014-04-14 17:15:00,0.0,36.75731,40.86115,39.74938,37.74871,36.38882
9940,2014-04-14 17:30:00,0.0,34.49562,36.75731,40.86115,39.74938,37.74871
9941,2014-04-14 17:45:00,0.0,35.45548,34.49562,36.75731,40.86115,39.74938
9942,2014-04-14 18:00:00,0.0,32.92074,35.45548,34.49562,36.75731,40.86115
9943,2014-04-14 18:15:00,0.0,30.15339,32.92074,35.45548,34.49562,36.75731
9944,2014-04-14 18:30:00,0.0,30.02669,30.15339,32.92074,35.45548,34.49562
9945,2014-04-14 18:45:00,0.0,30.61076,30.02669,30.15339,32.92074,35.45548
9946,2014-04-14 19:00:00,0.0,31.70784,30.61076,30.02669,30.15339,32.92074
9947,2014-04-14 19:15:00,0.0,30.25919,31.70784,30.61076,30.02669,30.15339
9948,2014-04-14 19:30:00,0.0,27.75897,30.25919,31.70784,30.61076,30.02669
9949,2014-04-14 19:45:00,0.0,30.01735,27.75897,30.25919,31.70784,30.61076
9950,2014-04-14 20:00:00,0.0,28.2504,30.01735,27.75897,30.25919,31.70784
9951,2014-04-14 20:15:00,0.0,27.52128,28.2504,30.01735,27.75897,30.25919
9952,2014-04-14 20:30:00,0.0,27.81868,27.52128,28.2504,30.01735,27.75897
9953,2014-04-14 20:45:00,0.0,31.10493,27.81868,27.52128,28.2504,30.01735
9954,2014-04-14 21:00:00,0.0,29.71326,31.10493,27.81868,27.52128,28.2504
9955,2014-04-14 21:15:00,0.0,27.85046,29.71326,31.10493,27.81868,27.52128
9956,2014-04-14 21:30:00,0.0,26.46948,27.85046,29.71326,31.10493,27.81868
9957,2014-04-14 21:45:00,0.0,29.33619,26.46948,27.85046,29.71326,31.10493
9958,2014-04-14 22:00:00,0.0,26.91015,29.33619,26.46948,27.85046,29.71326
9959,2014-04-14 22:15:00,0.0,26.9159,26.91015,29.33619,26.46948,27.85046
9960,2014-04-14 22:30:00,0.0,29.11771,26.9159,26.91015,29.33619,26.46948
9961,2014-04-14 22:45:00,0.0,28.33035,29.11771,26.9159,26.91015,29.33619
9962,2014-04-14 23:00:00,0.0,28.47517,28.33035,29.11771,26.9159,26.91015
9963,2014-04-14 23:15:00,0.0,25.22011,28.47517,28.33035,29.11771,26.9159
9964,2014-04-14 23:30:00,0.0,25.73502,25.22011,28.47517,28.33035,29.11771
9965,2014-04-14 23:45:00,0.0,25.13314,25.73502,25.22011,28.47517,28.33035
9966,2014-04-15 00:00:00,0.0,24.57683,25.13314,25.73502,25.22011,28.47517
9967,2014-04-15 00:15:00,0.0,26.61151,24.57683,25.13314,25.73502,25.22011
9968,2014-04-15 00:30:00,0.0,23.37694,26.61151,24.57683,25.13314,25.73502
9969,2014-04-15 00:45:00,0.0,27.03838,23.37694,26.61151,24.57683,25.13314
9970,2014-04-15 01:00:00,0.0,24.85408,27.03838,23.37694,26.61151,24.57683
9971,2014-04-15 01:15:00,0.0,25.11456,24.85408,27.03838,23.37694,26.61151
9972,2014-04-15 01:30:00,0.0,26.31642,25.11456,24.85408,27.03838,23.37694
9973,2014-04-15 01:45:00,0.0,25.4081,26.31642,25.11456,24.85408,27.03838
9974,2014-04-15 02:00:00,0.0,27.56219,25.4081,26.31642,25.11456,24.85408
9975,2014-04-15 02:15:00,0.0,25.56799,27.56219,25.4081,26.31642,25.11456
9976,2014-04-15 02:30:00,0.0,26.40225,25.56799,27.56219,25.4081,26.31642
9977,2014-04-15 02:45:00,0.0,25.58135,26.40225,25.56799,27.56219,25.4081
9978,2014-04-15 03:00:00,0.0,26.25451,25.58135,26.40225,25.56799,27.56219
9979,2014-04-15 03:15:00,0.0,23.57608,26.25451,25.58135,26.40225,25.56799
9980,2014-04-15 03:30:00,0.0,24.51318,23.57608,26.25451,25.58135,26.40225
9981,2014-04-15 03:45:00,0.0,27.37507,24.51318,23.57608,26.25451,25.58135
9982,2014-04-15 04:00:00,0.0,26.52769,27.37507,24.51318,23.57608,26.25451
9983,2014-04-15 04:15:00,0.0,25.23492,26.52769,27.37507,24.51318,23.57608
9984,2014-04-15 04:30:00,0.0,26.31398,25.23492,26.52769,27.37507,24.51318
9985,2014-04-15 04:45:00,0.0,26.94842,26.31398,25.23492,26.52769,27.37507
9986,2014-04-15 05:00:00,0.0,25.62369,26.94842,26.31398,25.23492,26.52769
9987,2014-04-15 05:15:00,0.0,26.20685,25.62369,26.94842,26.31398,25.23492
9988,2014-04-15 05:30:00,0.0,26.91816,26.20685,25.62369,26.94842,26.31398
9989,2014-04-15 05:45:00,0.0,28.79716,26.91816,26.20685,25.62369,26.94842
9990,2014-04-15 06:00:00,0.0,27.43576,28.79716,26.91816,26.20685,25.62369
9991,2014-04-15 06:15:00,0.0,28.80009,27.43576,28.79716,26.91816,26.20685
9992,2014-04-15 06:30:00,0.0,28.93614,28.80009,27.43576,28.79716,26.91816
9993,2014-04-15 06:45:00,0.0,29.86115,28.93614,28.80009,27.43576,28.79716
9994,2014-04-15 07:00:00,0.0,28.3097,29.86115,28.93614,28.80009,27.43576
9995,2014-04-15 07:15:00,0.0,31.06218,28.3097,29.86115,28.93614,28.80009
9996,2014-04-15 07:30:00,0.0,31.59337,31.06218,28.3097,29.86115,28.93614
9997,2014-04-15 07:45:00,0.0,30.98308,31.59337,31.06218,28.3097,29.86115
9998,2014-04-15 08:00:00,0.0,30.21458,30.98308,31.59337,31.06218,28.3097
9999,2014-04-15 08:15:00,0.0,29.56578,30.21458,30.98308,31.59337,31.06218
10000,2014-04-15 08:30:00,0.0,30.48553,29.56578,30.21458,30.98308,31.59337
10001,2014-04-15 08:45:00,0.0,32.40034,30.48553,29.56578,30.21458,30.98308
10002,2014-04-15 09:00:00,0.0,32.8377,32.40034,30.48553,29.56578,30.21458
10003,2014-04-15 09:15:00,0.0,32.81708,32.8377,32.40034,30.48553,29.56578
10004,2014-04-15 09:30:00,0.0,31.9756,32.81708,32.8377,32.40034,30.48553
10005,2014-04-15 09:45:00,0.0,34.1193,31.9756,32.81708,32.8377,32.40034
10006,2014-04-15 10:00:00,0.0,32.21756,34.1193,31.9756,32.81708,32.8377
10007,2014-04-15 10:15:00,0.0,31.41542,32.21756,34.1193,31.9756,32.81708
10008,2014-04-15 10:30:00,0.0,34.50254,31.41542,32.21756,34.1193,31.9756
10009,2014-04-15 10:45:00,0.0,36.88879,34.50254,31.41542,32.21756,34.1193
10010,2014-04-15 11:00:00,0.0,33.44466,36.88879,34.50254,31.41542,32.21756
10011,2014-04-15 11:15:00,0.0,33.86934,33.44466,36.88879,34.50254,31.41542
10012,2014-04-15 11:30:00,0.0,34.64473,33.86934,33.44466,36.88879,34.50254
10013,2014-04-15 11:45:00,0.0,36.31416,34.64473,33.86934,33.44466,36.88879
10014,2014-04-15 12:00:00,0.0,35.17146,36.31416,34.64473,33.86934,33.44466
10015,2014-04-15 12:15:00,0.0,33.32218,35.17146,36.31416,34.64473,33.86934
10016,2014-04-15 12:30:00,0.0,32.77617,33.32218,35.17146,36.31416,34.64473
10017,2014-04-15 12:45:00,0.0,35.40969,32.77617,33.32218,35.17146,36.31416
10018,2014-04-15 13:00:00,0.0,33.84519,35.40969,32.77617,33.32218,35.17146
10019,2014-04-15 13:15:00,0.0,34.12071,33.84519,35.40969,32.77617,33.32218
10020,2014-04-15 13:30:00,0.0,32.02094,34.12071,33.84519,35.40969,32.77617
10021,2014-04-15 13:45:00,0.0,35.31322,32.02094,34.12071,33.84519,35.40969
10022,2014-04-15 14:00:00,0.0,34.06592,35.31322,32.02094,34.12071,33.84519
10023,2014-04-15 14:15:00,0.0,36.51843,34.06592,35.31322,32.02094,34.12071
10024,2014-04-15 14:30:00,0.0,36.97712,36.51843,34.06592,35.31322,32.02094
10025,2014-04-15 14:45:00,0.0,37.12841,36.97712,36.51843,34.06592,35.31322
10026,2014-04-15 15:00:00,0.0,35.9919,37.12841,36.97712,36.51843,34.06592
10027,2014-04-15 15:15:00,0.0,38.42712,35.9919,37.12841,36.97712,36.51843
10028,2014-04-15 15:30:00,0.0,37.09548,38.42712,35.9919,37.12841,36.97712
10029,2014-04-15 15:45:00,0.0,38.6942,37.09548,38.42712,35.9919,37.12841
10030,2014-04-15 16:00:00,0.0,37.28003,38.6942,37.09548,38.42712,35.9919
10031,2014-04-15 16:15:00,0.0,35.96762,37.28003,38.6942,37.09548,38.42712
10032,2014-04-15 16:30:00,0.0,37.6733,35.96762,37.28003,38.6942,37.09548
10033,2014-04-15 16:45:00,0.0,37.42314,37.6733,35.96762,37.28003,38.6942
10034,2014-04-15 17:00:00,0.0,34.07859,37.42314,37.6733,35.96762,37.28003
10035,2014-04-15 17:15:00,0.0,36.13513,34.07859,37.42314,37.6733,35.96762
10036,2014-04-15 17:30:00,0.0,36.38634,36.13513,34.07859,37.42314,37.6733
10037,2014-04-15 17:45:00,0.0,35.18832,36.38634,36.13513,34.07859,37.42314
10038,2014-04-15 18:00:00,0.0,35.27638,35.18832,36.38634,36.13513,34.07859
10039,2014-04-15 18:15:00,0.0,33.64052,35.27638,35.18832,36.38634,36.13513
10040,2014-04-15 18:30:00,0.0,30.40085,33.64052,35.27638,35.18832,36.38634
10041,2014-04-15 18:45:00,0.0,32.86748,30.40085,33.64052,35.27638,35.18832
10042,2014-04-15 19:00:00,0.0,29.63432,32.86748,30.40085,33.64052,35.27638
10043,2014-04-15 19:15:00,0.0,28.75082,29.63432,32.86748,30.40085,33.64052
10044,2014-04-15 19:30:00,0.0,27.32856,28.75082,29.63432,32.86748,30.40085
10045,2014-04-15 19:45:00,0.0,29.21888,27.32856,28.75082,29.63432,32.86748
10046,2014-04-15 20:00:00,0.0,26.88943,29.21888,27.32856,28.75082,29.63432
10047,2014-04-15 20:15:00,0.0,26.10399,26.88943,29.21888,27.32856,28.75082
10048,2014-04-15 20:30:00,0.0,29.25429,26.10399,26.88943,29.21888,27.32856
10049,2014-04-15 20:45:00,0.0,28.46884,29.25429,26.10399,26.88943,29.21888
10050,2014-04-15 21:00:00,0.0,28.18416,28.46884,29.25429,26.10399,26.88943
10051,2014-04-15 21:15:00,0.0,25.15763,28.18416,28.46884,29.25429,26.10399
10052,2014-04-15 21:30:00,0.0,24.92628,25.15763,28.18416,28.46884,29.25429
10053,2014-04-15 21:45:00,0.0,27.80509,24.92628,25.15763,28.18416,28.46884
10054,2014-04-15 22:00:00,0.0,24.71163,27.80509,24.92628,25.15763,28.18416
10055,2014-04-15 22:15:00,0.0,28.55413,24.71163,27.80509,24.92628,25.15763
10056,2014-04-15 22:30:00,0.0,27.55694,28.55413,24.71163,27.80509,24.92628
10057,2014-04-15 22:45:00,0.0,28.20035,27.55694,28.55413,24.71163,27.80509
10058,2014-04-15 23:00:00,0.0,26.18338,28.20035,27.55694,28.55413,24.71163
10059,2014-04-15 23:15:00,0.0,24.89128,26.18338,28.20035,27.55694,28.55413
10060,2014-04-15 23:30:00,0.0,24.98251,24.89128,26.18338,28.20035,27.55694
10061,2014-04-15 23:45:00,0.0,25.69392,24.98251,24.89128,26.18338,28.20035
10062,2014-04-16 00:00:00,0.0,25.30897,25.69392,24.98251,24.89128,26.18338
10063,2014-04-16 00:15:00,0.0,25.85968,25.30897,25.69392,24.98251,24.89128
10064,2014-04-16 00:30:00,0.0,22.62009,25.85968,25.30897,25.69392,24.98251
10065,2014-04-16 00:45:00,0.0,25.74237,22.62009,25.85968,25.30897,25.69392
10066,2014-04-16 01:00:00,0.0,25.98322,25.74237,22.62009,25.85968,25.30897
10067,2014-04-16 01:15:00,0.0,24.78454,25.98322,25.74237,22.62009,25.85968
10068,2014-04-16 01:30:00,0.0,25.64923,24.78454,25.98322,25.74237,22.62009
10069,2014-04-16 01:45:00,0.0,25.81275,25.64923,24.78454,25.98322,25.74237
10070,2014-04-16 02:00:00,0.0,24.77198,25.81275,25.64923,24.78454,25.98322
10071,2014-04-16 02:15:00,0.0,25.75515,24.77198,25.81275,25.64923,24.78454
10072,2014-04-16 02:30:00,0.0,22.7056,25.75515,24.77198,25.81275,25.64923
10073,2014-04-16 02:45:00,0.0,27.31209,22.7056,25.75515,24.77198,25.81275
10074,2014-04-16 03:00:00,0.0,24.70463,27.31209,22.7056,25.75515,24.77198
10075,2014-04-16 03:15:00,0.0,25.92301,24.70463,27.31209,22.7056,25.75515
10076,2014-04-16 03:30:00,0.0,26.48216,25.92301,24.70463,27.31209,22.7056
10077,2014-04-16 03:45:00,0.0,27.65853,26.48216,25.92301,24.70463,27.31209
10078,2014-04-16 04:00:00,0.0,25.08672,27.65853,26.48216,25.92301,24.70463
10079,2014-04-16 04:15:00,0.0,26.58376,25.08672,27.65853,26.48216,25.92301
10080,2014-04-16 04:30:00,0.0,25.01543,26.58376,25.08672,27.65853,26.48216
10081,2014-04-16 04:45:00,0.0,26.67659,25.01543,26.58376,25.08672,27.65853
10082,2014-04-16 05:00:00,0.0,26.46888,26.67659,25.01543,26.58376,25.08672
10083,2014-04-16 05:15:00,0.0,26.27869,26.46888,26.67659,25.01543,26.58376
10084,2014-04-16 05:30:00,0.0,26.2405,26.27869,26.46888,26.67659,25.01543
10085,2014-04-16 05:45:00,0.0,23.58277,26.2405,26.27869,26.46888,26.67659
10086,2014-04-16 06:00:00,0.0,27.42833,23.58277,26.2405,26.27869,26.46888
10087,2014-04-16 06:15:00,0.0,28.36803,27.42833,23.58277,26.2405,26.27869
10088,2014-04-16 06:30:00,0.0,28.00447,28.36803,27.42833,23.58277,26.2405
10089,2014-04-16 06:45:00,0.0,30.02453,28.00447,28.36803,27.42833,23.58277
10090,2014-04-16 07:00:00,0.0,28.02125,30.02453,28.00447,28.36803,27.42833
10091,2014-04-16 07:15:00,0.0,30.09162,28.02125,30.02453,28.00447,28.36803
10092,2014-04-16 07:30:00,0.0,29.18349,30.09162,28.02125,30.02453,28.00447
10093,2014-04-16 07:45:00,0.0,31.24462,29.18349,30.09162,28.02125,30.02453
10094,2014-04-16 08:00:00,0.0,28.8917,31.24462,29.18349,30.09162,28.02125
10095,2014-04-16 08:15:00,0.0,30.37783,28.8917,31.24462,29.18349,30.09162
10096,2014-04-16 08:30:00,0.0,31.28112,30.37783,28.8917,31.24462,29.18349
10097,2014-04-16 08:45:00,0.0,31.32239,31.28112,30.37783,28.8917,31.24462
10098,2014-04-16 09:00:00,0.0,31.20875,31.32239,31.28112,30.37783,28.8917
10099,2014-04-16 09:15:00,0.0,30.33788,31.20875,31.32239,31.28112,30.37783
10100,2014-04-16 09:30:00,0.0,32.68852,30.33788,31.20875,31.32239,31.28112
10101,2014-04-16 09:45:00,0.0,33.13319,32.68852,30.33788,31.20875,31.32239
10102,2014-04-16 10:00:00,0.0,33.74655,33.13319,32.68852,30.33788,31.20875
10103,2014-04-16 10:15:00,0.0,36.61368,33.74655,33.13319,32.68852,30.33788
10104,2014-04-16 10:30:00,0.0,37.61392,36.61368,33.74655,33.13319,32.68852
10105,2014-04-16 10:45:00,0.0,35.46997,37.61392,36.61368,33.74655,33.13319
10106,2014-04-16 11:00:00,0.0,35.30753,35.46997,37.61392,36.61368,33.74655
10107,2014-04-16 11:15:00,0.0,34.05584,35.30753,35.46997,37.61392,36.61368
10108,2014-04-16 11:30:00,0.0,35.63091,34.05584,35.30753,35.46997,37.61392
10109,2014-04-16 11:45:00,0.0,35.7912,35.63091,34.05584,35.30753,35.46997
10110,2014-04-16 12:00:00,0.0,40.28364,35.7912,35.63091,34.05584,35.30753
10111,2014-04-16 12:15:00,0.0,41.59665,40.28364,35.7912,35.63091,34.05584
10112,2014-04-16 12:30:00,0.0,39.56965,41.59665,40.28364,35.7912,35.63091
10113,2014-04-16 12:45:00,0.0,40.55857,39.56965,41.59665,40.28364,35.7912
10114,2014-04-16 13:00:00,0.0,38.99818,40.55857,39.56965,41.59665,40.28364
10115,2014-04-16 13:15:00,0.0,42.59697,38.99818,40.55857,39.56965,41.59665
10116,2014-04-16 13:30:00,0.0,39.5373,42.59697,38.99818,40.55857,39.56965
10117,2014-04-16 13:45:00,0.0,42.24401,39.5373,42.59697,38.99818,40.55857
10118,2014-04-16 14:00:00,0.0,39.34355,42.24401,39.5373,42.59697,38.99818
10119,2014-04-16 14:15:00,0.0,38.78833,39.34355,42.24401,39.5373,42.59697
10120,2014-04-16 14:30:00,0.0,40.87018,38.78833,39.34355,42.24401,39.5373
10121,2014-04-16 14:45:00,0.0,44.32375,40.87018,38.78833,39.34355,42.24401
10122,2014-04-16 15:00:00,0.0,42.56465,44.32375,40.87018,38.78833,39.34355
10123,2014-04-16 15:15:00,0.0,38.84191,42.56465,44.32375,40.87018,38.78833
10124,2014-04-16 15:30:00,0.0,44.20412,38.84191,42.56465,44.32375,40.87018
10125,2014-04-16 15:45:00,0.0,41.81041,44.20412,38.84191,42.56465,44.32375
10126,2014-04-16 16:00:00,0.0,41.2014,41.81041,44.20412,38.84191,42.56465
10127,2014-04-16 16:15:00,0.0,41.87416,41.2014,41.81041,44.20412,38.84191
10128,2014-04-16 16:30:00,0.0,40.51745,41.87416,41.2014,41.81041,44.20412
10129,2014-04-16 16:45:00,0.0,42.348,40.51745,41.87416,41.2014,41.81041
10130,2014-04-16 17:00:00,0.0,41.94811,42.348,40.51745,41.87416,41.2014
10131,2014-04-16 17:15:00,0.0,40.42719,41.94811,42.348,40.51745,41.87416
10132,2014-04-16 17:30:00,0.0,40.43289,40.42719,41.94811,42.348,40.51745
10133,2014-04-16 17:45:00,0.0,42.72493,40.43289,40.42719,41.94811,42.348
10134,2014-04-16 18:00:00,0.0,37.78639,42.72493,40.43289,40.42719,41.94811
10135,2014-04-16 18:15:00,0.0,38.99198,37.78639,42.72493,40.43289,40.42719
10136,2014-04-16 18:30:00,0.0,37.59797,38.99198,37.78639,42.72493,40.43289
10137,2014-04-16 18:45:00,0.0,35.40155,37.59797,38.99198,37.78639,42.72493
10138,2014-04-16 19:00:00,0.0,34.84064,35.40155,37.59797,38.99198,37.78639
10139,2014-04-16 19:15:00,0.0,30.44277,34.84064,35.40155,37.59797,38.99198
10140,2014-04-16 19:30:00,0.0,29.60991,30.44277,34.84064,35.40155,37.59797
10141,2014-04-16 19:45:00,0.0,29.9805,29.60991,30.44277,34.84064,35.40155
10142,2014-04-16 20:00:00,0.0,28.84586,29.9805,29.60991,30.44277,34.84064
10143,2014-04-16 20:15:00,0.0,29.12583,28.84586,29.9805,29.60991,30.44277
10144,2014-04-16 20:30:00,0.0,28.27486,29.12583,28.84586,29.9805,29.60991
10145,2014-04-16 20:45:00,0.0,27.93265,28.27486,29.12583,28.84586,29.9805
10146,2014-04-16 21:00:00,0.0,25.61854,27.93265,28.27486,29.12583,28.84586
10147,2014-04-16 21:15:00,0.0,28.43747,25.61854,27.93265,28.27486,29.12583
10148,2014-04-16 21:30:00,0.0,28.24067,28.43747,25.61854,27.93265,28.27486
10149,2014-04-16 21:45:00,0.0,27.22678,28.24067,28.43747,25.61854,27.93265
10150,2014-04-16 22:00:00,0.0,26.82152,27.22678,28.24067,28.43747,25.61854
10151,2014-04-16 22:15:00,0.0,27.95819,26.82152,27.22678,28.24067,28.43747
10152,2014-04-16 22:30:00,0.0,27.76272,27.95819,26.82152,27.22678,28.24067
10153,2014-04-16 22:45:00,0.0,27.03364,27.76272,27.95819,26.82152,27.22678
10154,2014-04-16 23:00:00,0.0,27.81384,27.03364,27.76272,27.95819,26.82152
10155,2014-04-16 23:15:00,0.0,26.34006,27.81384,27.03364,27.76272,27.95819
10156,2014-04-16 23:30:00,0.0,25.40948,26.34006,27.81384,27.03364,27.76272
10157,2014-04-16 23:45:00,0.0,26.44214,25.40948,26.34006,27.81384,27.03364
10158,2014-04-17 00:00:00,0.0,22.30168,26.44214,25.40948,26.34006,27.81384
10159,2014-04-17 00:15:00,0.0,26.1438,22.30168,26.44214,25.40948,26.34006
10160,2014-04-17 00:30:00,0.0,25.78901,26.1438,22.30168,26.44214,25.40948
10161,2014-04-17 00:45:00,0.0,24.72042,25.78901,26.1438,22.30168,26.44214
10162,2014-04-17 01:00:00,0.0,25.48076,24.72042,25.78901,26.1438,22.30168
10163,2014-04-17 01:15:00,0.0,25.1196,25.48076,24.72042,25.78901,26.1438
10164,2014-04-17 01:30:00,0.0,22.74051,25.1196,25.48076,24.72042,25.78901
10165,2014-04-17 01:45:00,0.0,25.39181,22.74051,25.1196,25.48076,24.72042
10166,2014-04-17 02:00:00,0.0,25.75242,25.39181,22.74051,25.1196,25.48076
10167,2014-04-17 02:15:00,0.0,24.28196,25.75242,25.39181,22.74051,25.1196
10168,2014-04-17 02:30:00,0.0,23.2553,24.28196,25.75242,25.39181,22.74051
10169,2014-04-17 02:45:00,0.0,25.52865,23.2553,24.28196,25.75242,25.39181
10170,2014-04-17 03:00:00,0.0,23.62264,25.52865,23.2553,24.28196,25.75242
10171,2014-04-17 03:15:00,0.0,22.45517,23.62264,25.52865,23.2553,24.28196
10172,2014-04-17 03:30:00,0.0,24.60171,22.45517,23.62264,25.52865,23.2553
10173,2014-04-17 03:45:00,0.0,26.05184,24.60171,22.45517,23.62264,25.52865
10174,2014-04-17 04:00:00,0.0,24.63634,26.05184,24.60171,22.45517,23.62264
10175,2014-04-17 04:15:00,0.0,24.40476,24.63634,26.05184,24.60171,22.45517
10176,2014-04-17 04:30:00,0.0,26.43305,24.40476,24.63634,26.05184,24.60171
10177,2014-04-17 04:45:00,0.0,26.50608,26.43305,24.40476,24.63634,26.05184
10178,2014-04-17 05:00:00,0.0,27.07848,26.50608,26.43305,24.40476,24.63634
10179,2014-04-17 05:15:00,0.0,25.72185,27.07848,26.50608,26.43305,24.40476
10180,2014-04-17 05:30:00,0.0,26.20262,25.72185,27.07848,26.50608,26.43305
10181,2014-04-17 05:45:00,0.0,26.49829,26.20262,25.72185,27.07848,26.50608
10182,2014-04-17 06:00:00,0.0,25.97726,26.49829,26.20262,25.72185,27.07848
10183,2014-04-17 06:15:00,0.0,28.14302,25.97726,26.49829,26.20262,25.72185
10184,2014-04-17 06:30:00,0.0,29.25393,28.14302,25.97726,26.49829,26.20262
10185,2014-04-17 06:45:00,0.0,29.68526,29.25393,28.14302,25.97726,26.49829
10186,2014-04-17 07:00:00,0.0,28.08767,29.68526,29.25393,28.14302,25.97726
10187,2014-04-17 07:15:00,0.0,31.07441,28.08767,29.68526,29.25393,28.14302
10188,2014-04-17 07:30:00,0.0,30.60115,31.07441,28.08767,29.68526,29.25393
10189,2014-04-17 07:45:00,0.0,30.64936,30.60115,31.07441,28.08767,29.68526
10190,2014-04-17 08:00:00,0.0,31.71467,30.64936,30.60115,31.07441,28.08767
10191,2014-04-17 08:15:00,0.0,31.20922,31.71467,30.64936,30.60115,31.07441
10192,2014-04-17 08:30:00,0.0,31.96879,31.20922,31.71467,30.64936,30.60115
10193,2014-04-17 08:45:00,0.0,33.39075,31.96879,31.20922,31.71467,30.64936
10194,2014-04-17 09:00:00,0.0,30.98691,33.39075,31.96879,31.20922,31.71467
10195,2014-04-17 09:15:00,0.0,32.46891,30.98691,33.39075,31.96879,31.20922
10196,2014-04-17 09:30:00,0.0,30.95459,32.46891,30.98691,33.39075,31.96879
10197,2014-04-17 09:45:00,0.0,32.36675,30.95459,32.46891,30.98691,33.39075
10198,2014-04-17 10:00:00,0.0,34.54199,32.36675,30.95459,32.46891,30.98691
10199,2014-04-17 10:15:00,0.0,35.10515,34.54199,32.36675,30.95459,32.46891
10200,2014-04-17 10:30:00,0.0,33.21333,35.10515,34.54199,32.36675,30.95459
10201,2014-04-17 10:45:00,0.0,35.54606,33.21333,35.10515,34.54199,32.36675
10202,2014-04-17 11:00:00,0.0,35.28676,35.54606,33.21333,35.10515,34.54199
10203,2014-04-17 11:15:00,0.0,31.78542,35.28676,35.54606,33.21333,35.10515
10204,2014-04-17 11:30:00,0.0,35.31306,31.78542,35.28676,35.54606,33.21333
10205,2014-04-17 11:45:00,0.0,34.56714,35.31306,31.78542,35.28676,35.54606
10206,2014-04-17 12:00:00,0.0,35.00208,34.56714,35.31306,31.78542,35.28676
10207,2014-04-17 12:15:00,0.0,37.20831,35.00208,34.56714,35.31306,31.78542
10208,2014-04-17 12:30:00,0.0,33.01445,37.20831,35.00208,34.56714,35.31306
10209,2014-04-17 12:45:00,0.0,36.50144,33.01445,37.20831,35.00208,34.56714
10210,2014-04-17 13:00:00,0.0,35.57887,36.50144,33.01445,37.20831,35.00208
10211,2014-04-17 13:15:00,0.0,34.56744,35.57887,36.50144,33.01445,37.20831
10212,2014-04-17 13:30:00,0.0,35.15067,34.56744,35.57887,36.50144,33.01445
10213,2014-04-17 13:45:00,0.0,33.71874,35.15067,34.56744,35.57887,36.50144
10214,2014-04-17 14:00:00,0.0,38.22917,33.71874,35.15067,34.56744,35.57887
10215,2014-04-17 14:15:00,0.0,35.40642,38.22917,33.71874,35.15067,34.56744
10216,2014-04-17 14:30:00,0.0,37.23667,35.40642,38.22917,33.71874,35.15067
10217,2014-04-17 14:45:00,0.0,36.51058,37.23667,35.40642,38.22917,33.71874
10218,2014-04-17 15:00:00,0.0,34.68822,36.51058,37.23667,35.40642,38.22917
10219,2014-04-17 15:15:00,0.0,38.43961,34.68822,36.51058,37.23667,35.40642
10220,2014-04-17 15:30:00,0.0,36.21026,38.43961,34.68822,36.51058,37.23667
10221,2014-04-17 15:45:00,0.0,36.97489,36.21026,38.43961,34.68822,36.51058
10222,2014-04-17 16:00:00,0.0,40.56356,36.97489,36.21026,38.43961,34.68822
10223,2014-04-17 16:15:00,0.0,38.15252,40.56356,36.97489,36.21026,38.43961
10224,2014-04-17 16:30:00,0.0,36.73381,38.15252,40.56356,36.97489,36.21026
10225,2014-04-17 16:45:00,0.0,37.97977,36.73381,38.15252,40.56356,36.97489
10226,2014-04-17 17:00:00,0.0,39.12276,37.97977,36.73381,38.15252,40.56356
10227,2014-04-17 17:15:00,0.0,37.68479,39.12276,37.97977,36.73381,38.15252
10228,2014-04-17 17:30:00,0.0,36.03609,37.68479,39.12276,37.97977,36.73381
10229,2014-04-17 17:45:00,0.0,37.46288,36.03609,37.68479,39.12276,37.97977
10230,2014-04-17 18:00:00,0.0,36.97616,37.46288,36.03609,37.68479,39.12276
10231,2014-04-17 18:15:00,0.0,34.18505,36.97616,37.46288,36.03609,37.68479
10232,2014-04-17 18:30:00,0.0,32.56423,34.18505,36.97616,37.46288,36.03609
10233,2014-04-17 18:45:00,0.0,32.98092,32.56423,34.18505,36.97616,37.46288
10234,2014-04-17 19:00:00,0.0,30.3937,32.98092,32.56423,34.18505,36.97616
10235,2014-04-17 19:15:00,0.0,29.81306,30.3937,32.98092,32.56423,34.18505
10236,2014-04-17 19:30:00,0.0,28.22058,29.81306,30.3937,32.98092,32.56423
10237,2014-04-17 19:45:00,0.0,30.34973,28.22058,29.81306,30.3937,32.98092
10238,2014-04-17 20:00:00,0.0,28.6969,30.34973,28.22058,29.81306,30.3937
10239,2014-04-17 20:15:00,0.0,30.11756,28.6969,30.34973,28.22058,29.81306
10240,2014-04-17 20:30:00,0.0,28.90143,30.11756,28.6969,30.34973,28.22058
10241,2014-04-17 20:45:00,0.0,29.97677,28.90143,30.11756,28.6969,30.34973
10242,2014-04-17 21:00:00,0.0,28.24019,29.97677,28.90143,30.11756,28.6969
10243,2014-04-17 21:15:00,0.0,26.08792,28.24019,29.97677,28.90143,30.11756
10244,2014-04-17 21:30:00,0.0,28.39187,26.08792,28.24019,29.97677,28.90143
10245,2014-04-17 21:45:00,0.0,27.26137,28.39187,26.08792,28.24019,29.97677
10246,2014-04-17 22:00:00,0.0,26.6587,27.26137,28.39187,26.08792,28.24019
10247,2014-04-17 22:15:00,0.0,27.77948,26.6587,27.26137,28.39187,26.08792
10248,2014-04-17 22:30:00,0.0,26.74108,27.77948,26.6587,27.26137,28.39187
10249,2014-04-17 22:45:00,0.0,28.0507,26.74108,27.77948,26.6587,27.26137
10250,2014-04-17 23:00:00,0.0,26.58842,28.0507,26.74108,27.77948,26.6587
10251,2014-04-17 23:15:00,0.0,26.28589,26.58842,28.0507,26.74108,27.77948
10252,2014-04-17 23:30:00,0.0,26.55509,26.28589,26.58842,28.0507,26.74108
10253,2014-04-17 23:45:00,0.0,25.17528,26.55509,26.28589,26.58842,28.0507
10254,2014-04-18 00:00:00,0.0,24.89462,25.17528,26.55509,26.28589,26.58842
10255,2014-04-18 00:15:00,0.0,25.10071,24.89462,25.17528,26.55509,26.28589
10256,2014-04-18 00:30:00,0.0,24.8122,25.10071,24.89462,25.17528,26.55509
10257,2014-04-18 00:45:00,0.0,25.66991,24.8122,25.10071,24.89462,25.17528
10258,2014-04-18 01:00:00,0.0,25.35663,25.66991,24.8122,25.10071,24.89462
10259,2014-04-18 01:15:00,0.0,26.19929,25.35663,25.66991,24.8122,25.10071
10260,2014-04-18 01:30:00,0.0,25.96381,26.19929,25.35663,25.66991,24.8122
10261,2014-04-18 01:45:00,0.0,25.68721,25.96381,26.19929,25.35663,25.66991
10262,2014-04-18 02:00:00,0.0,24.70073,25.68721,25.96381,26.19929,25.35663
10263,2014-04-18 02:15:00,0.0,24.14232,24.70073,25.68721,25.96381,26.19929
10264,2014-04-18 02:30:00,0.0,25.6137,24.14232,24.70073,25.68721,25.96381
10265,2014-04-18 02:45:00,0.0,24.2034,25.6137,24.14232,24.70073,25.68721
10266,2014-04-18 03:00:00,0.0,27.12595,24.2034,25.6137,24.14232,24.70073
10267,2014-04-18 03:15:00,0.0,25.45287,27.12595,24.2034,25.6137,24.14232
10268,2014-04-18 03:30:00,0.0,25.10154,25.45287,27.12595,24.2034,25.6137
10269,2014-04-18 03:45:00,0.0,25.44181,25.10154,25.45287,27.12595,24.2034
10270,2014-04-18 04:00:00,0.0,26.04044,25.44181,25.10154,25.45287,27.12595
10271,2014-04-18 04:15:00,0.0,27.05913,26.04044,25.44181,25.10154,25.45287
10272,2014-04-18 04:30:00,0.0,27.15415,27.05913,26.04044,25.44181,25.10154
10273,2014-04-18 04:45:00,0.0,28.68932,27.15415,27.05913,26.04044,25.44181
10274,2014-04-18 05:00:00,0.0,27.31565,28.68932,27.15415,27.05913,26.04044
10275,2014-04-18 05:15:00,0.0,27.04238,27.31565,28.68932,27.15415,27.05913
10276,2014-04-18 05:30:00,0.0,27.97032,27.04238,27.31565,28.68932,27.15415
10277,2014-04-18 05:45:00,0.0,26.07947,27.97032,27.04238,27.31565,28.68932
10278,2014-04-18 06:00:00,0.0,26.7349,26.07947,27.97032,27.04238,27.31565
10279,2014-04-18 06:15:00,0.0,26.50189,26.7349,26.07947,27.97032,27.04238
10280,2014-04-18 06:30:00,0.0,27.63714,26.50189,26.7349,26.07947,27.97032
10281,2014-04-18 06:45:00,0.0,29.29173,27.63714,26.50189,26.7349,26.07947
10282,2014-04-18 07:00:00,0.0,28.10101,29.29173,27.63714,26.50189,26.7349
10283,2014-04-18 07:15:00,0.0,30.81623,28.10101,29.29173,27.63714,26.50189
10284,2014-04-18 07:30:00,0.0,28.48172,30.81623,28.10101,29.29173,27.63714
10285,2014-04-18 07:45:00,0.0,31.21042,28.48172,30.81623,28.10101,29.29173
10286,2014-04-18 08:00:00,0.0,32.24412,31.21042,28.48172,30.81623,28.10101
10287,2014-04-18 08:15:00,0.0,30.38511,32.24412,31.21042,28.48172,30.81623
10288,2014-04-18 08:30:00,0.0,30.4851,30.38511,32.24412,31.21042,28.48172
10289,2014-04-18 08:45:00,0.0,32.97311,30.4851,30.38511,32.24412,31.21042
10290,2014-04-18 09:00:00,0.0,31.71824,32.97311,30.4851,30.38511,32.24412
10291,2014-04-18 09:15:00,0.0,30.83638,31.71824,32.97311,30.4851,30.38511
10292,2014-04-18 09:30:00,0.0,33.12993,30.83638,31.71824,32.97311,30.4851
10293,2014-04-18 09:45:00,0.0,34.43506,33.12993,30.83638,31.71824,32.97311
10294,2014-04-18 10:00:00,0.0,32.52338,34.43506,33.12993,30.83638,31.71824
10295,2014-04-18 10:15:00,0.0,31.56716,32.52338,34.43506,33.12993,30.83638
10296,2014-04-18 10:30:00,0.0,34.34302,31.56716,32.52338,34.43506,33.12993
10297,2014-04-18 10:45:00,0.0,31.48491,34.34302,31.56716,32.52338,34.43506
10298,2014-04-18 11:00:00,0.0,32.23738,31.48491,34.34302,31.56716,32.52338
10299,2014-04-18 11:15:00,0.0,35.40355,32.23738,31.48491,34.34302,31.56716
10300,2014-04-18 11:30:00,0.0,33.70806,35.40355,32.23738,31.48491,34.34302
10301,2014-04-18 11:45:00,0.0,34.95877,33.70806,35.40355,32.23738,31.48491
10302,2014-04-18 12:00:00,0.0,33.96296,34.95877,33.70806,35.40355,32.23738
10303,2014-04-18 12:15:00,0.0,32.35067,33.96296,34.95877,33.70806,35.40355
10304,2014-04-18 12:30:00,0.0,34.84902,32.35067,33.96296,34.95877,33.70806
10305,2014-04-18 12:45:00,0.0,35.92459,34.84902,32.35067,33.96296,34.95877
10306,2014-04-18 13:00:00,0.0,34.78408,35.92459,34.84902,32.35067,33.96296
10307,2014-04-18 13:15:00,0.0,37.17877,34.78408,35.92459,34.84902,32.35067
10308,2014-04-18 13:30:00,0.0,35.98407,37.17877,34.78408,35.92459,34.84902
10309,2014-04-18 13:45:00,0.0,37.05992,35.98407,37.17877,34.78408,35.92459
10310,2014-04-18 14:00:00,0.0,36.30092,37.05992,35.98407,37.17877,34.78408
10311,2014-04-18 14:15:00,0.0,35.20055,36.30092,37.05992,35.98407,37.17877
10312,2014-04-18 14:30:00,0.0,32.64059,35.20055,36.30092,37.05992,35.98407
10313,2014-04-18 14:45:00,0.0,37.6721,32.64059,35.20055,36.30092,37.05992
10314,2014-04-18 15:00:00,0.0,38.01773,37.6721,32.64059,35.20055,36.30092
10315,2014-04-18 15:15:00,0.0,36.39163,38.01773,37.6721,32.64059,35.20055
10316,2014-04-18 15:30:00,0.0,33.97925,36.39163,38.01773,37.6721,32.64059
10317,2014-04-18 15:45:00,0.0,35.41049,33.97925,36.39163,38.01773,37.6721
10318,2014-04-18 16:00:00,0.0,35.5312,35.41049,33.97925,36.39163,38.01773
10319,2014-04-18 16:15:00,0.0,34.25823,35.5312,35.41049,33.97925,36.39163
10320,2014-04-18 16:30:00,0.0,32.81539,34.25823,35.5312,35.41049,33.97925
10321,2014-04-18 16:45:00,0.0,36.43303,32.81539,34.25823,35.5312,35.41049
10322,2014-04-18 17:00:00,0.0,32.68819,36.43303,32.81539,34.25823,35.5312
10323,2014-04-18 17:15:00,0.0,35.79005,32.68819,36.43303,32.81539,34.25823
10324,2014-04-18 17:30:00,0.0,34.9163,35.79005,32.68819,36.43303,32.81539
10325,2014-04-18 17:45:00,0.0,36.62282,34.9163,35.79005,32.68819,36.43303
10326,2014-04-18 18:00:00,0.0,33.40172,36.62282,34.9163,35.79005,32.68819
10327,2014-04-18 18:15:00,0.0,32.57924,33.40172,36.62282,34.9163,35.79005
10328,2014-04-18 18:30:00,0.0,29.10791,32.57924,33.40172,36.62282,34.9163
10329,2014-04-18 18:45:00,0.0,29.33511,29.10791,32.57924,33.40172,36.62282
10330,2014-04-18 19:00:00,0.0,29.69435,29.33511,29.10791,32.57924,33.40172
10331,2014-04-18 19:15:00,0.0,29.60941,29.69435,29.33511,29.10791,32.57924
10332,2014-04-18 19:30:00,0.0,27.3414,29.60941,29.69435,29.33511,29.10791
10333,2014-04-18 19:45:00,0.0,29.36222,27.3414,29.60941,29.69435,29.33511
10334,2014-04-18 20:00:00,0.0,28.17306,29.36222,27.3414,29.60941,29.69435
10335,2014-04-18 20:15:00,0.0,28.63049,28.17306,29.36222,27.3414,29.60941
10336,2014-04-18 20:30:00,0.0,27.83616,28.63049,28.17306,29.36222,27.3414
10337,2014-04-18 20:45:00,0.0,28.73501,27.83616,28.63049,28.17306,29.36222
10338,2014-04-18 21:00:00,0.0,27.79157,28.73501,27.83616,28.63049,28.17306
10339,2014-04-18 21:15:00,0.0,28.25637,27.79157,28.73501,27.83616,28.63049
10340,2014-04-18 21:30:00,0.0,28.31317,28.25637,27.79157,28.73501,27.83616
10341,2014-04-18 21:45:00,0.0,28.59663,28.31317,28.25637,27.79157,28.73501
10342,2014-04-18 22:00:00,0.0,27.53723,28.59663,28.31317,28.25637,27.79157
10343,2014-04-18 22:15:00,0.0,26.86747,27.53723,28.59663,28.31317,28.25637
10344,2014-04-18 22:30:00,0.0,27.21945,26.86747,27.53723,28.59663,28.31317
10345,2014-04-18 22:45:00,0.0,26.2066,27.21945,26.86747,27.53723,28.59663
10346,2014-04-18 23:00:00,0.0,27.96307,26.2066,27.21945,26.86747,27.53723
10347,2014-04-18 23:15:00,0.0,23.78748,27.96307,26.2066,27.21945,26.86747
10348,2014-04-18 23:30:00,0.0,26.64963,23.78748,27.96307,26.2066,27.21945
10349,2014-04-18 23:45:00,0.0,24.72584,26.64963,23.78748,27.96307,26.2066
10350,2014-04-19 00:00:00,0.0,25.79009,24.72584,26.64963,23.78748,27.96307
10351,2014-04-19 00:15:00,0.0,24.77776,25.79009,24.72584,26.64963,23.78748
10352,2014-04-19 00:30:00,0.0,25.04079,24.77776,25.79009,24.72584,26.64963
10353,2014-04-19 00:45:00,0.0,26.48215,25.04079,24.77776,25.79009,24.72584
10354,2014-04-19 01:00:00,0.0,26.74712,26.48215,25.04079,24.77776,25.79009
10355,2014-04-19 01:15:00,0.0,25.20378,26.74712,26.48215,25.04079,24.77776
10356,2014-04-19 01:30:00,0.0,23.39669,25.20378,26.74712,26.48215,25.04079
10357,2014-04-19 01:45:00,0.0,26.58214,23.39669,25.20378,26.74712,26.48215
10358,2014-04-19 02:00:00,0.0,24.15733,26.58214,23.39669,25.20378,26.74712
10359,2014-04-19 02:15:00,0.0,25.98607,24.15733,26.58214,23.39669,25.20378
10360,2014-04-19 02:30:00,0.0,26.3857,25.98607,24.15733,26.58214,23.39669
10361,2014-04-19 02:45:00,0.0,26.88869,26.3857,25.98607,24.15733,26.58214
10362,2014-04-19 03:00:00,0.0,24.43777,26.88869,26.3857,25.98607,24.15733
10363,2014-04-19 03:15:00,0.0,26.34919,24.43777,26.88869,26.3857,25.98607
10364,2014-04-19 03:30:00,0.0,23.26827,26.34919,24.43777,26.88869,26.3857
10365,2014-04-19 03:45:00,0.0,27.27367,23.26827,26.34919,24.43777,26.88869
10366,2014-04-19 04:00:00,0.0,27.24829,27.27367,23.26827,26.34919,24.43777
10367,2014-04-19 04:15:00,0.0,26.06436,27.24829,27.27367,23.26827,26.34919
10368,2014-04-19 04:30:00,0.0,26.35677,26.06436,27.24829,27.27367,23.26827
10369,2014-04-19 04:45:00,0.0,26.21366,26.35677,26.06436,27.24829,27.27367
10370,2014-04-19 05:00:00,0.0,25.45566,26.21366,26.35677,26.06436,27.24829
10371,2014-04-19 05:15:00,0.0,24.83719,25.45566,26.21366,26.35677,26.06436
10372,2014-04-19 05:30:00,0.0,25.66674,24.83719,25.45566,26.21366,26.35677
10373,2014-04-19 05:45:00,0.0,26.0315,25.66674,24.83719,25.45566,26.21366
10374,2014-04-19 06:00:00,0.0,26.83681,26.0315,25.66674,24.83719,25.45566
10375,2014-04-19 06:15:00,0.0,26.98271,26.83681,26.0315,25.66674,24.83719
10376,2014-04-19 06:30:00,0.0,26.91455,26.98271,26.83681,26.0315,25.66674
10377,2014-04-19 06:45:00,0.0,26.70677,26.91455,26.98271,26.83681,26.0315
10378,2014-04-19 07:00:00,0.0,24.92201,26.70677,26.91455,26.98271,26.83681
10379,2014-04-19 07:15:00,0.0,26.23691,24.92201,26.70677,26.91455,26.98271
10380,2014-04-19 07:30:00,0.0,25.84076,26.23691,24.92201,26.70677,26.91455
10381,2014-04-19 07:45:00,0.0,27.50588,25.84076,26.23691,24.92201,26.70677
10382,2014-04-19 08:00:00,0.0,28.3085,27.50588,25.84076,26.23691,24.92201
10383,2014-04-19 08:15:00,0.0,28.32203,28.3085,27.50588,25.84076,26.23691
10384,2014-04-19 08:30:00,0.0,25.79921,28.32203,28.3085,27.50588,25.84076
10385,2014-04-19 08:45:00,0.0,26.38506,25.79921,28.32203,28.3085,27.50588
10386,2014-04-19 09:00:00,0.0,25.41912,26.38506,25.79921,28.32203,28.3085
10387,2014-04-19 09:15:00,0.0,25.71023,25.41912,26.38506,25.79921,28.32203
10388,2014-04-19 09:30:00,0.0,27.82668,25.71023,25.41912,26.38506,25.79921
10389,2014-04-19 09:45:00,0.0,26.13097,27.82668,25.71023,25.41912,26.38506
10390,2014-04-19 10:00:00,0.0,28.06377,26.13097,27.82668,25.71023,25.41912
10391,2014-04-19 10:15:00,0.0,27.61576,28.06377,26.13097,27.82668,25.71023
10392,2014-04-19 10:30:00,0.0,25.73353,27.61576,28.06377,26.13097,27.82668
10393,2014-04-19 10:45:00,0.0,28.50029,25.73353,27.61576,28.06377,26.13097
10394,2014-04-19 11:00:00,0.0,26.58278,28.50029,25.73353,27.61576,28.06377
10395,2014-04-19 11:15:00,0.0,27.81489,26.58278,28.50029,25.73353,27.61576
10396,2014-04-19 11:30:00,0.0,27.05463,27.81489,26.58278,28.50029,25.73353
10397,2014-04-19 11:45:00,0.0,27.85002,27.05463,27.81489,26.58278,28.50029
10398,2014-04-19 12:00:00,0.0,24.86122,27.85002,27.05463,27.81489,26.58278
10399,2014-04-19 12:15:00,0.0,24.64021,24.86122,27.85002,27.05463,27.81489
10400,2014-04-19 12:30:00,0.0,27.27988,24.64021,24.86122,27.85002,27.05463
10401,2014-04-19 12:45:00,0.0,25.98787,27.27988,24.64021,24.86122,27.85002
10402,2014-04-19 13:00:00,0.0,25.90002,25.98787,27.27988,24.64021,24.86122
10403,2014-04-19 13:15:00,0.0,26.01957,25.90002,25.98787,27.27988,24.64021
10404,2014-04-19 13:30:00,0.0,26.21444,26.01957,25.90002,25.98787,27.27988
10405,2014-04-19 13:45:00,0.0,26.30039,26.21444,26.01957,25.90002,25.98787
10406,2014-04-19 14:00:00,0.0,25.91087,26.30039,26.21444,26.01957,25.90002
10407,2014-04-19 14:15:00,0.0,24.85702,25.91087,26.30039,26.21444,26.01957
10408,2014-04-19 14:30:00,0.0,25.31446,24.85702,25.91087,26.30039,26.21444
10409,2014-04-19 14:45:00,0.0,27.29198,25.31446,24.85702,25.91087,26.30039
10410,2014-04-19 15:00:00,0.0,25.05681,27.29198,25.31446,24.85702,25.91087
10411,2014-04-19 15:15:00,0.0,26.88413,25.05681,27.29198,25.31446,24.85702
10412,2014-04-19 15:30:00,0.0,27.04133,26.88413,25.05681,27.29198,25.31446
10413,2014-04-19 15:45:00,0.0,26.80266,27.04133,26.88413,25.05681,27.29198
10414,2014-04-19 16:00:00,0.0,27.33801,26.80266,27.04133,26.88413,25.05681
10415,2014-04-19 16:15:00,0.0,26.02883,27.33801,26.80266,27.04133,26.88413
10416,2014-04-19 16:30:00,0.0,25.19692,26.02883,27.33801,26.80266,27.04133
10417,2014-04-19 16:45:00,0.0,27.39407,25.19692,26.02883,27.33801,26.80266
10418,2014-04-19 17:00:00,0.0,26.36542,27.39407,25.19692,26.02883,27.33801
10419,2014-04-19 17:15:00,0.0,26.75152,26.36542,27.39407,25.19692,26.02883
10420,2014-04-19 17:30:00,0.0,26.38268,26.75152,26.36542,27.39407,25.19692
10421,2014-04-19 17:45:00,0.0,27.28226,26.38268,26.75152,26.36542,27.39407
10422,2014-04-19 18:00:00,0.0,26.76526,27.28226,26.38268,26.75152,26.36542
10423,2014-04-19 18:15:00,0.0,24.16975,26.76526,27.28226,26.38268,26.75152
10424,2014-04-19 18:30:00,0.0,25.80908,24.16975,26.76526,27.28226,26.38268
10425,2014-04-19 18:45:00,0.0,26.4849,25.80908,24.16975,26.76526,27.28226
10426,2014-04-19 19:00:00,0.0,26.57097,26.4849,25.80908,24.16975,26.76526
10427,2014-04-19 19:15:00,0.0,23.25173,26.57097,26.4849,25.80908,24.16975
10428,2014-04-19 19:30:00,0.0,25.44189,23.25173,26.57097,26.4849,25.80908
10429,2014-04-19 19:45:00,0.0,27.75341,25.44189,23.25173,26.57097,26.4849
10430,2014-04-19 20:00:00,0.0,24.93576,27.75341,25.44189,23.25173,26.57097
10431,2014-04-19 20:15:00,0.0,25.74309,24.93576,27.75341,25.44189,23.25173
10432,2014-04-19 20:30:00,0.0,23.78912,25.74309,24.93576,27.75341,25.44189
10433,2014-04-19 20:45:00,0.0,26.23757,23.78912,25.74309,24.93576,27.75341
10434,2014-04-19 21:00:00,0.0,26.86926,26.23757,23.78912,25.74309,24.93576
10435,2014-04-19 21:15:00,0.0,25.95579,26.86926,26.23757,23.78912,25.74309
10436,2014-04-19 21:30:00,0.0,24.64263,25.95579,26.86926,26.23757,23.78912
10437,2014-04-19 21:45:00,0.0,28.16184,24.64263,25.95579,26.86926,26.23757
10438,2014-04-19 22:00:00,0.0,26.57624,28.16184,24.64263,25.95579,26.86926
10439,2014-04-19 22:15:00,0.0,26.74048,26.57624,28.16184,24.64263,25.95579
10440,2014-04-19 22:30:00,0.0,25.27313,26.74048,26.57624,28.16184,24.64263
10441,2014-04-19 22:45:00,0.0,28.12862,25.27313,26.74048,26.57624,28.16184
10442,2014-04-19 23:00:00,0.0,25.59247,28.12862,25.27313,26.74048,26.57624
10443,2014-04-19 23:15:00,0.0,26.97511,25.59247,28.12862,25.27313,26.74048
10444,2014-04-19 23:30:00,0.0,24.58967,26.97511,25.59247,28.12862,25.27313
10445,2014-04-19 23:45:00,0.0,25.32527,24.58967,26.97511,25.59247,28.12862
10446,2014-04-20 00:00:00,0.0,24.85278,25.32527,24.58967,26.97511,25.59247
10447,2014-04-20 00:15:00,0.0,25.37314,24.85278,25.32527,24.58967,26.97511
10448,2014-04-20 00:30:00,0.0,26.2795,25.37314,24.85278,25.32527,24.58967
10449,2014-04-20 00:45:00,0.0,25.57265,26.2795,25.37314,24.85278,25.32527
10450,2014-04-20 01:00:00,0.0,25.13096,25.57265,26.2795,25.37314,24.85278
10451,2014-04-20 01:15:00,0.0,23.91739,25.13096,25.57265,26.2795,25.37314
10452,2014-04-20 01:30:00,0.0,26.14185,23.91739,25.13096,25.57265,26.2795
10453,2014-04-20 01:45:00,0.0,26.31505,26.14185,23.91739,25.13096,25.57265
10454,2014-04-20 02:00:00,0.0,24.50013,26.31505,26.14185,23.91739,25.13096
10455,2014-04-20 02:15:00,0.0,28.15657,24.50013,26.31505,26.14185,23.91739
10456,2014-04-20 02:30:00,0.0,26.194,28.15657,24.50013,26.31505,26.14185
10457,2014-04-20 02:45:00,0.0,26.78438,26.194,28.15657,24.50013,26.31505
10458,2014-04-20 03:00:00,0.0,24.15446,26.78438,26.194,28.15657,24.50013
10459,2014-04-20 03:15:00,0.0,25.83338,24.15446,26.78438,26.194,28.15657
10460,2014-04-20 03:30:00,0.0,26.02973,25.83338,24.15446,26.78438,26.194
10461,2014-04-20 03:45:00,0.0,27.58256,26.02973,25.83338,24.15446,26.78438
10462,2014-04-20 04:00:00,0.0,27.21421,27.58256,26.02973,25.83338,24.15446
10463,2014-04-20 04:15:00,0.0,27.37558,27.21421,27.58256,26.02973,25.83338
10464,2014-04-20 04:30:00,0.0,25.96467,27.37558,27.21421,27.58256,26.02973
10465,2014-04-20 04:45:00,0.0,25.52744,25.96467,27.37558,27.21421,27.58256
10466,2014-04-20 05:00:00,0.0,26.15517,25.52744,25.96467,27.37558,27.21421
10467,2014-04-20 05:15:00,0.0,25.10363,26.15517,25.52744,25.96467,27.37558
10468,2014-04-20 05:30:00,0.0,25.86606,25.10363,26.15517,25.52744,25.96467
10469,2014-04-20 05:45:00,0.0,27.93199,25.86606,25.10363,26.15517,25.52744
10470,2014-04-20 06:00:00,0.0,26.29798,27.93199,25.86606,25.10363,26.15517
10471,2014-04-20 06:15:00,0.0,24.22119,26.29798,27.93199,25.86606,25.10363
10472,2014-04-20 06:30:00,0.0,25.35684,24.22119,26.29798,27.93199,25.86606
10473,2014-04-20 06:45:00,0.0,25.46009,25.35684,24.22119,26.29798,27.93199
10474,2014-04-20 07:00:00,0.0,27.02168,25.46009,25.35684,24.22119,26.29798
10475,2014-04-20 07:15:00,0.0,26.64329,27.02168,25.46009,25.35684,24.22119
10476,2014-04-20 07:30:00,0.0,26.90947,26.64329,27.02168,25.46009,25.35684
10477,2014-04-20 07:45:00,0.0,26.16639,26.90947,26.64329,27.02168,25.46009
10478,2014-04-20 08:00:00,0.0,28.38128,26.16639,26.90947,26.64329,27.02168
10479,2014-04-20 08:15:00,0.0,27.36607,28.38128,26.16639,26.90947,26.64329
10480,2014-04-20 08:30:00,0.0,25.97313,27.36607,28.38128,26.16639,26.90947
10481,2014-04-20 08:45:00,0.0,25.93251,25.97313,27.36607,28.38128,26.16639
10482,2014-04-20 09:00:00,0.0,26.8146,25.93251,25.97313,27.36607,28.38128
10483,2014-04-20 09:15:00,0.0,25.23627,26.8146,25.93251,25.97313,27.36607
10484,2014-04-20 09:30:00,0.0,28.07638,25.23627,26.8146,25.93251,25.97313
10485,2014-04-20 09:45:00,0.0,27.82652,28.07638,25.23627,26.8146,25.93251
10486,2014-04-20 10:00:00,0.0,26.23689,27.82652,28.07638,25.23627,26.8146
10487,2014-04-20 10:15:00,0.0,27.59244,26.23689,27.82652,28.07638,25.23627
10488,2014-04-20 10:30:00,0.0,25.20214,27.59244,26.23689,27.82652,28.07638
10489,2014-04-20 10:45:00,0.0,25.35636,25.20214,27.59244,26.23689,27.82652
10490,2014-04-20 11:00:00,0.0,27.55199,25.35636,25.20214,27.59244,26.23689
10491,2014-04-20 11:15:00,0.0,24.60158,27.55199,25.35636,25.20214,27.59244
10492,2014-04-20 11:30:00,0.0,25.75031,24.60158,27.55199,25.35636,25.20214
10493,2014-04-20 11:45:00,0.0,28.38293,25.75031,24.60158,27.55199,25.35636
10494,2014-04-20 12:00:00,0.0,28.34126,28.38293,25.75031,24.60158,27.55199
10495,2014-04-20 12:15:00,0.0,28.13773,28.34126,28.38293,25.75031,24.60158
10496,2014-04-20 12:30:00,0.0,30.46442,28.13773,28.34126,28.38293,25.75031
10497,2014-04-20 12:45:00,0.0,29.44847,30.46442,28.13773,28.34126,28.38293
10498,2014-04-20 13:00:00,0.0,29.51944,29.44847,30.46442,28.13773,28.34126
10499,2014-04-20 13:15:00,0.0,29.29415,29.51944,29.44847,30.46442,28.13773
10500,2014-04-20 13:30:00,0.0,32.34514,29.29415,29.51944,29.44847,30.46442
10501,2014-04-20 13:45:00,0.0,33.28081,32.34514,29.29415,29.51944,29.44847
10502,2014-04-20 14:00:00,0.0,32.82819,33.28081,32.34514,29.29415,29.51944
10503,2014-04-20 14:15:00,0.0,31.2177,32.82819,33.28081,32.34514,29.29415
10504,2014-04-20 14:30:00,0.0,33.15726,31.2177,32.82819,33.28081,32.34514
10505,2014-04-20 14:45:00,0.0,31.32302,33.15726,31.2177,32.82819,33.28081
10506,2014-04-20 15:00:00,0.0,31.87572,31.32302,33.15726,31.2177,32.82819
10507,2014-04-20 15:15:00,0.0,27.53242,31.87572,31.32302,33.15726,31.2177
10508,2014-04-20 15:30:00,0.0,31.2591,27.53242,31.87572,31.32302,33.15726
10509,2014-04-20 15:45:00,0.0,32.29608,31.2591,27.53242,31.87572,31.32302
10510,2014-04-20 16:00:00,0.0,31.71629,32.29608,31.2591,27.53242,31.87572
10511,2014-04-20 16:15:00,0.0,31.5317,31.71629,32.29608,31.2591,27.53242
10512,2014-04-20 16:30:00,0.0,30.13907,31.5317,31.71629,32.29608,31.2591
10513,2014-04-20 16:45:00,0.0,28.10763,30.13907,31.5317,31.71629,32.29608
10514,2014-04-20 17:00:00,0.0,29.90655,28.10763,30.13907,31.5317,31.71629
10515,2014-04-20 17:15:00,0.0,27.04502,29.90655,28.10763,30.13907,31.5317
10516,2014-04-20 17:30:00,0.0,27.89279,27.04502,29.90655,28.10763,30.13907
10517,2014-04-20 17:45:00,0.0,29.74901,27.89279,27.04502,29.90655,28.10763
10518,2014-04-20 18:00:00,0.0,31.1627,29.74901,27.89279,27.04502,29.90655
10519,2014-04-20 18:15:00,0.0,28.06223,31.1627,29.74901,27.89279,27.04502
10520,2014-04-20 18:30:00,0.0,27.14346,28.06223,31.1627,29.74901,27.89279
10521,2014-04-20 18:45:00,0.0,27.6094,27.14346,28.06223,31.1627,29.74901
10522,2014-04-20 19:00:00,0.0,29.91718,27.6094,27.14346,28.06223,31.1627
10523,2014-04-20 19:15:00,0.0,28.31697,29.91718,27.6094,27.14346,28.06223
10524,2014-04-20 19:30:00,0.0,25.06642,28.31697,29.91718,27.6094,27.14346
10525,2014-04-20 19:45:00,0.0,26.97732,25.06642,28.31697,29.91718,27.6094
10526,2014-04-20 20:00:00,0.0,25.61417,26.97732,25.06642,28.31697,29.91718
10527,2014-04-20 20:15:00,0.0,26.143,25.61417,26.97732,25.06642,28.31697
10528,2014-04-20 20:30:00,0.0,26.11329,26.143,25.61417,26.97732,25.06642
10529,2014-04-20 20:45:00,0.0,27.3847,26.11329,26.143,25.61417,26.97732
10530,2014-04-20 21:00:00,0.0,26.45419,27.3847,26.11329,26.143,25.61417
10531,2014-04-20 21:15:00,0.0,25.13837,26.45419,27.3847,26.11329,26.143
10532,2014-04-20 21:30:00,0.0,27.22438,25.13837,26.45419,27.3847,26.11329
10533,2014-04-20 21:45:00,0.0,27.45646,27.22438,25.13837,26.45419,27.3847
10534,2014-04-20 22:00:00,0.0,27.81242,27.45646,27.22438,25.13837,26.45419
10535,2014-04-20 22:15:00,0.0,27.23111,27.81242,27.45646,27.22438,25.13837
10536,2014-04-20 22:30:00,0.0,27.73611,27.23111,27.81242,27.45646,27.22438
10537,2014-04-20 22:45:00,0.0,28.4683,27.73611,27.23111,27.81242,27.45646
10538,2014-04-20 23:00:00,0.0,27.07182,28.4683,27.73611,27.23111,27.81242
10539,2014-04-20 23:15:00,0.0,26.63895,27.07182,28.4683,27.73611,27.23111
10540,2014-04-20 23:30:00,0.0,25.52155,26.63895,27.07182,28.4683,27.73611
10541,2014-04-20 23:45:00,0.0,26.44964,25.52155,26.63895,27.07182,28.4683
10542,2014-04-21 00:00:00,0.0,26.80815,26.44964,25.52155,26.63895,27.07182
10543,2014-04-21 00:15:00,0.0,26.60093,26.80815,26.44964,25.52155,26.63895
10544,2014-04-21 00:30:00,0.0,25.7827,26.60093,26.80815,26.44964,25.52155
10545,2014-04-21 00:45:00,0.0,26.64687,25.7827,26.60093,26.80815,26.44964
10546,2014-04-21 01:00:00,0.0,24.46131,26.64687,25.7827,26.60093,26.80815
10547,2014-04-21 01:15:00,0.0,25.69063,24.46131,26.64687,25.7827,26.60093
10548,2014-04-21 01:30:00,0.0,24.68606,25.69063,24.46131,26.64687,25.7827
10549,2014-04-21 01:45:00,0.0,23.78055,24.68606,25.69063,24.46131,26.64687
10550,2014-04-21 02:00:00,0.0,25.74848,23.78055,24.68606,25.69063,24.46131
10551,2014-04-21 02:15:00,0.0,24.98506,25.74848,23.78055,24.68606,25.69063
10552,2014-04-21 02:30:00,0.0,25.38224,24.98506,25.74848,23.78055,24.68606
10553,2014-04-21 02:45:00,0.0,22.45262,25.38224,24.98506,25.74848,23.78055
10554,2014-04-21 03:00:00,0.0,25.34923,22.45262,25.38224,24.98506,25.74848
10555,2014-04-21 03:15:00,0.0,24.84805,25.34923,22.45262,25.38224,24.98506
10556,2014-04-21 03:30:00,0.0,23.56455,24.84805,25.34923,22.45262,25.38224
10557,2014-04-21 03:45:00,0.0,27.51694,23.56455,24.84805,25.34923,22.45262
10558,2014-04-21 04:00:00,0.0,26.36427,27.51694,23.56455,24.84805,25.34923
10559,2014-04-21 04:15:00,0.0,27.18967,26.36427,27.51694,23.56455,24.84805
10560,2014-04-21 04:30:00,0.0,25.44777,27.18967,26.36427,27.51694,23.56455
10561,2014-04-21 04:45:00,0.0,27.16674,25.44777,27.18967,26.36427,27.51694
10562,2014-04-21 05:00:00,0.0,26.25755,27.16674,25.44777,27.18967,26.36427
10563,2014-04-21 05:15:00,0.0,27.61669,26.25755,27.16674,25.44777,27.18967
10564,2014-04-21 05:30:00,0.0,26.85733,27.61669,26.25755,27.16674,25.44777
10565,2014-04-21 05:45:00,0.0,28.2521,26.85733,27.61669,26.25755,27.16674
10566,2014-04-21 06:00:00,0.0,27.60611,28.2521,26.85733,27.61669,26.25755
10567,2014-04-21 06:15:00,0.0,27.92948,27.60611,28.2521,26.85733,27.61669
10568,2014-04-21 06:30:00,0.0,30.78559,27.92948,27.60611,28.2521,26.85733
10569,2014-04-21 06:45:00,0.0,29.61902,30.78559,27.92948,27.60611,28.2521
10570,2014-04-21 07:00:00,0.0,29.50119,29.61902,30.78559,27.92948,27.60611
10571,2014-04-21 07:15:00,0.0,29.19805,29.50119,29.61902,30.78559,27.92948
10572,2014-04-21 07:30:00,0.0,30.88451,29.19805,29.50119,29.61902,30.78559
10573,2014-04-21 07:45:00,0.0,30.48301,30.88451,29.19805,29.50119,29.61902
10574,2014-04-21 08:00:00,0.0,30.23817,30.48301,30.88451,29.19805,29.50119
10575,2014-04-21 08:15:00,0.0,32.22146,30.23817,30.48301,30.88451,29.19805
10576,2014-04-21 08:30:00,0.0,31.80147,32.22146,30.23817,30.48301,30.88451
10577,2014-04-21 08:45:00,0.0,30.92305,31.80147,32.22146,30.23817,30.48301
10578,2014-04-21 09:00:00,0.0,30.936,30.92305,31.80147,32.22146,30.23817
10579,2014-04-21 09:15:00,0.0,32.46061,30.936,30.92305,31.80147,32.22146
10580,2014-04-21 09:30:00,0.0,32.19721,32.46061,30.936,30.92305,31.80147
10581,2014-04-21 09:45:00,0.0,34.02658,32.19721,32.46061,30.936,30.92305
10582,2014-04-21 10:00:00,0.0,32.72041,34.02658,32.19721,32.46061,30.936
10583,2014-04-21 10:15:00,0.0,33.06152,32.72041,34.02658,32.19721,32.46061
10584,2014-04-21 10:30:00,0.0,37.22989,33.06152,32.72041,34.02658,32.19721
10585,2014-04-21 10:45:00,0.0,34.53229,37.22989,33.06152,32.72041,34.02658
10586,2014-04-21 11:00:00,0.0,34.49261,34.53229,37.22989,33.06152,32.72041
10587,2014-04-21 11:15:00,0.0,34.23988,34.49261,34.53229,37.22989,33.06152
10588,2014-04-21 11:30:00,0.0,35.17569,34.23988,34.49261,34.53229,37.22989
10589,2014-04-21 11:45:00,0.0,33.58037,35.17569,34.23988,34.49261,34.53229
10590,2014-04-21 12:00:00,0.0,32.88936,33.58037,35.17569,34.23988,34.49261
10591,2014-04-21 12:15:00,0.0,35.08091,32.88936,33.58037,35.17569,34.23988
10592,2014-04-21 12:30:00,0.0,35.20505,35.08091,32.88936,33.58037,35.17569
10593,2014-04-21 12:45:00,0.0,33.98188,35.20505,35.08091,32.88936,33.58037
10594,2014-04-21 13:00:00,0.0,33.76888,33.98188,35.20505,35.08091,32.88936
10595,2014-04-21 13:15:00,0.0,34.3655,33.76888,33.98188,35.20505,35.08091
10596,2014-04-21 13:30:00,0.0,35.28815,34.3655,33.76888,33.98188,35.20505
10597,2014-04-21 13:45:00,0.0,36.8913,35.28815,34.3655,33.76888,33.98188
10598,2014-04-21 14:00:00,0.0,36.98298,36.8913,35.28815,34.3655,33.76888
10599,2014-04-21 14:15:00,0.0,36.26242,36.98298,36.8913,35.28815,34.3655
10600,2014-04-21 14:30:00,0.0,36.53558,36.26242,36.98298,36.8913,35.28815
10601,2014-04-21 14:45:00,0.0,35.40404,36.53558,36.26242,36.98298,36.8913
10602,2014-04-21 15:00:00,0.0,33.24927,35.40404,36.53558,36.26242,36.98298
10603,2014-04-21 15:15:00,0.0,35.11367,33.24927,35.40404,36.53558,36.26242
10604,2014-04-21 15:30:00,0.0,34.68183,35.11367,33.24927,35.40404,36.53558
10605,2014-04-21 15:45:00,0.0,36.55541,34.68183,35.11367,33.24927,35.40404
10606,2014-04-21 16:00:00,0.0,36.20829,36.55541,34.68183,35.11367,33.24927
10607,2014-04-21 16:15:00,0.0,36.45798,36.20829,36.55541,34.68183,35.11367
10608,2014-04-21 16:30:00,0.0,34.61158,36.45798,36.20829,36.55541,34.68183
10609,2014-04-21 16:45:00,0.0,35.95893,34.61158,36.45798,36.20829,36.55541
10610,2014-04-21 17:00:00,0.0,37.33243,35.95893,34.61158,36.45798,36.20829
10611,2014-04-21 17:15:00,0.0,34.6225,37.33243,35.95893,34.61158,36.45798
10612,2014-04-21 17:30:00,0.0,35.8149,34.6225,37.33243,35.95893,34.61158
10613,2014-04-21 17:45:00,0.0,34.46122,35.8149,34.6225,37.33243,35.95893
10614,2014-04-21 18:00:00,0.0,34.57114,34.46122,35.8149,34.6225,37.33243
10615,2014-04-21 18:15:00,0.0,31.29354,34.57114,34.46122,35.8149,34.6225
10616,2014-04-21 18:30:00,0.0,30.76425,31.29354,34.57114,34.46122,35.8149
10617,2014-04-21 18:45:00,0.0,30.14621,30.76425,31.29354,34.57114,34.46122
10618,2014-04-21 19:00:00,0.0,29.58497,30.14621,30.76425,31.29354,34.57114
10619,2014-04-21 19:15:00,0.0,30.05131,29.58497,30.14621,30.76425,31.29354
10620,2014-04-21 19:30:00,0.0,29.94661,30.05131,29.58497,30.14621,30.76425
10621,2014-04-21 19:45:00,0.0,26.91788,29.94661,30.05131,29.58497,30.14621
10622,2014-04-21 20:00:00,0.0,27.23608,26.91788,29.94661,30.05131,29.58497
10623,2014-04-21 20:15:00,0.0,27.02677,27.23608,26.91788,29.94661,30.05131
10624,2014-04-21 20:30:00,0.0,27.36354,27.02677,27.23608,26.91788,29.94661
10625,2014-04-21 20:45:00,0.0,28.71871,27.36354,27.02677,27.23608,26.91788
10626,2014-04-21 21:00:00,0.0,26.92928,28.71871,27.36354,27.02677,27.23608
10627,2014-04-21 21:15:00,0.0,29.21785,26.92928,28.71871,27.36354,27.02677
10628,2014-04-21 21:30:00,0.0,27.98336,29.21785,26.92928,28.71871,27.36354
10629,2014-04-21 21:45:00,0.0,29.31753,27.98336,29.21785,26.92928,28.71871
10630,2014-04-21 22:00:00,0.0,26.17922,29.31753,27.98336,29.21785,26.92928
10631,2014-04-21 22:15:00,0.0,26.62081,26.17922,29.31753,27.98336,29.21785
10632,2014-04-21 22:30:00,0.0,26.91864,26.62081,26.17922,29.31753,27.98336
10633,2014-04-21 22:45:00,0.0,27.30829,26.91864,26.62081,26.17922,29.31753
10634,2014-04-21 23:00:00,0.0,27.39459,27.30829,26.91864,26.62081,26.17922
10635,2014-04-21 23:15:00,0.0,26.62245,27.39459,27.30829,26.91864,26.62081
10636,2014-04-21 23:30:00,0.0,26.83938,26.62245,27.39459,27.30829,26.91864
10637,2014-04-21 23:45:00,0.0,26.27035,26.83938,26.62245,27.39459,27.30829
10638,2014-04-22 00:00:00,0.0,25.54692,26.27035,26.83938,26.62245,27.39459
10639,2014-04-22 00:15:00,0.0,24.41937,25.54692,26.27035,26.83938,26.62245
10640,2014-04-22 00:30:00,0.0,24.19509,24.41937,25.54692,26.27035,26.83938
10641,2014-04-22 00:45:00,0.0,27.35801,24.19509,24.41937,25.54692,26.27035
10642,2014-04-22 01:00:00,0.0,26.21228,27.35801,24.19509,24.41937,25.54692
10643,2014-04-22 01:15:00,0.0,25.32276,26.21228,27.35801,24.19509,24.41937
10644,2014-04-22 01:30:00,0.0,25.28005,25.32276,26.21228,27.35801,24.19509
10645,2014-04-22 01:45:00,0.0,25.82276,25.28005,25.32276,26.21228,27.35801
10646,2014-04-22 02:00:00,0.0,25.13368,25.82276,25.28005,25.32276,26.21228
10647,2014-04-22 02:15:00,0.0,25.78107,25.13368,25.82276,25.28005,25.32276
10648,2014-04-22 02:30:00,0.0,26.79871,25.78107,25.13368,25.82276,25.28005
10649,2014-04-22 02:45:00,0.0,26.19739,26.79871,25.78107,25.13368,25.82276
10650,2014-04-22 03:00:00,0.0,25.21242,26.19739,26.79871,25.78107,25.13368
10651,2014-04-22 03:15:00,0.0,26.30813,25.21242,26.19739,26.79871,25.78107
10652,2014-04-22 03:30:00,0.0,25.80576,26.30813,25.21242,26.19739,26.79871
10653,2014-04-22 03:45:00,0.0,27.87396,25.80576,26.30813,25.21242,26.19739
10654,2014-04-22 04:00:00,0.0,26.91577,27.87396,25.80576,26.30813,25.21242
10655,2014-04-22 04:15:00,0.0,27.47381,26.91577,27.87396,25.80576,26.30813
10656,2014-04-22 04:30:00,0.0,26.25362,27.47381,26.91577,27.87396,25.80576
10657,2014-04-22 04:45:00,0.0,27.55345,26.25362,27.47381,26.91577,27.87396
10658,2014-04-22 05:00:00,0.0,25.53068,27.55345,26.25362,27.47381,26.91577
10659,2014-04-22 05:15:00,0.0,26.53099,25.53068,27.55345,26.25362,27.47381
10660,2014-04-22 05:30:00,0.0,26.61393,26.53099,25.53068,27.55345,26.25362
10661,2014-04-22 05:45:00,0.0,28.19997,26.61393,26.53099,25.53068,27.55345
10662,2014-04-22 06:00:00,0.0,27.02959,28.19997,26.61393,26.53099,25.53068
10663,2014-04-22 06:15:00,0.0,28.61022,27.02959,28.19997,26.61393,26.53099
10664,2014-04-22 06:30:00,0.0,30.52066,28.61022,27.02959,28.19997,26.61393
10665,2014-04-22 06:45:00,0.0,28.7899,30.52066,28.61022,27.02959,28.19997
10666,2014-04-22 07:00:00,0.0,28.25789,28.7899,30.52066,28.61022,27.02959
10667,2014-04-22 07:15:00,0.0,27.95306,28.25789,28.7899,30.52066,28.61022
10668,2014-04-22 07:30:00,0.0,30.82018,27.95306,28.25789,28.7899,30.52066
10669,2014-04-22 07:45:00,0.0,31.24164,30.82018,27.95306,28.25789,28.7899
10670,2014-04-22 08:00:00,0.0,29.4622,31.24164,30.82018,27.95306,28.25789
10671,2014-04-22 08:15:00,0.0,29.19399,29.4622,31.24164,30.82018,27.95306
10672,2014-04-22 08:30:00,0.0,31.19593,29.19399,29.4622,31.24164,30.82018
10673,2014-04-22 08:45:00,0.0,31.75504,31.19593,29.19399,29.4622,31.24164
10674,2014-04-22 09:00:00,0.0,33.53321,31.75504,31.19593,29.19399,29.4622
10675,2014-04-22 09:15:00,0.0,31.29479,33.53321,31.75504,31.19593,29.19399
10676,2014-04-22 09:30:00,0.0,34.20133,31.29479,33.53321,31.75504,31.19593
10677,2014-04-22 09:45:00,0.0,35.31162,34.20133,31.29479,33.53321,31.75504
10678,2014-04-22 10:00:00,0.0,33.77714,35.31162,34.20133,31.29479,33.53321
10679,2014-04-22 10:15:00,0.0,33.57849,33.77714,35.31162,34.20133,31.29479
10680,2014-04-22 10:30:00,0.0,33.95528,33.57849,33.77714,35.31162,34.20133
10681,2014-04-22 10:45:00,0.0,34.5161,33.95528,33.57849,33.77714,35.31162
10682,2014-04-22 11:00:00,0.0,32.51226,34.5161,33.95528,33.57849,33.77714
10683,2014-04-22 11:15:00,0.0,34.10248,32.51226,34.5161,33.95528,33.57849
10684,2014-04-22 11:30:00,0.0,36.40076,34.10248,32.51226,34.5161,33.95528
10685,2014-04-22 11:45:00,0.0,36.71493,36.40076,34.10248,32.51226,34.5161
10686,2014-04-22 12:00:00,0.0,34.29401,36.71493,36.40076,34.10248,32.51226
10687,2014-04-22 12:15:00,0.0,35.89683,34.29401,36.71493,36.40076,34.10248
10688,2014-04-22 12:30:00,0.0,35.16246,35.89683,34.29401,36.71493,36.40076
10689,2014-04-22 12:45:00,0.0,35.67544,35.16246,35.89683,34.29401,36.71493
10690,2014-04-22 13:00:00,0.0,35.32572,35.67544,35.16246,35.89683,34.29401
10691,2014-04-22 13:15:00,0.0,33.30583,35.32572,35.67544,35.16246,35.89683
10692,2014-04-22 13:30:00,0.0,37.47711,33.30583,35.32572,35.67544,35.16246
10693,2014-04-22 13:45:00,0.0,35.59314,37.47711,33.30583,35.32572,35.67544
10694,2014-04-22 14:00:00,0.0,34.47241,35.59314,37.47711,33.30583,35.32572
10695,2014-04-22 14:15:00,0.0,35.95482,34.47241,35.59314,37.47711,33.30583
10696,2014-04-22 14:30:00,0.0,34.70433,35.95482,34.47241,35.59314,37.47711
10697,2014-04-22 14:45:00,0.0,36.47066,34.70433,35.95482,34.47241,35.59314
10698,2014-04-22 15:00:00,0.0,31.41398,36.47066,34.70433,35.95482,34.47241
10699,2014-04-22 15:15:00,0.0,34.90479,31.41398,36.47066,34.70433,35.95482
10700,2014-04-22 15:30:00,0.0,32.03021,34.90479,31.41398,36.47066,34.70433
10701,2014-04-22 15:45:00,0.0,37.10664,32.03021,34.90479,31.41398,36.47066
10702,2014-04-22 16:00:00,0.0,35.57275,37.10664,32.03021,34.90479,31.41398
10703,2014-04-22 16:15:00,0.0,35.96382,35.57275,37.10664,32.03021,34.90479
10704,2014-04-22 16:30:00,0.0,32.92753,35.96382,35.57275,37.10664,32.03021
10705,2014-04-22 16:45:00,0.0,35.50766,32.92753,35.96382,35.57275,37.10664
10706,2014-04-22 17:00:00,0.0,34.20387,35.50766,32.92753,35.96382,35.57275
10707,2014-04-22 17:15:00,0.0,31.34931,34.20387,35.50766,32.92753,35.96382
10708,2014-04-22 17:30:00,0.0,32.76262,31.34931,34.20387,35.50766,32.92753
10709,2014-04-22 17:45:00,0.0,34.06459,32.76262,31.34931,34.20387,35.50766
10710,2014-04-22 18:00:00,0.0,33.31974,34.06459,32.76262,31.34931,34.20387
10711,2014-04-22 18:15:00,0.0,29.90208,33.31974,34.06459,32.76262,31.34931
10712,2014-04-22 18:30:00,0.0,29.57499,29.90208,33.31974,34.06459,32.76262
10713,2014-04-22 18:45:00,0.0,29.14596,29.57499,29.90208,33.31974,34.06459
10714,2014-04-22 19:00:00,0.0,28.66577,29.14596,29.57499,29.90208,33.31974
10715,2014-04-22 19:15:00,0.0,28.33511,28.66577,29.14596,29.57499,29.90208
10716,2014-04-22 19:30:00,0.0,28.27005,28.33511,28.66577,29.14596,29.57499
10717,2014-04-22 19:45:00,0.0,27.32393,28.27005,28.33511,28.66577,29.14596
10718,2014-04-22 20:00:00,0.0,28.24412,27.32393,28.27005,28.33511,28.66577
10719,2014-04-22 20:15:00,0.0,27.12686,28.24412,27.32393,28.27005,28.33511
10720,2014-04-22 20:30:00,0.0,28.29095,27.12686,28.24412,27.32393,28.27005
10721,2014-04-22 20:45:00,0.0,28.60929,28.29095,27.12686,28.24412,27.32393
10722,2014-04-22 21:00:00,0.0,28.9534,28.60929,28.29095,27.12686,28.24412
10723,2014-04-22 21:15:00,0.0,27.96471,28.9534,28.60929,28.29095,27.12686
10724,2014-04-22 21:30:00,0.0,28.57315,27.96471,28.9534,28.60929,28.29095
10725,2014-04-22 21:45:00,0.0,27.37558,28.57315,27.96471,28.9534,28.60929
10726,2014-04-22 22:00:00,0.0,27.44408,27.37558,28.57315,27.96471,28.9534
10727,2014-04-22 22:15:00,0.0,27.2229,27.44408,27.37558,28.57315,27.96471
10728,2014-04-22 22:30:00,0.0,26.83398,27.2229,27.44408,27.37558,28.57315
10729,2014-04-22 22:45:00,0.0,25.63093,26.83398,27.2229,27.44408,27.37558
10730,2014-04-22 23:00:00,0.0,27.83046,25.63093,26.83398,27.2229,27.44408
10731,2014-04-22 23:15:00,0.0,26.07342,27.83046,25.63093,26.83398,27.2229
10732,2014-04-22 23:30:00,0.0,24.32822,26.07342,27.83046,25.63093,26.83398
10733,2014-04-22 23:45:00,0.0,26.44937,24.32822,26.07342,27.83046,25.63093
10734,2014-04-23 00:00:00,0.0,24.21306,26.44937,24.32822,26.07342,27.83046
10735,2014-04-23 00:15:00,0.0,25.45323,24.21306,26.44937,24.32822,26.07342
10736,2014-04-23 00:30:00,0.0,24.81907,25.45323,24.21306,26.44937,24.32822
10737,2014-04-23 00:45:00,0.0,24.15124,24.81907,25.45323,24.21306,26.44937
10738,2014-04-23 01:00:00,0.0,25.9859,24.15124,24.81907,25.45323,24.21306
10739,2014-04-23 01:15:00,0.0,25.17072,25.9859,24.15124,24.81907,25.45323
10740,2014-04-23 01:30:00,0.0,24.63337,25.17072,25.9859,24.15124,24.81907
10741,2014-04-23 01:45:00,0.0,23.81187,24.63337,25.17072,25.9859,24.15124
10742,2014-04-23 02:00:00,0.0,26.25209,23.81187,24.63337,25.17072,25.9859
10743,2014-04-23 02:15:00,0.0,27.22287,26.25209,23.81187,24.63337,25.17072
10744,2014-04-23 02:30:00,0.0,26.77381,27.22287,26.25209,23.81187,24.63337
10745,2014-04-23 02:45:00,0.0,25.37358,26.77381,27.22287,26.25209,23.81187
10746,2014-04-23 03:00:00,0.0,25.89524,25.37358,26.77381,27.22287,26.25209
10747,2014-04-23 03:15:00,0.0,25.09023,25.89524,25.37358,26.77381,27.22287
10748,2014-04-23 03:30:00,0.0,25.32823,25.09023,25.89524,25.37358,26.77381
10749,2014-04-23 03:45:00,0.0,27.7036,25.32823,25.09023,25.89524,25.37358
10750,2014-04-23 04:00:00,0.0,26.55215,27.7036,25.32823,25.09023,25.89524
10751,2014-04-23 04:15:00,0.0,27.86191,26.55215,27.7036,25.32823,25.09023
10752,2014-04-23 04:30:00,0.0,25.84021,27.86191,26.55215,27.7036,25.32823
10753,2014-04-23 04:45:00,0.0,26.74851,25.84021,27.86191,26.55215,27.7036
10754,2014-04-23 05:00:00,0.0,26.57266,26.74851,25.84021,27.86191,26.55215
10755,2014-04-23 05:15:00,0.0,25.53682,26.57266,26.74851,25.84021,27.86191
10756,2014-04-23 05:30:00,0.0,25.89933,25.53682,26.57266,26.74851,25.84021
10757,2014-04-23 05:45:00,0.0,27.5115,25.89933,25.53682,26.57266,26.74851
10758,2014-04-23 06:00:00,0.0,26.59823,27.5115,25.89933,25.53682,26.57266
10759,2014-04-23 06:15:00,0.0,30.22755,26.59823,27.5115,25.89933,25.53682
10760,2014-04-23 06:30:00,0.0,32.48493,30.22755,26.59823,27.5115,25.89933
10761,2014-04-23 06:45:00,0.0,29.6913,32.48493,30.22755,26.59823,27.5115
10762,2014-04-23 07:00:00,0.0,30.34796,29.6913,32.48493,30.22755,26.59823
10763,2014-04-23 07:15:00,0.0,29.30513,30.34796,29.6913,32.48493,30.22755
10764,2014-04-23 07:30:00,0.0,30.59008,29.30513,30.34796,29.6913,32.48493
10765,2014-04-23 07:45:00,0.0,32.54814,30.59008,29.30513,30.34796,29.6913
10766,2014-04-23 08:00:00,0.0,28.1059,32.54814,30.59008,29.30513,30.34796
10767,2014-04-23 08:15:00,0.0,31.16024,28.1059,32.54814,30.59008,29.30513
10768,2014-04-23 08:30:00,0.0,32.20392,31.16024,28.1059,32.54814,30.59008
10769,2014-04-23 08:45:00,0.0,34.8858,32.20392,31.16024,28.1059,32.54814
10770,2014-04-23 09:00:00,0.0,33.78564,34.8858,32.20392,31.16024,28.1059
10771,2014-04-23 09:15:00,0.0,33.03614,33.78564,34.8858,32.20392,31.16024
10772,2014-04-23 09:30:00,0.0,32.17967,33.03614,33.78564,34.8858,32.20392
10773,2014-04-23 09:45:00,0.0,33.13249,32.17967,33.03614,33.78564,34.8858
10774,2014-04-23 10:00:00,0.0,35.99047,33.13249,32.17967,33.03614,33.78564
10775,2014-04-23 10:15:00,0.0,33.60142,35.99047,33.13249,32.17967,33.03614
10776,2014-04-23 10:30:00,0.0,36.73645,33.60142,35.99047,33.13249,32.17967
10777,2014-04-23 10:45:00,0.0,35.31741,36.73645,33.60142,35.99047,33.13249
10778,2014-04-23 11:00:00,0.0,34.1357,35.31741,36.73645,33.60142,35.99047
10779,2014-04-23 11:15:00,0.0,32.07881,34.1357,35.31741,36.73645,33.60142
10780,2014-04-23 11:30:00,0.0,33.15023,32.07881,34.1357,35.31741,36.73645
10781,2014-04-23 11:45:00,0.0,35.99587,33.15023,32.07881,34.1357,35.31741
10782,2014-04-23 12:00:00,0.0,34.7736,35.99587,33.15023,32.07881,34.1357
10783,2014-04-23 12:15:00,0.0,34.78156,34.7736,35.99587,33.15023,32.07881
10784,2014-04-23 12:30:00,0.0,35.14783,34.78156,34.7736,35.99587,33.15023
10785,2014-04-23 12:45:00,0.0,33.8659,35.14783,34.78156,34.7736,35.99587
10786,2014-04-23 13:00:00,0.0,33.22606,33.8659,35.14783,34.78156,34.7736
10787,2014-04-23 13:15:00,0.0,34.05487,33.22606,33.8659,35.14783,34.78156
10788,2014-04-23 13:30:00,0.0,33.21802,34.05487,33.22606,33.8659,35.14783
10789,2014-04-23 13:45:00,0.0,34.11681,33.21802,34.05487,33.22606,33.8659
10790,2014-04-23 14:00:00,0.0,35.81137,34.11681,33.21802,34.05487,33.22606
10791,2014-04-23 14:15:00,0.0,35.1057,35.81137,34.11681,33.21802,34.05487
10792,2014-04-23 14:30:00,0.0,33.78308,35.1057,35.81137,34.11681,33.21802
10793,2014-04-23 14:45:00,0.0,34.17851,33.78308,35.1057,35.81137,34.11681
10794,2014-04-23 15:00:00,0.0,35.57175,34.17851,33.78308,35.1057,35.81137
10795,2014-04-23 15:15:00,0.0,36.98659,35.57175,34.17851,33.78308,35.1057
10796,2014-04-23 15:30:00,0.0,34.39323,36.98659,35.57175,34.17851,33.78308
10797,2014-04-23 15:45:00,0.0,36.0646,34.39323,36.98659,35.57175,34.17851
10798,2014-04-23 16:00:00,0.0,37.78293,36.0646,34.39323,36.98659,35.57175
10799,2014-04-23 16:15:00,0.0,34.55797,37.78293,36.0646,34.39323,36.98659
10800,2014-04-23 16:30:00,0.0,34.87611,34.55797,37.78293,36.0646,34.39323
10801,2014-04-23 16:45:00,0.0,36.11757,34.87611,34.55797,37.78293,36.0646
10802,2014-04-23 17:00:00,0.0,37.60402,36.11757,34.87611,34.55797,37.78293
10803,2014-04-23 17:15:00,0.0,34.37375,37.60402,36.11757,34.87611,34.55797
10804,2014-04-23 17:30:00,0.0,37.67632,34.37375,37.60402,36.11757,34.87611
10805,2014-04-23 17:45:00,0.0,37.06418,37.67632,34.37375,37.60402,36.11757
10806,2014-04-23 18:00:00,0.0,33.26708,37.06418,37.67632,34.37375,37.60402
10807,2014-04-23 18:15:00,0.0,32.57973,33.26708,37.06418,37.67632,34.37375
10808,2014-04-23 18:30:00,0.0,30.7941,32.57973,33.26708,37.06418,37.67632
10809,2014-04-23 18:45:00,0.0,32.19419,30.7941,32.57973,33.26708,37.06418
10810,2014-04-23 19:00:00,0.0,29.97959,32.19419,30.7941,32.57973,33.26708
10811,2014-04-23 19:15:00,0.0,27.17433,29.97959,32.19419,30.7941,32.57973
10812,2014-04-23 19:30:00,0.0,29.36762,27.17433,29.97959,32.19419,30.7941
10813,2014-04-23 19:45:00,0.0,30.93737,29.36762,27.17433,29.97959,32.19419
10814,2014-04-23 20:00:00,0.0,29.19465,30.93737,29.36762,27.17433,29.97959
10815,2014-04-23 20:15:00,0.0,28.02164,29.19465,30.93737,29.36762,27.17433
10816,2014-04-23 20:30:00,0.0,28.83578,28.02164,29.19465,30.93737,29.36762
10817,2014-04-23 20:45:00,0.0,29.1638,28.83578,28.02164,29.19465,30.93737
10818,2014-04-23 21:00:00,0.0,27.26807,29.1638,28.83578,28.02164,29.19465
10819,2014-04-23 21:15:00,0.0,26.90583,27.26807,29.1638,28.83578,28.02164
10820,2014-04-23 21:30:00,0.0,26.95164,26.90583,27.26807,29.1638,28.83578
10821,2014-04-23 21:45:00,0.0,28.12494,26.95164,26.90583,27.26807,29.1638
10822,2014-04-23 22:00:00,0.0,26.87685,28.12494,26.95164,26.90583,27.26807
10823,2014-04-23 22:15:00,0.0,26.71822,26.87685,28.12494,26.95164,26.90583
10824,2014-04-23 22:30:00,0.0,26.9633,26.71822,26.87685,28.12494,26.95164
10825,2014-04-23 22:45:00,0.0,28.78633,26.9633,26.71822,26.87685,28.12494
10826,2014-04-23 23:00:00,0.0,28.31208,28.78633,26.9633,26.71822,26.87685
10827,2014-04-23 23:15:00,0.0,26.82703,28.31208,28.78633,26.9633,26.71822
10828,2014-04-23 23:30:00,0.0,23.58076,26.82703,28.31208,28.78633,26.9633
10829,2014-04-23 23:45:00,0.0,26.83924,23.58076,26.82703,28.31208,28.78633
10830,2014-04-24 00:00:00,0.0,25.68439,26.83924,23.58076,26.82703,28.31208
10831,2014-04-24 00:15:00,0.0,25.18588,25.68439,26.83924,23.58076,26.82703
10832,2014-04-24 00:30:00,0.0,24.71293,25.18588,25.68439,26.83924,23.58076
10833,2014-04-24 00:45:00,0.0,27.01641,24.71293,25.18588,25.68439,26.83924
10834,2014-04-24 01:00:00,0.0,26.57232,27.01641,24.71293,25.18588,25.68439
10835,2014-04-24 01:15:00,0.0,25.57524,26.57232,27.01641,24.71293,25.18588
10836,2014-04-24 01:30:00,0.0,24.93789,25.57524,26.57232,27.01641,24.71293
10837,2014-04-24 01:45:00,0.0,26.46738,24.93789,25.57524,26.57232,27.01641
10838,2014-04-24 02:00:00,0.0,25.63586,26.46738,24.93789,25.57524,26.57232
10839,2014-04-24 02:15:00,0.0,25.50047,25.63586,26.46738,24.93789,25.57524
10840,2014-04-24 02:30:00,0.0,26.23543,25.50047,25.63586,26.46738,24.93789
10841,2014-04-24 02:45:00,0.0,27.50368,26.23543,25.50047,25.63586,26.46738
10842,2014-04-24 03:00:00,0.0,24.86444,27.50368,26.23543,25.50047,25.63586
10843,2014-04-24 03:15:00,0.0,26.59931,24.86444,27.50368,26.23543,25.50047
10844,2014-04-24 03:30:00,0.0,26.10445,26.59931,24.86444,27.50368,26.23543
10845,2014-04-24 03:45:00,0.0,26.25989,26.10445,26.59931,24.86444,27.50368
10846,2014-04-24 04:00:00,0.0,27.4645,26.25989,26.10445,26.59931,24.86444
10847,2014-04-24 04:15:00,0.0,26.76204,27.4645,26.25989,26.10445,26.59931
10848,2014-04-24 04:30:00,0.0,25.44899,26.76204,27.4645,26.25989,26.10445
10849,2014-04-24 04:45:00,0.0,26.45573,25.44899,26.76204,27.4645,26.25989
10850,2014-04-24 05:00:00,0.0,26.65363,26.45573,25.44899,26.76204,27.4645
10851,2014-04-24 05:15:00,0.0,25.84654,26.65363,26.45573,25.44899,26.76204
10852,2014-04-24 05:30:00,0.0,26.42479,25.84654,26.65363,26.45573,25.44899
10853,2014-04-24 05:45:00,0.0,28.33843,26.42479,25.84654,26.65363,26.45573
10854,2014-04-24 06:00:00,0.0,28.67026,28.33843,26.42479,25.84654,26.65363
10855,2014-04-24 06:15:00,0.0,30.03073,28.67026,28.33843,26.42479,25.84654
10856,2014-04-24 06:30:00,0.0,30.06351,30.03073,28.67026,28.33843,26.42479
10857,2014-04-24 06:45:00,0.0,29.22578,30.06351,30.03073,28.67026,28.33843
10858,2014-04-24 07:00:00,0.0,28.79906,29.22578,30.06351,30.03073,28.67026
10859,2014-04-24 07:15:00,0.0,29.93756,28.79906,29.22578,30.06351,30.03073
10860,2014-04-24 07:30:00,0.0,29.92816,29.93756,28.79906,29.22578,30.06351
10861,2014-04-24 07:45:00,0.0,33.32374,29.92816,29.93756,28.79906,29.22578
10862,2014-04-24 08:00:00,0.0,29.12437,33.32374,29.92816,29.93756,28.79906
10863,2014-04-24 08:15:00,0.0,29.33706,29.12437,33.32374,29.92816,29.93756
10864,2014-04-24 08:30:00,0.0,31.86296,29.33706,29.12437,33.32374,29.92816
10865,2014-04-24 08:45:00,0.0,31.20981,31.86296,29.33706,29.12437,33.32374
10866,2014-04-24 09:00:00,0.0,31.68464,31.20981,31.86296,29.33706,29.12437
10867,2014-04-24 09:15:00,0.0,33.60941,31.68464,31.20981,31.86296,29.33706
10868,2014-04-24 09:30:00,0.0,34.74163,33.60941,31.68464,31.20981,31.86296
10869,2014-04-24 09:45:00,0.0,33.9817,34.74163,33.60941,31.68464,31.20981
10870,2014-04-24 10:00:00,0.0,34.86496,33.9817,34.74163,33.60941,31.68464
10871,2014-04-24 10:15:00,0.0,35.41176,34.86496,33.9817,34.74163,33.60941
10872,2014-04-24 10:30:00,0.0,33.65941,35.41176,34.86496,33.9817,34.74163
10873,2014-04-24 10:45:00,0.0,36.77157,33.65941,35.41176,34.86496,33.9817
10874,2014-04-24 11:00:00,0.0,35.69553,36.77157,33.65941,35.41176,34.86496
10875,2014-04-24 11:15:00,0.0,36.78036,35.69553,36.77157,33.65941,35.41176
10876,2014-04-24 11:30:00,0.0,33.60345,36.78036,35.69553,36.77157,33.65941
10877,2014-04-24 11:45:00,0.0,35.86323,33.60345,36.78036,35.69553,36.77157
10878,2014-04-24 12:00:00,0.0,32.42565,35.86323,33.60345,36.78036,35.69553
10879,2014-04-24 12:15:00,0.0,34.29247,32.42565,35.86323,33.60345,36.78036
10880,2014-04-24 12:30:00,0.0,35.4963,34.29247,32.42565,35.86323,33.60345
10881,2014-04-24 12:45:00,0.0,33.98979,35.4963,34.29247,32.42565,35.86323
10882,2014-04-24 13:00:00,0.0,35.32372,33.98979,35.4963,34.29247,32.42565
10883,2014-04-24 13:15:00,0.0,32.80844,35.32372,33.98979,35.4963,34.29247
10884,2014-04-24 13:30:00,0.0,33.41273,32.80844,35.32372,33.98979,35.4963
10885,2014-04-24 13:45:00,0.0,32.62714,33.41273,32.80844,35.32372,33.98979
10886,2014-04-24 14:00:00,0.0,32.80156,32.62714,33.41273,32.80844,35.32372
10887,2014-04-24 14:15:00,0.0,34.01008,32.80156,32.62714,33.41273,32.80844
10888,2014-04-24 14:30:00,0.0,35.82193,34.01008,32.80156,32.62714,33.41273
10889,2014-04-24 14:45:00,0.0,34.57205,35.82193,34.01008,32.80156,32.62714
10890,2014-04-24 15:00:00,0.0,35.59383,34.57205,35.82193,34.01008,32.80156
10891,2014-04-24 15:15:00,0.0,34.31951,35.59383,34.57205,35.82193,34.01008
10892,2014-04-24 15:30:00,0.0,35.41025,34.31951,35.59383,34.57205,35.82193
10893,2014-04-24 15:45:00,0.0,33.17524,35.41025,34.31951,35.59383,34.57205
10894,2014-04-24 16:00:00,0.0,34.50359,33.17524,35.41025,34.31951,35.59383
10895,2014-04-24 16:15:00,0.0,34.24936,34.50359,33.17524,35.41025,34.31951
10896,2014-04-24 16:30:00,0.0,34.98963,34.24936,34.50359,33.17524,35.41025
10897,2014-04-24 16:45:00,0.0,34.57986,34.98963,34.24936,34.50359,33.17524
10898,2014-04-24 17:00:00,0.0,34.92753,34.57986,34.98963,34.24936,34.50359
10899,2014-04-24 17:15:00,0.0,33.92733,34.92753,34.57986,34.98963,34.24936
10900,2014-04-24 17:30:00,0.0,33.68137,33.92733,34.92753,34.57986,34.98963
10901,2014-04-24 17:45:00,0.0,34.73229,33.68137,33.92733,34.92753,34.57986
10902,2014-04-24 18:00:00,0.0,33.48431,34.73229,33.68137,33.92733,34.92753
10903,2014-04-24 18:15:00,0.0,32.40521,33.48431,34.73229,33.68137,33.92733
10904,2014-04-24 18:30:00,0.0,30.27692,32.40521,33.48431,34.73229,33.68137
10905,2014-04-24 18:45:00,0.0,32.51893,30.27692,32.40521,33.48431,34.73229
10906,2014-04-24 19:00:00,0.0,31.92111,32.51893,30.27692,32.40521,33.48431
10907,2014-04-24 19:15:00,0.0,31.63013,31.92111,32.51893,30.27692,32.40521
10908,2014-04-24 19:30:00,0.0,30.04772,31.63013,31.92111,32.51893,30.27692
10909,2014-04-24 19:45:00,0.0,30.18545,30.04772,31.63013,31.92111,32.51893
10910,2014-04-24 20:00:00,0.0,29.22605,30.18545,30.04772,31.63013,31.92111
10911,2014-04-24 20:15:00,0.0,28.69043,29.22605,30.18545,30.04772,31.63013
10912,2014-04-24 20:30:00,0.0,29.70574,28.69043,29.22605,30.18545,30.04772
10913,2014-04-24 20:45:00,0.0,30.46632,29.70574,28.69043,29.22605,30.18545
10914,2014-04-24 21:00:00,0.0,30.09297,30.46632,29.70574,28.69043,29.22605
10915,2014-04-24 21:15:00,0.0,29.07001,30.09297,30.46632,29.70574,28.69043
10916,2014-04-24 21:30:00,0.0,28.18921,29.07001,30.09297,30.46632,29.70574
10917,2014-04-24 21:45:00,0.0,28.94726,28.18921,29.07001,30.09297,30.46632
10918,2014-04-24 22:00:00,0.0,29.20914,28.94726,28.18921,29.07001,30.09297
10919,2014-04-24 22:15:00,0.0,28.66879,29.20914,28.94726,28.18921,29.07001
10920,2014-04-24 22:30:00,0.0,29.00803,28.66879,29.20914,28.94726,28.18921
10921,2014-04-24 22:45:00,0.0,28.9538,29.00803,28.66879,29.20914,28.94726
10922,2014-04-24 23:00:00,0.0,27.46882,28.9538,29.00803,28.66879,29.20914
10923,2014-04-24 23:15:00,0.0,27.44215,27.46882,28.9538,29.00803,28.66879
10924,2014-04-24 23:30:00,0.0,24.91484,27.44215,27.46882,28.9538,29.00803
10925,2014-04-24 23:45:00,0.0,26.85754,24.91484,27.44215,27.46882,28.9538
10926,2014-04-25 00:00:00,0.0,26.12156,26.85754,24.91484,27.44215,27.46882
10927,2014-04-25 00:15:00,0.0,25.14322,26.12156,26.85754,24.91484,27.44215
10928,2014-04-25 00:30:00,0.0,26.092,25.14322,26.12156,26.85754,24.91484
10929,2014-04-25 00:45:00,0.0,25.09245,26.092,25.14322,26.12156,26.85754
10930,2014-04-25 01:00:00,0.0,26.34639,25.09245,26.092,25.14322,26.12156
10931,2014-04-25 01:15:00,0.0,25.34858,26.34639,25.09245,26.092,25.14322
10932,2014-04-25 01:30:00,0.0,25.72376,25.34858,26.34639,25.09245,26.092
10933,2014-04-25 01:45:00,0.0,27.51611,25.72376,25.34858,26.34639,25.09245
10934,2014-04-25 02:00:00,0.0,26.99204,27.51611,25.72376,25.34858,26.34639
10935,2014-04-25 02:15:00,0.0,26.44686,26.99204,27.51611,25.72376,25.34858
10936,2014-04-25 02:30:00,0.0,25.75017,26.44686,26.99204,27.51611,25.72376
10937,2014-04-25 02:45:00,0.0,26.78567,25.75017,26.44686,26.99204,27.51611
10938,2014-04-25 03:00:00,0.0,26.1409,26.78567,25.75017,26.44686,26.99204
10939,2014-04-25 03:15:00,0.0,26.44227,26.1409,26.78567,25.75017,26.44686
10940,2014-04-25 03:30:00,0.0,26.39501,26.44227,26.1409,26.78567,25.75017
10941,2014-04-25 03:45:00,0.0,28.7481,26.39501,26.44227,26.1409,26.78567
10942,2014-04-25 04:00:00,0.0,26.1271,28.7481,26.39501,26.44227,26.1409
10943,2014-04-25 04:15:00,0.0,26.49395,26.1271,28.7481,26.39501,26.44227
10944,2014-04-25 04:30:00,0.0,26.12433,26.49395,26.1271,28.7481,26.39501
10945,2014-04-25 04:45:00,0.0,27.2904,26.12433,26.49395,26.1271,28.7481
10946,2014-04-25 05:00:00,0.0,27.12292,27.2904,26.12433,26.49395,26.1271
10947,2014-04-25 05:15:00,0.0,26.63084,27.12292,27.2904,26.12433,26.49395
10948,2014-04-25 05:30:00,0.0,27.42229,26.63084,27.12292,27.2904,26.12433
10949,2014-04-25 05:45:00,0.0,27.05967,27.42229,26.63084,27.12292,27.2904
10950,2014-04-25 06:00:00,0.0,26.97651,27.05967,27.42229,26.63084,27.12292
10951,2014-04-25 06:15:00,0.0,28.96673,26.97651,27.05967,27.42229,26.63084
10952,2014-04-25 06:30:00,0.0,31.0983,28.96673,26.97651,27.05967,27.42229
10953,2014-04-25 06:45:00,0.0,30.96061,31.0983,28.96673,26.97651,27.05967
10954,2014-04-25 07:00:00,0.0,29.13265,30.96061,31.0983,28.96673,26.97651
10955,2014-04-25 07:15:00,0.0,31.53248,29.13265,30.96061,31.0983,28.96673
10956,2014-04-25 07:30:00,0.0,30.58604,31.53248,29.13265,30.96061,31.0983
10957,2014-04-25 07:45:00,0.0,32.52566,30.58604,31.53248,29.13265,30.96061
10958,2014-04-25 08:00:00,0.0,30.60277,32.52566,30.58604,31.53248,29.13265
10959,2014-04-25 08:15:00,0.0,28.81466,30.60277,32.52566,30.58604,31.53248
10960,2014-04-25 08:30:00,0.0,30.40449,28.81466,30.60277,32.52566,30.58604
10961,2014-04-25 08:45:00,0.0,33.38764,30.40449,28.81466,30.60277,32.52566
10962,2014-04-25 09:00:00,0.0,31.62032,33.38764,30.40449,28.81466,30.60277
10963,2014-04-25 09:15:00,0.0,31.72852,31.62032,33.38764,30.40449,28.81466
10964,2014-04-25 09:30:00,0.0,33.13341,31.72852,31.62032,33.38764,30.40449
10965,2014-04-25 09:45:00,0.0,33.88011,33.13341,31.72852,31.62032,33.38764
10966,2014-04-25 10:00:00,0.0,34.37785,33.88011,33.13341,31.72852,31.62032
10967,2014-04-25 10:15:00,0.0,34.84908,34.37785,33.88011,33.13341,31.72852
10968,2014-04-25 10:30:00,0.0,36.97198,34.84908,34.37785,33.88011,33.13341
10969,2014-04-25 10:45:00,0.0,35.56884,36.97198,34.84908,34.37785,33.88011
10970,2014-04-25 11:00:00,0.0,34.45302,35.56884,36.97198,34.84908,34.37785
10971,2014-04-25 11:15:00,0.0,34.52326,34.45302,35.56884,36.97198,34.84908
10972,2014-04-25 11:30:00,0.0,34.0975,34.52326,34.45302,35.56884,36.97198
10973,2014-04-25 11:45:00,0.0,34.90313,34.0975,34.52326,34.45302,35.56884
10974,2014-04-25 12:00:00,0.0,35.33536,34.90313,34.0975,34.52326,34.45302
10975,2014-04-25 12:15:00,0.0,36.38384,35.33536,34.90313,34.0975,34.52326
10976,2014-04-25 12:30:00,0.0,34.39724,36.38384,35.33536,34.90313,34.0975
10977,2014-04-25 12:45:00,0.0,34.88022,34.39724,36.38384,35.33536,34.90313
10978,2014-04-25 13:00:00,0.0,35.6003,34.88022,34.39724,36.38384,35.33536
10979,2014-04-25 13:15:00,0.0,34.68761,35.6003,34.88022,34.39724,36.38384
10980,2014-04-25 13:30:00,0.0,34.95798,34.68761,35.6003,34.88022,34.39724
10981,2014-04-25 13:45:00,0.0,36.95902,34.95798,34.68761,35.6003,34.88022
10982,2014-04-25 14:00:00,0.0,36.88514,36.95902,34.95798,34.68761,35.6003
10983,2014-04-25 14:15:00,0.0,36.04093,36.88514,36.95902,34.95798,34.68761
10984,2014-04-25 14:30:00,0.0,36.63624,36.04093,36.88514,36.95902,34.95798
10985,2014-04-25 14:45:00,0.0,35.9646,36.63624,36.04093,36.88514,36.95902
10986,2014-04-25 15:00:00,0.0,36.63725,35.9646,36.63624,36.04093,36.88514
10987,2014-04-25 15:15:00,0.0,35.35165,36.63725,35.9646,36.63624,36.04093
10988,2014-04-25 15:30:00,0.0,34.76324,35.35165,36.63725,35.9646,36.63624
10989,2014-04-25 15:45:00,0.0,38.69792,34.76324,35.35165,36.63725,35.9646
10990,2014-04-25 16:00:00,0.0,38.4295,38.69792,34.76324,35.35165,36.63725
10991,2014-04-25 16:15:00,0.0,36.86511,38.4295,38.69792,34.76324,35.35165
10992,2014-04-25 16:30:00,0.0,34.96505,36.86511,38.4295,38.69792,34.76324
10993,2014-04-25 16:45:00,0.0,36.20804,34.96505,36.86511,38.4295,38.69792
10994,2014-04-25 17:00:00,0.0,33.93826,36.20804,34.96505,36.86511,38.4295
10995,2014-04-25 17:15:00,0.0,35.3448,33.93826,36.20804,34.96505,36.86511
10996,2014-04-25 17:30:00,0.0,34.77939,35.3448,33.93826,36.20804,34.96505
10997,2014-04-25 17:45:00,0.0,34.80934,34.77939,35.3448,33.93826,36.20804
10998,2014-04-25 18:00:00,0.0,33.89268,34.80934,34.77939,35.3448,33.93826
10999,2014-04-25 18:15:00,0.0,30.96285,33.89268,34.80934,34.77939,35.3448
11000,2014-04-25 18:30:00,0.0,32.08463,30.96285,33.89268,34.80934,34.77939
11001,2014-04-25 18:45:00,0.0,31.25086,32.08463,30.96285,33.89268,34.80934
11002,2014-04-25 19:00:00,0.0,30.96451,31.25086,32.08463,30.96285,33.89268
11003,2014-04-25 19:15:00,0.0,31.1158,30.96451,31.25086,32.08463,30.96285
11004,2014-04-25 19:30:00,0.0,31.73796,31.1158,30.96451,31.25086,32.08463
11005,2014-04-25 19:45:00,0.0,30.15544,31.73796,31.1158,30.96451,31.25086
11006,2014-04-25 20:00:00,0.0,29.31836,30.15544,31.73796,31.1158,30.96451
11007,2014-04-25 20:15:00,0.0,29.27839,29.31836,30.15544,31.73796,31.1158
11008,2014-04-25 20:30:00,0.0,26.84673,29.27839,29.31836,30.15544,31.73796
11009,2014-04-25 20:45:00,0.0,28.91205,26.84673,29.27839,29.31836,30.15544
11010,2014-04-25 21:00:00,0.0,31.08685,28.91205,26.84673,29.27839,29.31836
11011,2014-04-25 21:15:00,0.0,29.26802,31.08685,28.91205,26.84673,29.27839
11012,2014-04-25 21:30:00,0.0,28.71846,29.26802,31.08685,28.91205,26.84673
11013,2014-04-25 21:45:00,0.0,28.8681,28.71846,29.26802,31.08685,28.91205
11014,2014-04-25 22:00:00,0.0,27.62115,28.8681,28.71846,29.26802,31.08685
11015,2014-04-25 22:15:00,0.0,27.62961,27.62115,28.8681,28.71846,29.26802
11016,2014-04-25 22:30:00,0.0,29.42935,27.62961,27.62115,28.8681,28.71846
11017,2014-04-25 22:45:00,0.0,31.3719,29.42935,27.62961,27.62115,28.8681
11018,2014-04-25 23:00:00,0.0,29.19316,31.3719,29.42935,27.62961,27.62115
11019,2014-04-25 23:15:00,0.0,24.982,29.19316,31.3719,29.42935,27.62961
11020,2014-04-25 23:30:00,0.0,26.31892,24.982,29.19316,31.3719,29.42935
11021,2014-04-25 23:45:00,0.0,28.10174,26.31892,24.982,29.19316,31.3719
11022,2014-04-26 00:00:00,0.0,26.97657,28.10174,26.31892,24.982,29.19316
11023,2014-04-26 00:15:00,0.0,27.97286,26.97657,28.10174,26.31892,24.982
11024,2014-04-26 00:30:00,0.0,28.01891,27.97286,26.97657,28.10174,26.31892
11025,2014-04-26 00:45:00,0.0,27.95099,28.01891,27.97286,26.97657,28.10174
11026,2014-04-26 01:00:00,0.0,27.6181,27.95099,28.01891,27.97286,26.97657
11027,2014-04-26 01:15:00,0.0,26.79628,27.6181,27.95099,28.01891,27.97286
11028,2014-04-26 01:30:00,0.0,27.39364,26.79628,27.6181,27.95099,28.01891
11029,2014-04-26 01:45:00,0.0,26.80663,27.39364,26.79628,27.6181,27.95099
11030,2014-04-26 02:00:00,0.0,28.6371,26.80663,27.39364,26.79628,27.6181
11031,2014-04-26 02:15:00,0.0,27.36774,28.6371,26.80663,27.39364,26.79628
11032,2014-04-26 02:30:00,0.0,28.19745,27.36774,28.6371,26.80663,27.39364
11033,2014-04-26 02:45:00,0.0,26.26131,28.19745,27.36774,28.6371,26.80663
11034,2014-04-26 03:00:00,0.0,27.00831,26.26131,28.19745,27.36774,28.6371
11035,2014-04-26 03:15:00,0.0,28.47403,27.00831,26.26131,28.19745,27.36774
11036,2014-04-26 03:30:00,0.0,27.98951,28.47403,27.00831,26.26131,28.19745
11037,2014-04-26 03:45:00,0.0,29.18939,27.98951,28.47403,27.00831,26.26131
11038,2014-04-26 04:00:00,0.0,25.59539,29.18939,27.98951,28.47403,27.00831
11039,2014-04-26 04:15:00,0.0,26.63907,25.59539,29.18939,27.98951,28.47403
11040,2014-04-26 04:30:00,0.0,26.76378,26.63907,25.59539,29.18939,27.98951
11041,2014-04-26 04:45:00,0.0,27.43661,26.76378,26.63907,25.59539,29.18939
11042,2014-04-26 05:00:00,0.0,26.36578,27.43661,26.76378,26.63907,25.59539
11043,2014-04-26 05:15:00,0.0,27.62101,26.36578,27.43661,26.76378,26.63907
11044,2014-04-26 05:30:00,0.0,26.83334,27.62101,26.36578,27.43661,26.76378
11045,2014-04-26 05:45:00,0.0,25.54637,26.83334,27.62101,26.36578,27.43661
11046,2014-04-26 06:00:00,0.0,26.95825,25.54637,26.83334,27.62101,26.36578
11047,2014-04-26 06:15:00,0.0,26.32857,26.95825,25.54637,26.83334,27.62101
11048,2014-04-26 06:30:00,0.0,26.35989,26.32857,26.95825,25.54637,26.83334
11049,2014-04-26 06:45:00,0.0,26.53011,26.35989,26.32857,26.95825,25.54637
11050,2014-04-26 07:00:00,0.0,28.17474,26.53011,26.35989,26.32857,26.95825
11051,2014-04-26 07:15:00,0.0,26.86716,28.17474,26.53011,26.35989,26.32857
11052,2014-04-26 07:30:00,0.0,27.69502,26.86716,28.17474,26.53011,26.35989
11053,2014-04-26 07:45:00,0.0,28.44583,27.69502,26.86716,28.17474,26.53011
11054,2014-04-26 08:00:00,0.0,29.44531,28.44583,27.69502,26.86716,28.17474
11055,2014-04-26 08:15:00,0.0,28.51144,29.44531,28.44583,27.69502,26.86716
11056,2014-04-26 08:30:00,0.0,27.89591,28.51144,29.44531,28.44583,27.69502
11057,2014-04-26 08:45:00,0.0,28.96607,27.89591,28.51144,29.44531,28.44583
11058,2014-04-26 09:00:00,0.0,27.06578,28.96607,27.89591,28.51144,29.44531
11059,2014-04-26 09:15:00,0.0,26.16864,27.06578,28.96607,27.89591,28.51144
11060,2014-04-26 09:30:00,0.0,28.53994,26.16864,27.06578,28.96607,27.89591
11061,2014-04-26 09:45:00,0.0,28.6702,28.53994,26.16864,27.06578,28.96607
11062,2014-04-26 10:00:00,0.0,28.27204,28.6702,28.53994,26.16864,27.06578
11063,2014-04-26 10:15:00,0.0,27.18926,28.27204,28.6702,28.53994,26.16864
11064,2014-04-26 10:30:00,0.0,27.21968,27.18926,28.27204,28.6702,28.53994
11065,2014-04-26 10:45:00,0.0,27.52563,27.21968,27.18926,28.27204,28.6702
11066,2014-04-26 11:00:00,0.0,26.81876,27.52563,27.21968,27.18926,28.27204
11067,2014-04-26 11:15:00,0.0,27.39868,26.81876,27.52563,27.21968,27.18926
11068,2014-04-26 11:30:00,0.0,27.43866,27.39868,26.81876,27.52563,27.21968
11069,2014-04-26 11:45:00,0.0,30.44798,27.43866,27.39868,26.81876,27.52563
11070,2014-04-26 12:00:00,0.0,28.92581,30.44798,27.43866,27.39868,26.81876
11071,2014-04-26 12:15:00,0.0,28.56493,28.92581,30.44798,27.43866,27.39868
11072,2014-04-26 12:30:00,0.0,30.13505,28.56493,28.92581,30.44798,27.43866
11073,2014-04-26 12:45:00,0.0,28.42819,30.13505,28.56493,28.92581,30.44798
11074,2014-04-26 13:00:00,0.0,28.69193,28.42819,30.13505,28.56493,28.92581
11075,2014-04-26 13:15:00,0.0,28.60648,28.69193,28.42819,30.13505,28.56493
11076,2014-04-26 13:30:00,0.0,26.46047,28.60648,28.69193,28.42819,30.13505
11077,2014-04-26 13:45:00,0.0,29.41313,26.46047,28.60648,28.69193,28.42819
11078,2014-04-26 14:00:00,0.0,28.58287,29.41313,26.46047,28.60648,28.69193
11079,2014-04-26 14:15:00,0.0,26.85808,28.58287,29.41313,26.46047,28.60648
11080,2014-04-26 14:30:00,0.0,27.32818,26.85808,28.58287,29.41313,26.46047
11081,2014-04-26 14:45:00,0.0,28.88164,27.32818,26.85808,28.58287,29.41313
11082,2014-04-26 15:00:00,0.0,25.93125,28.88164,27.32818,26.85808,28.58287
11083,2014-04-26 15:15:00,0.0,28.47724,25.93125,28.88164,27.32818,26.85808
11084,2014-04-26 15:30:00,0.0,27.34509,28.47724,25.93125,28.88164,27.32818
11085,2014-04-26 15:45:00,0.0,29.1151,27.34509,28.47724,25.93125,28.88164
11086,2014-04-26 16:00:00,0.0,28.51016,29.1151,27.34509,28.47724,25.93125
11087,2014-04-26 16:15:00,0.0,26.4826,28.51016,29.1151,27.34509,28.47724
11088,2014-04-26 16:30:00,0.0,28.26692,26.4826,28.51016,29.1151,27.34509
11089,2014-04-26 16:45:00,0.0,27.86435,28.26692,26.4826,28.51016,29.1151
11090,2014-04-26 17:00:00,0.0,26.20673,27.86435,28.26692,26.4826,28.51016
11091,2014-04-26 17:15:00,0.0,28.67779,26.20673,27.86435,28.26692,26.4826
11092,2014-04-26 17:30:00,0.0,27.8717,28.67779,26.20673,27.86435,28.26692
11093,2014-04-26 17:45:00,0.0,27.22182,27.8717,28.67779,26.20673,27.86435
11094,2014-04-26 18:00:00,0.0,26.58159,27.22182,27.8717,28.67779,26.20673
11095,2014-04-26 18:15:00,0.0,26.7388,26.58159,27.22182,27.8717,28.67779
11096,2014-04-26 18:30:00,0.0,26.64042,26.7388,26.58159,27.22182,27.8717
11097,2014-04-26 18:45:00,0.0,28.74105,26.64042,26.7388,26.58159,27.22182
11098,2014-04-26 19:00:00,0.0,28.40931,28.74105,26.64042,26.7388,26.58159
11099,2014-04-26 19:15:00,0.0,28.26132,28.40931,28.74105,26.64042,26.7388
11100,2014-04-26 19:30:00,0.0,27.37209,28.26132,28.40931,28.74105,26.64042
11101,2014-04-26 19:45:00,0.0,27.15136,27.37209,28.26132,28.40931,28.74105
11102,2014-04-26 20:00:00,0.0,27.7098,27.15136,27.37209,28.26132,28.40931
11103,2014-04-26 20:15:00,0.0,27.29796,27.7098,27.15136,27.37209,28.26132
11104,2014-04-26 20:30:00,0.0,28.72579,27.29796,27.7098,27.15136,27.37209
11105,2014-04-26 20:45:00,0.0,29.19346,28.72579,27.29796,27.7098,27.15136
11106,2014-04-26 21:00:00,0.0,29.78387,29.19346,28.72579,27.29796,27.7098
11107,2014-04-26 21:15:00,0.0,26.69959,29.78387,29.19346,28.72579,27.29796
11108,2014-04-26 21:30:00,0.0,25.87694,26.69959,29.78387,29.19346,28.72579
11109,2014-04-26 21:45:00,0.0,27.89599,25.87694,26.69959,29.78387,29.19346
11110,2014-04-26 22:00:00,0.0,29.45281,27.89599,25.87694,26.69959,29.78387
11111,2014-04-26 22:15:00,0.0,27.59621,29.45281,27.89599,25.87694,26.69959
11112,2014-04-26 22:30:00,0.0,28.54096,27.59621,29.45281,27.89599,25.87694
11113,2014-04-26 22:45:00,0.0,29.10339,28.54096,27.59621,29.45281,27.89599
11114,2014-04-26 23:00:00,0.0,28.99385,29.10339,28.54096,27.59621,29.45281
11115,2014-04-26 23:15:00,0.0,28.24587,28.99385,29.10339,28.54096,27.59621
11116,2014-04-26 23:30:00,0.0,27.18433,28.24587,28.99385,29.10339,28.54096
11117,2014-04-26 23:45:00,0.0,25.26813,27.18433,28.24587,28.99385,29.10339
11118,2014-04-27 00:00:00,0.0,26.53255,25.26813,27.18433,28.24587,28.99385
11119,2014-04-27 00:15:00,0.0,26.74589,26.53255,25.26813,27.18433,28.24587
11120,2014-04-27 00:30:00,0.0,27.33559,26.74589,26.53255,25.26813,27.18433
11121,2014-04-27 00:45:00,0.0,26.25874,27.33559,26.74589,26.53255,25.26813
11122,2014-04-27 01:00:00,0.0,26.69565,26.25874,27.33559,26.74589,26.53255
11123,2014-04-27 01:15:00,0.0,26.75476,26.69565,26.25874,27.33559,26.74589
11124,2014-04-27 01:30:00,0.0,28.40185,26.75476,26.69565,26.25874,27.33559
11125,2014-04-27 01:45:00,0.0,27.13209,28.40185,26.75476,26.69565,26.25874
11126,2014-04-27 02:00:00,0.0,26.58753,27.13209,28.40185,26.75476,26.69565
11127,2014-04-27 02:15:00,0.0,24.20339,26.58753,27.13209,28.40185,26.75476
11128,2014-04-27 02:30:00,0.0,25.69374,24.20339,26.58753,27.13209,28.40185
11129,2014-04-27 02:45:00,0.0,27.35876,25.69374,24.20339,26.58753,27.13209
11130,2014-04-27 03:00:00,0.0,26.45813,27.35876,25.69374,24.20339,26.58753
11131,2014-04-27 03:15:00,0.0,28.12816,26.45813,27.35876,25.69374,24.20339
11132,2014-04-27 03:30:00,0.0,25.69914,28.12816,26.45813,27.35876,25.69374
11133,2014-04-27 03:45:00,0.0,26.84566,25.69914,28.12816,26.45813,27.35876
11134,2014-04-27 04:00:00,0.0,26.0676,26.84566,25.69914,28.12816,26.45813
11135,2014-04-27 04:15:00,0.0,26.63026,26.0676,26.84566,25.69914,28.12816
11136,2014-04-27 04:30:00,0.0,27.60508,26.63026,26.0676,26.84566,25.69914
11137,2014-04-27 04:45:00,0.0,27.98378,27.60508,26.63026,26.0676,26.84566
11138,2014-04-27 05:00:00,0.0,25.74497,27.98378,27.60508,26.63026,26.0676
11139,2014-04-27 05:15:00,0.0,23.55692,25.74497,27.98378,27.60508,26.63026
11140,2014-04-27 05:30:00,0.0,26.28703,23.55692,25.74497,27.98378,27.60508
11141,2014-04-27 05:45:00,0.0,27.04661,26.28703,23.55692,25.74497,27.98378
11142,2014-04-27 06:00:00,0.0,26.4204,27.04661,26.28703,23.55692,25.74497
11143,2014-04-27 06:15:00,0.0,26.15486,26.4204,27.04661,26.28703,23.55692
11144,2014-04-27 06:30:00,0.0,27.15601,26.15486,26.4204,27.04661,26.28703
11145,2014-04-27 06:45:00,0.0,24.6462,27.15601,26.15486,26.4204,27.04661
11146,2014-04-27 07:00:00,0.0,26.66308,24.6462,27.15601,26.15486,26.4204
11147,2014-04-27 07:15:00,0.0,26.597,26.66308,24.6462,27.15601,26.15486
11148,2014-04-27 07:30:00,0.0,28.31384,26.597,26.66308,24.6462,27.15601
11149,2014-04-27 07:45:00,0.0,27.90773,28.31384,26.597,26.66308,24.6462
11150,2014-04-27 08:00:00,0.0,27.63456,27.90773,28.31384,26.597,26.66308
11151,2014-04-27 08:15:00,0.0,26.94486,27.63456,27.90773,28.31384,26.597
11152,2014-04-27 08:30:00,0.0,25.70712,26.94486,27.63456,27.90773,28.31384
11153,2014-04-27 08:45:00,0.0,28.2286,25.70712,26.94486,27.63456,27.90773
11154,2014-04-27 09:00:00,0.0,25.86097,28.2286,25.70712,26.94486,27.63456
11155,2014-04-27 09:15:00,0.0,27.30931,25.86097,28.2286,25.70712,26.94486
11156,2014-04-27 09:30:00,0.0,28.64089,27.30931,25.86097,28.2286,25.70712
11157,2014-04-27 09:45:00,0.0,28.46068,28.64089,27.30931,25.86097,28.2286
11158,2014-04-27 10:00:00,0.0,28.643,28.46068,28.64089,27.30931,25.86097
11159,2014-04-27 10:15:00,0.0,27.61119,28.643,28.46068,28.64089,27.30931
11160,2014-04-27 10:30:00,0.0,27.28739,27.61119,28.643,28.46068,28.64089
11161,2014-04-27 10:45:00,0.0,25.39148,27.28739,27.61119,28.643,28.46068
11162,2014-04-27 11:00:00,0.0,26.3773,25.39148,27.28739,27.61119,28.643
11163,2014-04-27 11:15:00,0.0,27.39857,26.3773,25.39148,27.28739,27.61119
11164,2014-04-27 11:30:00,0.0,27.77594,27.39857,26.3773,25.39148,27.28739
11165,2014-04-27 11:45:00,0.0,26.6944,27.77594,27.39857,26.3773,25.39148
11166,2014-04-27 12:00:00,0.0,26.23145,26.6944,27.77594,27.39857,26.3773
11167,2014-04-27 12:15:00,0.0,28.71891,26.23145,26.6944,27.77594,27.39857
11168,2014-04-27 12:30:00,0.0,28.55612,28.71891,26.23145,26.6944,27.77594
11169,2014-04-27 12:45:00,0.0,27.76976,28.55612,28.71891,26.23145,26.6944
11170,2014-04-27 13:00:00,0.0,28.3913,27.76976,28.55612,28.71891,26.23145
11171,2014-04-27 13:15:00,0.0,27.08628,28.3913,27.76976,28.55612,28.71891
11172,2014-04-27 13:30:00,0.0,28.46352,27.08628,28.3913,27.76976,28.55612
11173,2014-04-27 13:45:00,0.0,27.22501,28.46352,27.08628,28.3913,27.76976
11174,2014-04-27 14:00:00,0.0,25.25877,27.22501,28.46352,27.08628,28.3913
11175,2014-04-27 14:15:00,0.0,27.02752,25.25877,27.22501,28.46352,27.08628
11176,2014-04-27 14:30:00,0.0,26.79998,27.02752,25.25877,27.22501,28.46352
11177,2014-04-27 14:45:00,0.0,27.73621,26.79998,27.02752,25.25877,27.22501
11178,2014-04-27 15:00:00,0.0,27.19207,27.73621,26.79998,27.02752,25.25877
11179,2014-04-27 15:15:00,0.0,28.04525,27.19207,27.73621,26.79998,27.02752
11180,2014-04-27 15:30:00,0.0,27.54481,28.04525,27.19207,27.73621,26.79998
11181,2014-04-27 15:45:00,0.0,26.62761,27.54481,28.04525,27.19207,27.73621
11182,2014-04-27 16:00:00,0.0,25.24087,26.62761,27.54481,28.04525,27.19207
11183,2014-04-27 16:15:00,0.0,26.71903,25.24087,26.62761,27.54481,28.04525
11184,2014-04-27 16:30:00,0.0,26.83192,26.71903,25.24087,26.62761,27.54481
11185,2014-04-27 16:45:00,0.0,27.35866,26.83192,26.71903,25.24087,26.62761
11186,2014-04-27 17:00:00,0.0,27.34142,27.35866,26.83192,26.71903,25.24087
11187,2014-04-27 17:15:00,0.0,28.22718,27.34142,27.35866,26.83192,26.71903
11188,2014-04-27 17:30:00,0.0,27.05808,28.22718,27.34142,27.35866,26.83192
11189,2014-04-27 17:45:00,0.0,27.19718,27.05808,28.22718,27.34142,27.35866
11190,2014-04-27 18:00:00,0.0,25.9559,27.19718,27.05808,28.22718,27.34142
11191,2014-04-27 18:15:00,0.0,25.12341,25.9559,27.19718,27.05808,28.22718
11192,2014-04-27 18:30:00,0.0,26.53877,25.12341,25.9559,27.19718,27.05808
11193,2014-04-27 18:45:00,0.0,26.86442,26.53877,25.12341,25.9559,27.19718
11194,2014-04-27 19:00:00,0.0,26.87307,26.86442,26.53877,25.12341,25.9559
11195,2014-04-27 19:15:00,0.0,26.79917,26.87307,26.86442,26.53877,25.12341
11196,2014-04-27 19:30:00,0.0,28.02782,26.79917,26.87307,26.86442,26.53877
11197,2014-04-27 19:45:00,0.0,28.14084,28.02782,26.79917,26.87307,26.86442
11198,2014-04-27 20:00:00,0.0,28.31308,28.14084,28.02782,26.79917,26.87307
11199,2014-04-27 20:15:00,0.0,27.84746,28.31308,28.14084,28.02782,26.79917
11200,2014-04-27 20:30:00,0.0,27.22906,27.84746,28.31308,28.14084,28.02782
11201,2014-04-27 20:45:00,0.0,28.37501,27.22906,27.84746,28.31308,28.14084
11202,2014-04-27 21:00:00,0.0,27.8891,28.37501,27.22906,27.84746,28.31308
11203,2014-04-27 21:15:00,0.0,27.54689,27.8891,28.37501,27.22906,27.84746
11204,2014-04-27 21:30:00,0.0,28.01446,27.54689,27.8891,28.37501,27.22906
11205,2014-04-27 21:45:00,0.0,28.70831,28.01446,27.54689,27.8891,28.37501
11206,2014-04-27 22:00:00,0.0,27.99888,28.70831,28.01446,27.54689,27.8891
11207,2014-04-27 22:15:00,0.0,26.23567,27.99888,28.70831,28.01446,27.54689
11208,2014-04-27 22:30:00,0.0,27.47096,26.23567,27.99888,28.70831,28.01446
11209,2014-04-27 22:45:00,0.0,27.77624,27.47096,26.23567,27.99888,28.70831
11210,2014-04-27 23:00:00,0.0,29.53098,27.77624,27.47096,26.23567,27.99888
11211,2014-04-27 23:15:00,0.0,26.9289,29.53098,27.77624,27.47096,26.23567
11212,2014-04-27 23:30:00,0.0,27.00245,26.9289,29.53098,27.77624,27.47096
11213,2014-04-27 23:45:00,0.0,25.07931,27.00245,26.9289,29.53098,27.77624
11214,2014-04-28 00:00:00,0.0,26.24621,25.07931,27.00245,26.9289,29.53098
11215,2014-04-28 00:15:00,0.0,26.22623,26.24621,25.07931,27.00245,26.9289
11216,2014-04-28 00:30:00,0.0,26.2407,26.22623,26.24621,25.07931,27.00245
11217,2014-04-28 00:45:00,0.0,27.54617,26.2407,26.22623,26.24621,25.07931
11218,2014-04-28 01:00:00,0.0,27.2721,27.54617,26.2407,26.22623,26.24621
11219,2014-04-28 01:15:00,0.0,25.88895,27.2721,27.54617,26.2407,26.22623
11220,2014-04-28 01:30:00,0.0,26.06865,25.88895,27.2721,27.54617,26.2407
11221,2014-04-28 01:45:00,0.0,26.95748,26.06865,25.88895,27.2721,27.54617
11222,2014-04-28 02:00:00,0.0,26.64589,26.95748,26.06865,25.88895,27.2721
11223,2014-04-28 02:15:00,0.0,27.31413,26.64589,26.95748,26.06865,25.88895
11224,2014-04-28 02:30:00,0.0,26.38745,27.31413,26.64589,26.95748,26.06865
11225,2014-04-28 02:45:00,0.0,27.96196,26.38745,27.31413,26.64589,26.95748
11226,2014-04-28 03:00:00,0.0,25.81164,27.96196,26.38745,27.31413,26.64589
11227,2014-04-28 03:15:00,0.0,26.41779,25.81164,27.96196,26.38745,27.31413
11228,2014-04-28 03:30:00,0.0,26.43505,26.41779,25.81164,27.96196,26.38745
11229,2014-04-28 03:45:00,0.0,27.10475,26.43505,26.41779,25.81164,27.96196
11230,2014-04-28 04:00:00,0.0,27.49024,27.10475,26.43505,26.41779,25.81164
11231,2014-04-28 04:15:00,0.0,26.3576,27.49024,27.10475,26.43505,26.41779
11232,2014-04-28 04:30:00,0.0,24.59894,26.3576,27.49024,27.10475,26.43505
11233,2014-04-28 04:45:00,0.0,26.50994,24.59894,26.3576,27.49024,27.10475
11234,2014-04-28 05:00:00,0.0,26.13966,26.50994,24.59894,26.3576,27.49024
11235,2014-04-28 05:15:00,0.0,26.34598,26.13966,26.50994,24.59894,26.3576
11236,2014-04-28 05:30:00,0.0,27.46215,26.34598,26.13966,26.50994,24.59894
11237,2014-04-28 05:45:00,0.0,29.1776,27.46215,26.34598,26.13966,26.50994
11238,2014-04-28 06:00:00,0.0,25.74829,29.1776,27.46215,26.34598,26.13966
11239,2014-04-28 06:15:00,0.0,29.76121,25.74829,29.1776,27.46215,26.34598
11240,2014-04-28 06:30:00,0.0,30.9483,29.76121,25.74829,29.1776,27.46215
11241,2014-04-28 06:45:00,0.0,30.54666,30.9483,29.76121,25.74829,29.1776
11242,2014-04-28 07:00:00,0.0,30.58344,30.54666,30.9483,29.76121,25.74829
11243,2014-04-28 07:15:00,0.0,31.82345,30.58344,30.54666,30.9483,29.76121
11244,2014-04-28 07:30:00,0.0,31.18105,31.82345,30.58344,30.54666,30.9483
11245,2014-04-28 07:45:00,0.0,33.34971,31.18105,31.82345,30.58344,30.54666
11246,2014-04-28 08:00:00,0.0,29.34746,33.34971,31.18105,31.82345,30.58344
11247,2014-04-28 08:15:00,0.0,31.61635,29.34746,33.34971,31.18105,31.82345
11248,2014-04-28 08:30:00,0.0,30.69827,31.61635,29.34746,33.34971,31.18105
11249,2014-04-28 08:45:00,0.0,33.89635,30.69827,31.61635,29.34746,33.34971
11250,2014-04-28 09:00:00,0.0,32.55879,33.89635,30.69827,31.61635,29.34746
11251,2014-04-28 09:15:00,0.0,32.50336,32.55879,33.89635,30.69827,31.61635
11252,2014-04-28 09:30:00,0.0,35.13005,32.50336,32.55879,33.89635,30.69827
11253,2014-04-28 09:45:00,0.0,34.55021,35.13005,32.50336,32.55879,33.89635
11254,2014-04-28 10:00:00,0.0,33.40076,34.55021,35.13005,32.50336,32.55879
11255,2014-04-28 10:15:00,0.0,33.5928,33.40076,34.55021,35.13005,32.50336
11256,2014-04-28 10:30:00,0.0,33.53088,33.5928,33.40076,34.55021,35.13005
11257,2014-04-28 10:45:00,0.0,35.70839,33.53088,33.5928,33.40076,34.55021
11258,2014-04-28 11:00:00,0.0,37.16035,35.70839,33.53088,33.5928,33.40076
11259,2014-04-28 11:15:00,0.0,36.7344,37.16035,35.70839,33.53088,33.5928
11260,2014-04-28 11:30:00,0.0,33.81149,36.7344,37.16035,35.70839,33.53088
11261,2014-04-28 11:45:00,0.0,38.46635,33.81149,36.7344,37.16035,35.70839
11262,2014-04-28 12:00:00,0.0,38.20584,38.46635,33.81149,36.7344,37.16035
11263,2014-04-28 12:15:00,0.0,34.29811,38.20584,38.46635,33.81149,36.7344
11264,2014-04-28 12:30:00,0.0,36.76197,34.29811,38.20584,38.46635,33.81149
11265,2014-04-28 12:45:00,0.0,34.9382,36.76197,34.29811,38.20584,38.46635
11266,2014-04-28 13:00:00,0.0,35.47675,34.9382,36.76197,34.29811,38.20584
11267,2014-04-28 13:15:00,0.0,33.95063,35.47675,34.9382,36.76197,34.29811
11268,2014-04-28 13:30:00,0.0,36.20744,33.95063,35.47675,34.9382,36.76197
11269,2014-04-28 13:45:00,0.0,37.03697,36.20744,33.95063,35.47675,34.9382
11270,2014-04-28 14:00:00,0.0,38.73188,37.03697,36.20744,33.95063,35.47675
11271,2014-04-28 14:15:00,0.0,39.81541,38.73188,37.03697,36.20744,33.95063
11272,2014-04-28 14:30:00,0.0,37.21995,39.81541,38.73188,37.03697,36.20744
11273,2014-04-28 14:45:00,0.0,37.81327,37.21995,39.81541,38.73188,37.03697
11274,2014-04-28 15:00:00,0.0,39.01361,37.81327,37.21995,39.81541,38.73188
11275,2014-04-28 15:15:00,0.0,41.78904,39.01361,37.81327,37.21995,39.81541
11276,2014-04-28 15:30:00,0.0,37.67675,41.78904,39.01361,37.81327,37.21995
11277,2014-04-28 15:45:00,0.0,40.01302,37.67675,41.78904,39.01361,37.81327
11278,2014-04-28 16:00:00,0.0,40.11453,40.01302,37.67675,41.78904,39.01361
11279,2014-04-28 16:15:00,0.0,38.17009,40.11453,40.01302,37.67675,41.78904
11280,2014-04-28 16:30:00,0.0,36.72844,38.17009,40.11453,40.01302,37.67675
11281,2014-04-28 16:45:00,0.0,39.54552,36.72844,38.17009,40.11453,40.01302
11282,2014-04-28 17:00:00,0.0,37.2266,39.54552,36.72844,38.17009,40.11453
11283,2014-04-28 17:15:00,0.0,38.85222,37.2266,39.54552,36.72844,38.17009
11284,2014-04-28 17:30:00,0.0,38.42493,38.85222,37.2266,39.54552,36.72844
11285,2014-04-28 17:45:00,0.0,36.32411,38.42493,38.85222,37.2266,39.54552
11286,2014-04-28 18:00:00,0.0,37.95093,36.32411,38.42493,38.85222,37.2266
11287,2014-04-28 18:15:00,0.0,35.61978,37.95093,36.32411,38.42493,38.85222
11288,2014-04-28 18:30:00,0.0,33.21847,35.61978,37.95093,36.32411,38.42493
11289,2014-04-28 18:45:00,0.0,33.53932,33.21847,35.61978,37.95093,36.32411
11290,2014-04-28 19:00:00,0.0,30.36706,33.53932,33.21847,35.61978,37.95093
11291,2014-04-28 19:15:00,0.0,31.63463,30.36706,33.53932,33.21847,35.61978
11292,2014-04-28 19:30:00,0.0,28.54018,31.63463,30.36706,33.53932,33.21847
11293,2014-04-28 19:45:00,0.0,29.76719,28.54018,31.63463,30.36706,33.53932
11294,2014-04-28 20:00:00,0.0,29.75128,29.76719,28.54018,31.63463,30.36706
11295,2014-04-28 20:15:00,0.0,29.25978,29.75128,29.76719,28.54018,31.63463
11296,2014-04-28 20:30:00,0.0,29.4226,29.25978,29.75128,29.76719,28.54018
11297,2014-04-28 20:45:00,0.0,28.18267,29.4226,29.25978,29.75128,29.76719
11298,2014-04-28 21:00:00,0.0,29.87101,28.18267,29.4226,29.25978,29.75128
11299,2014-04-28 21:15:00,0.0,27.80794,29.87101,28.18267,29.4226,29.25978
11300,2014-04-28 21:30:00,0.0,27.92187,27.80794,29.87101,28.18267,29.4226
11301,2014-04-28 21:45:00,0.0,27.11036,27.92187,27.80794,29.87101,28.18267
11302,2014-04-28 22:00:00,0.0,28.9522,27.11036,27.92187,27.80794,29.87101
11303,2014-04-28 22:15:00,0.0,26.72708,28.9522,27.11036,27.92187,27.80794
11304,2014-04-28 22:30:00,0.0,27.77714,26.72708,28.9522,27.11036,27.92187
11305,2014-04-28 22:45:00,0.0,28.25487,27.77714,26.72708,28.9522,27.11036
11306,2014-04-28 23:00:00,0.0,27.68481,28.25487,27.77714,26.72708,28.9522
11307,2014-04-28 23:15:00,0.0,25.36343,27.68481,28.25487,27.77714,26.72708
11308,2014-04-28 23:30:00,0.0,26.0068,25.36343,27.68481,28.25487,27.77714
11309,2014-04-28 23:45:00,0.0,25.4841,26.0068,25.36343,27.68481,28.25487
11310,2014-04-29 00:00:00,0.0,26.70256,25.4841,26.0068,25.36343,27.68481
11311,2014-04-29 00:15:00,0.0,25.77096,26.70256,25.4841,26.0068,25.36343
11312,2014-04-29 00:30:00,0.0,23.91321,25.77096,26.70256,25.4841,26.0068
11313,2014-04-29 00:45:00,0.0,25.86498,23.91321,25.77096,26.70256,25.4841
11314,2014-04-29 01:00:00,0.0,25.53564,25.86498,23.91321,25.77096,26.70256
11315,2014-04-29 01:15:00,0.0,25.51622,25.53564,25.86498,23.91321,25.77096
11316,2014-04-29 01:30:00,0.0,25.4466,25.51622,25.53564,25.86498,23.91321
11317,2014-04-29 01:45:00,0.0,26.06765,25.4466,25.51622,25.53564,25.86498
11318,2014-04-29 02:00:00,0.0,23.30687,26.06765,25.4466,25.51622,25.53564
11319,2014-04-29 02:15:00,0.0,25.64989,23.30687,26.06765,25.4466,25.51622
11320,2014-04-29 02:30:00,0.0,25.20622,25.64989,23.30687,26.06765,25.4466
11321,2014-04-29 02:45:00,0.0,25.8624,25.20622,25.64989,23.30687,26.06765
11322,2014-04-29 03:00:00,0.0,25.97276,25.8624,25.20622,25.64989,23.30687
11323,2014-04-29 03:15:00,0.0,25.97613,25.97276,25.8624,25.20622,25.64989
11324,2014-04-29 03:30:00,0.0,26.43151,25.97613,25.97276,25.8624,25.20622
11325,2014-04-29 03:45:00,0.0,26.74188,26.43151,25.97613,25.97276,25.8624
11326,2014-04-29 04:00:00,0.0,27.61823,26.74188,26.43151,25.97613,25.97276
11327,2014-04-29 04:15:00,0.0,25.52072,27.61823,26.74188,26.43151,25.97613
11328,2014-04-29 04:30:00,0.0,24.76916,25.52072,27.61823,26.74188,26.43151
11329,2014-04-29 04:45:00,0.0,27.14662,24.76916,25.52072,27.61823,26.74188
11330,2014-04-29 05:00:00,0.0,26.82451,27.14662,24.76916,25.52072,27.61823
11331,2014-04-29 05:15:00,0.0,27.02452,26.82451,27.14662,24.76916,25.52072
11332,2014-04-29 05:30:00,0.0,25.99901,27.02452,26.82451,27.14662,24.76916
11333,2014-04-29 05:45:00,0.0,28.19949,25.99901,27.02452,26.82451,27.14662
11334,2014-04-29 06:00:00,0.0,27.61094,28.19949,25.99901,27.02452,26.82451
11335,2014-04-29 06:15:00,0.0,26.61774,27.61094,28.19949,25.99901,27.02452
11336,2014-04-29 06:30:00,0.0,28.59723,26.61774,27.61094,28.19949,25.99901
11337,2014-04-29 06:45:00,0.0,29.10819,28.59723,26.61774,27.61094,28.19949
11338,2014-04-29 07:00:00,0.0,27.15864,29.10819,28.59723,26.61774,27.61094
11339,2014-04-29 07:15:00,0.0,29.48399,27.15864,29.10819,28.59723,26.61774
11340,2014-04-29 07:30:00,0.0,28.57957,29.48399,27.15864,29.10819,28.59723
11341,2014-04-29 07:45:00,0.0,31.14654,28.57957,29.48399,27.15864,29.10819
11342,2014-04-29 08:00:00,0.0,31.06424,31.14654,28.57957,29.48399,27.15864
11343,2014-04-29 08:15:00,0.0,29.42342,31.06424,31.14654,28.57957,29.48399
11344,2014-04-29 08:30:00,0.0,32.45465,29.42342,31.06424,31.14654,28.57957
11345,2014-04-29 08:45:00,0.0,34.56279,32.45465,29.42342,31.06424,31.14654
11346,2014-04-29 09:00:00,0.0,36.60712,34.56279,32.45465,29.42342,31.06424
11347,2014-04-29 09:15:00,0.0,34.53761,36.60712,34.56279,32.45465,29.42342
11348,2014-04-29 09:30:00,0.0,36.4171,34.53761,36.60712,34.56279,32.45465
11349,2014-04-29 09:45:00,0.0,38.15557,36.4171,34.53761,36.60712,34.56279
11350,2014-04-29 10:00:00,0.0,38.69728,38.15557,36.4171,34.53761,36.60712
11351,2014-04-29 10:15:00,0.0,37.08433,38.69728,38.15557,36.4171,34.53761
11352,2014-04-29 10:30:00,0.0,38.99873,37.08433,38.69728,38.15557,36.4171
11353,2014-04-29 10:45:00,0.0,40.73309,38.99873,37.08433,38.69728,38.15557
11354,2014-04-29 11:00:00,0.0,42.12223,40.73309,38.99873,37.08433,38.69728
11355,2014-04-29 11:15:00,0.0,39.21991,42.12223,40.73309,38.99873,37.08433
11356,2014-04-29 11:30:00,0.0,42.8246,39.21991,42.12223,40.73309,38.99873
11357,2014-04-29 11:45:00,0.0,42.81464,42.8246,39.21991,42.12223,40.73309
11358,2014-04-29 12:00:00,0.0,46.29187,42.81464,42.8246,39.21991,42.12223
11359,2014-04-29 12:15:00,0.0,41.96907,46.29187,42.81464,42.8246,39.21991
11360,2014-04-29 12:30:00,0.0,45.77378,41.96907,46.29187,42.81464,42.8246
11361,2014-04-29 12:45:00,0.0,44.86892,45.77378,41.96907,46.29187,42.81464
11362,2014-04-29 13:00:00,0.0,45.6961,44.86892,45.77378,41.96907,46.29187
11363,2014-04-29 13:15:00,0.0,46.7694,45.6961,44.86892,45.77378,41.96907
11364,2014-04-29 13:30:00,0.0,43.80069,46.7694,45.6961,44.86892,45.77378
11365,2014-04-29 13:45:00,0.0,45.54343,43.80069,46.7694,45.6961,44.86892
11366,2014-04-29 14:00:00,0.0,47.64954,45.54343,43.80069,46.7694,45.6961
11367,2014-04-29 14:15:00,0.0,47.09633,47.64954,45.54343,43.80069,46.7694
11368,2014-04-29 14:30:00,0.0,45.46396,47.09633,47.64954,45.54343,43.80069
11369,2014-04-29 14:45:00,0.0,48.72131,45.46396,47.09633,47.64954,45.54343
11370,2014-04-29 15:00:00,0.0,48.19337,48.72131,45.46396,47.09633,47.64954
11371,2014-04-29 15:15:00,0.0,44.61666,48.19337,48.72131,45.46396,47.09633
11372,2014-04-29 15:30:00,0.0,49.79725,44.61666,48.19337,48.72131,45.46396
11373,2014-04-29 15:45:00,0.0,50.61282,49.79725,44.61666,48.19337,48.72131
11374,2014-04-29 16:00:00,0.0,48.67104,50.61282,49.79725,44.61666,48.19337
11375,2014-04-29 16:15:00,0.0,48.93623,48.67104,50.61282,49.79725,44.61666
11376,2014-04-29 16:30:00,0.0,48.74021,48.93623,48.67104,50.61282,49.79725
11377,2014-04-29 16:45:00,0.0,48.92068,48.74021,48.93623,48.67104,50.61282
11378,2014-04-29 17:00:00,0.0,47.80778,48.92068,48.74021,48.93623,48.67104
11379,2014-04-29 17:15:00,0.0,43.81756,47.80778,48.92068,48.74021,48.93623
11380,2014-04-29 17:30:00,0.0,44.70757,43.81756,47.80778,48.92068,48.74021
11381,2014-04-29 17:45:00,0.0,43.14068,44.70757,43.81756,47.80778,48.92068
11382,2014-04-29 18:00:00,0.0,43.70309,43.14068,44.70757,43.81756,47.80778
11383,2014-04-29 18:15:00,0.0,39.74854,43.70309,43.14068,44.70757,43.81756
11384,2014-04-29 18:30:00,0.0,40.26046,39.74854,43.70309,43.14068,44.70757
11385,2014-04-29 18:45:00,0.0,40.70043,40.26046,39.74854,43.70309,43.14068
11386,2014-04-29 19:00:00,0.0,37.1461,40.70043,40.26046,39.74854,43.70309
11387,2014-04-29 19:15:00,0.0,37.32404,37.1461,40.70043,40.26046,39.74854
11388,2014-04-29 19:30:00,0.0,37.34721,37.32404,37.1461,40.70043,40.26046
11389,2014-04-29 19:45:00,0.0,35.95847,37.34721,37.32404,37.1461,40.70043
11390,2014-04-29 20:00:00,0.0,35.77681,35.95847,37.34721,37.32404,37.1461
11391,2014-04-29 20:15:00,0.0,32.7622,35.77681,35.95847,37.34721,37.32404
11392,2014-04-29 20:30:00,0.0,31.73393,32.7622,35.77681,35.95847,37.34721
11393,2014-04-29 20:45:00,0.0,34.80709,31.73393,32.7622,35.77681,35.95847
11394,2014-04-29 21:00:00,0.0,33.09949,34.80709,31.73393,32.7622,35.77681
11395,2014-04-29 21:15:00,0.0,31.38857,33.09949,34.80709,31.73393,32.7622
11396,2014-04-29 21:30:00,0.0,30.48364,31.38857,33.09949,34.80709,31.73393
11397,2014-04-29 21:45:00,0.0,33.23905,30.48364,31.38857,33.09949,34.80709
11398,2014-04-29 22:00:00,0.0,32.23898,33.23905,30.48364,31.38857,33.09949
11399,2014-04-29 22:15:00,0.0,29.56943,32.23898,33.23905,30.48364,31.38857
11400,2014-04-29 22:30:00,0.0,30.76701,29.56943,32.23898,33.23905,30.48364
11401,2014-04-29 22:45:00,0.0,30.60216,30.76701,29.56943,32.23898,33.23905
11402,2014-04-29 23:00:00,0.0,29.71195,30.60216,30.76701,29.56943,32.23898
11403,2014-04-29 23:15:00,0.0,30.67844,29.71195,30.60216,30.76701,29.56943
11404,2014-04-29 23:30:00,0.0,29.91491,30.67844,29.71195,30.60216,30.76701
11405,2014-04-29 23:45:00,0.0,28.15316,29.91491,30.67844,29.71195,30.60216
11406,2014-04-30 00:00:00,0.0,27.70511,28.15316,29.91491,30.67844,29.71195
11407,2014-04-30 00:15:00,0.0,28.3785,27.70511,28.15316,29.91491,30.67844
11408,2014-04-30 00:30:00,0.0,29.68756,28.3785,27.70511,28.15316,29.91491
11409,2014-04-30 00:45:00,0.0,27.22108,29.68756,28.3785,27.70511,28.15316
11410,2014-04-30 01:00:00,0.0,27.98028,27.22108,29.68756,28.3785,27.70511
11411,2014-04-30 01:15:00,0.0,26.10452,27.98028,27.22108,29.68756,28.3785
11412,2014-04-30 01:30:00,0.0,30.02509,26.10452,27.98028,27.22108,29.68756
11413,2014-04-30 01:45:00,0.0,26.18482,30.02509,26.10452,27.98028,27.22108
11414,2014-04-30 02:00:00,0.0,27.10947,26.18482,30.02509,26.10452,27.98028
11415,2014-04-30 02:15:00,0.0,28.63328,27.10947,26.18482,30.02509,26.10452
11416,2014-04-30 02:30:00,0.0,25.37196,28.63328,27.10947,26.18482,30.02509
11417,2014-04-30 02:45:00,0.0,28.2755,25.37196,28.63328,27.10947,26.18482
11418,2014-04-30 03:00:00,0.0,28.02209,28.2755,25.37196,28.63328,27.10947
11419,2014-04-30 03:15:00,0.0,24.59166,28.02209,28.2755,25.37196,28.63328
11420,2014-04-30 03:30:00,0.0,28.05337,24.59166,28.02209,28.2755,25.37196
11421,2014-04-30 03:45:00,0.0,28.50009,28.05337,24.59166,28.02209,28.2755
11422,2014-04-30 04:00:00,0.0,26.94553,28.50009,28.05337,24.59166,28.02209
11423,2014-04-30 04:15:00,0.0,29.93039,26.94553,28.50009,28.05337,24.59166
11424,2014-04-30 04:30:00,0.0,32.66827,29.93039,26.94553,28.50009,28.05337
11425,2014-04-30 04:45:00,0.0,35.63161,32.66827,29.93039,26.94553,28.50009
11426,2014-04-30 05:00:00,0.0,32.54635,35.63161,32.66827,29.93039,26.94553
11427,2014-04-30 05:15:00,0.0,31.79636,32.54635,35.63161,32.66827,29.93039
11428,2014-04-30 05:30:00,0.0,31.0181,31.79636,32.54635,35.63161,32.66827
11429,2014-04-30 05:45:00,0.0,31.77903,31.0181,31.79636,32.54635,35.63161
11430,2014-04-30 06:00:00,0.0,33.57396,31.77903,31.0181,31.79636,32.54635
11431,2014-04-30 06:15:00,0.0,30.55375,33.57396,31.77903,31.0181,31.79636
11432,2014-04-30 06:30:00,0.0,32.24715,30.55375,33.57396,31.77903,31.0181
11433,2014-04-30 06:45:00,0.0,32.96951,32.24715,30.55375,33.57396,31.77903
11434,2014-04-30 07:00:00,0.0,32.07726,32.96951,32.24715,30.55375,33.57396
11435,2014-04-30 07:15:00,0.0,32.92294,32.07726,32.96951,32.24715,30.55375
11436,2014-04-30 07:30:00,0.0,33.74202,32.92294,32.07726,32.96951,32.24715
11437,2014-04-30 07:45:00,0.0,32.78164,33.74202,32.92294,32.07726,32.96951
11438,2014-04-30 08:00:00,0.0,37.02624,32.78164,33.74202,32.92294,32.07726
11439,2014-04-30 08:15:00,0.0,34.17511,37.02624,32.78164,33.74202,32.92294
11440,2014-04-30 08:30:00,0.0,36.74868,34.17511,37.02624,32.78164,33.74202
11441,2014-04-30 08:45:00,0.0,37.06357,36.74868,34.17511,37.02624,32.78164
11442,2014-04-30 09:00:00,0.0,39.83317,37.06357,36.74868,34.17511,37.02624
11443,2014-04-30 09:15:00,0.0,35.43724,39.83317,37.06357,36.74868,34.17511
11444,2014-04-30 09:30:00,0.0,37.81139,35.43724,39.83317,37.06357,36.74868
11445,2014-04-30 09:45:00,0.0,39.1416,37.81139,35.43724,39.83317,37.06357
11446,2014-04-30 10:00:00,0.0,39.90104,39.1416,37.81139,35.43724,39.83317
11447,2014-04-30 10:15:00,0.0,39.23462,39.90104,39.1416,37.81139,35.43724
11448,2014-04-30 10:30:00,0.0,37.9193,39.23462,39.90104,39.1416,37.81139
11449,2014-04-30 10:45:00,0.0,43.35036,37.9193,39.23462,39.90104,39.1416
11450,2014-04-30 11:00:00,0.0,40.46954,43.35036,37.9193,39.23462,39.90104
11451,2014-04-30 11:15:00,0.0,42.71744,40.46954,43.35036,37.9193,39.23462
11452,2014-04-30 11:30:00,0.0,42.45621,42.71744,40.46954,43.35036,37.9193
11453,2014-04-30 11:45:00,0.0,43.50853,42.45621,42.71744,40.46954,43.35036
11454,2014-04-30 12:00:00,0.0,44.18566,43.50853,42.45621,42.71744,40.46954
11455,2014-04-30 12:15:00,0.0,46.44698,44.18566,43.50853,42.45621,42.71744
11456,2014-04-30 12:30:00,0.0,47.53507,46.44698,44.18566,43.50853,42.45621
11457,2014-04-30 12:45:00,0.0,49.38931,47.53507,46.44698,44.18566,43.50853
11458,2014-04-30 13:00:00,0.0,48.0682,49.38931,47.53507,46.44698,44.18566
11459,2014-04-30 13:15:00,0.0,48.032,48.0682,49.38931,47.53507,46.44698
11460,2014-04-30 13:30:00,0.0,48.31455,48.032,48.0682,49.38931,47.53507
11461,2014-04-30 13:45:00,0.0,49.47959,48.31455,48.032,48.0682,49.38931
11462,2014-04-30 14:00:00,0.0,52.1338,49.47959,48.31455,48.032,48.0682
11463,2014-04-30 14:15:00,0.0,54.05357,52.1338,49.47959,48.31455,48.032
11464,2014-04-30 14:30:00,0.0,52.80559,54.05357,52.1338,49.47959,48.31455
11465,2014-04-30 14:45:00,0.0,55.5691,52.80559,54.05357,52.1338,49.47959
11466,2014-04-30 15:00:00,0.0,54.59132,55.5691,52.80559,54.05357,52.1338
11467,2014-04-30 15:15:00,0.0,55.86884,54.59132,55.5691,52.80559,54.05357
11468,2014-04-30 15:30:00,0.0,53.30049,55.86884,54.59132,55.5691,52.80559
11469,2014-04-30 15:45:00,0.0,54.61839,53.30049,55.86884,54.59132,55.5691
11470,2014-04-30 16:00:00,0.0,54.4649,54.61839,53.30049,55.86884,54.59132
11471,2014-04-30 16:15:00,0.0,54.66374,54.4649,54.61839,53.30049,55.86884
11472,2014-04-30 16:30:00,0.0,54.22035,54.66374,54.4649,54.61839,53.30049
11473,2014-04-30 16:45:00,0.0,54.30869,54.22035,54.66374,54.4649,54.61839
11474,2014-04-30 17:00:00,0.0,54.30653,54.30869,54.22035,54.66374,54.4649
11475,2014-04-30 17:15:00,0.0,51.22253,54.30653,54.30869,54.22035,54.66374
11476,2014-04-30 17:30:00,0.0,52.34798,51.22253,54.30653,54.30869,54.22035
11477,2014-04-30 17:45:00,0.0,50.9153,52.34798,51.22253,54.30653,54.30869
11478,2014-04-30 18:00:00,0.0,48.7826,50.9153,52.34798,51.22253,54.30653
11479,2014-04-30 18:15:00,0.0,47.24318,48.7826,50.9153,52.34798,51.22253
11480,2014-04-30 18:30:00,0.0,41.00622,47.24318,48.7826,50.9153,52.34798
11481,2014-04-30 18:45:00,0.0,43.62763,41.00622,47.24318,48.7826,50.9153
11482,2014-04-30 19:00:00,0.0,38.34763,43.62763,41.00622,47.24318,48.7826
11483,2014-04-30 19:15:00,0.0,39.03756,38.34763,43.62763,41.00622,47.24318
11484,2014-04-30 19:30:00,0.0,38.26244,39.03756,38.34763,43.62763,41.00622
11485,2014-04-30 19:45:00,0.0,37.88024,38.26244,39.03756,38.34763,43.62763
11486,2014-04-30 20:00:00,0.0,36.98065,37.88024,38.26244,39.03756,38.34763
11487,2014-04-30 20:15:00,0.0,37.78192,36.98065,37.88024,38.26244,39.03756
11488,2014-04-30 20:30:00,0.0,36.00633,37.78192,36.98065,37.88024,38.26244
11489,2014-04-30 20:45:00,0.0,34.5958,36.00633,37.78192,36.98065,37.88024
11490,2014-04-30 21:00:00,0.0,35.82791,34.5958,36.00633,37.78192,36.98065
11491,2014-04-30 21:15:00,0.0,31.43211,35.82791,34.5958,36.00633,37.78192
11492,2014-04-30 21:30:00,0.0,31.17209,31.43211,35.82791,34.5958,36.00633
11493,2014-04-30 21:45:00,0.0,29.67951,31.17209,31.43211,35.82791,34.5958
11494,2014-04-30 22:00:00,0.0,32.32955,29.67951,31.17209,31.43211,35.82791
11495,2014-04-30 22:15:00,0.0,32.12147,32.32955,29.67951,31.17209,31.43211
11496,2014-04-30 22:30:00,0.0,30.2746,32.12147,32.32955,29.67951,31.17209
11497,2014-04-30 22:45:00,0.0,29.98387,30.2746,32.12147,32.32955,29.67951
11498,2014-04-30 23:00:00,0.0,30.95907,29.98387,30.2746,32.12147,32.32955
11499,2014-04-30 23:15:00,0.0,29.19764,30.95907,29.98387,30.2746,32.12147
11500,2014-04-30 23:30:00,0.0,25.63302,29.19764,30.95907,29.98387,30.2746
11501,2014-04-30 23:45:00,0.0,28.39739,25.63302,29.19764,30.95907,29.98387
11502,2014-05-01 00:00:00,0.0,27.05959,28.39739,25.63302,29.19764,30.95907
11503,2014-05-01 00:15:00,0.0,29.49445,27.05959,28.39739,25.63302,29.19764
11504,2014-05-01 00:30:00,0.0,25.69587,29.49445,27.05959,28.39739,25.63302
11505,2014-05-01 00:45:00,0.0,27.37805,25.69587,29.49445,27.05959,28.39739
11506,2014-05-01 01:00:00,0.0,27.18338,27.37805,25.69587,29.49445,27.05959
11507,2014-05-01 01:15:00,0.0,27.74676,27.18338,27.37805,25.69587,29.49445
11508,2014-05-01 01:30:00,0.0,26.40864,27.74676,27.18338,27.37805,25.69587
11509,2014-05-01 01:45:00,0.0,28.0684,26.40864,27.74676,27.18338,27.37805
11510,2014-05-01 02:00:00,0.0,25.90232,28.0684,26.40864,27.74676,27.18338
11511,2014-05-01 02:15:00,0.0,27.51072,25.90232,28.0684,26.40864,27.74676
11512,2014-05-01 02:30:00,0.0,29.81218,27.51072,25.90232,28.0684,26.40864
11513,2014-05-01 02:45:00,0.0,29.40141,29.81218,27.51072,25.90232,28.0684
11514,2014-05-01 03:00:00,0.0,25.42237,29.40141,29.81218,27.51072,25.90232
11515,2014-05-01 03:15:00,0.0,27.55612,25.42237,29.40141,29.81218,27.51072
11516,2014-05-01 03:30:00,0.0,27.22976,27.55612,25.42237,29.40141,29.81218
11517,2014-05-01 03:45:00,0.0,26.33917,27.22976,27.55612,25.42237,29.40141
11518,2014-05-01 04:00:00,0.0,27.03157,26.33917,27.22976,27.55612,25.42237
11519,2014-05-01 04:15:00,0.0,28.67332,27.03157,26.33917,27.22976,27.55612
11520,2014-05-01 04:30:00,0.0,27.61623,28.67332,27.03157,26.33917,27.22976
11521,2014-05-01 04:45:00,0.0,31.37315,27.61623,28.67332,27.03157,26.33917
11522,2014-05-01 05:00:00,0.0,26.52387,31.37315,27.61623,28.67332,27.03157
11523,2014-05-01 05:15:00,0.0,28.06433,26.52387,31.37315,27.61623,28.67332
11524,2014-05-01 05:30:00,0.0,30.02746,28.06433,26.52387,31.37315,27.61623
11525,2014-05-01 05:45:00,0.0,29.87849,30.02746,28.06433,26.52387,31.37315
11526,2014-05-01 06:00:00,0.0,28.13015,29.87849,30.02746,28.06433,26.52387
11527,2014-05-01 06:15:00,0.0,28.31283,28.13015,29.87849,30.02746,28.06433
11528,2014-05-01 06:30:00,0.0,28.31518,28.31283,28.13015,29.87849,30.02746
11529,2014-05-01 06:45:00,0.0,29.69424,28.31518,28.31283,28.13015,29.87849
11530,2014-05-01 07:00:00,0.0,29.70859,29.69424,28.31518,28.31283,28.13015
11531,2014-05-01 07:15:00,0.0,29.05845,29.70859,29.69424,28.31518,28.31283
11532,2014-05-01 07:30:00,0.0,28.25291,29.05845,29.70859,29.69424,28.31518
11533,2014-05-01 07:45:00,0.0,31.6895,28.25291,29.05845,29.70859,29.69424
11534,2014-05-01 08:00:00,0.0,28.76582,31.6895,28.25291,29.05845,29.70859
11535,2014-05-01 08:15:00,0.0,33.05029,28.76582,31.6895,28.25291,29.05845
11536,2014-05-01 08:30:00,0.0,31.98693,33.05029,28.76582,31.6895,28.25291
11537,2014-05-01 08:45:00,0.0,37.19665,31.98693,33.05029,28.76582,31.6895
11538,2014-05-01 09:00:00,0.0,37.14275,37.19665,31.98693,33.05029,28.76582
11539,2014-05-01 09:15:00,0.0,39.14233,37.14275,37.19665,31.98693,33.05029
11540,2014-05-01 09:30:00,0.0,40.70538,39.14233,37.14275,37.19665,31.98693
11541,2014-05-01 09:45:00,0.0,40.54436,40.70538,39.14233,37.14275,37.19665
11542,2014-05-01 10:00:00,0.0,41.07012,40.54436,40.70538,39.14233,37.14275
11543,2014-05-01 10:15:00,0.0,41.14361,41.07012,40.54436,40.70538,39.14233
11544,2014-05-01 10:30:00,0.0,42.33686,41.14361,41.07012,40.54436,40.70538
11545,2014-05-01 10:45:00,0.0,46.08989,42.33686,41.14361,41.07012,40.54436
11546,2014-05-01 11:00:00,0.0,44.63103,46.08989,42.33686,41.14361,41.07012
11547,2014-05-01 11:15:00,0.0,46.89891,44.63103,46.08989,42.33686,41.14361
11548,2014-05-01 11:30:00,0.0,46.57979,46.89891,44.63103,46.08989,42.33686
11549,2014-05-01 11:45:00,0.0,47.47129,46.57979,46.89891,44.63103,46.08989
11550,2014-05-01 12:00:00,0.0,48.388,47.47129,46.57979,46.89891,44.63103
11551,2014-05-01 12:15:00,0.0,48.88324,48.388,47.47129,46.57979,46.89891
11552,2014-05-01 12:30:00,0.0,50.65269,48.88324,48.388,47.47129,46.57979
11553,2014-05-01 12:45:00,0.0,51.72743,50.65269,48.88324,48.388,47.47129
11554,2014-05-01 13:00:00,0.0,50.35734,51.72743,50.65269,48.88324,48.388
11555,2014-05-01 13:15:00,0.0,52.40362,50.35734,51.72743,50.65269,48.88324
11556,2014-05-01 13:30:00,0.0,50.7408,52.40362,50.35734,51.72743,50.65269
11557,2014-05-01 13:45:00,0.0,52.84527,50.7408,52.40362,50.35734,51.72743
11558,2014-05-01 14:00:00,0.0,49.29879,52.84527,50.7408,52.40362,50.35734
11559,2014-05-01 14:15:00,0.0,48.11931,49.29879,52.84527,50.7408,52.40362
11560,2014-05-01 14:30:00,0.0,48.89451,48.11931,49.29879,52.84527,50.7408
11561,2014-05-01 14:45:00,0.0,50.64268,48.89451,48.11931,49.29879,52.84527
11562,2014-05-01 15:00:00,0.0,52.09383,50.64268,48.89451,48.11931,49.29879
11563,2014-05-01 15:15:00,0.0,51.13514,52.09383,50.64268,48.89451,48.11931
11564,2014-05-01 15:30:00,0.0,53.26781,51.13514,52.09383,50.64268,48.89451
11565,2014-05-01 15:45:00,0.0,49.405,53.26781,51.13514,52.09383,50.64268
11566,2014-05-01 16:00:00,0.0,49.1061,49.405,53.26781,51.13514,52.09383
11567,2014-05-01 16:15:00,0.0,50.62688,49.1061,49.405,53.26781,51.13514
11568,2014-05-01 16:30:00,0.0,49.23419,50.62688,49.1061,49.405,53.26781
11569,2014-05-01 16:45:00,0.0,47.52449,49.23419,50.62688,49.1061,49.405
11570,2014-05-01 17:00:00,0.0,49.82511,47.52449,49.23419,50.62688,49.1061
11571,2014-05-01 17:15:00,0.0,46.43562,49.82511,47.52449,49.23419,50.62688
11572,2014-05-01 17:30:00,0.0,49.56262,46.43562,49.82511,47.52449,49.23419
11573,2014-05-01 17:45:00,0.0,46.71882,49.56262,46.43562,49.82511,47.52449
11574,2014-05-01 18:00:00,0.0,45.31021,46.71882,49.56262,46.43562,49.82511
11575,2014-05-01 18:15:00,0.0,42.28274,45.31021,46.71882,49.56262,46.43562
11576,2014-05-01 18:30:00,0.0,40.41831,42.28274,45.31021,46.71882,49.56262
11577,2014-05-01 18:45:00,0.0,41.51299,40.41831,42.28274,45.31021,46.71882
11578,2014-05-01 19:00:00,0.0,41.67486,41.51299,40.41831,42.28274,45.31021
11579,2014-05-01 19:15:00,0.0,39.19358,41.67486,41.51299,40.41831,42.28274
11580,2014-05-01 19:30:00,0.0,39.86803,39.19358,41.67486,41.51299,40.41831
11581,2014-05-01 19:45:00,0.0,36.03786,39.86803,39.19358,41.67486,41.51299
11582,2014-05-01 20:00:00,0.0,36.98494,36.03786,39.86803,39.19358,41.67486
11583,2014-05-01 20:15:00,0.0,34.32002,36.98494,36.03786,39.86803,39.19358
11584,2014-05-01 20:30:00,0.0,36.46471,34.32002,36.98494,36.03786,39.86803
11585,2014-05-01 20:45:00,0.0,35.3899,36.46471,34.32002,36.98494,36.03786
11586,2014-05-01 21:00:00,0.0,34.16514,35.3899,36.46471,34.32002,36.98494
11587,2014-05-01 21:15:00,0.0,34.06231,34.16514,35.3899,36.46471,34.32002
11588,2014-05-01 21:30:00,0.0,30.49657,34.06231,34.16514,35.3899,36.46471
11589,2014-05-01 21:45:00,0.0,31.53843,30.49657,34.06231,34.16514,35.3899
11590,2014-05-01 22:00:00,0.0,32.2399,31.53843,30.49657,34.06231,34.16514
11591,2014-05-01 22:15:00,0.0,32.43842,32.2399,31.53843,30.49657,34.06231
11592,2014-05-01 22:30:00,0.0,32.41429,32.43842,32.2399,31.53843,30.49657
11593,2014-05-01 22:45:00,0.0,30.25328,32.41429,32.43842,32.2399,31.53843
11594,2014-05-01 23:00:00,0.0,30.68862,30.25328,32.41429,32.43842,32.2399
11595,2014-05-01 23:15:00,0.0,30.14592,30.68862,30.25328,32.41429,32.43842
11596,2014-05-01 23:30:00,0.0,25.63324,30.14592,30.68862,30.25328,32.41429
11597,2014-05-01 23:45:00,0.0,28.90177,25.63324,30.14592,30.68862,30.25328
11598,2014-05-02 00:00:00,0.0,27.71733,28.90177,25.63324,30.14592,30.68862
11599,2014-05-02 00:15:00,0.0,27.69023,27.71733,28.90177,25.63324,30.14592
11600,2014-05-02 00:30:00,0.0,27.2413,27.69023,27.71733,28.90177,25.63324
11601,2014-05-02 00:45:00,0.0,27.5984,27.2413,27.69023,27.71733,28.90177
11602,2014-05-02 01:00:00,0.0,24.3074,27.5984,27.2413,27.69023,27.71733
11603,2014-05-02 01:15:00,0.0,23.23441,24.3074,27.5984,27.2413,27.69023
11604,2014-05-02 01:30:00,0.0,24.80799,23.23441,24.3074,27.5984,27.2413
11605,2014-05-02 01:45:00,0.0,26.67142,24.80799,23.23441,24.3074,27.5984
11606,2014-05-02 02:00:00,0.0,26.15419,26.67142,24.80799,23.23441,24.3074
11607,2014-05-02 02:15:00,0.0,23.36633,26.15419,26.67142,24.80799,23.23441
11608,2014-05-02 02:30:00,0.0,27.01704,23.36633,26.15419,26.67142,24.80799
11609,2014-05-02 02:45:00,0.0,25.4422,27.01704,23.36633,26.15419,26.67142
11610,2014-05-02 03:00:00,0.0,25.2456,25.4422,27.01704,23.36633,26.15419
11611,2014-05-02 03:15:00,0.0,25.7989,25.2456,25.4422,27.01704,23.36633
11612,2014-05-02 03:30:00,0.0,23.95982,25.7989,25.2456,25.4422,27.01704
11613,2014-05-02 03:45:00,0.0,26.9123,23.95982,25.7989,25.2456,25.4422
11614,2014-05-02 04:00:00,0.0,24.35705,26.9123,23.95982,25.7989,25.2456
11615,2014-05-02 04:15:00,0.0,26.62408,24.35705,26.9123,23.95982,25.7989
11616,2014-05-02 04:30:00,0.0,27.65888,26.62408,24.35705,26.9123,23.95982
11617,2014-05-02 04:45:00,0.0,28.13529,27.65888,26.62408,24.35705,26.9123
11618,2014-05-02 05:00:00,0.0,29.0007,28.13529,27.65888,26.62408,24.35705
11619,2014-05-02 05:15:00,0.0,28.21503,29.0007,28.13529,27.65888,26.62408
11620,2014-05-02 05:30:00,0.0,29.8444,28.21503,29.0007,28.13529,27.65888
11621,2014-05-02 05:45:00,0.0,27.71748,29.8444,28.21503,29.0007,28.13529
11622,2014-05-02 06:00:00,0.0,28.7713,27.71748,29.8444,28.21503,29.0007
11623,2014-05-02 06:15:00,0.0,25.65157,28.7713,27.71748,29.8444,28.21503
11624,2014-05-02 06:30:00,0.0,27.7623,25.65157,28.7713,27.71748,29.8444
11625,2014-05-02 06:45:00,0.0,28.53224,27.7623,25.65157,28.7713,27.71748
11626,2014-05-02 07:00:00,0.0,28.68989,28.53224,27.7623,25.65157,28.7713
11627,2014-05-02 07:15:00,0.0,29.0298,28.68989,28.53224,27.7623,25.65157
11628,2014-05-02 07:30:00,0.0,30.70946,29.0298,28.68989,28.53224,27.7623
11629,2014-05-02 07:45:00,0.0,30.26694,30.70946,29.0298,28.68989,28.53224
11630,2014-05-02 08:00:00,0.0,28.55381,30.26694,30.70946,29.0298,28.68989
11631,2014-05-02 08:15:00,0.0,32.18041,28.55381,30.26694,30.70946,29.0298
11632,2014-05-02 08:30:00,0.0,30.84469,32.18041,28.55381,30.26694,30.70946
11633,2014-05-02 08:45:00,0.0,33.85891,30.84469,32.18041,28.55381,30.26694
11634,2014-05-02 09:00:00,0.0,33.3601,33.85891,30.84469,32.18041,28.55381
11635,2014-05-02 09:15:00,0.0,37.46005,33.3601,33.85891,30.84469,32.18041
11636,2014-05-02 09:30:00,0.0,35.26273,37.46005,33.3601,33.85891,30.84469
11637,2014-05-02 09:45:00,0.0,36.87616,35.26273,37.46005,33.3601,33.85891
11638,2014-05-02 10:00:00,0.0,36.00926,36.87616,35.26273,37.46005,33.3601
11639,2014-05-02 10:15:00,0.0,37.45175,36.00926,36.87616,35.26273,37.46005
11640,2014-05-02 10:30:00,0.0,38.57776,37.45175,36.00926,36.87616,35.26273
11641,2014-05-02 10:45:00,0.0,38.09944,38.57776,37.45175,36.00926,36.87616
11642,2014-05-02 11:00:00,0.0,41.34828,38.09944,38.57776,37.45175,36.00926
11643,2014-05-02 11:15:00,0.0,37.36822,41.34828,38.09944,38.57776,37.45175
11644,2014-05-02 11:30:00,0.0,40.45648,37.36822,41.34828,38.09944,38.57776
11645,2014-05-02 11:45:00,0.0,40.03773,40.45648,37.36822,41.34828,38.09944
11646,2014-05-02 12:00:00,0.0,41.04425,40.03773,40.45648,37.36822,41.34828
11647,2014-05-02 12:15:00,0.0,39.36954,41.04425,40.03773,40.45648,37.36822
11648,2014-05-02 12:30:00,0.0,40.09271,39.36954,41.04425,40.03773,40.45648
11649,2014-05-02 12:45:00,0.0,43.6267,40.09271,39.36954,41.04425,40.03773
11650,2014-05-02 13:00:00,0.0,44.92187,43.6267,40.09271,39.36954,41.04425
11651,2014-05-02 13:15:00,0.0,44.88111,44.92187,43.6267,40.09271,39.36954
11652,2014-05-02 13:30:00,0.0,41.5488,44.88111,44.92187,43.6267,40.09271
11653,2014-05-02 13:45:00,0.0,45.82202,41.5488,44.88111,44.92187,43.6267
11654,2014-05-02 14:00:00,0.0,44.73057,45.82202,41.5488,44.88111,44.92187
11655,2014-05-02 14:15:00,0.0,43.39936,44.73057,45.82202,41.5488,44.88111
11656,2014-05-02 14:30:00,0.0,44.61132,43.39936,44.73057,45.82202,41.5488
11657,2014-05-02 14:45:00,0.0,46.57713,44.61132,43.39936,44.73057,45.82202
11658,2014-05-02 15:00:00,0.0,44.28059,46.57713,44.61132,43.39936,44.73057
11659,2014-05-02 15:15:00,0.0,41.4239,44.28059,46.57713,44.61132,43.39936
11660,2014-05-02 15:30:00,0.0,47.45692,41.4239,44.28059,46.57713,44.61132
11661,2014-05-02 15:45:00,0.0,45.25627,47.45692,41.4239,44.28059,46.57713
11662,2014-05-02 16:00:00,0.0,41.44188,45.25627,47.45692,41.4239,44.28059
11663,2014-05-02 16:15:00,0.0,39.59862,41.44188,45.25627,47.45692,41.4239
11664,2014-05-02 16:30:00,0.0,42.84484,39.59862,41.44188,45.25627,47.45692
11665,2014-05-02 16:45:00,0.0,41.0638,42.84484,39.59862,41.44188,45.25627
11666,2014-05-02 17:00:00,0.0,41.23618,41.0638,42.84484,39.59862,41.44188
11667,2014-05-02 17:15:00,0.0,42.74108,41.23618,41.0638,42.84484,39.59862
11668,2014-05-02 17:30:00,0.0,38.37253,42.74108,41.23618,41.0638,42.84484
11669,2014-05-02 17:45:00,0.0,40.89367,38.37253,42.74108,41.23618,41.0638
11670,2014-05-02 18:00:00,0.0,38.72019,40.89367,38.37253,42.74108,41.23618
11671,2014-05-02 18:15:00,0.0,34.24414,38.72019,40.89367,38.37253,42.74108
11672,2014-05-02 18:30:00,0.0,35.45696,34.24414,38.72019,40.89367,38.37253
11673,2014-05-02 18:45:00,0.0,35.53016,35.45696,34.24414,38.72019,40.89367
11674,2014-05-02 19:00:00,0.0,33.03964,35.53016,35.45696,34.24414,38.72019
11675,2014-05-02 19:15:00,0.0,31.17325,33.03964,35.53016,35.45696,34.24414
11676,2014-05-02 19:30:00,0.0,27.18614,31.17325,33.03964,35.53016,35.45696
11677,2014-05-02 19:45:00,0.0,30.562,27.18614,31.17325,33.03964,35.53016
11678,2014-05-02 20:00:00,0.0,29.63323,30.562,27.18614,31.17325,33.03964
11679,2014-05-02 20:15:00,0.0,28.85358,29.63323,30.562,27.18614,31.17325
11680,2014-05-02 20:30:00,0.0,26.29381,28.85358,29.63323,30.562,27.18614
11681,2014-05-02 20:45:00,0.0,30.88572,26.29381,28.85358,29.63323,30.562
11682,2014-05-02 21:00:00,0.0,28.61885,30.88572,26.29381,28.85358,29.63323
11683,2014-05-02 21:15:00,0.0,28.10414,28.61885,30.88572,26.29381,28.85358
11684,2014-05-02 21:30:00,0.0,27.36448,28.10414,28.61885,30.88572,26.29381
11685,2014-05-02 21:45:00,0.0,29.32016,27.36448,28.10414,28.61885,30.88572
11686,2014-05-02 22:00:00,0.0,24.78945,29.32016,27.36448,28.10414,28.61885
11687,2014-05-02 22:15:00,0.0,28.52009,24.78945,29.32016,27.36448,28.10414
11688,2014-05-02 22:30:00,0.0,28.50467,28.52009,24.78945,29.32016,27.36448
11689,2014-05-02 22:45:00,0.0,29.02829,28.50467,28.52009,24.78945,29.32016
11690,2014-05-02 23:00:00,0.0,27.45853,29.02829,28.50467,28.52009,24.78945
11691,2014-05-02 23:15:00,0.0,25.69389,27.45853,29.02829,28.50467,28.52009
11692,2014-05-02 23:30:00,0.0,26.34999,25.69389,27.45853,29.02829,28.50467
11693,2014-05-02 23:45:00,0.0,23.066,26.34999,25.69389,27.45853,29.02829
11694,2014-05-03 00:00:00,0.0,26.80694,23.066,26.34999,25.69389,27.45853
11695,2014-05-03 00:15:00,0.0,27.19404,26.80694,23.066,26.34999,25.69389
11696,2014-05-03 00:30:00,0.0,27.36681,27.19404,26.80694,23.066,26.34999
11697,2014-05-03 00:45:00,0.0,24.49112,27.36681,27.19404,26.80694,23.066
11698,2014-05-03 01:00:00,0.0,26.07884,24.49112,27.36681,27.19404,26.80694
11699,2014-05-03 01:15:00,0.0,26.19783,26.07884,24.49112,27.36681,27.19404
11700,2014-05-03 01:30:00,0.0,24.28279,26.19783,26.07884,24.49112,27.36681
11701,2014-05-03 01:45:00,0.0,25.86101,24.28279,26.19783,26.07884,24.49112
11702,2014-05-03 02:00:00,0.0,26.1774,25.86101,24.28279,26.19783,26.07884
11703,2014-05-03 02:15:00,0.0,25.34576,26.1774,25.86101,24.28279,26.19783
11704,2014-05-03 02:30:00,0.0,27.49932,25.34576,26.1774,25.86101,24.28279
11705,2014-05-03 02:45:00,0.0,26.51754,27.49932,25.34576,26.1774,25.86101
11706,2014-05-03 03:00:00,0.0,26.05588,26.51754,27.49932,25.34576,26.1774
11707,2014-05-03 03:15:00,0.0,26.44224,26.05588,26.51754,27.49932,25.34576
11708,2014-05-03 03:30:00,0.0,26.39993,26.44224,26.05588,26.51754,27.49932
11709,2014-05-03 03:45:00,0.0,25.46601,26.39993,26.44224,26.05588,26.51754
11710,2014-05-03 04:00:00,0.0,26.14798,25.46601,26.39993,26.44224,26.05588
11711,2014-05-03 04:15:00,0.0,25.33469,26.14798,25.46601,26.39993,26.44224
11712,2014-05-03 04:30:00,0.0,25.40273,25.33469,26.14798,25.46601,26.39993
11713,2014-05-03 04:45:00,0.0,26.04434,25.40273,25.33469,26.14798,25.46601
11714,2014-05-03 05:00:00,0.0,26.43408,26.04434,25.40273,25.33469,26.14798
11715,2014-05-03 05:15:00,0.0,26.62297,26.43408,26.04434,25.40273,25.33469
11716,2014-05-03 05:30:00,0.0,25.25337,26.62297,26.43408,26.04434,25.40273
11717,2014-05-03 05:45:00,0.0,25.08926,25.25337,26.62297,26.43408,26.04434
11718,2014-05-03 06:00:00,0.0,25.82751,25.08926,25.25337,26.62297,26.43408
11719,2014-05-03 06:15:00,0.0,24.10068,25.82751,25.08926,25.25337,26.62297
11720,2014-05-03 06:30:00,0.0,26.12545,24.10068,25.82751,25.08926,25.25337
11721,2014-05-03 06:45:00,0.0,24.73681,26.12545,24.10068,25.82751,25.08926
11722,2014-05-03 07:00:00,0.0,26.64582,24.73681,26.12545,24.10068,25.82751
11723,2014-05-03 07:15:00,0.0,28.11861,26.64582,24.73681,26.12545,24.10068
11724,2014-05-03 07:30:00,0.0,23.92231,28.11861,26.64582,24.73681,26.12545
11725,2014-05-03 07:45:00,0.0,27.28331,23.92231,28.11861,26.64582,24.73681
11726,2014-05-03 08:00:00,0.0,27.01512,27.28331,23.92231,28.11861,26.64582
11727,2014-05-03 08:15:00,0.0,25.49771,27.01512,27.28331,23.92231,28.11861
11728,2014-05-03 08:30:00,0.0,27.40785,25.49771,27.01512,27.28331,23.92231
11729,2014-05-03 08:45:00,0.0,28.73727,27.40785,25.49771,27.01512,27.28331
11730,2014-05-03 09:00:00,0.0,24.95878,28.73727,27.40785,25.49771,27.01512
11731,2014-05-03 09:15:00,0.0,26.16971,24.95878,28.73727,27.40785,25.49771
11732,2014-05-03 09:30:00,0.0,26.68381,26.16971,24.95878,28.73727,27.40785
11733,2014-05-03 09:45:00,0.0,25.11921,26.68381,26.16971,24.95878,28.73727
11734,2014-05-03 10:00:00,0.0,24.65981,25.11921,26.68381,26.16971,24.95878
11735,2014-05-03 10:15:00,0.0,27.60034,24.65981,25.11921,26.68381,26.16971
11736,2014-05-03 10:30:00,0.0,25.5305,27.60034,24.65981,25.11921,26.68381
11737,2014-05-03 10:45:00,0.0,29.11909,25.5305,27.60034,24.65981,25.11921
11738,2014-05-03 11:00:00,0.0,26.14118,29.11909,25.5305,27.60034,24.65981
11739,2014-05-03 11:15:00,0.0,26.54039,26.14118,29.11909,25.5305,27.60034
11740,2014-05-03 11:30:00,0.0,26.54375,26.54039,26.14118,29.11909,25.5305
11741,2014-05-03 11:45:00,0.0,26.62768,26.54375,26.54039,26.14118,29.11909
11742,2014-05-03 12:00:00,0.0,26.10348,26.62768,26.54375,26.54039,26.14118
11743,2014-05-03 12:15:00,0.0,26.96329,26.10348,26.62768,26.54375,26.54039
11744,2014-05-03 12:30:00,0.0,27.78344,26.96329,26.10348,26.62768,26.54375
11745,2014-05-03 12:45:00,0.0,27.0172,27.78344,26.96329,26.10348,26.62768
11746,2014-05-03 13:00:00,0.0,24.81524,27.0172,27.78344,26.96329,26.10348
11747,2014-05-03 13:15:00,0.0,26.05068,24.81524,27.0172,27.78344,26.96329
11748,2014-05-03 13:30:00,0.0,28.55191,26.05068,24.81524,27.0172,27.78344
11749,2014-05-03 13:45:00,0.0,26.15034,28.55191,26.05068,24.81524,27.0172
11750,2014-05-03 14:00:00,0.0,27.2432,26.15034,28.55191,26.05068,24.81524
11751,2014-05-03 14:15:00,0.0,27.784,27.2432,26.15034,28.55191,26.05068
11752,2014-05-03 14:30:00,0.0,27.60302,27.784,27.2432,26.15034,28.55191
11753,2014-05-03 14:45:00,0.0,29.22551,27.60302,27.784,27.2432,26.15034
11754,2014-05-03 15:00:00,0.0,23.2206,29.22551,27.60302,27.784,27.2432
11755,2014-05-03 15:15:00,0.0,27.05503,23.2206,29.22551,27.60302,27.784
11756,2014-05-03 15:30:00,0.0,25.8253,27.05503,23.2206,29.22551,27.60302
11757,2014-05-03 15:45:00,0.0,27.93627,25.8253,27.05503,23.2206,29.22551
11758,2014-05-03 16:00:00,0.0,26.99485,27.93627,25.8253,27.05503,23.2206
11759,2014-05-03 16:15:00,0.0,27.97789,26.99485,27.93627,25.8253,27.05503
11760,2014-05-03 16:30:00,0.0,25.94445,27.97789,26.99485,27.93627,25.8253
11761,2014-05-03 16:45:00,0.0,27.01794,25.94445,27.97789,26.99485,27.93627
11762,2014-05-03 17:00:00,0.0,26.79353,27.01794,25.94445,27.97789,26.99485
11763,2014-05-03 17:15:00,0.0,25.18339,26.79353,27.01794,25.94445,27.97789
11764,2014-05-03 17:30:00,0.0,25.64423,25.18339,26.79353,27.01794,25.94445
11765,2014-05-03 17:45:00,0.0,27.60522,25.64423,25.18339,26.79353,27.01794
11766,2014-05-03 18:00:00,0.0,29.50391,27.60522,25.64423,25.18339,26.79353
11767,2014-05-03 18:15:00,0.0,23.98864,29.50391,27.60522,25.64423,25.18339
11768,2014-05-03 18:30:00,0.0,26.84567,23.98864,29.50391,27.60522,25.64423
11769,2014-05-03 18:45:00,0.0,25.87556,26.84567,23.98864,29.50391,27.60522
11770,2014-05-03 19:00:00,0.0,27.30915,25.87556,26.84567,23.98864,29.50391
11771,2014-05-03 19:15:00,0.0,26.40899,27.30915,25.87556,26.84567,23.98864
11772,2014-05-03 19:30:00,0.0,27.25942,26.40899,27.30915,25.87556,26.84567
11773,2014-05-03 19:45:00,0.0,27.56852,27.25942,26.40899,27.30915,25.87556
11774,2014-05-03 20:00:00,0.0,24.78083,27.56852,27.25942,26.40899,27.30915
11775,2014-05-03 20:15:00,0.0,24.47978,24.78083,27.56852,27.25942,26.40899
11776,2014-05-03 20:30:00,0.0,25.92329,24.47978,24.78083,27.56852,27.25942
11777,2014-05-03 20:45:00,0.0,27.76133,25.92329,24.47978,24.78083,27.56852
11778,2014-05-03 21:00:00,0.0,26.17766,27.76133,25.92329,24.47978,24.78083
11779,2014-05-03 21:15:00,0.0,28.19688,26.17766,27.76133,25.92329,24.47978
11780,2014-05-03 21:30:00,0.0,27.16427,28.19688,26.17766,27.76133,25.92329
11781,2014-05-03 21:45:00,0.0,28.44567,27.16427,28.19688,26.17766,27.76133
11782,2014-05-03 22:00:00,0.0,26.67606,28.44567,27.16427,28.19688,26.17766
11783,2014-05-03 22:15:00,0.0,26.84635,26.67606,28.44567,27.16427,28.19688
11784,2014-05-03 22:30:00,0.0,26.81004,26.84635,26.67606,28.44567,27.16427
11785,2014-05-03 22:45:00,0.0,26.50028,26.81004,26.84635,26.67606,28.44567
11786,2014-05-03 23:00:00,0.0,26.54986,26.50028,26.81004,26.84635,26.67606
11787,2014-05-03 23:15:00,0.0,27.54701,26.54986,26.50028,26.81004,26.84635
11788,2014-05-03 23:30:00,0.0,26.84943,27.54701,26.54986,26.50028,26.81004
11789,2014-05-03 23:45:00,0.0,25.96987,26.84943,27.54701,26.54986,26.50028
11790,2014-05-04 00:00:00,0.0,26.78476,25.96987,26.84943,27.54701,26.54986
11791,2014-05-04 00:15:00,0.0,22.30773,26.78476,25.96987,26.84943,27.54701
11792,2014-05-04 00:30:00,0.0,26.59254,22.30773,26.78476,25.96987,26.84943
11793,2014-05-04 00:45:00,0.0,26.72159,26.59254,22.30773,26.78476,25.96987
11794,2014-05-04 01:00:00,0.0,26.83314,26.72159,26.59254,22.30773,26.78476
11795,2014-05-04 01:15:00,0.0,25.81531,26.83314,26.72159,26.59254,22.30773
11796,2014-05-04 01:30:00,0.0,25.82511,25.81531,26.83314,26.72159,26.59254
11797,2014-05-04 01:45:00,0.0,24.21029,25.82511,25.81531,26.83314,26.72159
11798,2014-05-04 02:00:00,0.0,26.56238,24.21029,25.82511,25.81531,26.83314
11799,2014-05-04 02:15:00,0.0,25.70046,26.56238,24.21029,25.82511,25.81531
11800,2014-05-04 02:30:00,0.0,26.5514,25.70046,26.56238,24.21029,25.82511
11801,2014-05-04 02:45:00,0.0,26.57146,26.5514,25.70046,26.56238,24.21029
11802,2014-05-04 03:00:00,0.0,25.72639,26.57146,26.5514,25.70046,26.56238
11803,2014-05-04 03:15:00,0.0,26.12921,25.72639,26.57146,26.5514,25.70046
11804,2014-05-04 03:30:00,0.0,25.569,26.12921,25.72639,26.57146,26.5514
11805,2014-05-04 03:45:00,0.0,24.50014,25.569,26.12921,25.72639,26.57146
11806,2014-05-04 04:00:00,0.0,27.49558,24.50014,25.569,26.12921,25.72639
11807,2014-05-04 04:15:00,0.0,26.2048,27.49558,24.50014,25.569,26.12921
11808,2014-05-04 04:30:00,0.0,26.52049,26.2048,27.49558,24.50014,25.569
11809,2014-05-04 04:45:00,0.0,24.94255,26.52049,26.2048,27.49558,24.50014
11810,2014-05-04 05:00:00,0.0,25.56825,24.94255,26.52049,26.2048,27.49558
11811,2014-05-04 05:15:00,0.0,26.48062,25.56825,24.94255,26.52049,26.2048
11812,2014-05-04 05:30:00,0.0,23.2979,26.48062,25.56825,24.94255,26.52049
11813,2014-05-04 05:45:00,0.0,27.82762,23.2979,26.48062,25.56825,24.94255
11814,2014-05-04 06:00:00,0.0,25.39724,27.82762,23.2979,26.48062,25.56825
11815,2014-05-04 06:15:00,0.0,26.46694,25.39724,27.82762,23.2979,26.48062
11816,2014-05-04 06:30:00,0.0,26.2064,26.46694,25.39724,27.82762,23.2979
11817,2014-05-04 06:45:00,0.0,26.95682,26.2064,26.46694,25.39724,27.82762
11818,2014-05-04 07:00:00,0.0,26.6138,26.95682,26.2064,26.46694,25.39724
11819,2014-05-04 07:15:00,0.0,26.94207,26.6138,26.95682,26.2064,26.46694
11820,2014-05-04 07:30:00,0.0,28.3727,26.94207,26.6138,26.95682,26.2064
11821,2014-05-04 07:45:00,0.0,27.14504,28.3727,26.94207,26.6138,26.95682
11822,2014-05-04 08:00:00,0.0,27.5172,27.14504,28.3727,26.94207,26.6138
11823,2014-05-04 08:15:00,0.0,26.14916,27.5172,27.14504,28.3727,26.94207
11824,2014-05-04 08:30:00,0.0,25.8295,26.14916,27.5172,27.14504,28.3727
11825,2014-05-04 08:45:00,0.0,27.58313,25.8295,26.14916,27.5172,27.14504
11826,2014-05-04 09:00:00,0.0,27.76278,27.58313,25.8295,26.14916,27.5172
11827,2014-05-04 09:15:00,0.0,25.06619,27.76278,27.58313,25.8295,26.14916
11828,2014-05-04 09:30:00,0.0,27.78299,25.06619,27.76278,27.58313,25.8295
11829,2014-05-04 09:45:00,0.0,27.93096,27.78299,25.06619,27.76278,27.58313
11830,2014-05-04 10:00:00,0.0,26.69739,27.93096,27.78299,25.06619,27.76278
11831,2014-05-04 10:15:00,0.0,25.80081,26.69739,27.93096,27.78299,25.06619
11832,2014-05-04 10:30:00,0.0,27.86655,25.80081,26.69739,27.93096,27.78299
11833,2014-05-04 10:45:00,0.0,27.07295,27.86655,25.80081,26.69739,27.93096
11834,2014-05-04 11:00:00,0.0,26.96609,27.07295,27.86655,25.80081,26.69739
11835,2014-05-04 11:15:00,0.0,27.67545,26.96609,27.07295,27.86655,25.80081
11836,2014-05-04 11:30:00,0.0,24.55015,27.67545,26.96609,27.07295,27.86655
11837,2014-05-04 11:45:00,0.0,26.34086,24.55015,27.67545,26.96609,27.07295
11838,2014-05-04 12:00:00,0.0,24.82413,26.34086,24.55015,27.67545,26.96609
11839,2014-05-04 12:15:00,0.0,26.78615,24.82413,26.34086,24.55015,27.67545
11840,2014-05-04 12:30:00,0.0,26.13896,26.78615,24.82413,26.34086,24.55015
11841,2014-05-04 12:45:00,0.0,26.54627,26.13896,26.78615,24.82413,26.34086
11842,2014-05-04 13:00:00,0.0,28.01335,26.54627,26.13896,26.78615,24.82413
11843,2014-05-04 13:15:00,0.0,27.80925,28.01335,26.54627,26.13896,26.78615
11844,2014-05-04 13:30:00,0.0,25.11887,27.80925,28.01335,26.54627,26.13896
11845,2014-05-04 13:45:00,0.0,25.52621,25.11887,27.80925,28.01335,26.54627
11846,2014-05-04 14:00:00,0.0,27.26219,25.52621,25.11887,27.80925,28.01335
11847,2014-05-04 14:15:00,0.0,26.14732,27.26219,25.52621,25.11887,27.80925
11848,2014-05-04 14:30:00,0.0,27.36212,26.14732,27.26219,25.52621,25.11887
11849,2014-05-04 14:45:00,0.0,26.49128,27.36212,26.14732,27.26219,25.52621
11850,2014-05-04 15:00:00,0.0,29.05305,26.49128,27.36212,26.14732,27.26219
11851,2014-05-04 15:15:00,0.0,27.40877,29.05305,26.49128,27.36212,26.14732
11852,2014-05-04 15:30:00,0.0,24.92909,27.40877,29.05305,26.49128,27.36212
11853,2014-05-04 15:45:00,0.0,28.1492,24.92909,27.40877,29.05305,26.49128
11854,2014-05-04 16:00:00,0.0,25.12496,28.1492,24.92909,27.40877,29.05305
11855,2014-05-04 16:15:00,0.0,24.55348,25.12496,28.1492,24.92909,27.40877
11856,2014-05-04 16:30:00,0.0,25.70743,24.55348,25.12496,28.1492,24.92909
11857,2014-05-04 16:45:00,0.0,28.5282,25.70743,24.55348,25.12496,28.1492
11858,2014-05-04 17:00:00,0.0,25.64515,28.5282,25.70743,24.55348,25.12496
11859,2014-05-04 17:15:00,0.0,27.58944,25.64515,28.5282,25.70743,24.55348
11860,2014-05-04 17:30:00,0.0,27.048,27.58944,25.64515,28.5282,25.70743
11861,2014-05-04 17:45:00,0.0,28.07935,27.048,27.58944,25.64515,28.5282
11862,2014-05-04 18:00:00,0.0,24.61693,28.07935,27.048,27.58944,25.64515
11863,2014-05-04 18:15:00,0.0,26.88405,24.61693,28.07935,27.048,27.58944
11864,2014-05-04 18:30:00,0.0,27.02354,26.88405,24.61693,28.07935,27.048
11865,2014-05-04 18:45:00,0.0,25.42195,27.02354,26.88405,24.61693,28.07935
11866,2014-05-04 19:00:00,0.0,27.16996,25.42195,27.02354,26.88405,24.61693
11867,2014-05-04 19:15:00,0.0,25.93162,27.16996,25.42195,27.02354,26.88405
11868,2014-05-04 19:30:00,0.0,26.29499,25.93162,27.16996,25.42195,27.02354
11869,2014-05-04 19:45:00,0.0,26.40771,26.29499,25.93162,27.16996,25.42195
11870,2014-05-04 20:00:00,0.0,26.31679,26.40771,26.29499,25.93162,27.16996
11871,2014-05-04 20:15:00,0.0,26.9447,26.31679,26.40771,26.29499,25.93162
11872,2014-05-04 20:30:00,0.0,26.15334,26.9447,26.31679,26.40771,26.29499
11873,2014-05-04 20:45:00,0.0,28.04128,26.15334,26.9447,26.31679,26.40771
11874,2014-05-04 21:00:00,0.0,27.72993,28.04128,26.15334,26.9447,26.31679
11875,2014-05-04 21:15:00,0.0,27.08256,27.72993,28.04128,26.15334,26.9447
11876,2014-05-04 21:30:00,0.0,27.54126,27.08256,27.72993,28.04128,26.15334
11877,2014-05-04 21:45:00,0.0,25.45149,27.54126,27.08256,27.72993,28.04128
11878,2014-05-04 22:00:00,0.0,24.59081,25.45149,27.54126,27.08256,27.72993
11879,2014-05-04 22:15:00,0.0,26.61145,24.59081,25.45149,27.54126,27.08256
11880,2014-05-04 22:30:00,0.0,27.45347,26.61145,24.59081,25.45149,27.54126
11881,2014-05-04 22:45:00,0.0,27.71738,27.45347,26.61145,24.59081,25.45149
11882,2014-05-04 23:00:00,0.0,25.77426,27.71738,27.45347,26.61145,24.59081
11883,2014-05-04 23:15:00,0.0,26.18604,25.77426,27.71738,27.45347,26.61145
11884,2014-05-04 23:30:00,0.0,24.98223,26.18604,25.77426,27.71738,27.45347
11885,2014-05-04 23:45:00,0.0,25.94298,24.98223,26.18604,25.77426,27.71738
11886,2014-05-05 00:00:00,0.0,24.42171,25.94298,24.98223,26.18604,25.77426
11887,2014-05-05 00:15:00,0.0,24.58285,24.42171,25.94298,24.98223,26.18604
11888,2014-05-05 00:30:00,0.0,23.7992,24.58285,24.42171,25.94298,24.98223
11889,2014-05-05 00:45:00,0.0,27.97466,23.7992,24.58285,24.42171,25.94298
11890,2014-05-05 01:00:00,0.0,25.34965,27.97466,23.7992,24.58285,24.42171
11891,2014-05-05 01:15:00,0.0,25.37954,25.34965,27.97466,23.7992,24.58285
11892,2014-05-05 01:30:00,0.0,26.445,25.37954,25.34965,27.97466,23.7992
11893,2014-05-05 01:45:00,0.0,25.48956,26.445,25.37954,25.34965,27.97466
11894,2014-05-05 02:00:00,0.0,26.39879,25.48956,26.445,25.37954,25.34965
11895,2014-05-05 02:15:00,0.0,24.56203,26.39879,25.48956,26.445,25.37954
11896,2014-05-05 02:30:00,0.0,24.89776,24.56203,26.39879,25.48956,26.445
11897,2014-05-05 02:45:00,0.0,25.62701,24.89776,24.56203,26.39879,25.48956
11898,2014-05-05 03:00:00,0.0,26.90325,25.62701,24.89776,24.56203,26.39879
11899,2014-05-05 03:15:00,0.0,24.57436,26.90325,25.62701,24.89776,24.56203
11900,2014-05-05 03:30:00,0.0,25.90901,24.57436,26.90325,25.62701,24.89776
11901,2014-05-05 03:45:00,0.0,26.29531,25.90901,24.57436,26.90325,25.62701
11902,2014-05-05 04:00:00,0.0,28.24976,26.29531,25.90901,24.57436,26.90325
11903,2014-05-05 04:15:00,0.0,27.42467,28.24976,26.29531,25.90901,24.57436
11904,2014-05-05 04:30:00,0.0,24.71946,27.42467,28.24976,26.29531,25.90901
11905,2014-05-05 04:45:00,0.0,26.90932,24.71946,27.42467,28.24976,26.29531
11906,2014-05-05 05:00:00,0.0,26.45724,26.90932,24.71946,27.42467,28.24976
11907,2014-05-05 05:15:00,0.0,24.33838,26.45724,26.90932,24.71946,27.42467
11908,2014-05-05 05:30:00,0.0,26.86958,24.33838,26.45724,26.90932,24.71946
11909,2014-05-05 05:45:00,0.0,26.83523,26.86958,24.33838,26.45724,26.90932
11910,2014-05-05 06:00:00,0.0,28.07015,26.83523,26.86958,24.33838,26.45724
11911,2014-05-05 06:15:00,0.0,29.16211,28.07015,26.83523,26.86958,24.33838
11912,2014-05-05 06:30:00,0.0,29.20809,29.16211,28.07015,26.83523,26.86958
11913,2014-05-05 06:45:00,0.0,30.10979,29.20809,29.16211,28.07015,26.83523
11914,2014-05-05 07:00:00,0.0,27.59914,30.10979,29.20809,29.16211,28.07015
11915,2014-05-05 07:15:00,0.0,30.34998,27.59914,30.10979,29.20809,29.16211
11916,2014-05-05 07:30:00,0.0,31.40274,30.34998,27.59914,30.10979,29.20809
11917,2014-05-05 07:45:00,0.0,31.30009,31.40274,30.34998,27.59914,30.10979
11918,2014-05-05 08:00:00,0.0,30.56388,31.30009,31.40274,30.34998,27.59914
11919,2014-05-05 08:15:00,0.0,30.84051,30.56388,31.30009,31.40274,30.34998
11920,2014-05-05 08:30:00,0.0,30.71786,30.84051,30.56388,31.30009,31.40274
11921,2014-05-05 08:45:00,0.0,30.62789,30.71786,30.84051,30.56388,31.30009
11922,2014-05-05 09:00:00,0.0,32.41792,30.62789,30.71786,30.84051,30.56388
11923,2014-05-05 09:15:00,0.0,33.34447,32.41792,30.62789,30.71786,30.84051
11924,2014-05-05 09:30:00,0.0,32.13092,33.34447,32.41792,30.62789,30.71786
11925,2014-05-05 09:45:00,0.0,31.9621,32.13092,33.34447,32.41792,30.62789
11926,2014-05-05 10:00:00,0.0,33.95009,31.9621,32.13092,33.34447,32.41792
11927,2014-05-05 10:15:00,0.0,34.70943,33.95009,31.9621,32.13092,33.34447
11928,2014-05-05 10:30:00,0.0,34.74938,34.70943,33.95009,31.9621,32.13092
11929,2014-05-05 10:45:00,0.0,34.52123,34.74938,34.70943,33.95009,31.9621
11930,2014-05-05 11:00:00,0.0,37.35002,34.52123,34.74938,34.70943,33.95009
11931,2014-05-05 11:15:00,0.0,37.66745,37.35002,34.52123,34.74938,34.70943
11932,2014-05-05 11:30:00,0.0,37.68968,37.66745,37.35002,34.52123,34.74938
11933,2014-05-05 11:45:00,0.0,36.37371,37.68968,37.66745,37.35002,34.52123
11934,2014-05-05 12:00:00,0.0,34.83925,36.37371,37.68968,37.66745,37.35002
11935,2014-05-05 12:15:00,0.0,33.74692,34.83925,36.37371,37.68968,37.66745
11936,2014-05-05 12:30:00,0.0,36.67038,33.74692,34.83925,36.37371,37.68968
11937,2014-05-05 12:45:00,0.0,37.66713,36.67038,33.74692,34.83925,36.37371
11938,2014-05-05 13:00:00,0.0,34.82147,37.66713,36.67038,33.74692,34.83925
11939,2014-05-05 13:15:00,0.0,35.29829,34.82147,37.66713,36.67038,33.74692
11940,2014-05-05 13:30:00,0.0,35.63316,35.29829,34.82147,37.66713,36.67038
11941,2014-05-05 13:45:00,0.0,34.72643,35.63316,35.29829,34.82147,37.66713
11942,2014-05-05 14:00:00,0.0,35.74269,34.72643,35.63316,35.29829,34.82147
11943,2014-05-05 14:15:00,0.0,34.73849,35.74269,34.72643,35.63316,35.29829
11944,2014-05-05 14:30:00,0.0,35.54748,34.73849,35.74269,34.72643,35.63316
11945,2014-05-05 14:45:00,0.0,36.50939,35.54748,34.73849,35.74269,34.72643
11946,2014-05-05 15:00:00,0.0,34.66914,36.50939,35.54748,34.73849,35.74269
11947,2014-05-05 15:15:00,0.0,35.64749,34.66914,36.50939,35.54748,34.73849
11948,2014-05-05 15:30:00,0.0,37.06916,35.64749,34.66914,36.50939,35.54748
11949,2014-05-05 15:45:00,0.0,36.01808,37.06916,35.64749,34.66914,36.50939
11950,2014-05-05 16:00:00,0.0,36.78091,36.01808,37.06916,35.64749,34.66914
11951,2014-05-05 16:15:00,0.0,35.4565,36.78091,36.01808,37.06916,35.64749
11952,2014-05-05 16:30:00,0.0,34.95879,35.4565,36.78091,36.01808,37.06916
11953,2014-05-05 16:45:00,0.0,35.92381,34.95879,35.4565,36.78091,36.01808
11954,2014-05-05 17:00:00,0.0,37.78998,35.92381,34.95879,35.4565,36.78091
11955,2014-05-05 17:15:00,0.0,34.90931,37.78998,35.92381,34.95879,35.4565
11956,2014-05-05 17:30:00,0.0,33.79224,34.90931,37.78998,35.92381,34.95879
11957,2014-05-05 17:45:00,0.0,32.90448,33.79224,34.90931,37.78998,35.92381
11958,2014-05-05 18:00:00,0.0,31.74039,32.90448,33.79224,34.90931,37.78998
11959,2014-05-05 18:15:00,0.0,32.05528,31.74039,32.90448,33.79224,34.90931
11960,2014-05-05 18:30:00,0.0,33.30253,32.05528,31.74039,32.90448,33.79224
11961,2014-05-05 18:45:00,0.0,31.15384,33.30253,32.05528,31.74039,32.90448
11962,2014-05-05 19:00:00,0.0,30.89659,31.15384,33.30253,32.05528,31.74039
11963,2014-05-05 19:15:00,0.0,30.02005,30.89659,31.15384,33.30253,32.05528
11964,2014-05-05 19:30:00,0.0,29.72532,30.02005,30.89659,31.15384,33.30253
11965,2014-05-05 19:45:00,0.0,30.62908,29.72532,30.02005,30.89659,31.15384
11966,2014-05-05 20:00:00,0.0,28.95608,30.62908,29.72532,30.02005,30.89659
11967,2014-05-05 20:15:00,0.0,30.42121,28.95608,30.62908,29.72532,30.02005
11968,2014-05-05 20:30:00,0.0,28.63991,30.42121,28.95608,30.62908,29.72532
11969,2014-05-05 20:45:00,0.0,30.94449,28.63991,30.42121,28.95608,30.62908
11970,2014-05-05 21:00:00,0.0,28.35091,30.94449,28.63991,30.42121,28.95608
11971,2014-05-05 21:15:00,0.0,28.52464,28.35091,30.94449,28.63991,30.42121
11972,2014-05-05 21:30:00,0.0,27.9562,28.52464,28.35091,30.94449,28.63991
11973,2014-05-05 21:45:00,0.0,27.6494,27.9562,28.52464,28.35091,30.94449
11974,2014-05-05 22:00:00,0.0,29.14853,27.6494,27.9562,28.52464,28.35091
11975,2014-05-05 22:15:00,0.0,29.57426,29.14853,27.6494,27.9562,28.52464
11976,2014-05-05 22:30:00,0.0,26.28326,29.57426,29.14853,27.6494,27.9562
11977,2014-05-05 22:45:00,0.0,28.12001,26.28326,29.57426,29.14853,27.6494
11978,2014-05-05 23:00:00,0.0,28.74177,28.12001,26.28326,29.57426,29.14853
11979,2014-05-05 23:15:00,0.0,25.15846,28.74177,28.12001,26.28326,29.57426
11980,2014-05-05 23:30:00,0.0,26.18414,25.15846,28.74177,28.12001,26.28326
11981,2014-05-05 23:45:00,0.0,27.16904,26.18414,25.15846,28.74177,28.12001
11982,2014-05-06 00:00:00,0.0,27.82532,27.16904,26.18414,25.15846,28.74177
11983,2014-05-06 00:15:00,0.0,25.30388,27.82532,27.16904,26.18414,25.15846
11984,2014-05-06 00:30:00,0.0,24.9976,25.30388,27.82532,27.16904,26.18414
11985,2014-05-06 00:45:00,0.0,26.84492,24.9976,25.30388,27.82532,27.16904
11986,2014-05-06 01:00:00,0.0,23.91315,26.84492,24.9976,25.30388,27.82532
11987,2014-05-06 01:15:00,0.0,28.08875,23.91315,26.84492,24.9976,25.30388
11988,2014-05-06 01:30:00,0.0,25.96782,28.08875,23.91315,26.84492,24.9976
11989,2014-05-06 01:45:00,0.0,27.85294,25.96782,28.08875,23.91315,26.84492
11990,2014-05-06 02:00:00,0.0,25.73755,27.85294,25.96782,28.08875,23.91315
11991,2014-05-06 02:15:00,0.0,25.89474,25.73755,27.85294,25.96782,28.08875
11992,2014-05-06 02:30:00,0.0,24.34543,25.89474,25.73755,27.85294,25.96782
11993,2014-05-06 02:45:00,0.0,25.83138,24.34543,25.89474,25.73755,27.85294
11994,2014-05-06 03:00:00,0.0,26.5049,25.83138,24.34543,25.89474,25.73755
11995,2014-05-06 03:15:00,0.0,26.7554,26.5049,25.83138,24.34543,25.89474
11996,2014-05-06 03:30:00,0.0,27.55383,26.7554,26.5049,25.83138,24.34543
11997,2014-05-06 03:45:00,0.0,26.07453,27.55383,26.7554,26.5049,25.83138
11998,2014-05-06 04:00:00,0.0,27.1504,26.07453,27.55383,26.7554,26.5049
11999,2014-05-06 04:15:00,0.0,25.31673,27.1504,26.07453,27.55383,26.7554
12000,2014-05-06 04:30:00,0.0,27.36709,25.31673,27.1504,26.07453,27.55383
12001,2014-05-06 04:45:00,0.0,24.87719,27.36709,25.31673,27.1504,26.07453
12002,2014-05-06 05:00:00,0.0,26.49558,24.87719,27.36709,25.31673,27.1504
12003,2014-05-06 05:15:00,0.0,27.30753,26.49558,24.87719,27.36709,25.31673
12004,2014-05-06 05:30:00,0.0,25.81033,27.30753,26.49558,24.87719,27.36709
12005,2014-05-06 05:45:00,0.0,28.56741,25.81033,27.30753,26.49558,24.87719
12006,2014-05-06 06:00:00,0.0,26.88873,28.56741,25.81033,27.30753,26.49558
12007,2014-05-06 06:15:00,0.0,28.37334,26.88873,28.56741,25.81033,27.30753
12008,2014-05-06 06:30:00,0.0,30.01888,28.37334,26.88873,28.56741,25.81033
12009,2014-05-06 06:45:00,0.0,29.53903,30.01888,28.37334,26.88873,28.56741
12010,2014-05-06 07:00:00,0.0,30.81753,29.53903,30.01888,28.37334,26.88873
12011,2014-05-06 07:15:00,0.0,31.82525,30.81753,29.53903,30.01888,28.37334
12012,2014-05-06 07:30:00,0.0,30.0849,31.82525,30.81753,29.53903,30.01888
12013,2014-05-06 07:45:00,0.0,32.59067,30.0849,31.82525,30.81753,29.53903
12014,2014-05-06 08:00:00,0.0,31.74821,32.59067,30.0849,31.82525,30.81753
12015,2014-05-06 08:15:00,0.0,33.24929,31.74821,32.59067,30.0849,31.82525
12016,2014-05-06 08:30:00,0.0,32.5224,33.24929,31.74821,32.59067,30.0849
12017,2014-05-06 08:45:00,0.0,30.71188,32.5224,33.24929,31.74821,32.59067
12018,2014-05-06 09:00:00,0.0,34.85833,30.71188,32.5224,33.24929,31.74821
12019,2014-05-06 09:15:00,0.0,33.74048,34.85833,30.71188,32.5224,33.24929
12020,2014-05-06 09:30:00,0.0,33.6912,33.74048,34.85833,30.71188,32.5224
12021,2014-05-06 09:45:00,0.0,33.84537,33.6912,33.74048,34.85833,30.71188
12022,2014-05-06 10:00:00,0.0,31.99328,33.84537,33.6912,33.74048,34.85833
12023,2014-05-06 10:15:00,0.0,34.72695,31.99328,33.84537,33.6912,33.74048
12024,2014-05-06 10:30:00,0.0,34.7304,34.72695,31.99328,33.84537,33.6912
12025,2014-05-06 10:45:00,0.0,34.67312,34.7304,34.72695,31.99328,33.84537
12026,2014-05-06 11:00:00,0.0,37.35641,34.67312,34.7304,34.72695,31.99328
12027,2014-05-06 11:15:00,0.0,35.13003,37.35641,34.67312,34.7304,34.72695
12028,2014-05-06 11:30:00,0.0,33.58836,35.13003,37.35641,34.67312,34.7304
12029,2014-05-06 11:45:00,0.0,35.14009,33.58836,35.13003,37.35641,34.67312
12030,2014-05-06 12:00:00,0.0,30.69744,35.14009,33.58836,35.13003,37.35641
12031,2014-05-06 12:15:00,0.0,35.33037,30.69744,35.14009,33.58836,35.13003
12032,2014-05-06 12:30:00,0.0,35.84888,35.33037,30.69744,35.14009,33.58836
12033,2014-05-06 12:45:00,0.0,37.75241,35.84888,35.33037,30.69744,35.14009
12034,2014-05-06 13:00:00,0.0,36.75859,37.75241,35.84888,35.33037,30.69744
12035,2014-05-06 13:15:00,0.0,34.64163,36.75859,37.75241,35.84888,35.33037
12036,2014-05-06 13:30:00,0.0,38.49141,34.64163,36.75859,37.75241,35.84888
12037,2014-05-06 13:45:00,0.0,37.68915,38.49141,34.64163,36.75859,37.75241
12038,2014-05-06 14:00:00,0.0,35.26889,37.68915,38.49141,34.64163,36.75859
12039,2014-05-06 14:15:00,0.0,34.4559,35.26889,37.68915,38.49141,34.64163
12040,2014-05-06 14:30:00,0.0,37.17145,34.4559,35.26889,37.68915,38.49141
12041,2014-05-06 14:45:00,0.0,39.07079,37.17145,34.4559,35.26889,37.68915
12042,2014-05-06 15:00:00,0.0,36.27577,39.07079,37.17145,34.4559,35.26889
12043,2014-05-06 15:15:00,0.0,33.89708,36.27577,39.07079,37.17145,34.4559
12044,2014-05-06 15:30:00,0.0,33.20465,33.89708,36.27577,39.07079,37.17145
12045,2014-05-06 15:45:00,0.0,37.39058,33.20465,33.89708,36.27577,39.07079
12046,2014-05-06 16:00:00,0.0,35.78708,37.39058,33.20465,33.89708,36.27577
12047,2014-05-06 16:15:00,0.0,38.32365,35.78708,37.39058,33.20465,33.89708
12048,2014-05-06 16:30:00,0.0,39.62625,38.32365,35.78708,37.39058,33.20465
12049,2014-05-06 16:45:00,0.0,38.6309,39.62625,38.32365,35.78708,37.39058
12050,2014-05-06 17:00:00,0.0,39.35516,38.6309,39.62625,38.32365,35.78708
12051,2014-05-06 17:15:00,0.0,39.90684,39.35516,38.6309,39.62625,38.32365
12052,2014-05-06 17:30:00,0.0,39.6984,39.90684,39.35516,38.6309,39.62625
12053,2014-05-06 17:45:00,0.0,37.13377,39.6984,39.90684,39.35516,38.6309
12054,2014-05-06 18:00:00,0.0,34.37743,37.13377,39.6984,39.90684,39.35516
12055,2014-05-06 18:15:00,0.0,34.71539,34.37743,37.13377,39.6984,39.90684
12056,2014-05-06 18:30:00,0.0,33.34999,34.71539,34.37743,37.13377,39.6984
12057,2014-05-06 18:45:00,0.0,34.24436,33.34999,34.71539,34.37743,37.13377
12058,2014-05-06 19:00:00,0.0,31.98309,34.24436,33.34999,34.71539,34.37743
12059,2014-05-06 19:15:00,0.0,31.36904,31.98309,34.24436,33.34999,34.71539
12060,2014-05-06 19:30:00,0.0,30.53237,31.36904,31.98309,34.24436,33.34999
12061,2014-05-06 19:45:00,0.0,29.887,30.53237,31.36904,31.98309,34.24436
12062,2014-05-06 20:00:00,0.0,28.22792,29.887,30.53237,31.36904,31.98309
12063,2014-05-06 20:15:00,0.0,28.20376,28.22792,29.887,30.53237,31.36904
12064,2014-05-06 20:30:00,0.0,29.75999,28.20376,28.22792,29.887,30.53237
12065,2014-05-06 20:45:00,0.0,30.44061,29.75999,28.20376,28.22792,29.887
12066,2014-05-06 21:00:00,0.0,28.83519,30.44061,29.75999,28.20376,28.22792
12067,2014-05-06 21:15:00,0.0,26.44218,28.83519,30.44061,29.75999,28.20376
12068,2014-05-06 21:30:00,0.0,28.55957,26.44218,28.83519,30.44061,29.75999
12069,2014-05-06 21:45:00,0.0,28.71198,28.55957,26.44218,28.83519,30.44061
12070,2014-05-06 22:00:00,0.0,26.97662,28.71198,28.55957,26.44218,28.83519
12071,2014-05-06 22:15:00,0.0,29.78543,26.97662,28.71198,28.55957,26.44218
12072,2014-05-06 22:30:00,0.0,27.0557,29.78543,26.97662,28.71198,28.55957
12073,2014-05-06 22:45:00,0.0,28.97361,27.0557,29.78543,26.97662,28.71198
12074,2014-05-06 23:00:00,0.0,26.95659,28.97361,27.0557,29.78543,26.97662
12075,2014-05-06 23:15:00,0.0,26.65649,26.95659,28.97361,27.0557,29.78543
12076,2014-05-06 23:30:00,0.0,26.1356,26.65649,26.95659,28.97361,27.0557
12077,2014-05-06 23:45:00,0.0,25.1978,26.1356,26.65649,26.95659,28.97361
12078,2014-05-07 00:00:00,0.0,26.48422,25.1978,26.1356,26.65649,26.95659
12079,2014-05-07 00:15:00,0.0,25.62365,26.48422,25.1978,26.1356,26.65649
12080,2014-05-07 00:30:00,0.0,24.50595,25.62365,26.48422,25.1978,26.1356
12081,2014-05-07 00:45:00,0.0,26.30275,24.50595,25.62365,26.48422,25.1978
12082,2014-05-07 01:00:00,0.0,25.5938,26.30275,24.50595,25.62365,26.48422
12083,2014-05-07 01:15:00,0.0,25.80406,25.5938,26.30275,24.50595,25.62365
12084,2014-05-07 01:30:00,0.0,26.63772,25.80406,25.5938,26.30275,24.50595
12085,2014-05-07 01:45:00,0.0,26.75215,26.63772,25.80406,25.5938,26.30275
12086,2014-05-07 02:00:00,0.0,26.80579,26.75215,26.63772,25.80406,25.5938
12087,2014-05-07 02:15:00,0.0,26.42102,26.80579,26.75215,26.63772,25.80406
12088,2014-05-07 02:30:00,0.0,26.96275,26.42102,26.80579,26.75215,26.63772
12089,2014-05-07 02:45:00,0.0,27.20281,26.96275,26.42102,26.80579,26.75215
12090,2014-05-07 03:00:00,0.0,26.26742,27.20281,26.96275,26.42102,26.80579
12091,2014-05-07 03:15:00,0.0,26.71979,26.26742,27.20281,26.96275,26.42102
12092,2014-05-07 03:30:00,0.0,26.60817,26.71979,26.26742,27.20281,26.96275
12093,2014-05-07 03:45:00,0.0,27.70478,26.60817,26.71979,26.26742,27.20281
12094,2014-05-07 04:00:00,0.0,24.64274,27.70478,26.60817,26.71979,26.26742
12095,2014-05-07 04:15:00,0.0,26.12705,24.64274,27.70478,26.60817,26.71979
12096,2014-05-07 04:30:00,0.0,25.89955,26.12705,24.64274,27.70478,26.60817
12097,2014-05-07 04:45:00,0.0,27.4521,25.89955,26.12705,24.64274,27.70478
12098,2014-05-07 05:00:00,0.0,25.98674,27.4521,25.89955,26.12705,24.64274
12099,2014-05-07 05:15:00,0.0,25.88815,25.98674,27.4521,25.89955,26.12705
12100,2014-05-07 05:30:00,0.0,27.33932,25.88815,25.98674,27.4521,25.89955
12101,2014-05-07 05:45:00,0.0,27.59648,27.33932,25.88815,25.98674,27.4521
12102,2014-05-07 06:00:00,0.0,28.55523,27.59648,27.33932,25.88815,25.98674
12103,2014-05-07 06:15:00,0.0,28.95126,28.55523,27.59648,27.33932,25.88815
12104,2014-05-07 06:30:00,0.0,30.07667,28.95126,28.55523,27.59648,27.33932
12105,2014-05-07 06:45:00,0.0,28.52422,30.07667,28.95126,28.55523,27.59648
12106,2014-05-07 07:00:00,0.0,27.19059,28.52422,30.07667,28.95126,28.55523
12107,2014-05-07 07:15:00,0.0,32.0166,27.19059,28.52422,30.07667,28.95126
12108,2014-05-07 07:30:00,0.0,31.52952,32.0166,27.19059,28.52422,30.07667
12109,2014-05-07 07:45:00,0.0,31.42821,31.52952,32.0166,27.19059,28.52422
12110,2014-05-07 08:00:00,0.0,31.7341,31.42821,31.52952,32.0166,27.19059
12111,2014-05-07 08:15:00,0.0,31.93195,31.7341,31.42821,31.52952,32.0166
12112,2014-05-07 08:30:00,0.0,28.11435,31.93195,31.7341,31.42821,31.52952
12113,2014-05-07 08:45:00,0.0,31.6324,28.11435,31.93195,31.7341,31.42821
12114,2014-05-07 09:00:00,0.0,32.78981,31.6324,28.11435,31.93195,31.7341
12115,2014-05-07 09:15:00,0.0,32.11058,32.78981,31.6324,28.11435,31.93195
12116,2014-05-07 09:30:00,0.0,30.00935,32.11058,32.78981,31.6324,28.11435
12117,2014-05-07 09:45:00,0.0,31.45013,30.00935,32.11058,32.78981,31.6324
12118,2014-05-07 10:00:00,0.0,34.80142,31.45013,30.00935,32.11058,32.78981
12119,2014-05-07 10:15:00,0.0,34.03301,34.80142,31.45013,30.00935,32.11058
12120,2014-05-07 10:30:00,0.0,35.37985,34.03301,34.80142,31.45013,30.00935
12121,2014-05-07 10:45:00,0.0,36.21534,35.37985,34.03301,34.80142,31.45013
12122,2014-05-07 11:00:00,0.0,36.76017,36.21534,35.37985,34.03301,34.80142
12123,2014-05-07 11:15:00,0.0,35.97678,36.76017,36.21534,35.37985,34.03301
12124,2014-05-07 11:30:00,0.0,32.48689,35.97678,36.76017,36.21534,35.37985
12125,2014-05-07 11:45:00,0.0,36.74143,32.48689,35.97678,36.76017,36.21534
12126,2014-05-07 12:00:00,0.0,35.46738,36.74143,32.48689,35.97678,36.76017
12127,2014-05-07 12:15:00,0.0,35.3079,35.46738,36.74143,32.48689,35.97678
12128,2014-05-07 12:30:00,0.0,38.10857,35.3079,35.46738,36.74143,32.48689
12129,2014-05-07 12:45:00,0.0,36.72674,38.10857,35.3079,35.46738,36.74143
12130,2014-05-07 13:00:00,0.0,35.34213,36.72674,38.10857,35.3079,35.46738
12131,2014-05-07 13:15:00,0.0,35.10424,35.34213,36.72674,38.10857,35.3079
12132,2014-05-07 13:30:00,0.0,38.08263,35.10424,35.34213,36.72674,38.10857
12133,2014-05-07 13:45:00,0.0,36.97004,38.08263,35.10424,35.34213,36.72674
12134,2014-05-07 14:00:00,0.0,34.63082,36.97004,38.08263,35.10424,35.34213
12135,2014-05-07 14:15:00,0.0,34.95437,34.63082,36.97004,38.08263,35.10424
12136,2014-05-07 14:30:00,0.0,37.12401,34.95437,34.63082,36.97004,38.08263
12137,2014-05-07 14:45:00,0.0,37.75249,37.12401,34.95437,34.63082,36.97004
12138,2014-05-07 15:00:00,0.0,37.61653,37.75249,37.12401,34.95437,34.63082
12139,2014-05-07 15:15:00,0.0,37.86641,37.61653,37.75249,37.12401,34.95437
12140,2014-05-07 15:30:00,0.0,37.19351,37.86641,37.61653,37.75249,37.12401
12141,2014-05-07 15:45:00,0.0,38.65107,37.19351,37.86641,37.61653,37.75249
12142,2014-05-07 16:00:00,0.0,39.08955,38.65107,37.19351,37.86641,37.61653
12143,2014-05-07 16:15:00,0.0,36.29781,39.08955,38.65107,37.19351,37.86641
12144,2014-05-07 16:30:00,0.0,36.3422,36.29781,39.08955,38.65107,37.19351
12145,2014-05-07 16:45:00,0.0,34.73032,36.3422,36.29781,39.08955,38.65107
12146,2014-05-07 17:00:00,0.0,36.42214,34.73032,36.3422,36.29781,39.08955
12147,2014-05-07 17:15:00,0.0,33.13572,36.42214,34.73032,36.3422,36.29781
12148,2014-05-07 17:30:00,0.0,32.63518,33.13572,36.42214,34.73032,36.3422
12149,2014-05-07 17:45:00,0.0,32.252,32.63518,33.13572,36.42214,34.73032
12150,2014-05-07 18:00:00,0.0,32.09731,32.252,32.63518,33.13572,36.42214
12151,2014-05-07 18:15:00,0.0,29.02022,32.09731,32.252,32.63518,33.13572
12152,2014-05-07 18:30:00,0.0,29.49886,29.02022,32.09731,32.252,32.63518
12153,2014-05-07 18:45:00,0.0,30.38659,29.49886,29.02022,32.09731,32.252
12154,2014-05-07 19:00:00,0.0,27.35196,30.38659,29.49886,29.02022,32.09731
12155,2014-05-07 19:15:00,0.0,28.6744,27.35196,30.38659,29.49886,29.02022
12156,2014-05-07 19:30:00,0.0,26.40871,28.6744,27.35196,30.38659,29.49886
12157,2014-05-07 19:45:00,0.0,29.03775,26.40871,28.6744,27.35196,30.38659
12158,2014-05-07 20:00:00,0.0,27.03327,29.03775,26.40871,28.6744,27.35196
12159,2014-05-07 20:15:00,0.0,28.02741,27.03327,29.03775,26.40871,28.6744
12160,2014-05-07 20:30:00,0.0,27.45692,28.02741,27.03327,29.03775,26.40871
12161,2014-05-07 20:45:00,0.0,28.21802,27.45692,28.02741,27.03327,29.03775
12162,2014-05-07 21:00:00,0.0,29.36778,28.21802,27.45692,28.02741,27.03327
12163,2014-05-07 21:15:00,0.0,27.96955,29.36778,28.21802,27.45692,28.02741
12164,2014-05-07 21:30:00,0.0,28.06881,27.96955,29.36778,28.21802,27.45692
12165,2014-05-07 21:45:00,0.0,27.9023,28.06881,27.96955,29.36778,28.21802
12166,2014-05-07 22:00:00,0.0,27.39471,27.9023,28.06881,27.96955,29.36778
12167,2014-05-07 22:15:00,0.0,27.32852,27.39471,27.9023,28.06881,27.96955
12168,2014-05-07 22:30:00,0.0,27.23999,27.32852,27.39471,27.9023,28.06881
12169,2014-05-07 22:45:00,0.0,26.93623,27.23999,27.32852,27.39471,27.9023
12170,2014-05-07 23:00:00,0.0,26.38818,26.93623,27.23999,27.32852,27.39471
12171,2014-05-07 23:15:00,0.0,25.16684,26.38818,26.93623,27.23999,27.32852
12172,2014-05-07 23:30:00,0.0,25.21507,25.16684,26.38818,26.93623,27.23999
12173,2014-05-07 23:45:00,0.0,27.01085,25.21507,25.16684,26.38818,26.93623
12174,2014-05-08 00:00:00,0.0,26.88953,27.01085,25.21507,25.16684,26.38818
12175,2014-05-08 00:15:00,0.0,26.05327,26.88953,27.01085,25.21507,25.16684
12176,2014-05-08 00:30:00,0.0,25.60985,26.05327,26.88953,27.01085,25.21507
12177,2014-05-08 00:45:00,0.0,25.58264,25.60985,26.05327,26.88953,27.01085
12178,2014-05-08 01:00:00,0.0,26.06536,25.58264,25.60985,26.05327,26.88953
12179,2014-05-08 01:15:00,0.0,25.02905,26.06536,25.58264,25.60985,26.05327
12180,2014-05-08 01:30:00,0.0,24.52504,25.02905,26.06536,25.58264,25.60985
12181,2014-05-08 01:45:00,0.0,26.60639,24.52504,25.02905,26.06536,25.58264
12182,2014-05-08 02:00:00,0.0,28.14685,26.60639,24.52504,25.02905,26.06536
12183,2014-05-08 02:15:00,0.0,24.95042,28.14685,26.60639,24.52504,25.02905
12184,2014-05-08 02:30:00,0.0,25.41076,24.95042,28.14685,26.60639,24.52504
12185,2014-05-08 02:45:00,0.0,26.87517,25.41076,24.95042,28.14685,26.60639
12186,2014-05-08 03:00:00,0.0,25.49507,26.87517,25.41076,24.95042,28.14685
12187,2014-05-08 03:15:00,0.0,27.15785,25.49507,26.87517,25.41076,24.95042
12188,2014-05-08 03:30:00,0.0,27.14945,27.15785,25.49507,26.87517,25.41076
12189,2014-05-08 03:45:00,0.0,27.58526,27.14945,27.15785,25.49507,26.87517
12190,2014-05-08 04:00:00,0.0,26.38571,27.58526,27.14945,27.15785,25.49507
12191,2014-05-08 04:15:00,0.0,26.39789,26.38571,27.58526,27.14945,27.15785
12192,2014-05-08 04:30:00,0.0,25.63965,26.39789,26.38571,27.58526,27.14945
12193,2014-05-08 04:45:00,0.0,26.78977,25.63965,26.39789,26.38571,27.58526
12194,2014-05-08 05:00:00,0.0,26.63887,26.78977,25.63965,26.39789,26.38571
12195,2014-05-08 05:15:00,0.0,27.18424,26.63887,26.78977,25.63965,26.39789
12196,2014-05-08 05:30:00,0.0,26.40507,27.18424,26.63887,26.78977,25.63965
12197,2014-05-08 05:45:00,0.0,27.12515,26.40507,27.18424,26.63887,26.78977
12198,2014-05-08 06:00:00,0.0,26.51137,27.12515,26.40507,27.18424,26.63887
12199,2014-05-08 06:15:00,0.0,29.31346,26.51137,27.12515,26.40507,27.18424
12200,2014-05-08 06:30:00,0.0,29.66283,29.31346,26.51137,27.12515,26.40507
12201,2014-05-08 06:45:00,0.0,30.4861,29.66283,29.31346,26.51137,27.12515
12202,2014-05-08 07:00:00,0.0,30.4537,30.4861,29.66283,29.31346,26.51137
12203,2014-05-08 07:15:00,0.0,29.71472,30.4537,30.4861,29.66283,29.31346
12204,2014-05-08 07:30:00,0.0,30.82463,29.71472,30.4537,30.4861,29.66283
12205,2014-05-08 07:45:00,0.0,29.97183,30.82463,29.71472,30.4537,30.4861
12206,2014-05-08 08:00:00,0.0,30.96726,29.97183,30.82463,29.71472,30.4537
12207,2014-05-08 08:15:00,0.0,31.69752,30.96726,29.97183,30.82463,29.71472
12208,2014-05-08 08:30:00,0.0,29.75067,31.69752,30.96726,29.97183,30.82463
12209,2014-05-08 08:45:00,0.0,31.73041,29.75067,31.69752,30.96726,29.97183
12210,2014-05-08 09:00:00,0.0,32.75715,31.73041,29.75067,31.69752,30.96726
12211,2014-05-08 09:15:00,0.0,32.83513,32.75715,31.73041,29.75067,31.69752
12212,2014-05-08 09:30:00,0.0,31.76658,32.83513,32.75715,31.73041,29.75067
12213,2014-05-08 09:45:00,0.0,33.67941,31.76658,32.83513,32.75715,31.73041
12214,2014-05-08 10:00:00,0.0,33.3584,33.67941,31.76658,32.83513,32.75715
12215,2014-05-08 10:15:00,0.0,35.19966,33.3584,33.67941,31.76658,32.83513
12216,2014-05-08 10:30:00,0.0,32.19654,35.19966,33.3584,33.67941,31.76658
12217,2014-05-08 10:45:00,0.0,35.06522,32.19654,35.19966,33.3584,33.67941
12218,2014-05-08 11:00:00,0.0,33.64789,35.06522,32.19654,35.19966,33.3584
12219,2014-05-08 11:15:00,0.0,33.19512,33.64789,35.06522,32.19654,35.19966
12220,2014-05-08 11:30:00,0.0,35.90288,33.19512,33.64789,35.06522,32.19654
12221,2014-05-08 11:45:00,0.0,35.93341,35.90288,33.19512,33.64789,35.06522
12222,2014-05-08 12:00:00,0.0,35.50509,35.93341,35.90288,33.19512,33.64789
12223,2014-05-08 12:15:00,0.0,38.75712,35.50509,35.93341,35.90288,33.19512
12224,2014-05-08 12:30:00,0.0,36.13599,38.75712,35.50509,35.93341,35.90288
12225,2014-05-08 12:45:00,0.0,37.64867,36.13599,38.75712,35.50509,35.93341
12226,2014-05-08 13:00:00,0.0,33.32136,37.64867,36.13599,38.75712,35.50509
12227,2014-05-08 13:15:00,0.0,33.62602,33.32136,37.64867,36.13599,38.75712
12228,2014-05-08 13:30:00,0.0,33.96557,33.62602,33.32136,37.64867,36.13599
12229,2014-05-08 13:45:00,0.0,36.97879,33.96557,33.62602,33.32136,37.64867
12230,2014-05-08 14:00:00,0.0,34.76237,36.97879,33.96557,33.62602,33.32136
12231,2014-05-08 14:15:00,0.0,36.82773,34.76237,36.97879,33.96557,33.62602
12232,2014-05-08 14:30:00,0.0,33.9179,36.82773,34.76237,36.97879,33.96557
12233,2014-05-08 14:45:00,0.0,35.44986,33.9179,36.82773,34.76237,36.97879
12234,2014-05-08 15:00:00,0.0,35.79526,35.44986,33.9179,36.82773,34.76237
12235,2014-05-08 15:15:00,0.0,37.17694,35.79526,35.44986,33.9179,36.82773
12236,2014-05-08 15:30:00,0.0,34.47227,37.17694,35.79526,35.44986,33.9179
12237,2014-05-08 15:45:00,0.0,37.87816,34.47227,37.17694,35.79526,35.44986
12238,2014-05-08 16:00:00,0.0,36.07498,37.87816,34.47227,37.17694,35.79526
12239,2014-05-08 16:15:00,0.0,34.14202,36.07498,37.87816,34.47227,37.17694
12240,2014-05-08 16:30:00,0.0,36.16423,34.14202,36.07498,37.87816,34.47227
12241,2014-05-08 16:45:00,0.0,36.90496,36.16423,34.14202,36.07498,37.87816
12242,2014-05-08 17:00:00,0.0,35.54365,36.90496,36.16423,34.14202,36.07498
12243,2014-05-08 17:15:00,0.0,32.82952,35.54365,36.90496,36.16423,34.14202
12244,2014-05-08 17:30:00,0.0,30.76534,32.82952,35.54365,36.90496,36.16423
12245,2014-05-08 17:45:00,0.0,33.29619,30.76534,32.82952,35.54365,36.90496
12246,2014-05-08 18:00:00,0.0,32.91569,33.29619,30.76534,32.82952,35.54365
12247,2014-05-08 18:15:00,0.0,30.11231,32.91569,33.29619,30.76534,32.82952
12248,2014-05-08 18:30:00,0.0,32.27806,30.11231,32.91569,33.29619,30.76534
12249,2014-05-08 18:45:00,0.0,31.59242,32.27806,30.11231,32.91569,33.29619
12250,2014-05-08 19:00:00,0.0,32.24728,31.59242,32.27806,30.11231,32.91569
12251,2014-05-08 19:15:00,0.0,29.82155,32.24728,31.59242,32.27806,30.11231
12252,2014-05-08 19:30:00,0.0,28.92721,29.82155,32.24728,31.59242,32.27806
12253,2014-05-08 19:45:00,0.0,28.41831,28.92721,29.82155,32.24728,31.59242
12254,2014-05-08 20:00:00,0.0,29.69388,28.41831,28.92721,29.82155,32.24728
12255,2014-05-08 20:15:00,0.0,29.64179,29.69388,28.41831,28.92721,29.82155
12256,2014-05-08 20:30:00,0.0,28.706,29.64179,29.69388,28.41831,28.92721
12257,2014-05-08 20:45:00,0.0,28.90274,28.706,29.64179,29.69388,28.41831
12258,2014-05-08 21:00:00,0.0,28.65468,28.90274,28.706,29.64179,29.69388
12259,2014-05-08 21:15:00,0.0,28.73176,28.65468,28.90274,28.706,29.64179
12260,2014-05-08 21:30:00,0.0,25.26213,28.73176,28.65468,28.90274,28.706
12261,2014-05-08 21:45:00,0.0,29.48949,25.26213,28.73176,28.65468,28.90274
12262,2014-05-08 22:00:00,0.0,29.19461,29.48949,25.26213,28.73176,28.65468
12263,2014-05-08 22:15:00,0.0,29.26112,29.19461,29.48949,25.26213,28.73176
12264,2014-05-08 22:30:00,0.0,27.82936,29.26112,29.19461,29.48949,25.26213
12265,2014-05-08 22:45:00,0.0,28.33497,27.82936,29.26112,29.19461,29.48949
12266,2014-05-08 23:00:00,0.0,28.023,28.33497,27.82936,29.26112,29.19461
12267,2014-05-08 23:15:00,0.0,26.38286,28.023,28.33497,27.82936,29.26112
12268,2014-05-08 23:30:00,0.0,25.62465,26.38286,28.023,28.33497,27.82936
12269,2014-05-08 23:45:00,0.0,27.87395,25.62465,26.38286,28.023,28.33497
12270,2014-05-09 00:00:00,0.0,27.20297,27.87395,25.62465,26.38286,28.023
12271,2014-05-09 00:15:00,0.0,25.80685,27.20297,27.87395,25.62465,26.38286
12272,2014-05-09 00:30:00,0.0,26.03225,25.80685,27.20297,27.87395,25.62465
12273,2014-05-09 00:45:00,0.0,26.36291,26.03225,25.80685,27.20297,27.87395
12274,2014-05-09 01:00:00,0.0,25.22325,26.36291,26.03225,25.80685,27.20297
12275,2014-05-09 01:15:00,0.0,26.90182,25.22325,26.36291,26.03225,25.80685
12276,2014-05-09 01:30:00,0.0,24.67014,26.90182,25.22325,26.36291,26.03225
12277,2014-05-09 01:45:00,0.0,28.81136,24.67014,26.90182,25.22325,26.36291
12278,2014-05-09 02:00:00,0.0,25.84857,28.81136,24.67014,26.90182,25.22325
12279,2014-05-09 02:15:00,0.0,27.74706,25.84857,28.81136,24.67014,26.90182
12280,2014-05-09 02:30:00,0.0,25.90819,27.74706,25.84857,28.81136,24.67014
12281,2014-05-09 02:45:00,0.0,24.91335,25.90819,27.74706,25.84857,28.81136
12282,2014-05-09 03:00:00,0.0,26.95548,24.91335,25.90819,27.74706,25.84857
12283,2014-05-09 03:15:00,0.0,26.53454,26.95548,24.91335,25.90819,27.74706
12284,2014-05-09 03:30:00,0.0,27.53558,26.53454,26.95548,24.91335,25.90819
12285,2014-05-09 03:45:00,0.0,27.16168,27.53558,26.53454,26.95548,24.91335
12286,2014-05-09 04:00:00,0.0,27.59958,27.16168,27.53558,26.53454,26.95548
12287,2014-05-09 04:15:00,0.0,26.77666,27.59958,27.16168,27.53558,26.53454
12288,2014-05-09 04:30:00,0.0,26.60445,26.77666,27.59958,27.16168,27.53558
12289,2014-05-09 04:45:00,0.0,27.47957,26.60445,26.77666,27.59958,27.16168
12290,2014-05-09 05:00:00,0.0,26.27501,27.47957,26.60445,26.77666,27.59958
12291,2014-05-09 05:15:00,0.0,26.53394,26.27501,27.47957,26.60445,26.77666
12292,2014-05-09 05:30:00,0.0,26.73515,26.53394,26.27501,27.47957,26.60445
12293,2014-05-09 05:45:00,0.0,27.47668,26.73515,26.53394,26.27501,27.47957
12294,2014-05-09 06:00:00,0.0,27.94881,27.47668,26.73515,26.53394,26.27501
12295,2014-05-09 06:15:00,0.0,27.53148,27.94881,27.47668,26.73515,26.53394
12296,2014-05-09 06:30:00,0.0,29.80145,27.53148,27.94881,27.47668,26.73515
12297,2014-05-09 06:45:00,0.0,31.91339,29.80145,27.53148,27.94881,27.47668
12298,2014-05-09 07:00:00,0.0,31.00769,31.91339,29.80145,27.53148,27.94881
12299,2014-05-09 07:15:00,0.0,31.93999,31.00769,31.91339,29.80145,27.53148
12300,2014-05-09 07:30:00,0.0,31.12648,31.93999,31.00769,31.91339,29.80145
12301,2014-05-09 07:45:00,0.0,32.00355,31.12648,31.93999,31.00769,31.91339
12302,2014-05-09 08:00:00,0.0,31.27426,32.00355,31.12648,31.93999,31.00769
12303,2014-05-09 08:15:00,0.0,29.38694,31.27426,32.00355,31.12648,31.93999
12304,2014-05-09 08:30:00,0.0,31.39794,29.38694,31.27426,32.00355,31.12648
12305,2014-05-09 08:45:00,0.0,33.3996,31.39794,29.38694,31.27426,32.00355
12306,2014-05-09 09:00:00,0.0,33.10138,33.3996,31.39794,29.38694,31.27426
12307,2014-05-09 09:15:00,0.0,31.40574,33.10138,33.3996,31.39794,29.38694
12308,2014-05-09 09:30:00,0.0,33.50368,31.40574,33.10138,33.3996,31.39794
12309,2014-05-09 09:45:00,0.0,34.23988,33.50368,31.40574,33.10138,33.3996
12310,2014-05-09 10:00:00,0.0,34.22156,34.23988,33.50368,31.40574,33.10138
12311,2014-05-09 10:15:00,0.0,34.41484,34.22156,34.23988,33.50368,31.40574
12312,2014-05-09 10:30:00,0.0,34.49786,34.41484,34.22156,34.23988,33.50368
12313,2014-05-09 10:45:00,0.0,36.69339,34.49786,34.41484,34.22156,34.23988
12314,2014-05-09 11:00:00,0.0,34.96279,36.69339,34.49786,34.41484,34.22156
12315,2014-05-09 11:15:00,0.0,34.77809,34.96279,36.69339,34.49786,34.41484
12316,2014-05-09 11:30:00,0.0,34.0622,34.77809,34.96279,36.69339,34.49786
12317,2014-05-09 11:45:00,0.0,35.94732,34.0622,34.77809,34.96279,36.69339
12318,2014-05-09 12:00:00,0.0,34.28591,35.94732,34.0622,34.77809,34.96279
12319,2014-05-09 12:15:00,0.0,37.02847,34.28591,35.94732,34.0622,34.77809
12320,2014-05-09 12:30:00,0.0,35.93829,37.02847,34.28591,35.94732,34.0622
12321,2014-05-09 12:45:00,0.0,35.49163,35.93829,37.02847,34.28591,35.94732
12322,2014-05-09 13:00:00,0.0,33.16441,35.49163,35.93829,37.02847,34.28591
12323,2014-05-09 13:15:00,0.0,37.22272,33.16441,35.49163,35.93829,37.02847
12324,2014-05-09 13:30:00,0.0,34.86024,37.22272,33.16441,35.49163,35.93829
12325,2014-05-09 13:45:00,0.0,35.58366,34.86024,37.22272,33.16441,35.49163
12326,2014-05-09 14:00:00,0.0,35.52159,35.58366,34.86024,37.22272,33.16441
12327,2014-05-09 14:15:00,0.0,36.23393,35.52159,35.58366,34.86024,37.22272
12328,2014-05-09 14:30:00,0.0,38.05935,36.23393,35.52159,35.58366,34.86024
12329,2014-05-09 14:45:00,0.0,36.94578,38.05935,36.23393,35.52159,35.58366
12330,2014-05-09 15:00:00,0.0,34.44528,36.94578,38.05935,36.23393,35.52159
12331,2014-05-09 15:15:00,0.0,36.28433,34.44528,36.94578,38.05935,36.23393
12332,2014-05-09 15:30:00,0.0,33.79389,36.28433,34.44528,36.94578,38.05935
12333,2014-05-09 15:45:00,0.0,34.72887,33.79389,36.28433,34.44528,36.94578
12334,2014-05-09 16:00:00,0.0,33.75942,34.72887,33.79389,36.28433,34.44528
12335,2014-05-09 16:15:00,0.0,34.53544,33.75942,34.72887,33.79389,36.28433
12336,2014-05-09 16:30:00,0.0,32.64182,34.53544,33.75942,34.72887,33.79389
12337,2014-05-09 16:45:00,0.0,38.94482,32.64182,34.53544,33.75942,34.72887
12338,2014-05-09 17:00:00,0.0,37.16615,38.94482,32.64182,34.53544,33.75942
12339,2014-05-09 17:15:00,0.0,37.75218,37.16615,38.94482,32.64182,34.53544
12340,2014-05-09 17:30:00,0.0,34.8749,37.75218,37.16615,38.94482,32.64182
12341,2014-05-09 17:45:00,0.0,34.34825,34.8749,37.75218,37.16615,38.94482
12342,2014-05-09 18:00:00,0.0,31.52251,34.34825,34.8749,37.75218,37.16615
12343,2014-05-09 18:15:00,0.0,33.46174,31.52251,34.34825,34.8749,37.75218
12344,2014-05-09 18:30:00,0.0,31.8551,33.46174,31.52251,34.34825,34.8749
12345,2014-05-09 18:45:00,0.0,30.43671,31.8551,33.46174,31.52251,34.34825
12346,2014-05-09 19:00:00,0.0,28.73827,30.43671,31.8551,33.46174,31.52251
12347,2014-05-09 19:15:00,0.0,28.0592,28.73827,30.43671,31.8551,33.46174
12348,2014-05-09 19:30:00,0.0,26.91655,28.0592,28.73827,30.43671,31.8551
12349,2014-05-09 19:45:00,0.0,28.03785,26.91655,28.0592,28.73827,30.43671
12350,2014-05-09 20:00:00,0.0,28.77094,28.03785,26.91655,28.0592,28.73827
12351,2014-05-09 20:15:00,0.0,28.8076,28.77094,28.03785,26.91655,28.0592
12352,2014-05-09 20:30:00,0.0,27.80597,28.8076,28.77094,28.03785,26.91655
12353,2014-05-09 20:45:00,0.0,27.54712,27.80597,28.8076,28.77094,28.03785
12354,2014-05-09 21:00:00,0.0,29.22277,27.54712,27.80597,28.8076,28.77094
12355,2014-05-09 21:15:00,0.0,27.21886,29.22277,27.54712,27.80597,28.8076
12356,2014-05-09 21:30:00,0.0,26.6728,27.21886,29.22277,27.54712,27.80597
12357,2014-05-09 21:45:00,0.0,27.31743,26.6728,27.21886,29.22277,27.54712
12358,2014-05-09 22:00:00,0.0,26.69509,27.31743,26.6728,27.21886,29.22277
12359,2014-05-09 22:15:00,0.0,27.54234,26.69509,27.31743,26.6728,27.21886
12360,2014-05-09 22:30:00,0.0,26.64891,27.54234,26.69509,27.31743,26.6728
12361,2014-05-09 22:45:00,0.0,29.20272,26.64891,27.54234,26.69509,27.31743
12362,2014-05-09 23:00:00,0.0,26.89524,29.20272,26.64891,27.54234,26.69509
12363,2014-05-09 23:15:00,0.0,25.85336,26.89524,29.20272,26.64891,27.54234
12364,2014-05-09 23:30:00,0.0,24.58456,25.85336,26.89524,29.20272,26.64891
12365,2014-05-09 23:45:00,0.0,24.52722,24.58456,25.85336,26.89524,29.20272
12366,2014-05-10 00:00:00,0.0,25.691,24.52722,24.58456,25.85336,26.89524
12367,2014-05-10 00:15:00,0.0,26.30322,25.691,24.52722,24.58456,25.85336
12368,2014-05-10 00:30:00,0.0,25.94496,26.30322,25.691,24.52722,24.58456
12369,2014-05-10 00:45:00,0.0,25.16118,25.94496,26.30322,25.691,24.52722
12370,2014-05-10 01:00:00,0.0,26.16137,25.16118,25.94496,26.30322,25.691
12371,2014-05-10 01:15:00,0.0,24.39545,26.16137,25.16118,25.94496,26.30322
12372,2014-05-10 01:30:00,0.0,25.40915,24.39545,26.16137,25.16118,25.94496
12373,2014-05-10 01:45:00,0.0,25.91021,25.40915,24.39545,26.16137,25.16118
12374,2014-05-10 02:00:00,0.0,26.66077,25.91021,25.40915,24.39545,26.16137
12375,2014-05-10 02:15:00,0.0,25.39841,26.66077,25.91021,25.40915,24.39545
12376,2014-05-10 02:30:00,0.0,26.63231,25.39841,26.66077,25.91021,25.40915
12377,2014-05-10 02:45:00,0.0,25.79216,26.63231,25.39841,26.66077,25.91021
12378,2014-05-10 03:00:00,0.0,26.81918,25.79216,26.63231,25.39841,26.66077
12379,2014-05-10 03:15:00,0.0,23.88973,26.81918,25.79216,26.63231,25.39841
12380,2014-05-10 03:30:00,0.0,26.21895,23.88973,26.81918,25.79216,26.63231
12381,2014-05-10 03:45:00,0.0,26.93743,26.21895,23.88973,26.81918,25.79216
12382,2014-05-10 04:00:00,0.0,27.10281,26.93743,26.21895,23.88973,26.81918
12383,2014-05-10 04:15:00,0.0,24.56682,27.10281,26.93743,26.21895,23.88973
12384,2014-05-10 04:30:00,0.0,25.2034,24.56682,27.10281,26.93743,26.21895
12385,2014-05-10 04:45:00,0.0,23.78752,25.2034,24.56682,27.10281,26.93743
12386,2014-05-10 05:00:00,0.0,24.84691,23.78752,25.2034,24.56682,27.10281
12387,2014-05-10 05:15:00,0.0,26.86968,24.84691,23.78752,25.2034,24.56682
12388,2014-05-10 05:30:00,0.0,25.73238,26.86968,24.84691,23.78752,25.2034
12389,2014-05-10 05:45:00,0.0,28.23031,25.73238,26.86968,24.84691,23.78752
12390,2014-05-10 06:00:00,0.0,25.27416,28.23031,25.73238,26.86968,24.84691
12391,2014-05-10 06:15:00,0.0,26.29044,25.27416,28.23031,25.73238,26.86968
12392,2014-05-10 06:30:00,0.0,24.60533,26.29044,25.27416,28.23031,25.73238
12393,2014-05-10 06:45:00,0.0,26.85779,24.60533,26.29044,25.27416,28.23031
12394,2014-05-10 07:00:00,0.0,26.14575,26.85779,24.60533,26.29044,25.27416
12395,2014-05-10 07:15:00,0.0,28.58968,26.14575,26.85779,24.60533,26.29044
12396,2014-05-10 07:30:00,0.0,25.93502,28.58968,26.14575,26.85779,24.60533
12397,2014-05-10 07:45:00,0.0,27.38734,25.93502,28.58968,26.14575,26.85779
12398,2014-05-10 08:00:00,0.0,26.19494,27.38734,25.93502,28.58968,26.14575
12399,2014-05-10 08:15:00,0.0,27.40097,26.19494,27.38734,25.93502,28.58968
12400,2014-05-10 08:30:00,0.0,27.33136,27.40097,26.19494,27.38734,25.93502
12401,2014-05-10 08:45:00,0.0,27.71487,27.33136,27.40097,26.19494,27.38734
12402,2014-05-10 09:00:00,0.0,28.29675,27.71487,27.33136,27.40097,26.19494
12403,2014-05-10 09:15:00,0.0,23.60909,28.29675,27.71487,27.33136,27.40097
12404,2014-05-10 09:30:00,0.0,26.86324,23.60909,28.29675,27.71487,27.33136
12405,2014-05-10 09:45:00,0.0,27.76775,26.86324,23.60909,28.29675,27.71487
12406,2014-05-10 10:00:00,0.0,24.55648,27.76775,26.86324,23.60909,28.29675
12407,2014-05-10 10:15:00,0.0,26.77645,24.55648,27.76775,26.86324,23.60909
12408,2014-05-10 10:30:00,0.0,26.4388,26.77645,24.55648,27.76775,26.86324
12409,2014-05-10 10:45:00,0.0,29.03613,26.4388,26.77645,24.55648,27.76775
12410,2014-05-10 11:00:00,0.0,26.46078,29.03613,26.4388,26.77645,24.55648
12411,2014-05-10 11:15:00,0.0,25.55645,26.46078,29.03613,26.4388,26.77645
12412,2014-05-10 11:30:00,0.0,25.44381,25.55645,26.46078,29.03613,26.4388
12413,2014-05-10 11:45:00,0.0,26.45258,25.44381,25.55645,26.46078,29.03613
12414,2014-05-10 12:00:00,0.0,26.98062,26.45258,25.44381,25.55645,26.46078
12415,2014-05-10 12:15:00,0.0,27.43355,26.98062,26.45258,25.44381,25.55645
12416,2014-05-10 12:30:00,0.0,26.90259,27.43355,26.98062,26.45258,25.44381
12417,2014-05-10 12:45:00,0.0,26.89902,26.90259,27.43355,26.98062,26.45258
12418,2014-05-10 13:00:00,0.0,25.07647,26.89902,26.90259,27.43355,26.98062
12419,2014-05-10 13:15:00,0.0,25.53806,25.07647,26.89902,26.90259,27.43355
12420,2014-05-10 13:30:00,0.0,23.7041,25.53806,25.07647,26.89902,26.90259
12421,2014-05-10 13:45:00,0.0,28.45571,23.7041,25.53806,25.07647,26.89902
12422,2014-05-10 14:00:00,0.0,27.1036,28.45571,23.7041,25.53806,25.07647
12423,2014-05-10 14:15:00,0.0,25.43388,27.1036,28.45571,23.7041,25.53806
12424,2014-05-10 14:30:00,0.0,27.61436,25.43388,27.1036,28.45571,23.7041
12425,2014-05-10 14:45:00,0.0,25.67645,27.61436,25.43388,27.1036,28.45571
12426,2014-05-10 15:00:00,0.0,26.25209,25.67645,27.61436,25.43388,27.1036
12427,2014-05-10 15:15:00,0.0,25.17649,26.25209,25.67645,27.61436,25.43388
12428,2014-05-10 15:30:00,0.0,25.71049,25.17649,26.25209,25.67645,27.61436
12429,2014-05-10 15:45:00,0.0,26.95885,25.71049,25.17649,26.25209,25.67645
12430,2014-05-10 16:00:00,0.0,25.98974,26.95885,25.71049,25.17649,26.25209
12431,2014-05-10 16:15:00,0.0,25.79743,25.98974,26.95885,25.71049,25.17649
12432,2014-05-10 16:30:00,0.0,27.46143,25.79743,25.98974,26.95885,25.71049
12433,2014-05-10 16:45:00,0.0,25.87551,27.46143,25.79743,25.98974,26.95885
12434,2014-05-10 17:00:00,0.0,27.00797,25.87551,27.46143,25.79743,25.98974
12435,2014-05-10 17:15:00,0.0,25.74767,27.00797,25.87551,27.46143,25.79743
12436,2014-05-10 17:30:00,0.0,25.916,25.74767,27.00797,25.87551,27.46143
12437,2014-05-10 17:45:00,0.0,26.75449,25.916,25.74767,27.00797,25.87551
12438,2014-05-10 18:00:00,0.0,27.79277,26.75449,25.916,25.74767,27.00797
12439,2014-05-10 18:15:00,0.0,23.9712,27.79277,26.75449,25.916,25.74767
12440,2014-05-10 18:30:00,0.0,26.92933,23.9712,27.79277,26.75449,25.916
12441,2014-05-10 18:45:00,0.0,23.35351,26.92933,23.9712,27.79277,26.75449
12442,2014-05-10 19:00:00,0.0,25.91456,23.35351,26.92933,23.9712,27.79277
12443,2014-05-10 19:15:00,0.0,25.2523,25.91456,23.35351,26.92933,23.9712
12444,2014-05-10 19:30:00,0.0,25.38623,25.2523,25.91456,23.35351,26.92933
12445,2014-05-10 19:45:00,0.0,27.05159,25.38623,25.2523,25.91456,23.35351
12446,2014-05-10 20:00:00,0.0,24.05654,27.05159,25.38623,25.2523,25.91456
12447,2014-05-10 20:15:00,0.0,27.9713,24.05654,27.05159,25.38623,25.2523
12448,2014-05-10 20:30:00,0.0,25.64964,27.9713,24.05654,27.05159,25.38623
12449,2014-05-10 20:45:00,0.0,26.43232,25.64964,27.9713,24.05654,27.05159
12450,2014-05-10 21:00:00,0.0,26.87955,26.43232,25.64964,27.9713,24.05654
12451,2014-05-10 21:15:00,0.0,26.52052,26.87955,26.43232,25.64964,27.9713
12452,2014-05-10 21:30:00,0.0,25.35525,26.52052,26.87955,26.43232,25.64964
12453,2014-05-10 21:45:00,0.0,28.16971,25.35525,26.52052,26.87955,26.43232
12454,2014-05-10 22:00:00,0.0,28.38444,28.16971,25.35525,26.52052,26.87955
12455,2014-05-10 22:15:00,0.0,26.4603,28.38444,28.16971,25.35525,26.52052
12456,2014-05-10 22:30:00,0.0,25.84211,26.4603,28.38444,28.16971,25.35525
12457,2014-05-10 22:45:00,0.0,26.66526,25.84211,26.4603,28.38444,28.16971
12458,2014-05-10 23:00:00,0.0,26.62292,26.66526,25.84211,26.4603,28.38444
12459,2014-05-10 23:15:00,0.0,26.72761,26.62292,26.66526,25.84211,26.4603
12460,2014-05-10 23:30:00,0.0,25.02428,26.72761,26.62292,26.66526,25.84211
12461,2014-05-10 23:45:00,0.0,26.73152,25.02428,26.72761,26.62292,26.66526
12462,2014-05-11 00:00:00,0.0,26.20932,26.73152,25.02428,26.72761,26.62292
12463,2014-05-11 00:15:00,0.0,24.63356,26.20932,26.73152,25.02428,26.72761
12464,2014-05-11 00:30:00,0.0,24.03205,24.63356,26.20932,26.73152,25.02428
12465,2014-05-11 00:45:00,0.0,25.77107,24.03205,24.63356,26.20932,26.73152
12466,2014-05-11 01:00:00,0.0,25.62296,25.77107,24.03205,24.63356,26.20932
12467,2014-05-11 01:15:00,0.0,26.97212,25.62296,25.77107,24.03205,24.63356
12468,2014-05-11 01:30:00,0.0,25.20931,26.97212,25.62296,25.77107,24.03205
12469,2014-05-11 01:45:00,0.0,26.94626,25.20931,26.97212,25.62296,25.77107
12470,2014-05-11 02:00:00,0.0,25.33135,26.94626,25.20931,26.97212,25.62296
12471,2014-05-11 02:15:00,0.0,24.08281,25.33135,26.94626,25.20931,26.97212
12472,2014-05-11 02:30:00,0.0,25.97777,24.08281,25.33135,26.94626,25.20931
12473,2014-05-11 02:45:00,0.0,26.6942,25.97777,24.08281,25.33135,26.94626
12474,2014-05-11 03:00:00,0.0,25.47147,26.6942,25.97777,24.08281,25.33135
12475,2014-05-11 03:15:00,0.0,26.26814,25.47147,26.6942,25.97777,24.08281
12476,2014-05-11 03:30:00,0.0,24.00716,26.26814,25.47147,26.6942,25.97777
12477,2014-05-11 03:45:00,0.0,25.78993,24.00716,26.26814,25.47147,26.6942
12478,2014-05-11 04:00:00,0.0,26.65775,25.78993,24.00716,26.26814,25.47147
12479,2014-05-11 04:15:00,0.0,24.73589,26.65775,25.78993,24.00716,26.26814
12480,2014-05-11 04:30:00,0.0,27.22687,24.73589,26.65775,25.78993,24.00716
12481,2014-05-11 04:45:00,0.0,26.22788,27.22687,24.73589,26.65775,25.78993
12482,2014-05-11 05:00:00,0.0,25.80822,26.22788,27.22687,24.73589,26.65775
12483,2014-05-11 05:15:00,0.0,24.41667,25.80822,26.22788,27.22687,24.73589
12484,2014-05-11 05:30:00,0.0,25.4792,24.41667,25.80822,26.22788,27.22687
12485,2014-05-11 05:45:00,0.0,25.81166,25.4792,24.41667,25.80822,26.22788
12486,2014-05-11 06:00:00,0.0,26.74572,25.81166,25.4792,24.41667,25.80822
12487,2014-05-11 06:15:00,0.0,25.06378,26.74572,25.81166,25.4792,24.41667
12488,2014-05-11 06:30:00,0.0,24.72571,25.06378,26.74572,25.81166,25.4792
12489,2014-05-11 06:45:00,0.0,27.68294,24.72571,25.06378,26.74572,25.81166
12490,2014-05-11 07:00:00,0.0,24.66074,27.68294,24.72571,25.06378,26.74572
12491,2014-05-11 07:15:00,0.0,26.87968,24.66074,27.68294,24.72571,25.06378
12492,2014-05-11 07:30:00,0.0,23.78004,26.87968,24.66074,27.68294,24.72571
12493,2014-05-11 07:45:00,0.0,26.68936,23.78004,26.87968,24.66074,27.68294
12494,2014-05-11 08:00:00,0.0,26.73456,26.68936,23.78004,26.87968,24.66074
12495,2014-05-11 08:15:00,0.0,28.29412,26.73456,26.68936,23.78004,26.87968
12496,2014-05-11 08:30:00,0.0,27.2492,28.29412,26.73456,26.68936,23.78004
12497,2014-05-11 08:45:00,0.0,26.78685,27.2492,28.29412,26.73456,26.68936
12498,2014-05-11 09:00:00,0.0,26.36851,26.78685,27.2492,28.29412,26.73456
12499,2014-05-11 09:15:00,0.0,24.06465,26.36851,26.78685,27.2492,28.29412
12500,2014-05-11 09:30:00,0.0,24.98068,24.06465,26.36851,26.78685,27.2492
12501,2014-05-11 09:45:00,0.0,26.86532,24.98068,24.06465,26.36851,26.78685
12502,2014-05-11 10:00:00,0.0,28.89984,26.86532,24.98068,24.06465,26.36851
12503,2014-05-11 10:15:00,0.0,25.86691,28.89984,26.86532,24.98068,24.06465
12504,2014-05-11 10:30:00,0.0,27.4272,25.86691,28.89984,26.86532,24.98068
12505,2014-05-11 10:45:00,0.0,25.83746,27.4272,25.86691,28.89984,26.86532
12506,2014-05-11 11:00:00,0.0,25.91367,25.83746,27.4272,25.86691,28.89984
12507,2014-05-11 11:15:00,0.0,30.38102,25.91367,25.83746,27.4272,25.86691
12508,2014-05-11 11:30:00,0.0,27.84639,30.38102,25.91367,25.83746,27.4272
12509,2014-05-11 11:45:00,0.0,32.53381,27.84639,30.38102,25.91367,25.83746
12510,2014-05-11 12:00:00,0.0,32.28758,32.53381,27.84639,30.38102,25.91367
12511,2014-05-11 12:15:00,0.0,28.24994,32.28758,32.53381,27.84639,30.38102
12512,2014-05-11 12:30:00,0.0,27.87749,28.24994,32.28758,32.53381,27.84639
12513,2014-05-11 12:45:00,0.0,30.60014,27.87749,28.24994,32.28758,32.53381
12514,2014-05-11 13:00:00,0.0,30.24106,30.60014,27.87749,28.24994,32.28758
12515,2014-05-11 13:15:00,0.0,27.46416,30.24106,30.60014,27.87749,28.24994
12516,2014-05-11 13:30:00,0.0,30.63659,27.46416,30.24106,30.60014,27.87749
12517,2014-05-11 13:45:00,0.0,29.10989,30.63659,27.46416,30.24106,30.60014
12518,2014-05-11 14:00:00,0.0,33.72161,29.10989,30.63659,27.46416,30.24106
12519,2014-05-11 14:15:00,0.0,31.58218,33.72161,29.10989,30.63659,27.46416
12520,2014-05-11 14:30:00,0.0,34.4993,31.58218,33.72161,29.10989,30.63659
12521,2014-05-11 14:45:00,0.0,33.70647,34.4993,31.58218,33.72161,29.10989
12522,2014-05-11 15:00:00,0.0,30.90912,33.70647,34.4993,31.58218,33.72161
12523,2014-05-11 15:15:00,0.0,32.78888,30.90912,33.70647,34.4993,31.58218
12524,2014-05-11 15:30:00,0.0,31.41529,32.78888,30.90912,33.70647,34.4993
12525,2014-05-11 15:45:00,0.0,31.61678,31.41529,32.78888,30.90912,33.70647
12526,2014-05-11 16:00:00,0.0,27.86174,31.61678,31.41529,32.78888,30.90912
12527,2014-05-11 16:15:00,0.0,30.81404,27.86174,31.61678,31.41529,32.78888
12528,2014-05-11 16:30:00,0.0,31.3967,30.81404,27.86174,31.61678,31.41529
12529,2014-05-11 16:45:00,0.0,29.61438,31.3967,30.81404,27.86174,31.61678
12530,2014-05-11 17:00:00,0.0,32.21821,29.61438,31.3967,30.81404,27.86174
12531,2014-05-11 17:15:00,0.0,33.15366,32.21821,29.61438,31.3967,30.81404
12532,2014-05-11 17:30:00,0.0,33.17085,33.15366,32.21821,29.61438,31.3967
12533,2014-05-11 17:45:00,0.0,29.18656,33.17085,33.15366,32.21821,29.61438
12534,2014-05-11 18:00:00,0.0,27.99663,29.18656,33.17085,33.15366,32.21821
12535,2014-05-11 18:15:00,0.0,31.37007,27.99663,29.18656,33.17085,33.15366
12536,2014-05-11 18:30:00,0.0,31.41634,31.37007,27.99663,29.18656,33.17085
12537,2014-05-11 18:45:00,0.0,31.09876,31.41634,31.37007,27.99663,29.18656
12538,2014-05-11 19:00:00,0.0,30.14526,31.09876,31.41634,31.37007,27.99663
12539,2014-05-11 19:15:00,0.0,28.95284,30.14526,31.09876,31.41634,31.37007
12540,2014-05-11 19:30:00,0.0,27.50868,28.95284,30.14526,31.09876,31.41634
12541,2014-05-11 19:45:00,0.0,26.46989,27.50868,28.95284,30.14526,31.09876
12542,2014-05-11 20:00:00,0.0,24.201,26.46989,27.50868,28.95284,30.14526
12543,2014-05-11 20:15:00,0.0,24.85177,24.201,26.46989,27.50868,28.95284
12544,2014-05-11 20:30:00,0.0,27.58734,24.85177,24.201,26.46989,27.50868
12545,2014-05-11 20:45:00,0.0,26.56546,27.58734,24.85177,24.201,26.46989
12546,2014-05-11 21:00:00,0.0,27.14355,26.56546,27.58734,24.85177,24.201
12547,2014-05-11 21:15:00,0.0,25.69931,27.14355,26.56546,27.58734,24.85177
12548,2014-05-11 21:30:00,0.0,26.11686,25.69931,27.14355,26.56546,27.58734
12549,2014-05-11 21:45:00,0.0,24.65557,26.11686,25.69931,27.14355,26.56546
12550,2014-05-11 22:00:00,0.0,26.12873,24.65557,26.11686,25.69931,27.14355
12551,2014-05-11 22:15:00,0.0,27.20338,26.12873,24.65557,26.11686,25.69931
12552,2014-05-11 22:30:00,0.0,27.53939,27.20338,26.12873,24.65557,26.11686
12553,2014-05-11 22:45:00,0.0,26.22872,27.53939,27.20338,26.12873,24.65557
12554,2014-05-11 23:00:00,0.0,26.64397,26.22872,27.53939,27.20338,26.12873
12555,2014-05-11 23:15:00,0.0,25.64421,26.64397,26.22872,27.53939,27.20338
12556,2014-05-11 23:30:00,0.0,24.98802,25.64421,26.64397,26.22872,27.53939
12557,2014-05-11 23:45:00,0.0,24.8456,24.98802,25.64421,26.64397,26.22872
12558,2014-05-12 00:00:00,0.0,25.38276,24.8456,24.98802,25.64421,26.64397
12559,2014-05-12 00:15:00,0.0,25.13875,25.38276,24.8456,24.98802,25.64421
12560,2014-05-12 00:30:00,0.0,26.39007,25.13875,25.38276,24.8456,24.98802
12561,2014-05-12 00:45:00,0.0,25.96261,26.39007,25.13875,25.38276,24.8456
12562,2014-05-12 01:00:00,0.0,25.5704,25.96261,26.39007,25.13875,25.38276
12563,2014-05-12 01:15:00,0.0,25.3795,25.5704,25.96261,26.39007,25.13875
12564,2014-05-12 01:30:00,0.0,25.28117,25.3795,25.5704,25.96261,26.39007
12565,2014-05-12 01:45:00,0.0,25.22409,25.28117,25.3795,25.5704,25.96261
12566,2014-05-12 02:00:00,0.0,26.98232,25.22409,25.28117,25.3795,25.5704
12567,2014-05-12 02:15:00,0.0,23.7502,26.98232,25.22409,25.28117,25.3795
12568,2014-05-12 02:30:00,0.0,25.59842,23.7502,26.98232,25.22409,25.28117
12569,2014-05-12 02:45:00,0.0,25.93054,25.59842,23.7502,26.98232,25.22409
12570,2014-05-12 03:00:00,0.0,26.30941,25.93054,25.59842,23.7502,26.98232
12571,2014-05-12 03:15:00,0.0,21.88076,26.30941,25.93054,25.59842,23.7502
12572,2014-05-12 03:30:00,0.0,24.87499,21.88076,26.30941,25.93054,25.59842
12573,2014-05-12 03:45:00,0.0,26.63961,24.87499,21.88076,26.30941,25.93054
12574,2014-05-12 04:00:00,0.0,27.82105,26.63961,24.87499,21.88076,26.30941
12575,2014-05-12 04:15:00,0.0,25.08979,27.82105,26.63961,24.87499,21.88076
12576,2014-05-12 04:30:00,0.0,25.21925,25.08979,27.82105,26.63961,24.87499
12577,2014-05-12 04:45:00,0.0,27.32854,25.21925,25.08979,27.82105,26.63961
12578,2014-05-12 05:00:00,0.0,25.64893,27.32854,25.21925,25.08979,27.82105
12579,2014-05-12 05:15:00,0.0,25.3475,25.64893,27.32854,25.21925,25.08979
12580,2014-05-12 05:30:00,0.0,27.83189,25.3475,25.64893,27.32854,25.21925
12581,2014-05-12 05:45:00,0.0,28.24999,27.83189,25.3475,25.64893,27.32854
12582,2014-05-12 06:00:00,0.0,27.50243,28.24999,27.83189,25.3475,25.64893
12583,2014-05-12 06:15:00,0.0,26.20863,27.50243,28.24999,27.83189,25.3475
12584,2014-05-12 06:30:00,0.0,28.24476,26.20863,27.50243,28.24999,27.83189
12585,2014-05-12 06:45:00,0.0,27.69541,28.24476,26.20863,27.50243,28.24999
12586,2014-05-12 07:00:00,0.0,28.23771,27.69541,28.24476,26.20863,27.50243
12587,2014-05-12 07:15:00,0.0,30.27228,28.23771,27.69541,28.24476,26.20863
12588,2014-05-12 07:30:00,0.0,30.94106,30.27228,28.23771,27.69541,28.24476
12589,2014-05-12 07:45:00,0.0,27.84115,30.94106,30.27228,28.23771,27.69541
12590,2014-05-12 08:00:00,0.0,29.95158,27.84115,30.94106,30.27228,28.23771
12591,2014-05-12 08:15:00,0.0,30.3463,29.95158,27.84115,30.94106,30.27228
12592,2014-05-12 08:30:00,0.0,30.43311,30.3463,29.95158,27.84115,30.94106
12593,2014-05-12 08:45:00,0.0,32.05777,30.43311,30.3463,29.95158,27.84115
12594,2014-05-12 09:00:00,0.0,33.2736,32.05777,30.43311,30.3463,29.95158
12595,2014-05-12 09:15:00,0.0,36.0224,33.2736,32.05777,30.43311,30.3463
12596,2014-05-12 09:30:00,0.0,33.05236,36.0224,33.2736,32.05777,30.43311
12597,2014-05-12 09:45:00,0.0,34.88871,33.05236,36.0224,33.2736,32.05777
12598,2014-05-12 10:00:00,0.0,36.21044,34.88871,33.05236,36.0224,33.2736
12599,2014-05-12 10:15:00,0.0,37.21181,36.21044,34.88871,33.05236,36.0224
12600,2014-05-12 10:30:00,0.0,38.44357,37.21181,36.21044,34.88871,33.05236
12601,2014-05-12 10:45:00,0.0,41.65899,38.44357,37.21181,36.21044,34.88871
12602,2014-05-12 11:00:00,0.0,42.01516,41.65899,38.44357,37.21181,36.21044
12603,2014-05-12 11:15:00,0.0,43.83424,42.01516,41.65899,38.44357,37.21181
12604,2014-05-12 11:30:00,0.0,38.4421,43.83424,42.01516,41.65899,38.44357
12605,2014-05-12 11:45:00,0.0,43.92438,38.4421,43.83424,42.01516,41.65899
12606,2014-05-12 12:00:00,0.0,39.8716,43.92438,38.4421,43.83424,42.01516
12607,2014-05-12 12:15:00,0.0,43.16848,39.8716,43.92438,38.4421,43.83424
12608,2014-05-12 12:30:00,0.0,43.86423,43.16848,39.8716,43.92438,38.4421
12609,2014-05-12 12:45:00,0.0,45.29295,43.86423,43.16848,39.8716,43.92438
12610,2014-05-12 13:00:00,0.0,44.02873,45.29295,43.86423,43.16848,39.8716
12611,2014-05-12 13:15:00,0.0,47.11508,44.02873,45.29295,43.86423,43.16848
12612,2014-05-12 13:30:00,0.0,45.1744,47.11508,44.02873,45.29295,43.86423
12613,2014-05-12 13:45:00,0.0,48.40306,45.1744,47.11508,44.02873,45.29295
12614,2014-05-12 14:00:00,0.0,45.33946,48.40306,45.1744,47.11508,44.02873
12615,2014-05-12 14:15:00,0.0,47.29111,45.33946,48.40306,45.1744,47.11508
12616,2014-05-12 14:30:00,0.0,46.1189,47.29111,45.33946,48.40306,45.1744
12617,2014-05-12 14:45:00,0.0,46.75343,46.1189,47.29111,45.33946,48.40306
12618,2014-05-12 15:00:00,0.0,47.7826,46.75343,46.1189,47.29111,45.33946
12619,2014-05-12 15:15:00,0.0,45.15987,47.7826,46.75343,46.1189,47.29111
12620,2014-05-12 15:30:00,0.0,48.58347,45.15987,47.7826,46.75343,46.1189
12621,2014-05-12 15:45:00,0.0,46.36533,48.58347,45.15987,47.7826,46.75343
12622,2014-05-12 16:00:00,0.0,48.28959,46.36533,48.58347,45.15987,47.7826
12623,2014-05-12 16:15:00,0.0,44.79731,48.28959,46.36533,48.58347,45.15987
12624,2014-05-12 16:30:00,0.0,47.55608,44.79731,48.28959,46.36533,48.58347
12625,2014-05-12 16:45:00,0.0,45.73909,47.55608,44.79731,48.28959,46.36533
12626,2014-05-12 17:00:00,0.0,45.38518,45.73909,47.55608,44.79731,48.28959
12627,2014-05-12 17:15:00,0.0,46.58536,45.38518,45.73909,47.55608,44.79731
12628,2014-05-12 17:30:00,0.0,43.99092,46.58536,45.38518,45.73909,47.55608
12629,2014-05-12 17:45:00,0.0,46.02914,43.99092,46.58536,45.38518,45.73909
12630,2014-05-12 18:00:00,0.0,43.29793,46.02914,43.99092,46.58536,45.38518
12631,2014-05-12 18:15:00,0.0,38.18307,43.29793,46.02914,43.99092,46.58536
12632,2014-05-12 18:30:00,0.0,38.03751,38.18307,43.29793,46.02914,43.99092
12633,2014-05-12 18:45:00,0.0,38.53802,38.03751,38.18307,43.29793,46.02914
12634,2014-05-12 19:00:00,0.0,38.43411,38.53802,38.03751,38.18307,43.29793
12635,2014-05-12 19:15:00,0.0,37.17075,38.43411,38.53802,38.03751,38.18307
12636,2014-05-12 19:30:00,0.0,37.1944,37.17075,38.43411,38.53802,38.03751
12637,2014-05-12 19:45:00,0.0,37.22826,37.1944,37.17075,38.43411,38.53802
12638,2014-05-12 20:00:00,0.0,33.8723,37.22826,37.1944,37.17075,38.43411
12639,2014-05-12 20:15:00,0.0,37.51411,33.8723,37.22826,37.1944,37.17075
12640,2014-05-12 20:30:00,0.0,34.69638,37.51411,33.8723,37.22826,37.1944
12641,2014-05-12 20:45:00,0.0,37.70195,34.69638,37.51411,33.8723,37.22826
12642,2014-05-12 21:00:00,0.0,35.00388,37.70195,34.69638,37.51411,33.8723
12643,2014-05-12 21:15:00,0.0,32.26411,35.00388,37.70195,34.69638,37.51411
12644,2014-05-12 21:30:00,0.0,32.83202,32.26411,35.00388,37.70195,34.69638
12645,2014-05-12 21:45:00,0.0,32.56698,32.83202,32.26411,35.00388,37.70195
12646,2014-05-12 22:00:00,0.0,29.77041,32.56698,32.83202,32.26411,35.00388
12647,2014-05-12 22:15:00,0.0,32.17387,29.77041,32.56698,32.83202,32.26411
12648,2014-05-12 22:30:00,0.0,32.12341,32.17387,29.77041,32.56698,32.83202
12649,2014-05-12 22:45:00,0.0,34.11963,32.12341,32.17387,29.77041,32.56698
12650,2014-05-12 23:00:00,0.0,31.41277,34.11963,32.12341,32.17387,29.77041
12651,2014-05-12 23:15:00,0.0,31.55237,31.41277,34.11963,32.12341,32.17387
12652,2014-05-12 23:30:00,0.0,27.51744,31.55237,31.41277,34.11963,32.12341
12653,2014-05-12 23:45:00,0.0,31.17582,27.51744,31.55237,31.41277,34.11963
12654,2014-05-13 00:00:00,0.0,31.98529,31.17582,27.51744,31.55237,31.41277
12655,2014-05-13 00:15:00,0.0,27.34522,31.98529,31.17582,27.51744,31.55237
12656,2014-05-13 00:30:00,0.0,28.56723,27.34522,31.98529,31.17582,27.51744
12657,2014-05-13 00:45:00,0.0,30.10016,28.56723,27.34522,31.98529,31.17582
12658,2014-05-13 01:00:00,0.0,26.92844,30.10016,28.56723,27.34522,31.98529
12659,2014-05-13 01:15:00,0.0,28.44517,26.92844,30.10016,28.56723,27.34522
12660,2014-05-13 01:30:00,0.0,26.57949,28.44517,26.92844,30.10016,28.56723
12661,2014-05-13 01:45:00,0.0,30.01863,26.57949,28.44517,26.92844,30.10016
12662,2014-05-13 02:00:00,0.0,27.12864,30.01863,26.57949,28.44517,26.92844
12663,2014-05-13 02:15:00,0.0,28.49291,27.12864,30.01863,26.57949,28.44517
12664,2014-05-13 02:30:00,0.0,28.36844,28.49291,27.12864,30.01863,26.57949
12665,2014-05-13 02:45:00,0.0,27.13152,28.36844,28.49291,27.12864,30.01863
12666,2014-05-13 03:00:00,0.0,26.87347,27.13152,28.36844,28.49291,27.12864
12667,2014-05-13 03:15:00,0.0,24.92961,26.87347,27.13152,28.36844,28.49291
12668,2014-05-13 03:30:00,0.0,25.99645,24.92961,26.87347,27.13152,28.36844
12669,2014-05-13 03:45:00,0.0,26.17606,25.99645,24.92961,26.87347,27.13152
12670,2014-05-13 04:00:00,0.0,24.67135,26.17606,25.99645,24.92961,26.87347
12671,2014-05-13 04:15:00,0.0,26.87244,24.67135,26.17606,25.99645,24.92961
12672,2014-05-13 04:30:00,0.0,27.26517,26.87244,24.67135,26.17606,25.99645
12673,2014-05-13 04:45:00,0.0,25.90016,27.26517,26.87244,24.67135,26.17606
12674,2014-05-13 05:00:00,0.0,26.47044,25.90016,27.26517,26.87244,24.67135
12675,2014-05-13 05:15:00,0.0,27.58085,26.47044,25.90016,27.26517,26.87244
12676,2014-05-13 05:30:00,0.0,26.54944,27.58085,26.47044,25.90016,27.26517
12677,2014-05-13 05:45:00,0.0,27.2956,26.54944,27.58085,26.47044,25.90016
12678,2014-05-13 06:00:00,0.0,27.84931,27.2956,26.54944,27.58085,26.47044
12679,2014-05-13 06:15:00,0.0,28.64439,27.84931,27.2956,26.54944,27.58085
12680,2014-05-13 06:30:00,0.0,30.08198,28.64439,27.84931,27.2956,26.54944
12681,2014-05-13 06:45:00,0.0,29.96984,30.08198,28.64439,27.84931,27.2956
12682,2014-05-13 07:00:00,0.0,30.16928,29.96984,30.08198,28.64439,27.84931
12683,2014-05-13 07:15:00,0.0,31.26939,30.16928,29.96984,30.08198,28.64439
12684,2014-05-13 07:30:00,0.0,29.3622,31.26939,30.16928,29.96984,30.08198
12685,2014-05-13 07:45:00,0.0,31.53947,29.3622,31.26939,30.16928,29.96984
12686,2014-05-13 08:00:00,0.0,31.46838,31.53947,29.3622,31.26939,30.16928
12687,2014-05-13 08:15:00,0.0,31.82476,31.46838,31.53947,29.3622,31.26939
12688,2014-05-13 08:30:00,0.0,33.31397,31.82476,31.46838,31.53947,29.3622
12689,2014-05-13 08:45:00,0.0,38.4684,33.31397,31.82476,31.46838,31.53947
12690,2014-05-13 09:00:00,0.0,35.60474,38.4684,33.31397,31.82476,31.46838
12691,2014-05-13 09:15:00,0.0,36.55936,35.60474,38.4684,33.31397,31.82476
12692,2014-05-13 09:30:00,0.0,38.69811,36.55936,35.60474,38.4684,33.31397
12693,2014-05-13 09:45:00,0.0,41.41904,38.69811,36.55936,35.60474,38.4684
12694,2014-05-13 10:00:00,0.0,41.9126,41.41904,38.69811,36.55936,35.60474
12695,2014-05-13 10:15:00,0.0,38.31213,41.9126,41.41904,38.69811,36.55936
12696,2014-05-13 10:30:00,0.0,42.80152,38.31213,41.9126,41.41904,38.69811
12697,2014-05-13 10:45:00,0.0,42.93921,42.80152,38.31213,41.9126,41.41904
12698,2014-05-13 11:00:00,0.0,42.16651,42.93921,42.80152,38.31213,41.9126
12699,2014-05-13 11:15:00,0.0,42.77842,42.16651,42.93921,42.80152,38.31213
12700,2014-05-13 11:30:00,0.0,47.83977,42.77842,42.16651,42.93921,42.80152
12701,2014-05-13 11:45:00,0.0,46.99124,47.83977,42.77842,42.16651,42.93921
12702,2014-05-13 12:00:00,0.0,46.43319,46.99124,47.83977,42.77842,42.16651
12703,2014-05-13 12:15:00,0.0,49.60446,46.43319,46.99124,47.83977,42.77842
12704,2014-05-13 12:30:00,0.0,46.86313,49.60446,46.43319,46.99124,47.83977
12705,2014-05-13 12:45:00,0.0,48.49558,46.86313,49.60446,46.43319,46.99124
12706,2014-05-13 13:00:00,0.0,49.60108,48.49558,46.86313,49.60446,46.43319
12707,2014-05-13 13:15:00,0.0,48.26454,49.60108,48.49558,46.86313,49.60446
12708,2014-05-13 13:30:00,0.0,51.7869,48.26454,49.60108,48.49558,46.86313
12709,2014-05-13 13:45:00,0.0,51.70113,51.7869,48.26454,49.60108,48.49558
12710,2014-05-13 14:00:00,0.0,51.01897,51.70113,51.7869,48.26454,49.60108
12711,2014-05-13 14:15:00,0.0,51.11279,51.01897,51.70113,51.7869,48.26454
12712,2014-05-13 14:30:00,0.0,53.65997,51.11279,51.01897,51.70113,51.7869
12713,2014-05-13 14:45:00,0.0,51.89551,53.65997,51.11279,51.01897,51.70113
12714,2014-05-13 15:00:00,0.0,56.09631,51.89551,53.65997,51.11279,51.01897
12715,2014-05-13 15:15:00,0.0,54.98795,56.09631,51.89551,53.65997,51.11279
12716,2014-05-13 15:30:00,0.0,52.82126,54.98795,56.09631,51.89551,53.65997
12717,2014-05-13 15:45:00,0.0,55.05585,52.82126,54.98795,56.09631,51.89551
12718,2014-05-13 16:00:00,0.0,51.09912,55.05585,52.82126,54.98795,56.09631
12719,2014-05-13 16:15:00,0.0,54.71401,51.09912,55.05585,52.82126,54.98795
12720,2014-05-13 16:30:00,0.0,50.99755,54.71401,51.09912,55.05585,52.82126
12721,2014-05-13 16:45:00,0.0,53.11985,50.99755,54.71401,51.09912,55.05585
12722,2014-05-13 17:00:00,0.0,49.97145,53.11985,50.99755,54.71401,51.09912
12723,2014-05-13 17:15:00,0.0,55.95312,49.97145,53.11985,50.99755,54.71401
12724,2014-05-13 17:30:00,0.0,49.23501,55.95312,49.97145,53.11985,50.99755
12725,2014-05-13 17:45:00,0.0,48.46767,49.23501,55.95312,49.97145,53.11985
12726,2014-05-13 18:00:00,0.0,45.27418,48.46767,49.23501,55.95312,49.97145
12727,2014-05-13 18:15:00,0.0,41.49925,45.27418,48.46767,49.23501,55.95312
12728,2014-05-13 18:30:00,0.0,39.37529,41.49925,45.27418,48.46767,49.23501
12729,2014-05-13 18:45:00,0.0,43.02728,39.37529,41.49925,45.27418,48.46767
12730,2014-05-13 19:00:00,0.0,39.68532,43.02728,39.37529,41.49925,45.27418
12731,2014-05-13 19:15:00,0.0,43.08028,39.68532,43.02728,39.37529,41.49925
12732,2014-05-13 19:30:00,0.0,41.57074,43.08028,39.68532,43.02728,39.37529
12733,2014-05-13 19:45:00,0.0,39.61451,41.57074,43.08028,39.68532,43.02728
12734,2014-05-13 20:00:00,0.0,38.34856,39.61451,41.57074,43.08028,39.68532
12735,2014-05-13 20:15:00,0.0,35.13419,38.34856,39.61451,41.57074,43.08028
12736,2014-05-13 20:30:00,0.0,34.07751,35.13419,38.34856,39.61451,41.57074
12737,2014-05-13 20:45:00,0.0,34.79337,34.07751,35.13419,38.34856,39.61451
12738,2014-05-13 21:00:00,0.0,33.24368,34.79337,34.07751,35.13419,38.34856
12739,2014-05-13 21:15:00,0.0,32.91255,33.24368,34.79337,34.07751,35.13419
12740,2014-05-13 21:30:00,0.0,30.4136,32.91255,33.24368,34.79337,34.07751
12741,2014-05-13 21:45:00,0.0,31.76285,30.4136,32.91255,33.24368,34.79337
12742,2014-05-13 22:00:00,0.0,34.52358,31.76285,30.4136,32.91255,33.24368
12743,2014-05-13 22:15:00,0.0,32.7831,34.52358,31.76285,30.4136,32.91255
12744,2014-05-13 22:30:00,0.0,30.64573,32.7831,34.52358,31.76285,30.4136
12745,2014-05-13 22:45:00,0.0,29.87794,30.64573,32.7831,34.52358,31.76285
12746,2014-05-13 23:00:00,0.0,33.43795,29.87794,30.64573,32.7831,34.52358
12747,2014-05-13 23:15:00,0.0,28.80247,33.43795,29.87794,30.64573,32.7831
12748,2014-05-13 23:30:00,0.0,28.21667,28.80247,33.43795,29.87794,30.64573
12749,2014-05-13 23:45:00,0.0,28.97991,28.21667,28.80247,33.43795,29.87794
12750,2014-05-14 00:00:00,0.0,29.19885,28.97991,28.21667,28.80247,33.43795
12751,2014-05-14 00:15:00,0.0,28.48434,29.19885,28.97991,28.21667,28.80247
12752,2014-05-14 00:30:00,0.0,29.6278,28.48434,29.19885,28.97991,28.21667
12753,2014-05-14 00:45:00,0.0,27.7992,29.6278,28.48434,29.19885,28.97991
12754,2014-05-14 01:00:00,0.0,27.35402,27.7992,29.6278,28.48434,29.19885
12755,2014-05-14 01:15:00,0.0,27.93219,27.35402,27.7992,29.6278,28.48434
12756,2014-05-14 01:30:00,0.0,29.46447,27.93219,27.35402,27.7992,29.6278
12757,2014-05-14 01:45:00,0.0,31.12059,29.46447,27.93219,27.35402,27.7992
12758,2014-05-14 02:00:00,0.0,28.26246,31.12059,29.46447,27.93219,27.35402
12759,2014-05-14 02:15:00,0.0,27.69092,28.26246,31.12059,29.46447,27.93219
12760,2014-05-14 02:30:00,0.0,27.07576,27.69092,28.26246,31.12059,29.46447
12761,2014-05-14 02:45:00,0.0,30.37071,27.07576,27.69092,28.26246,31.12059
12762,2014-05-14 03:00:00,0.0,30.96821,30.37071,27.07576,27.69092,28.26246
12763,2014-05-14 03:15:00,0.0,29.07774,30.96821,30.37071,27.07576,27.69092
12764,2014-05-14 03:30:00,0.0,28.99403,29.07774,30.96821,30.37071,27.07576
12765,2014-05-14 03:45:00,0.0,28.27518,28.99403,29.07774,30.96821,30.37071
12766,2014-05-14 04:00:00,0.0,29.48277,28.27518,28.99403,29.07774,30.96821
12767,2014-05-14 04:15:00,0.0,30.43916,29.48277,28.27518,28.99403,29.07774
12768,2014-05-14 04:30:00,0.0,29.50391,30.43916,29.48277,28.27518,28.99403
12769,2014-05-14 04:45:00,0.0,30.41845,29.50391,30.43916,29.48277,28.27518
12770,2014-05-14 05:00:00,0.0,30.96534,30.41845,29.50391,30.43916,29.48277
12771,2014-05-14 05:15:00,0.0,30.26406,30.96534,30.41845,29.50391,30.43916
12772,2014-05-14 05:30:00,0.0,29.53209,30.26406,30.96534,30.41845,29.50391
12773,2014-05-14 05:45:00,0.0,30.93615,29.53209,30.26406,30.96534,30.41845
12774,2014-05-14 06:00:00,0.0,29.60954,30.93615,29.53209,30.26406,30.96534
12775,2014-05-14 06:15:00,0.0,34.22357,29.60954,30.93615,29.53209,30.26406
12776,2014-05-14 06:30:00,0.0,31.66195,34.22357,29.60954,30.93615,29.53209
12777,2014-05-14 06:45:00,0.0,29.86017,31.66195,34.22357,29.60954,30.93615
12778,2014-05-14 07:00:00,0.0,32.36424,29.86017,31.66195,34.22357,29.60954
12779,2014-05-14 07:15:00,0.0,33.10627,32.36424,29.86017,31.66195,34.22357
12780,2014-05-14 07:30:00,0.0,32.67638,33.10627,32.36424,29.86017,31.66195
12781,2014-05-14 07:45:00,0.0,33.19076,32.67638,33.10627,32.36424,29.86017
12782,2014-05-14 08:00:00,0.0,35.44823,33.19076,32.67638,33.10627,32.36424
12783,2014-05-14 08:15:00,0.0,33.72463,35.44823,33.19076,32.67638,33.10627
12784,2014-05-14 08:30:00,0.0,34.52799,33.72463,35.44823,33.19076,32.67638
12785,2014-05-14 08:45:00,0.0,37.15137,34.52799,33.72463,35.44823,33.19076
12786,2014-05-14 09:00:00,0.0,38.94341,37.15137,34.52799,33.72463,35.44823
12787,2014-05-14 09:15:00,0.0,41.74847,38.94341,37.15137,34.52799,33.72463
12788,2014-05-14 09:30:00,0.0,42.72609,41.74847,38.94341,37.15137,34.52799
12789,2014-05-14 09:45:00,0.0,43.269,42.72609,41.74847,38.94341,37.15137
12790,2014-05-14 10:00:00,0.0,44.26852,43.269,42.72609,41.74847,38.94341
12791,2014-05-14 10:15:00,0.0,46.31977,44.26852,43.269,42.72609,41.74847
12792,2014-05-14 10:30:00,0.0,45.41724,46.31977,44.26852,43.269,42.72609
12793,2014-05-14 10:45:00,0.0,50.48529,45.41724,46.31977,44.26852,43.269
12794,2014-05-14 11:00:00,0.0,50.32094,50.48529,45.41724,46.31977,44.26852
12795,2014-05-14 11:15:00,0.0,48.56038,50.32094,50.48529,45.41724,46.31977
12796,2014-05-14 11:30:00,0.0,50.5274,48.56038,50.32094,50.48529,45.41724
12797,2014-05-14 11:45:00,0.0,51.89079,50.5274,48.56038,50.32094,50.48529
12798,2014-05-14 12:00:00,0.0,50.81925,51.89079,50.5274,48.56038,50.32094
12799,2014-05-14 12:15:00,0.0,53.82384,50.81925,51.89079,50.5274,48.56038
12800,2014-05-14 12:30:00,0.0,53.54919,53.82384,50.81925,51.89079,50.5274
12801,2014-05-14 12:45:00,0.0,55.3676,53.54919,53.82384,50.81925,51.89079
12802,2014-05-14 13:00:00,0.0,52.26239,55.3676,53.54919,53.82384,50.81925
12803,2014-05-14 13:15:00,0.0,53.49357,52.26239,55.3676,53.54919,53.82384
12804,2014-05-14 13:30:00,0.0,52.17654,53.49357,52.26239,55.3676,53.54919
12805,2014-05-14 13:45:00,0.0,55.65353,52.17654,53.49357,52.26239,55.3676
12806,2014-05-14 14:00:00,0.0,56.31816,55.65353,52.17654,53.49357,52.26239
12807,2014-05-14 14:15:00,0.0,52.04438,56.31816,55.65353,52.17654,53.49357
12808,2014-05-14 14:30:00,0.0,53.9321,52.04438,56.31816,55.65353,52.17654
12809,2014-05-14 14:45:00,0.0,55.62063,53.9321,52.04438,56.31816,55.65353
12810,2014-05-14 15:00:00,0.0,55.22719,55.62063,53.9321,52.04438,56.31816
12811,2014-05-14 15:15:00,0.0,56.96757,55.22719,55.62063,53.9321,52.04438
12812,2014-05-14 15:30:00,0.0,54.50898,56.96757,55.22719,55.62063,53.9321
12813,2014-05-14 15:45:00,0.0,54.75219,54.50898,56.96757,55.22719,55.62063
12814,2014-05-14 16:00:00,0.0,52.99789,54.75219,54.50898,56.96757,55.22719
12815,2014-05-14 16:15:00,0.0,54.97137,52.99789,54.75219,54.50898,56.96757
12816,2014-05-14 16:30:00,0.0,52.98826,54.97137,52.99789,54.75219,54.50898
12817,2014-05-14 16:45:00,0.0,54.4491,52.98826,54.97137,52.99789,54.75219
12818,2014-05-14 17:00:00,0.0,53.92806,54.4491,52.98826,54.97137,52.99789
12819,2014-05-14 17:15:00,0.0,51.82263,53.92806,54.4491,52.98826,54.97137
12820,2014-05-14 17:30:00,0.0,51.68569,51.82263,53.92806,54.4491,52.98826
12821,2014-05-14 17:45:00,0.0,53.79942,51.68569,51.82263,53.92806,54.4491
12822,2014-05-14 18:00:00,0.0,52.63845,53.79942,51.68569,51.82263,53.92806
12823,2014-05-14 18:15:00,0.0,47.3003,52.63845,53.79942,51.68569,51.82263
12824,2014-05-14 18:30:00,0.0,47.95806,47.3003,52.63845,53.79942,51.68569
12825,2014-05-14 18:45:00,0.0,49.38675,47.95806,47.3003,52.63845,53.79942
12826,2014-05-14 19:00:00,0.0,45.36961,49.38675,47.95806,47.3003,52.63845
12827,2014-05-14 19:15:00,0.0,42.72842,45.36961,49.38675,47.95806,47.3003
12828,2014-05-14 19:30:00,0.0,40.93059,42.72842,45.36961,49.38675,47.95806
12829,2014-05-14 19:45:00,0.0,42.67352,40.93059,42.72842,45.36961,49.38675
12830,2014-05-14 20:00:00,0.0,40.77535,42.67352,40.93059,42.72842,45.36961
12831,2014-05-14 20:15:00,0.0,43.45785,40.77535,42.67352,40.93059,42.72842
12832,2014-05-14 20:30:00,0.0,40.55946,43.45785,40.77535,42.67352,40.93059
12833,2014-05-14 20:45:00,0.0,41.46955,40.55946,43.45785,40.77535,42.67352
12834,2014-05-14 21:00:00,0.0,40.56656,41.46955,40.55946,43.45785,40.77535
12835,2014-05-14 21:15:00,0.0,35.72689,40.56656,41.46955,40.55946,43.45785
12836,2014-05-14 21:30:00,0.0,33.64577,35.72689,40.56656,41.46955,40.55946
12837,2014-05-14 21:45:00,0.0,35.90017,33.64577,35.72689,40.56656,41.46955
12838,2014-05-14 22:00:00,0.0,36.05772,35.90017,33.64577,35.72689,40.56656
12839,2014-05-14 22:15:00,0.0,34.09771,36.05772,35.90017,33.64577,35.72689
12840,2014-05-14 22:30:00,0.0,35.31402,34.09771,36.05772,35.90017,33.64577
12841,2014-05-14 22:45:00,0.0,33.39368,35.31402,34.09771,36.05772,35.90017
12842,2014-05-14 23:00:00,0.0,34.09289,33.39368,35.31402,34.09771,36.05772
12843,2014-05-14 23:15:00,0.0,32.37109,34.09289,33.39368,35.31402,34.09771
12844,2014-05-14 23:30:00,0.0,32.21888,32.37109,34.09289,33.39368,35.31402
12845,2014-05-14 23:45:00,0.0,31.85091,32.21888,32.37109,34.09289,33.39368
12846,2014-05-15 00:00:00,0.0,31.48183,31.85091,32.21888,32.37109,34.09289
12847,2014-05-15 00:15:00,0.0,33.08243,31.48183,31.85091,32.21888,32.37109
12848,2014-05-15 00:30:00,0.0,31.97315,33.08243,31.48183,31.85091,32.21888
12849,2014-05-15 00:45:00,0.0,30.74635,31.97315,33.08243,31.48183,31.85091
12850,2014-05-15 01:00:00,0.0,30.25259,30.74635,31.97315,33.08243,31.48183
12851,2014-05-15 01:15:00,0.0,33.28285,30.25259,30.74635,31.97315,33.08243
12852,2014-05-15 01:30:00,0.0,28.51177,33.28285,30.25259,30.74635,31.97315
12853,2014-05-15 01:45:00,0.0,31.00094,28.51177,33.28285,30.25259,30.74635
12854,2014-05-15 02:00:00,0.0,31.43785,31.00094,28.51177,33.28285,30.25259
12855,2014-05-15 02:15:00,0.0,31.52132,31.43785,31.00094,28.51177,33.28285
12856,2014-05-15 02:30:00,0.0,30.44546,31.52132,31.43785,31.00094,28.51177
12857,2014-05-15 02:45:00,0.0,31.44739,30.44546,31.52132,31.43785,31.00094
12858,2014-05-15 03:00:00,0.0,31.88507,31.44739,30.44546,31.52132,31.43785
12859,2014-05-15 03:15:00,0.0,29.79368,31.88507,31.44739,30.44546,31.52132
12860,2014-05-15 03:30:00,0.0,29.15761,29.79368,31.88507,31.44739,30.44546
12861,2014-05-15 03:45:00,0.0,31.26634,29.15761,29.79368,31.88507,31.44739
12862,2014-05-15 04:00:00,0.0,32.08295,31.26634,29.15761,29.79368,31.88507
12863,2014-05-15 04:15:00,0.0,33.17538,32.08295,31.26634,29.15761,29.79368
12864,2014-05-15 04:30:00,0.0,34.68257,33.17538,32.08295,31.26634,29.15761
12865,2014-05-15 04:45:00,0.0,33.62749,34.68257,33.17538,32.08295,31.26634
12866,2014-05-15 05:00:00,0.0,33.93662,33.62749,34.68257,33.17538,32.08295
12867,2014-05-15 05:15:00,0.0,32.97373,33.93662,33.62749,34.68257,33.17538
12868,2014-05-15 05:30:00,0.0,32.36598,32.97373,33.93662,33.62749,34.68257
12869,2014-05-15 05:45:00,0.0,30.8834,32.36598,32.97373,33.93662,33.62749
12870,2014-05-15 06:00:00,0.0,33.5308,30.8834,32.36598,32.97373,33.93662
12871,2014-05-15 06:15:00,0.0,34.58593,33.5308,30.8834,32.36598,32.97373
12872,2014-05-15 06:30:00,0.0,33.53343,34.58593,33.5308,30.8834,32.36598
12873,2014-05-15 06:45:00,0.0,34.17811,33.53343,34.58593,33.5308,30.8834
12874,2014-05-15 07:00:00,0.0,35.30085,34.17811,33.53343,34.58593,33.5308
12875,2014-05-15 07:15:00,0.0,34.14448,35.30085,34.17811,33.53343,34.58593
12876,2014-05-15 07:30:00,0.0,31.68171,34.14448,35.30085,34.17811,33.53343
12877,2014-05-15 07:45:00,0.0,34.34692,31.68171,34.14448,35.30085,34.17811
12878,2014-05-15 08:00:00,0.0,33.78856,34.34692,31.68171,34.14448,35.30085
12879,2014-05-15 08:15:00,0.0,34.80076,33.78856,34.34692,31.68171,34.14448
12880,2014-05-15 08:30:00,0.0,38.35717,34.80076,33.78856,34.34692,31.68171
12881,2014-05-15 08:45:00,0.0,40.46744,38.35717,34.80076,33.78856,34.34692
12882,2014-05-15 09:00:00,0.0,37.79036,40.46744,38.35717,34.80076,33.78856
12883,2014-05-15 09:15:00,0.0,38.67895,37.79036,40.46744,38.35717,34.80076
12884,2014-05-15 09:30:00,0.0,40.36478,38.67895,37.79036,40.46744,38.35717
12885,2014-05-15 09:45:00,0.0,41.32135,40.36478,38.67895,37.79036,40.46744
12886,2014-05-15 10:00:00,0.0,40.13256,41.32135,40.36478,38.67895,37.79036
12887,2014-05-15 10:15:00,0.0,43.50448,40.13256,41.32135,40.36478,38.67895
12888,2014-05-15 10:30:00,0.0,43.01697,43.50448,40.13256,41.32135,40.36478
12889,2014-05-15 10:45:00,0.0,46.99996,43.01697,43.50448,40.13256,41.32135
12890,2014-05-15 11:00:00,0.0,44.50565,46.99996,43.01697,43.50448,40.13256
12891,2014-05-15 11:15:00,0.0,45.15588,44.50565,46.99996,43.01697,43.50448
12892,2014-05-15 11:30:00,0.0,45.79211,45.15588,44.50565,46.99996,43.01697
12893,2014-05-15 11:45:00,0.0,48.05724,45.79211,45.15588,44.50565,46.99996
12894,2014-05-15 12:00:00,0.0,47.89511,48.05724,45.79211,45.15588,44.50565
12895,2014-05-15 12:15:00,0.0,49.77487,47.89511,48.05724,45.79211,45.15588
12896,2014-05-15 12:30:00,0.0,48.42806,49.77487,47.89511,48.05724,45.79211
12897,2014-05-15 12:45:00,0.0,50.44165,48.42806,49.77487,47.89511,48.05724
12898,2014-05-15 13:00:00,0.0,49.96577,50.44165,48.42806,49.77487,47.89511
12899,2014-05-15 13:15:00,0.0,51.18187,49.96577,50.44165,48.42806,49.77487
12900,2014-05-15 13:30:00,0.0,48.72411,51.18187,49.96577,50.44165,48.42806
12901,2014-05-15 13:45:00,0.0,50.03521,48.72411,51.18187,49.96577,50.44165
12902,2014-05-15 14:00:00,0.0,48.98074,50.03521,48.72411,51.18187,49.96577
12903,2014-05-15 14:15:00,0.0,50.8429,48.98074,50.03521,48.72411,51.18187
12904,2014-05-15 14:30:00,0.0,51.59828,50.8429,48.98074,50.03521,48.72411
12905,2014-05-15 14:45:00,0.0,52.76384,51.59828,50.8429,48.98074,50.03521
12906,2014-05-15 15:00:00,0.0,51.35731,52.76384,51.59828,50.8429,48.98074
12907,2014-05-15 15:15:00,0.0,50.4318,51.35731,52.76384,51.59828,50.8429
12908,2014-05-15 15:30:00,0.0,49.02858,50.4318,51.35731,52.76384,51.59828
12909,2014-05-15 15:45:00,0.0,52.60184,49.02858,50.4318,51.35731,52.76384
12910,2014-05-15 16:00:00,0.0,49.80613,52.60184,49.02858,50.4318,51.35731
12911,2014-05-15 16:15:00,0.0,52.48333,49.80613,52.60184,49.02858,50.4318
12912,2014-05-15 16:30:00,0.0,49.30895,52.48333,49.80613,52.60184,49.02858
12913,2014-05-15 16:45:00,0.0,50.3774,49.30895,52.48333,49.80613,52.60184
12914,2014-05-15 17:00:00,0.0,48.69753,50.3774,49.30895,52.48333,49.80613
12915,2014-05-15 17:15:00,0.0,49.3932,48.69753,50.3774,49.30895,52.48333
12916,2014-05-15 17:30:00,0.0,47.1571,49.3932,48.69753,50.3774,49.30895
12917,2014-05-15 17:45:00,0.0,45.83371,47.1571,49.3932,48.69753,50.3774
12918,2014-05-15 18:00:00,0.0,46.20367,45.83371,47.1571,49.3932,48.69753
12919,2014-05-15 18:15:00,0.0,45.86574,46.20367,45.83371,47.1571,49.3932
12920,2014-05-15 18:30:00,0.0,43.87038,45.86574,46.20367,45.83371,47.1571
12921,2014-05-15 18:45:00,0.0,45.377,43.87038,45.86574,46.20367,45.83371
12922,2014-05-15 19:00:00,0.0,40.0226,45.377,43.87038,45.86574,46.20367
12923,2014-05-15 19:15:00,0.0,40.37664,40.0226,45.377,43.87038,45.86574
12924,2014-05-15 19:30:00,0.0,39.99516,40.37664,40.0226,45.377,43.87038
12925,2014-05-15 19:45:00,0.0,39.23033,39.99516,40.37664,40.0226,45.377
12926,2014-05-15 20:00:00,0.0,36.85921,39.23033,39.99516,40.37664,40.0226
12927,2014-05-15 20:15:00,0.0,35.73451,36.85921,39.23033,39.99516,40.37664
12928,2014-05-15 20:30:00,0.0,38.86899,35.73451,36.85921,39.23033,39.99516
12929,2014-05-15 20:45:00,0.0,38.33219,38.86899,35.73451,36.85921,39.23033
12930,2014-05-15 21:00:00,0.0,34.00231,38.33219,38.86899,35.73451,36.85921
12931,2014-05-15 21:15:00,0.0,34.50902,34.00231,38.33219,38.86899,35.73451
12932,2014-05-15 21:30:00,0.0,32.0417,34.50902,34.00231,38.33219,38.86899
12933,2014-05-15 21:45:00,0.0,34.15989,32.0417,34.50902,34.00231,38.33219
12934,2014-05-15 22:00:00,0.0,33.97772,34.15989,32.0417,34.50902,34.00231
12935,2014-05-15 22:15:00,0.0,29.94708,33.97772,34.15989,32.0417,34.50902
12936,2014-05-15 22:30:00,0.0,32.38775,29.94708,33.97772,34.15989,32.0417
12937,2014-05-15 22:45:00,0.0,32.63577,32.38775,29.94708,33.97772,34.15989
12938,2014-05-15 23:00:00,0.0,31.75392,32.63577,32.38775,29.94708,33.97772
12939,2014-05-15 23:15:00,0.0,29.69326,31.75392,32.63577,32.38775,29.94708
12940,2014-05-15 23:30:00,0.0,28.81099,29.69326,31.75392,32.63577,32.38775
12941,2014-05-15 23:45:00,0.0,27.38703,28.81099,29.69326,31.75392,32.63577
12942,2014-05-16 00:00:00,0.0,27.9018,27.38703,28.81099,29.69326,31.75392
12943,2014-05-16 00:15:00,0.0,27.33445,27.9018,27.38703,28.81099,29.69326
12944,2014-05-16 00:30:00,0.0,28.47376,27.33445,27.9018,27.38703,28.81099
12945,2014-05-16 00:45:00,0.0,30.26842,28.47376,27.33445,27.9018,27.38703
12946,2014-05-16 01:00:00,0.0,27.86601,30.26842,28.47376,27.33445,27.9018
12947,2014-05-16 01:15:00,0.0,26.02805,27.86601,30.26842,28.47376,27.33445
12948,2014-05-16 01:30:00,0.0,26.58015,26.02805,27.86601,30.26842,28.47376
12949,2014-05-16 01:45:00,0.0,28.07077,26.58015,26.02805,27.86601,30.26842
12950,2014-05-16 02:00:00,0.0,26.16653,28.07077,26.58015,26.02805,27.86601
12951,2014-05-16 02:15:00,0.0,27.3917,26.16653,28.07077,26.58015,26.02805
12952,2014-05-16 02:30:00,0.0,28.18202,27.3917,26.16653,28.07077,26.58015
12953,2014-05-16 02:45:00,0.0,29.01059,28.18202,27.3917,26.16653,28.07077
12954,2014-05-16 03:00:00,0.0,26.42584,29.01059,28.18202,27.3917,26.16653
12955,2014-05-16 03:15:00,0.0,26.51583,26.42584,29.01059,28.18202,27.3917
12956,2014-05-16 03:30:00,0.0,26.6248,26.51583,26.42584,29.01059,28.18202
12957,2014-05-16 03:45:00,0.0,24.98888,26.6248,26.51583,26.42584,29.01059
12958,2014-05-16 04:00:00,0.0,27.92171,24.98888,26.6248,26.51583,26.42584
12959,2014-05-16 04:15:00,0.0,27.83034,27.92171,24.98888,26.6248,26.51583
12960,2014-05-16 04:30:00,0.0,28.42299,27.83034,27.92171,24.98888,26.6248
12961,2014-05-16 04:45:00,0.0,27.97022,28.42299,27.83034,27.92171,24.98888
12962,2014-05-16 05:00:00,0.0,29.09447,27.97022,28.42299,27.83034,27.92171
12963,2014-05-16 05:15:00,0.0,27.2747,29.09447,27.97022,28.42299,27.83034
12964,2014-05-16 05:30:00,0.0,28.90609,27.2747,29.09447,27.97022,28.42299
12965,2014-05-16 05:45:00,0.0,28.88183,28.90609,27.2747,29.09447,27.97022
12966,2014-05-16 06:00:00,0.0,27.38542,28.88183,28.90609,27.2747,29.09447
12967,2014-05-16 06:15:00,0.0,29.21881,27.38542,28.88183,28.90609,27.2747
12968,2014-05-16 06:30:00,0.0,26.77964,29.21881,27.38542,28.88183,28.90609
12969,2014-05-16 06:45:00,0.0,28.62553,26.77964,29.21881,27.38542,28.88183
12970,2014-05-16 07:00:00,0.0,30.15902,28.62553,26.77964,29.21881,27.38542
12971,2014-05-16 07:15:00,0.0,32.45291,30.15902,28.62553,26.77964,29.21881
12972,2014-05-16 07:30:00,0.0,30.99925,32.45291,30.15902,28.62553,26.77964
12973,2014-05-16 07:45:00,0.0,34.30717,30.99925,32.45291,30.15902,28.62553
12974,2014-05-16 08:00:00,0.0,30.76465,34.30717,30.99925,32.45291,30.15902
12975,2014-05-16 08:15:00,0.0,29.98324,30.76465,34.30717,30.99925,32.45291
12976,2014-05-16 08:30:00,0.0,30.98865,29.98324,30.76465,34.30717,30.99925
12977,2014-05-16 08:45:00,0.0,31.04952,30.98865,29.98324,30.76465,34.30717
12978,2014-05-16 09:00:00,0.0,32.88135,31.04952,30.98865,29.98324,30.76465
12979,2014-05-16 09:15:00,0.0,31.48387,32.88135,31.04952,30.98865,29.98324
12980,2014-05-16 09:30:00,0.0,33.95184,31.48387,32.88135,31.04952,30.98865
12981,2014-05-16 09:45:00,0.0,39.71484,33.95184,31.48387,32.88135,31.04952
12982,2014-05-16 10:00:00,0.0,35.03978,39.71484,33.95184,31.48387,32.88135
12983,2014-05-16 10:15:00,0.0,37.41667,35.03978,39.71484,33.95184,31.48387
12984,2014-05-16 10:30:00,0.0,39.35932,37.41667,35.03978,39.71484,33.95184
12985,2014-05-16 10:45:00,0.0,37.89041,39.35932,37.41667,35.03978,39.71484
12986,2014-05-16 11:00:00,0.0,38.10409,37.89041,39.35932,37.41667,35.03978
12987,2014-05-16 11:15:00,0.0,38.44884,38.10409,37.89041,39.35932,37.41667
12988,2014-05-16 11:30:00,0.0,38.66179,38.44884,38.10409,37.89041,39.35932
12989,2014-05-16 11:45:00,0.0,41.42906,38.66179,38.44884,38.10409,37.89041
12990,2014-05-16 12:00:00,0.0,37.42511,41.42906,38.66179,38.44884,38.10409
12991,2014-05-16 12:15:00,0.0,41.31302,37.42511,41.42906,38.66179,38.44884
12992,2014-05-16 12:30:00,0.0,39.01472,41.31302,37.42511,41.42906,38.66179
12993,2014-05-16 12:45:00,0.0,40.65033,39.01472,41.31302,37.42511,41.42906
12994,2014-05-16 13:00:00,0.0,42.20868,40.65033,39.01472,41.31302,37.42511
12995,2014-05-16 13:15:00,0.0,42.77983,42.20868,40.65033,39.01472,41.31302
12996,2014-05-16 13:30:00,0.0,42.25635,42.77983,42.20868,40.65033,39.01472
12997,2014-05-16 13:45:00,0.0,42.13496,42.25635,42.77983,42.20868,40.65033
12998,2014-05-16 14:00:00,0.0,40.94522,42.13496,42.25635,42.77983,42.20868
12999,2014-05-16 14:15:00,0.0,41.93095,40.94522,42.13496,42.25635,42.77983
13000,2014-05-16 14:30:00,0.0,41.52919,41.93095,40.94522,42.13496,42.25635
13001,2014-05-16 14:45:00,0.0,42.82491,41.52919,41.93095,40.94522,42.13496
13002,2014-05-16 15:00:00,0.0,45.35248,42.82491,41.52919,41.93095,40.94522
13003,2014-05-16 15:15:00,0.0,43.62599,45.35248,42.82491,41.52919,41.93095
13004,2014-05-16 15:30:00,0.0,46.22169,43.62599,45.35248,42.82491,41.52919
13005,2014-05-16 15:45:00,0.0,44.96012,46.22169,43.62599,45.35248,42.82491
13006,2014-05-16 16:00:00,0.0,45.7936,44.96012,46.22169,43.62599,45.35248
13007,2014-05-16 16:15:00,0.0,43.76983,45.7936,44.96012,46.22169,43.62599
13008,2014-05-16 16:30:00,0.0,43.04806,43.76983,45.7936,44.96012,46.22169
13009,2014-05-16 16:45:00,0.0,46.8339,43.04806,43.76983,45.7936,44.96012
13010,2014-05-16 17:00:00,0.0,47.26834,46.8339,43.04806,43.76983,45.7936
13011,2014-05-16 17:15:00,0.0,44.81759,47.26834,46.8339,43.04806,43.76983
13012,2014-05-16 17:30:00,0.0,46.55023,44.81759,47.26834,46.8339,43.04806
13013,2014-05-16 17:45:00,0.0,41.85388,46.55023,44.81759,47.26834,46.8339
13014,2014-05-16 18:00:00,0.0,41.497,41.85388,46.55023,44.81759,47.26834
13015,2014-05-17 01:15:00,0.0,762.85827,41.497,41.85388,46.55023,44.81759
13016,2014-05-17 01:30:00,0.0,24.81361,762.85827,41.497,41.85388,46.55023
13017,2014-05-17 01:45:00,0.0,27.47342,24.81361,762.85827,41.497,41.85388
13018,2014-05-17 02:00:00,0.0,25.80218,27.47342,24.81361,762.85827,41.497
13019,2014-05-17 02:15:00,0.0,26.68909,25.80218,27.47342,24.81361,762.85827
13020,2014-05-17 02:30:00,0.0,24.8268,26.68909,25.80218,27.47342,24.81361
13021,2014-05-17 02:45:00,0.0,26.7963,24.8268,26.68909,25.80218,27.47342
13022,2014-05-17 03:00:00,0.0,26.28241,26.7963,24.8268,26.68909,25.80218
13023,2014-05-17 03:15:00,0.0,27.1156,26.28241,26.7963,24.8268,26.68909
13024,2014-05-17 03:30:00,0.0,22.23349,27.1156,26.28241,26.7963,24.8268
13025,2014-05-17 03:45:00,0.0,26.85809,22.23349,27.1156,26.28241,26.7963
13026,2014-05-17 04:00:00,0.0,25.53732,26.85809,22.23349,27.1156,26.28241
13027,2014-05-17 04:15:00,0.0,25.98497,25.53732,26.85809,22.23349,27.1156
13028,2014-05-17 04:30:00,0.0,25.75594,25.98497,25.53732,26.85809,22.23349
13029,2014-05-17 04:45:00,0.0,25.16639,25.75594,25.98497,25.53732,26.85809
13030,2014-05-17 05:00:00,0.0,26.24699,25.16639,25.75594,25.98497,25.53732
13031,2014-05-17 05:15:00,0.0,25.12999,26.24699,25.16639,25.75594,25.98497
13032,2014-05-17 05:30:00,0.0,25.87055,25.12999,26.24699,25.16639,25.75594
13033,2014-05-17 05:45:00,0.0,26.00653,25.87055,25.12999,26.24699,25.16639
13034,2014-05-17 06:00:00,0.0,24.12822,26.00653,25.87055,25.12999,26.24699
13035,2014-05-17 06:15:00,0.0,24.77969,24.12822,26.00653,25.87055,25.12999
13036,2014-05-17 06:30:00,0.0,26.43141,24.77969,24.12822,26.00653,25.87055
13037,2014-05-17 06:45:00,0.0,27.14616,26.43141,24.77969,24.12822,26.00653
13038,2014-05-17 07:00:00,0.0,25.84622,27.14616,26.43141,24.77969,24.12822
13039,2014-05-17 07:15:00,0.0,24.87318,25.84622,27.14616,26.43141,24.77969
13040,2014-05-17 07:30:00,0.0,24.21846,24.87318,25.84622,27.14616,26.43141
13041,2014-05-17 07:45:00,0.0,27.9071,24.21846,24.87318,25.84622,27.14616
13042,2014-05-17 08:00:00,0.0,27.09029,27.9071,24.21846,24.87318,25.84622
13043,2014-05-17 08:15:00,0.0,26.23897,27.09029,27.9071,24.21846,24.87318
13044,2014-05-17 08:30:00,0.0,27.46013,26.23897,27.09029,27.9071,24.21846
13045,2014-05-17 08:45:00,0.0,28.04123,27.46013,26.23897,27.09029,27.9071
13046,2014-05-17 09:00:00,0.0,25.72994,28.04123,27.46013,26.23897,27.09029
13047,2014-05-17 09:15:00,0.0,24.86242,25.72994,28.04123,27.46013,26.23897
13048,2014-05-17 09:30:00,0.0,24.95611,24.86242,25.72994,28.04123,27.46013
13049,2014-05-17 09:45:00,0.0,24.57076,24.95611,24.86242,25.72994,28.04123
13050,2014-05-17 10:00:00,0.0,26.34648,24.57076,24.95611,24.86242,25.72994
13051,2014-05-17 10:30:00,0.0,56.64572,26.34648,24.57076,24.95611,24.86242
13052,2014-05-17 10:45:00,0.0,24.11287,56.64572,26.34648,24.57076,24.95611
13053,2014-05-17 11:00:00,0.0,26.6721,24.11287,56.64572,26.34648,24.57076
13054,2014-05-17 11:15:00,0.0,26.16666,26.6721,24.11287,56.64572,26.34648
13055,2014-05-17 11:30:00,0.0,25.67049,26.16666,26.6721,24.11287,56.64572
13056,2014-05-17 11:45:00,0.0,25.45949,25.67049,26.16666,26.6721,24.11287
13057,2014-05-17 12:00:00,0.0,28.01355,25.45949,25.67049,26.16666,26.6721
13058,2014-05-17 12:15:00,0.0,28.80133,28.01355,25.45949,25.67049,26.16666
13059,2014-05-17 12:30:00,0.0,27.71949,28.80133,28.01355,25.45949,25.67049
13060,2014-05-17 12:45:00,0.0,27.94088,27.71949,28.80133,28.01355,25.45949
13061,2014-05-17 13:00:00,0.0,26.04129,27.94088,27.71949,28.80133,28.01355
13062,2014-05-17 13:15:00,0.0,28.21175,26.04129,27.94088,27.71949,28.80133
13063,2014-05-17 13:30:00,0.0,26.2078,28.21175,26.04129,27.94088,27.71949
13064,2014-05-17 13:45:00,0.0,26.51184,26.2078,28.21175,26.04129,27.94088
13065,2014-05-17 14:00:00,0.0,27.64046,26.51184,26.2078,28.21175,26.04129
13066,2014-05-17 14:15:00,0.0,28.75747,27.64046,26.51184,26.2078,28.21175
13067,2014-05-17 14:30:00,0.0,26.13624,28.75747,27.64046,26.51184,26.2078
13068,2014-05-17 14:45:00,0.0,26.18293,26.13624,28.75747,27.64046,26.51184
13069,2014-05-17 15:00:00,0.0,25.89067,26.18293,26.13624,28.75747,27.64046
13070,2014-05-17 15:15:00,0.0,26.26298,25.89067,26.18293,26.13624,28.75747
13071,2014-05-17 15:30:00,0.0,26.53721,26.26298,25.89067,26.18293,26.13624
13072,2014-05-17 15:45:00,0.0,28.70159,26.53721,26.26298,25.89067,26.18293
13073,2014-05-17 16:00:00,0.0,28.68941,28.70159,26.53721,26.26298,25.89067
13074,2014-05-17 16:15:00,0.0,28.39309,28.68941,28.70159,26.53721,26.26298
13075,2014-05-17 16:30:00,0.0,27.02911,28.39309,28.68941,28.70159,26.53721
13076,2014-05-17 16:45:00,0.0,26.12863,27.02911,28.39309,28.68941,28.70159
13077,2014-05-17 17:00:00,0.0,26.10494,26.12863,27.02911,28.39309,28.68941
13078,2014-05-17 17:15:00,0.0,28.35645,26.10494,26.12863,27.02911,28.39309
13079,2014-05-17 17:30:00,0.0,25.44984,28.35645,26.10494,26.12863,27.02911
13080,2014-05-17 17:45:00,0.0,28.83071,25.44984,28.35645,26.10494,26.12863
13081,2014-05-17 18:00:00,0.0,25.80877,28.83071,25.44984,28.35645,26.10494
13082,2014-05-17 18:15:00,0.0,26.29708,25.80877,28.83071,25.44984,28.35645
13083,2014-05-17 18:30:00,0.0,27.46901,26.29708,25.80877,28.83071,25.44984
13084,2014-05-17 18:45:00,0.0,25.33848,27.46901,26.29708,25.80877,28.83071
13085,2014-05-17 19:00:00,0.0,27.22106,25.33848,27.46901,26.29708,25.80877
13086,2014-05-17 19:15:00,0.0,26.20487,27.22106,25.33848,27.46901,26.29708
13087,2014-05-17 19:30:00,0.0,26.87147,26.20487,27.22106,25.33848,27.46901
13088,2014-05-17 19:45:00,0.0,27.36322,26.87147,26.20487,27.22106,25.33848
13089,2014-05-17 20:00:00,0.0,27.44993,27.36322,26.87147,26.20487,27.22106
13090,2014-05-17 20:15:00,0.0,24.38147,27.44993,27.36322,26.87147,26.20487
13091,2014-05-17 20:30:00,0.0,25.84457,24.38147,27.44993,27.36322,26.87147
13092,2014-05-17 20:45:00,0.0,24.78181,25.84457,24.38147,27.44993,27.36322
13093,2014-05-17 21:00:00,0.0,27.42134,24.78181,25.84457,24.38147,27.44993
13094,2014-05-17 21:15:00,0.0,26.27509,27.42134,24.78181,25.84457,24.38147
13095,2014-05-17 21:30:00,0.0,26.78198,26.27509,27.42134,24.78181,25.84457
13096,2014-05-17 21:45:00,0.0,28.7549,26.78198,26.27509,27.42134,24.78181
13097,2014-05-17 22:00:00,0.0,26.36277,28.7549,26.78198,26.27509,27.42134
13098,2014-05-17 22:15:00,0.0,26.7628,26.36277,28.7549,26.78198,26.27509
13099,2014-05-17 22:30:00,0.0,24.06918,26.7628,26.36277,28.7549,26.78198
13100,2014-05-17 22:45:00,0.0,26.29192,24.06918,26.7628,26.36277,28.7549
13101,2014-05-17 23:00:00,0.0,25.91443,26.29192,24.06918,26.7628,26.36277
13102,2014-05-17 23:15:00,0.0,26.84312,25.91443,26.29192,24.06918,26.7628
13103,2014-05-17 23:30:00,0.0,26.85902,26.84312,25.91443,26.29192,24.06918
13104,2014-05-17 23:45:00,0.0,25.41573,26.85902,26.84312,25.91443,26.29192
13105,2014-05-18 00:00:00,0.0,24.63872,25.41573,26.85902,26.84312,25.91443
13106,2014-05-18 00:15:00,0.0,25.66133,24.63872,25.41573,26.85902,26.84312
13107,2014-05-18 00:30:00,0.0,24.79698,25.66133,24.63872,25.41573,26.85902
13108,2014-05-18 00:45:00,0.0,24.69459,24.79698,25.66133,24.63872,25.41573
13109,2014-05-18 01:00:00,0.0,24.23625,24.69459,24.79698,25.66133,24.63872
13110,2014-05-18 01:15:00,0.0,26.68458,24.23625,24.69459,24.79698,25.66133
13111,2014-05-18 01:30:00,0.0,25.34773,26.68458,24.23625,24.69459,24.79698
13112,2014-05-18 01:45:00,0.0,25.75994,25.34773,26.68458,24.23625,24.69459
13113,2014-05-18 02:00:00,0.0,25.30053,25.75994,25.34773,26.68458,24.23625
13114,2014-05-18 02:15:00,0.0,25.79306,25.30053,25.75994,25.34773,26.68458
13115,2014-05-18 02:30:00,0.0,24.7906,25.79306,25.30053,25.75994,25.34773
13116,2014-05-18 02:45:00,0.0,26.22743,24.7906,25.79306,25.30053,25.75994
13117,2014-05-18 03:00:00,0.0,25.49332,26.22743,24.7906,25.79306,25.30053
13118,2014-05-18 03:15:00,0.0,26.2734,25.49332,26.22743,24.7906,25.79306
13119,2014-05-18 03:30:00,0.0,26.16156,26.2734,25.49332,26.22743,24.7906
13120,2014-05-18 03:45:00,0.0,26.5476,26.16156,26.2734,25.49332,26.22743
13121,2014-05-18 04:00:00,0.0,26.92193,26.5476,26.16156,26.2734,25.49332
13122,2014-05-18 04:15:00,0.0,26.21911,26.92193,26.5476,26.16156,26.2734
13123,2014-05-18 04:30:00,0.0,25.99485,26.21911,26.92193,26.5476,26.16156
13124,2014-05-18 04:45:00,0.0,26.60535,25.99485,26.21911,26.92193,26.5476
13125,2014-05-18 05:00:00,0.0,26.3153,26.60535,25.99485,26.21911,26.92193
13126,2014-05-18 05:15:00,0.0,24.86579,26.3153,26.60535,25.99485,26.21911
13127,2014-05-18 05:30:00,0.0,26.59597,24.86579,26.3153,26.60535,25.99485
13128,2014-05-18 05:45:00,0.0,25.2492,26.59597,24.86579,26.3153,26.60535
13129,2014-05-18 06:00:00,0.0,27.08912,25.2492,26.59597,24.86579,26.3153
13130,2014-05-18 06:15:00,0.0,24.90748,27.08912,25.2492,26.59597,24.86579
13131,2014-05-18 06:30:00,0.0,26.86731,24.90748,27.08912,25.2492,26.59597
13132,2014-05-18 06:45:00,0.0,26.5265,26.86731,24.90748,27.08912,25.2492
13133,2014-05-18 07:00:00,0.0,26.94343,26.5265,26.86731,24.90748,27.08912
13134,2014-05-18 07:15:00,0.0,27.04903,26.94343,26.5265,26.86731,24.90748
13135,2014-05-18 07:30:00,0.0,25.71047,27.04903,26.94343,26.5265,26.86731
13136,2014-05-18 07:45:00,0.0,28.97439,25.71047,27.04903,26.94343,26.5265
13137,2014-05-18 08:00:00,0.0,27.2802,28.97439,25.71047,27.04903,26.94343
13138,2014-05-18 08:15:00,0.0,26.19141,27.2802,28.97439,25.71047,27.04903
13139,2014-05-18 08:30:00,0.0,25.61875,26.19141,27.2802,28.97439,25.71047
13140,2014-05-18 08:45:00,0.0,28.77488,25.61875,26.19141,27.2802,28.97439
13141,2014-05-18 09:00:00,0.0,26.56366,28.77488,25.61875,26.19141,27.2802
13142,2014-05-18 09:15:00,0.0,27.25264,26.56366,28.77488,25.61875,26.19141
13143,2014-05-18 09:30:00,0.0,27.26675,27.25264,26.56366,28.77488,25.61875
13144,2014-05-18 09:45:00,0.0,27.43004,27.26675,27.25264,26.56366,28.77488
13145,2014-05-18 10:00:00,0.0,26.93244,27.43004,27.26675,27.25264,26.56366
13146,2014-05-18 10:15:00,0.0,26.9786,26.93244,27.43004,27.26675,27.25264
13147,2014-05-18 10:30:00,0.0,26.06096,26.9786,26.93244,27.43004,27.26675
13148,2014-05-18 10:45:00,0.0,25.28658,26.06096,26.9786,26.93244,27.43004
13149,2014-05-18 11:00:00,0.0,28.25847,25.28658,26.06096,26.9786,26.93244
13150,2014-05-18 11:15:00,0.0,24.9638,28.25847,25.28658,26.06096,26.9786
13151,2014-05-18 11:30:00,0.0,28.06369,24.9638,28.25847,25.28658,26.06096
13152,2014-05-18 11:45:00,0.0,26.79157,28.06369,24.9638,28.25847,25.28658
13153,2014-05-18 12:00:00,0.0,25.67633,26.79157,28.06369,24.9638,28.25847
13154,2014-05-18 12:15:00,0.0,28.87062,25.67633,26.79157,28.06369,24.9638
13155,2014-05-18 12:30:00,0.0,29.99628,28.87062,25.67633,26.79157,28.06369
13156,2014-05-18 12:45:00,0.0,26.02371,29.99628,28.87062,25.67633,26.79157
13157,2014-05-18 13:00:00,0.0,27.3756,26.02371,29.99628,28.87062,25.67633
13158,2014-05-18 13:15:00,0.0,26.48703,27.3756,26.02371,29.99628,28.87062
13159,2014-05-18 13:30:00,0.0,28.4756,26.48703,27.3756,26.02371,29.99628
13160,2014-05-18 13:45:00,0.0,28.37469,28.4756,26.48703,27.3756,26.02371
13161,2014-05-18 14:00:00,0.0,26.41223,28.37469,28.4756,26.48703,27.3756
13162,2014-05-18 14:15:00,0.0,29.51777,26.41223,28.37469,28.4756,26.48703
13163,2014-05-18 14:30:00,0.0,28.90631,29.51777,26.41223,28.37469,28.4756
13164,2014-05-18 14:45:00,0.0,28.89943,28.90631,29.51777,26.41223,28.37469
13165,2014-05-18 15:00:00,0.0,28.67029,28.89943,28.90631,29.51777,26.41223
13166,2014-05-18 15:15:00,0.0,27.08415,28.67029,28.89943,28.90631,29.51777
13167,2014-05-18 15:30:00,0.0,28.56405,27.08415,28.67029,28.89943,28.90631
13168,2014-05-18 15:45:00,0.0,28.71998,28.56405,27.08415,28.67029,28.89943
13169,2014-05-18 16:00:00,0.0,25.52028,28.71998,28.56405,27.08415,28.67029
13170,2014-05-18 16:15:00,0.0,28.92611,25.52028,28.71998,28.56405,27.08415
13171,2014-05-18 16:30:00,0.0,29.58175,28.92611,25.52028,28.71998,28.56405
13172,2014-05-18 16:45:00,0.0,28.10406,29.58175,28.92611,25.52028,28.71998
13173,2014-05-18 17:00:00,0.0,25.75714,28.10406,29.58175,28.92611,25.52028
13174,2014-05-18 17:15:00,0.0,27.50398,25.75714,28.10406,29.58175,28.92611
13175,2014-05-18 17:30:00,0.0,26.03115,27.50398,25.75714,28.10406,29.58175
13176,2014-05-18 17:45:00,0.0,27.64942,26.03115,27.50398,25.75714,28.10406
13177,2014-05-18 18:00:00,0.0,24.48821,27.64942,26.03115,27.50398,25.75714
13178,2014-05-18 18:15:00,0.0,27.63409,24.48821,27.64942,26.03115,27.50398
13179,2014-05-18 18:30:00,0.0,23.75704,27.63409,24.48821,27.64942,26.03115
13180,2014-05-18 18:45:00,0.0,27.55481,23.75704,27.63409,24.48821,27.64942
13181,2014-05-18 19:00:00,0.0,26.91225,27.55481,23.75704,27.63409,24.48821
13182,2014-05-18 19:15:00,0.0,24.06148,26.91225,27.55481,23.75704,27.63409
13183,2014-05-18 19:30:00,0.0,27.63357,24.06148,26.91225,27.55481,23.75704
13184,2014-05-18 19:45:00,0.0,26.69564,27.63357,24.06148,26.91225,27.55481
13185,2014-05-18 20:00:00,0.0,27.46829,26.69564,27.63357,24.06148,26.91225
13186,2014-05-18 20:15:00,0.0,25.19505,27.46829,26.69564,27.63357,24.06148
13187,2014-05-18 20:30:00,0.0,25.52469,25.19505,27.46829,26.69564,27.63357
13188,2014-05-18 20:45:00,0.0,25.33494,25.52469,25.19505,27.46829,26.69564
13189,2014-05-18 21:00:00,0.0,26.93902,25.33494,25.52469,25.19505,27.46829
13190,2014-05-18 21:15:00,0.0,26.98247,26.93902,25.33494,25.52469,25.19505
13191,2014-05-18 21:30:00,0.0,27.36867,26.98247,26.93902,25.33494,25.52469
13192,2014-05-18 21:45:00,0.0,27.53143,27.36867,26.98247,26.93902,25.33494
13193,2014-05-18 22:00:00,0.0,27.08761,27.53143,27.36867,26.98247,26.93902
13194,2014-05-18 22:15:00,0.0,26.0065,27.08761,27.53143,27.36867,26.98247
13195,2014-05-18 22:30:00,0.0,26.22194,26.0065,27.08761,27.53143,27.36867
13196,2014-05-18 22:45:00,0.0,28.17706,26.22194,26.0065,27.08761,27.53143
13197,2014-05-18 23:00:00,0.0,26.3871,28.17706,26.22194,26.0065,27.08761
13198,2014-05-18 23:15:00,0.0,26.18876,26.3871,28.17706,26.22194,26.0065
13199,2014-05-18 23:30:00,0.0,23.0379,26.18876,26.3871,28.17706,26.22194
13200,2014-05-18 23:45:00,0.0,26.44909,23.0379,26.18876,26.3871,28.17706
13201,2014-05-19 00:00:00,0.0,24.88887,26.44909,23.0379,26.18876,26.3871
13202,2014-05-19 00:15:00,0.0,26.57486,24.88887,26.44909,23.0379,26.18876
13203,2014-05-19 00:30:00,0.0,25.9289,26.57486,24.88887,26.44909,23.0379
13204,2014-05-19 00:45:00,0.0,27.10793,25.9289,26.57486,24.88887,26.44909
13205,2014-05-19 01:00:00,0.0,26.07787,27.10793,25.9289,26.57486,24.88887
13206,2014-05-19 01:15:00,0.0,25.34618,26.07787,27.10793,25.9289,26.57486
13207,2014-05-19 01:30:00,0.0,24.67439,25.34618,26.07787,27.10793,25.9289
13208,2014-05-19 01:45:00,0.0,24.01908,24.67439,25.34618,26.07787,27.10793
13209,2014-05-19 02:00:00,0.0,26.16285,24.01908,24.67439,25.34618,26.07787
13210,2014-05-19 02:15:00,0.0,24.60382,26.16285,24.01908,24.67439,25.34618
13211,2014-05-19 02:30:00,0.0,25.77684,24.60382,26.16285,24.01908,24.67439
13212,2014-05-19 02:45:00,0.0,23.66015,25.77684,24.60382,26.16285,24.01908
13213,2014-05-19 03:00:00,0.0,23.17367,23.66015,25.77684,24.60382,26.16285
13214,2014-05-19 03:15:00,0.0,26.10138,23.17367,23.66015,25.77684,24.60382
13215,2014-05-19 03:30:00,0.0,25.4405,26.10138,23.17367,23.66015,25.77684
13216,2014-05-19 03:45:00,0.0,28.50324,25.4405,26.10138,23.17367,23.66015
13217,2014-05-19 04:00:00,0.0,26.39048,28.50324,25.4405,26.10138,23.17367
13218,2014-05-19 04:15:00,0.0,26.62009,26.39048,28.50324,25.4405,26.10138
13219,2014-05-19 04:30:00,0.0,25.97097,26.62009,26.39048,28.50324,25.4405
13220,2014-05-19 04:45:00,0.0,26.38679,25.97097,26.62009,26.39048,28.50324
13221,2014-05-19 05:00:00,0.0,26.84712,26.38679,25.97097,26.62009,26.39048
13222,2014-05-19 05:15:00,0.0,25.17194,26.84712,26.38679,25.97097,26.62009
13223,2014-05-19 05:30:00,0.0,28.18612,25.17194,26.84712,26.38679,25.97097
13224,2014-05-19 05:45:00,0.0,27.82243,28.18612,25.17194,26.84712,26.38679
13225,2014-05-19 06:00:00,0.0,29.38394,27.82243,28.18612,25.17194,26.84712
13226,2014-05-19 06:15:00,0.0,26.71193,29.38394,27.82243,28.18612,25.17194
13227,2014-05-19 06:30:00,0.0,31.01376,26.71193,29.38394,27.82243,28.18612
13228,2014-05-19 06:45:00,0.0,28.58058,31.01376,26.71193,29.38394,27.82243
13229,2014-05-19 07:00:00,0.0,29.86687,28.58058,31.01376,26.71193,29.38394
13230,2014-05-19 07:15:00,0.0,29.74532,29.86687,28.58058,31.01376,26.71193
13231,2014-05-19 07:30:00,0.0,27.97217,29.74532,29.86687,28.58058,31.01376
13232,2014-05-19 07:45:00,0.0,32.21416,27.97217,29.74532,29.86687,28.58058
13233,2014-05-19 08:00:00,0.0,31.12814,32.21416,27.97217,29.74532,29.86687
13234,2014-05-19 08:15:00,0.0,28.69293,31.12814,32.21416,27.97217,29.74532
13235,2014-05-19 08:30:00,0.0,29.08902,28.69293,31.12814,32.21416,27.97217
13236,2014-05-19 08:45:00,0.0,31.54038,29.08902,28.69293,31.12814,32.21416
13237,2014-05-19 09:00:00,0.0,32.51255,31.54038,29.08902,28.69293,31.12814
13238,2014-05-19 09:15:00,0.0,32.13495,32.51255,31.54038,29.08902,28.69293
13239,2014-05-19 09:30:00,0.0,32.0011,32.13495,32.51255,31.54038,29.08902
13240,2014-05-19 09:45:00,0.0,32.63971,32.0011,32.13495,32.51255,31.54038
13241,2014-05-19 10:00:00,0.0,35.06947,32.63971,32.0011,32.13495,32.51255
13242,2014-05-19 10:15:00,0.0,35.46684,35.06947,32.63971,32.0011,32.13495
13243,2014-05-19 10:30:00,0.0,33.97241,35.46684,35.06947,32.63971,32.0011
13244,2014-05-19 10:45:00,0.0,36.72476,33.97241,35.46684,35.06947,32.63971
13245,2014-05-19 11:00:00,0.0,34.63238,36.72476,33.97241,35.46684,35.06947
13246,2014-05-19 11:15:00,0.0,36.78845,34.63238,36.72476,33.97241,35.46684
13247,2014-05-19 11:30:00,0.0,34.55704,36.78845,34.63238,36.72476,33.97241
13248,2014-05-19 11:45:00,0.0,37.28768,34.55704,36.78845,34.63238,36.72476
13249,2014-05-19 12:00:00,0.0,37.16902,37.28768,34.55704,36.78845,34.63238
13250,2014-05-19 12:15:00,0.0,34.56204,37.16902,37.28768,34.55704,36.78845
13251,2014-05-19 12:30:00,0.0,33.0831,34.56204,37.16902,37.28768,34.55704
13252,2014-05-19 12:45:00,0.0,35.61806,33.0831,34.56204,37.16902,37.28768
13253,2014-05-19 13:00:00,0.0,36.26367,35.61806,33.0831,34.56204,37.16902
13254,2014-05-19 13:15:00,0.0,32.14598,36.26367,35.61806,33.0831,34.56204
13255,2014-05-19 13:30:00,0.0,37.06255,32.14598,36.26367,35.61806,33.0831
13256,2014-05-19 13:45:00,0.0,36.82637,37.06255,32.14598,36.26367,35.61806
13257,2014-05-19 14:00:00,0.0,35.90151,36.82637,37.06255,32.14598,36.26367
13258,2014-05-19 14:15:00,0.0,35.70456,35.90151,36.82637,37.06255,32.14598
13259,2014-05-19 14:30:00,0.0,34.15733,35.70456,35.90151,36.82637,37.06255
13260,2014-05-19 14:45:00,0.0,37.23034,34.15733,35.70456,35.90151,36.82637
13261,2014-05-19 15:00:00,0.0,37.39723,37.23034,34.15733,35.70456,35.90151
13262,2014-05-19 15:15:00,0.0,37.22287,37.39723,37.23034,34.15733,35.70456
13263,2014-05-19 15:30:00,0.0,37.75569,37.22287,37.39723,37.23034,34.15733
13264,2014-05-19 15:45:00,0.0,39.11614,37.75569,37.22287,37.39723,37.23034
13265,2014-05-19 16:00:00,0.0,35.6893,39.11614,37.75569,37.22287,37.39723
13266,2014-05-19 16:15:00,0.0,36.24324,35.6893,39.11614,37.75569,37.22287
13267,2014-05-19 16:30:00,0.0,35.72005,36.24324,35.6893,39.11614,37.75569
13268,2014-05-19 16:45:00,0.0,38.23891,35.72005,36.24324,35.6893,39.11614
13269,2014-05-19 17:00:00,0.0,35.41328,38.23891,35.72005,36.24324,35.6893
13270,2014-05-19 17:15:00,0.0,37.48338,35.41328,38.23891,35.72005,36.24324
13271,2014-05-19 17:30:00,0.0,34.63656,37.48338,35.41328,38.23891,35.72005
13272,2014-05-19 17:45:00,0.0,33.21544,34.63656,37.48338,35.41328,38.23891
13273,2014-05-19 18:00:00,0.0,32.26671,33.21544,34.63656,37.48338,35.41328
13274,2014-05-19 18:15:00,0.0,31.20808,32.26671,33.21544,34.63656,37.48338
13275,2014-05-19 18:30:00,0.0,27.27789,31.20808,32.26671,33.21544,34.63656
13276,2014-05-19 18:45:00,0.0,30.51571,27.27789,31.20808,32.26671,33.21544
13277,2014-05-19 19:00:00,0.0,29.70125,30.51571,27.27789,31.20808,32.26671
13278,2014-05-19 19:15:00,0.0,30.65906,29.70125,30.51571,27.27789,31.20808
13279,2014-05-19 19:30:00,0.0,27.19356,30.65906,29.70125,30.51571,27.27789
13280,2014-05-19 19:45:00,0.0,29.49038,27.19356,30.65906,29.70125,30.51571
13281,2014-05-19 20:00:00,0.0,27.7453,29.49038,27.19356,30.65906,29.70125
13282,2014-05-19 20:15:00,0.0,26.52824,27.7453,29.49038,27.19356,30.65906
13283,2014-05-19 20:30:00,0.0,27.30523,26.52824,27.7453,29.49038,27.19356
13284,2014-05-19 20:45:00,0.0,27.47057,27.30523,26.52824,27.7453,29.49038
13285,2014-05-19 21:00:00,0.0,29.54699,27.47057,27.30523,26.52824,27.7453
13286,2014-05-19 21:15:00,0.0,24.49407,29.54699,27.47057,27.30523,26.52824
13287,2014-05-19 21:30:00,0.0,27.01135,24.49407,29.54699,27.47057,27.30523
13288,2014-05-19 21:45:00,0.0,25.67617,27.01135,24.49407,29.54699,27.47057
13289,2014-05-19 22:00:00,0.0,28.11071,25.67617,27.01135,24.49407,29.54699
13290,2014-05-19 22:15:00,0.0,26.76178,28.11071,25.67617,27.01135,24.49407
13291,2014-05-19 22:30:00,0.0,28.81771,26.76178,28.11071,25.67617,27.01135
13292,2014-05-19 22:45:00,0.0,25.40992,28.81771,26.76178,28.11071,25.67617
13293,2014-05-19 23:00:00,0.0,26.12641,25.40992,28.81771,26.76178,28.11071
13294,2014-05-19 23:15:00,0.0,24.48914,26.12641,25.40992,28.81771,26.76178
13295,2014-05-19 23:30:00,0.0,23.79626,24.48914,26.12641,25.40992,28.81771
13296,2014-05-19 23:45:00,0.0,26.18604,23.79626,24.48914,26.12641,25.40992
13297,2014-05-20 00:00:00,0.0,25.42507,26.18604,23.79626,24.48914,26.12641
13298,2014-05-20 00:15:00,0.0,25.3628,25.42507,26.18604,23.79626,24.48914
13299,2014-05-20 00:30:00,0.0,26.13361,25.3628,25.42507,26.18604,23.79626
13300,2014-05-20 00:45:00,0.0,23.50045,26.13361,25.3628,25.42507,26.18604
13301,2014-05-20 01:00:00,0.0,25.76566,23.50045,26.13361,25.3628,25.42507
13302,2014-05-20 01:15:00,0.0,24.29907,25.76566,23.50045,26.13361,25.3628
13303,2014-05-20 01:30:00,0.0,25.842,24.29907,25.76566,23.50045,26.13361
13304,2014-05-20 01:45:00,0.0,24.94521,25.842,24.29907,25.76566,23.50045
13305,2014-05-20 02:00:00,0.0,28.17453,24.94521,25.842,24.29907,25.76566
13306,2014-05-20 02:15:00,0.0,26.43144,28.17453,24.94521,25.842,24.29907
13307,2014-05-20 02:30:00,0.0,25.24648,26.43144,28.17453,24.94521,25.842
13308,2014-05-20 02:45:00,0.0,23.52954,25.24648,26.43144,28.17453,24.94521
13309,2014-05-20 03:00:00,0.0,26.69648,23.52954,25.24648,26.43144,28.17453
13310,2014-05-20 03:15:00,0.0,24.7052,26.69648,23.52954,25.24648,26.43144
13311,2014-05-20 03:30:00,0.0,26.87024,24.7052,26.69648,23.52954,25.24648
13312,2014-05-20 03:45:00,0.0,26.56679,26.87024,24.7052,26.69648,23.52954
13313,2014-05-20 04:00:00,0.0,27.24054,26.56679,26.87024,24.7052,26.69648
13314,2014-05-20 04:15:00,0.0,25.17799,27.24054,26.56679,26.87024,24.7052
13315,2014-05-20 04:30:00,0.0,25.49557,25.17799,27.24054,26.56679,26.87024
13316,2014-05-20 04:45:00,0.0,24.2828,25.49557,25.17799,27.24054,26.56679
13317,2014-05-20 05:00:00,0.0,25.43263,24.2828,25.49557,25.17799,27.24054
13318,2014-05-20 05:15:00,0.0,26.53933,25.43263,24.2828,25.49557,25.17799
13319,2014-05-20 05:30:00,0.0,26.99376,26.53933,25.43263,24.2828,25.49557
13320,2014-05-20 05:45:00,0.0,27.54605,26.99376,26.53933,25.43263,24.2828
13321,2014-05-20 06:00:00,0.0,26.94762,27.54605,26.99376,26.53933,25.43263
13322,2014-05-20 06:15:00,0.0,27.48657,26.94762,27.54605,26.99376,26.53933
13323,2014-05-20 06:30:00,0.0,29.23651,27.48657,26.94762,27.54605,26.99376
13324,2014-05-20 06:45:00,0.0,29.0712,29.23651,27.48657,26.94762,27.54605
13325,2014-05-20 07:00:00,0.0,28.68578,29.0712,29.23651,27.48657,26.94762
13326,2014-05-20 07:15:00,0.0,29.68404,28.68578,29.0712,29.23651,27.48657
13327,2014-05-20 07:30:00,0.0,29.89595,29.68404,28.68578,29.0712,29.23651
13328,2014-05-20 07:45:00,0.0,29.79598,29.89595,29.68404,28.68578,29.0712
13329,2014-05-20 08:00:00,0.0,28.17367,29.79598,29.89595,29.68404,28.68578
13330,2014-05-20 08:15:00,0.0,27.97691,28.17367,29.79598,29.89595,29.68404
13331,2014-05-20 08:30:00,0.0,29.56515,27.97691,28.17367,29.79598,29.89595
13332,2014-05-20 08:45:00,0.0,33.02008,29.56515,27.97691,28.17367,29.79598
13333,2014-05-20 09:00:00,0.0,32.51966,33.02008,29.56515,27.97691,28.17367
13334,2014-05-20 09:15:00,0.0,31.42404,32.51966,33.02008,29.56515,27.97691
13335,2014-05-20 09:30:00,0.0,31.02858,31.42404,32.51966,33.02008,29.56515
13336,2014-05-20 09:45:00,0.0,35.32104,31.02858,31.42404,32.51966,33.02008
13337,2014-05-20 10:00:00,0.0,32.03484,35.32104,31.02858,31.42404,32.51966
13338,2014-05-20 10:15:00,0.0,37.11194,32.03484,35.32104,31.02858,31.42404
13339,2014-05-20 10:30:00,0.0,34.3579,37.11194,32.03484,35.32104,31.02858
13340,2014-05-20 10:45:00,0.0,39.21272,34.3579,37.11194,32.03484,35.32104
13341,2014-05-20 11:00:00,0.0,34.56591,39.21272,34.3579,37.11194,32.03484
13342,2014-05-20 11:15:00,0.0,36.64714,34.56591,39.21272,34.3579,37.11194
13343,2014-05-20 11:30:00,0.0,35.39597,36.64714,34.56591,39.21272,34.3579
13344,2014-05-20 11:45:00,0.0,37.89879,35.39597,36.64714,34.56591,39.21272
13345,2014-05-20 12:00:00,0.0,34.9574,37.89879,35.39597,36.64714,34.56591
13346,2014-05-20 12:15:00,0.0,37.65284,34.9574,37.89879,35.39597,36.64714
13347,2014-05-20 12:30:00,0.0,39.13048,37.65284,34.9574,37.89879,35.39597
13348,2014-05-20 12:45:00,0.0,36.27202,39.13048,37.65284,34.9574,37.89879
13349,2014-05-20 13:00:00,0.0,36.35227,36.27202,39.13048,37.65284,34.9574
13350,2014-05-20 13:15:00,0.0,34.898,36.35227,36.27202,39.13048,37.65284
13351,2014-05-20 13:30:00,0.0,34.39882,34.898,36.35227,36.27202,39.13048
13352,2014-05-20 13:45:00,0.0,39.12761,34.39882,34.898,36.35227,36.27202
13353,2014-05-20 14:00:00,0.0,34.85642,39.12761,34.39882,34.898,36.35227
13354,2014-05-20 14:15:00,0.0,38.98276,34.85642,39.12761,34.39882,34.898
13355,2014-05-20 14:30:00,0.0,38.0155,38.98276,34.85642,39.12761,34.39882
13356,2014-05-20 14:45:00,0.0,37.40707,38.0155,38.98276,34.85642,39.12761
13357,2014-05-20 15:00:00,0.0,34.43528,37.40707,38.0155,38.98276,34.85642
13358,2014-05-20 15:15:00,0.0,37.02608,34.43528,37.40707,38.0155,38.98276
13359,2014-05-20 15:30:00,0.0,36.45885,37.02608,34.43528,37.40707,38.0155
13360,2014-05-20 15:45:00,0.0,35.89471,36.45885,37.02608,34.43528,37.40707
13361,2014-05-20 16:00:00,0.0,36.78765,35.89471,36.45885,37.02608,34.43528
13362,2014-05-20 16:15:00,0.0,36.81486,36.78765,35.89471,36.45885,37.02608
13363,2014-05-20 16:30:00,0.0,40.44431,36.81486,36.78765,35.89471,36.45885
13364,2014-05-20 16:45:00,0.0,38.49065,40.44431,36.81486,36.78765,35.89471
13365,2014-05-20 17:00:00,0.0,39.69848,38.49065,40.44431,36.81486,36.78765
13366,2014-05-20 17:15:00,0.0,36.33073,39.69848,38.49065,40.44431,36.81486
13367,2014-05-20 17:30:00,0.0,35.97066,36.33073,39.69848,38.49065,40.44431
13368,2014-05-20 17:45:00,0.0,37.30434,35.97066,36.33073,39.69848,38.49065
13369,2014-05-20 18:00:00,0.0,35.31383,37.30434,35.97066,36.33073,39.69848
13370,2014-05-20 18:15:00,0.0,34.71121,35.31383,37.30434,35.97066,36.33073
13371,2014-05-20 18:30:00,0.0,32.85419,34.71121,35.31383,37.30434,35.97066
13372,2014-05-20 18:45:00,0.0,32.84829,32.85419,34.71121,35.31383,37.30434
13373,2014-05-20 19:00:00,0.0,30.97226,32.84829,32.85419,34.71121,35.31383
13374,2014-05-20 19:15:00,0.0,29.99396,30.97226,32.84829,32.85419,34.71121
13375,2014-05-20 19:30:00,0.0,30.27045,29.99396,30.97226,32.84829,32.85419
13376,2014-05-20 19:45:00,0.0,30.08885,30.27045,29.99396,30.97226,32.84829
13377,2014-05-20 20:00:00,0.0,30.51754,30.08885,30.27045,29.99396,30.97226
13378,2014-05-20 20:15:00,0.0,29.95614,30.51754,30.08885,30.27045,29.99396
13379,2014-05-20 20:30:00,0.0,30.21479,29.95614,30.51754,30.08885,30.27045
13380,2014-05-20 20:45:00,0.0,29.65165,30.21479,29.95614,30.51754,30.08885
13381,2014-05-20 21:00:00,0.0,29.26108,29.65165,30.21479,29.95614,30.51754
13382,2014-05-20 21:15:00,0.0,28.48533,29.26108,29.65165,30.21479,29.95614
13383,2014-05-20 21:30:00,0.0,28.10359,28.48533,29.26108,29.65165,30.21479
13384,2014-05-20 21:45:00,0.0,28.08449,28.10359,28.48533,29.26108,29.65165
13385,2014-05-20 22:00:00,0.0,30.06011,28.08449,28.10359,28.48533,29.26108
13386,2014-05-20 22:15:00,0.0,29.48775,30.06011,28.08449,28.10359,28.48533
13387,2014-05-20 22:30:00,0.0,28.51547,29.48775,30.06011,28.08449,28.10359
13388,2014-05-20 22:45:00,0.0,29.09366,28.51547,29.48775,30.06011,28.08449
13389,2014-05-20 23:00:00,0.0,25.80302,29.09366,28.51547,29.48775,30.06011
13390,2014-05-20 23:15:00,0.0,27.5237,25.80302,29.09366,28.51547,29.48775
13391,2014-05-20 23:30:00,0.0,26.70868,27.5237,25.80302,29.09366,28.51547
13392,2014-05-20 23:45:00,0.0,29.23527,26.70868,27.5237,25.80302,29.09366
13393,2014-05-21 00:00:00,0.0,26.53471,29.23527,26.70868,27.5237,25.80302
13394,2014-05-21 00:15:00,0.0,26.67414,26.53471,29.23527,26.70868,27.5237
13395,2014-05-21 00:30:00,0.0,24.07706,26.67414,26.53471,29.23527,26.70868
13396,2014-05-21 00:45:00,0.0,26.66738,24.07706,26.67414,26.53471,29.23527
13397,2014-05-21 01:00:00,0.0,26.92105,26.66738,24.07706,26.67414,26.53471
13398,2014-05-21 01:15:00,0.0,26.25946,26.92105,26.66738,24.07706,26.67414
13399,2014-05-21 01:30:00,0.0,25.80755,26.25946,26.92105,26.66738,24.07706
13400,2014-05-21 01:45:00,0.0,26.93305,25.80755,26.25946,26.92105,26.66738
13401,2014-05-21 02:00:00,0.0,27.27714,26.93305,25.80755,26.25946,26.92105
13402,2014-05-21 02:15:00,0.0,25.73824,27.27714,26.93305,25.80755,26.25946
13403,2014-05-21 02:30:00,0.0,26.77705,25.73824,27.27714,26.93305,25.80755
13404,2014-05-21 02:45:00,0.0,24.22011,26.77705,25.73824,27.27714,26.93305
13405,2014-05-21 03:00:00,0.0,26.6888,24.22011,26.77705,25.73824,27.27714
13406,2014-05-21 03:15:00,0.0,27.50291,26.6888,24.22011,26.77705,25.73824
13407,2014-05-21 03:30:00,0.0,28.67163,27.50291,26.6888,24.22011,26.77705
13408,2014-05-21 03:45:00,0.0,28.03108,28.67163,27.50291,26.6888,24.22011
13409,2014-05-21 04:00:00,0.0,27.42476,28.03108,28.67163,27.50291,26.6888
13410,2014-05-21 04:15:00,0.0,27.4698,27.42476,28.03108,28.67163,27.50291
13411,2014-05-21 04:30:00,0.0,27.06901,27.4698,27.42476,28.03108,28.67163
13412,2014-05-21 04:45:00,0.0,29.09529,27.06901,27.4698,27.42476,28.03108
13413,2014-05-21 05:00:00,0.0,27.86983,29.09529,27.06901,27.4698,27.42476
13414,2014-05-21 05:15:00,0.0,26.3374,27.86983,29.09529,27.06901,27.4698
13415,2014-05-21 05:30:00,0.0,27.5923,26.3374,27.86983,29.09529,27.06901
13416,2014-05-21 05:45:00,0.0,26.68635,27.5923,26.3374,27.86983,29.09529
13417,2014-05-21 06:00:00,0.0,26.04926,26.68635,27.5923,26.3374,27.86983
13418,2014-05-21 06:15:00,0.0,28.30399,26.04926,26.68635,27.5923,26.3374
13419,2014-05-21 06:30:00,0.0,29.40243,28.30399,26.04926,26.68635,27.5923
13420,2014-05-21 06:45:00,0.0,31.08985,29.40243,28.30399,26.04926,26.68635
13421,2014-05-21 07:00:00,0.0,29.67343,31.08985,29.40243,28.30399,26.04926
13422,2014-05-21 07:15:00,0.0,30.62803,29.67343,31.08985,29.40243,28.30399
13423,2014-05-21 07:30:00,0.0,30.06857,30.62803,29.67343,31.08985,29.40243
13424,2014-05-21 07:45:00,0.0,29.99893,30.06857,30.62803,29.67343,31.08985
13425,2014-05-21 08:00:00,0.0,29.41556,29.99893,30.06857,30.62803,29.67343
13426,2014-05-21 08:15:00,0.0,30.58508,29.41556,29.99893,30.06857,30.62803
13427,2014-05-21 08:30:00,0.0,32.87227,30.58508,29.41556,29.99893,30.06857
13428,2014-05-21 08:45:00,0.0,31.37855,32.87227,30.58508,29.41556,29.99893
13429,2014-05-21 09:00:00,0.0,32.65541,31.37855,32.87227,30.58508,29.41556
13430,2014-05-21 09:15:00,0.0,32.17206,32.65541,31.37855,32.87227,30.58508
13431,2014-05-21 09:30:00,0.0,32.43347,32.17206,32.65541,31.37855,32.87227
13432,2014-05-21 09:45:00,0.0,35.40302,32.43347,32.17206,32.65541,31.37855
13433,2014-05-21 10:00:00,0.0,34.74768,35.40302,32.43347,32.17206,32.65541
13434,2014-05-21 10:15:00,0.0,35.8346,34.74768,35.40302,32.43347,32.17206
13435,2014-05-21 10:30:00,0.0,37.9051,35.8346,34.74768,35.40302,32.43347
13436,2014-05-21 10:45:00,0.0,36.69122,37.9051,35.8346,34.74768,35.40302
13437,2014-05-21 11:00:00,0.0,36.4003,36.69122,37.9051,35.8346,34.74768
13438,2014-05-21 11:15:00,0.0,36.11732,36.4003,36.69122,37.9051,35.8346
13439,2014-05-21 11:30:00,0.0,37.85566,36.11732,36.4003,36.69122,37.9051
13440,2014-05-21 11:45:00,0.0,37.50512,37.85566,36.11732,36.4003,36.69122
13441,2014-05-21 12:00:00,0.0,38.3401,37.50512,37.85566,36.11732,36.4003
13442,2014-05-21 12:15:00,0.0,39.92716,38.3401,37.50512,37.85566,36.11732
13443,2014-05-21 12:30:00,0.0,38.40295,39.92716,38.3401,37.50512,37.85566
13444,2014-05-21 12:45:00,0.0,42.74909,38.40295,39.92716,38.3401,37.50512
13445,2014-05-21 13:00:00,0.0,39.81853,42.74909,38.40295,39.92716,38.3401
13446,2014-05-21 13:15:00,0.0,40.67315,39.81853,42.74909,38.40295,39.92716
13447,2014-05-21 13:30:00,0.0,39.07464,40.67315,39.81853,42.74909,38.40295
13448,2014-05-21 13:45:00,0.0,40.2505,39.07464,40.67315,39.81853,42.74909
13449,2014-05-21 14:00:00,0.0,38.82406,40.2505,39.07464,40.67315,39.81853
13450,2014-05-21 14:15:00,0.0,41.7266,38.82406,40.2505,39.07464,40.67315
13451,2014-05-21 14:30:00,0.0,37.71509,41.7266,38.82406,40.2505,39.07464
13452,2014-05-21 14:45:00,0.0,42.34968,37.71509,41.7266,38.82406,40.2505
13453,2014-05-21 15:00:00,0.0,39.27341,42.34968,37.71509,41.7266,38.82406
13454,2014-05-21 15:15:00,0.0,40.8817,39.27341,42.34968,37.71509,41.7266
13455,2014-05-21 15:30:00,0.0,40.12202,40.8817,39.27341,42.34968,37.71509
13456,2014-05-21 15:45:00,0.0,40.11956,40.12202,40.8817,39.27341,42.34968
13457,2014-05-21 16:00:00,0.0,44.30977,40.11956,40.12202,40.8817,39.27341
13458,2014-05-21 16:15:00,0.0,40.0145,44.30977,40.11956,40.12202,40.8817
13459,2014-05-21 16:30:00,0.0,40.83109,40.0145,44.30977,40.11956,40.12202
13460,2014-05-21 16:45:00,0.0,42.12182,40.83109,40.0145,44.30977,40.11956
13461,2014-05-21 17:00:00,0.0,43.35087,42.12182,40.83109,40.0145,44.30977
13462,2014-05-21 17:15:00,0.0,41.24232,43.35087,42.12182,40.83109,40.0145
13463,2014-05-21 17:30:00,0.0,37.65056,41.24232,43.35087,42.12182,40.83109
13464,2014-05-21 17:45:00,0.0,35.52793,37.65056,41.24232,43.35087,42.12182
13465,2014-05-21 18:00:00,0.0,36.40275,35.52793,37.65056,41.24232,43.35087
13466,2014-05-21 18:15:00,0.0,33.68432,36.40275,35.52793,37.65056,41.24232
13467,2014-05-21 18:30:00,0.0,33.86033,33.68432,36.40275,35.52793,37.65056
13468,2014-05-21 18:45:00,0.0,33.85251,33.86033,33.68432,36.40275,35.52793
13469,2014-05-21 19:00:00,0.0,32.86452,33.85251,33.86033,33.68432,36.40275
13470,2014-05-21 19:15:00,0.0,29.22485,32.86452,33.85251,33.86033,33.68432
13471,2014-05-21 19:30:00,0.0,31.2661,29.22485,32.86452,33.85251,33.86033
13472,2014-05-21 19:45:00,0.0,29.31032,31.2661,29.22485,32.86452,33.85251
13473,2014-05-21 20:00:00,0.0,31.37147,29.31032,31.2661,29.22485,32.86452
13474,2014-05-21 20:15:00,0.0,28.92456,31.37147,29.31032,31.2661,29.22485
13475,2014-05-21 20:45:00,0.0,58.14535,28.92456,31.37147,29.31032,31.2661
13476,2014-05-21 21:00:00,0.0,30.60602,58.14535,28.92456,31.37147,29.31032
13477,2014-05-21 21:15:00,0.0,28.13944,30.60602,58.14535,28.92456,31.37147
13478,2014-05-21 21:30:00,0.0,29.68499,28.13944,30.60602,58.14535,28.92456
13479,2014-05-21 21:45:00,0.0,30.31586,29.68499,28.13944,30.60602,58.14535
13480,2014-05-21 22:00:00,0.0,28.39337,30.31586,29.68499,28.13944,30.60602
13481,2014-05-21 22:15:00,0.0,28.93923,28.39337,30.31586,29.68499,28.13944
13482,2014-05-21 22:30:00,0.0,27.67957,28.93923,28.39337,30.31586,29.68499
13483,2014-05-21 22:45:00,0.0,29.43525,27.67957,28.93923,28.39337,30.31586
13484,2014-05-21 23:00:00,0.0,27.79331,29.43525,27.67957,28.93923,28.39337
13485,2014-05-21 23:15:00,0.0,28.1004,27.79331,29.43525,27.67957,28.93923
13486,2014-05-21 23:30:00,0.0,27.24945,28.1004,27.79331,29.43525,27.67957
13487,2014-05-21 23:45:00,0.0,27.25974,27.24945,28.1004,27.79331,29.43525
13488,2014-05-22 00:00:00,0.0,27.52119,27.25974,27.24945,28.1004,27.79331
13489,2014-05-22 00:15:00,0.0,26.59144,27.52119,27.25974,27.24945,28.1004
13490,2014-05-22 00:30:00,0.0,26.67983,26.59144,27.52119,27.25974,27.24945
13491,2014-05-22 00:45:00,0.0,27.8401,26.67983,26.59144,27.52119,27.25974
13492,2014-05-22 01:00:00,0.0,26.01544,27.8401,26.67983,26.59144,27.52119
13493,2014-05-22 01:15:00,0.0,26.6824,26.01544,27.8401,26.67983,26.59144
13494,2014-05-22 01:30:00,0.0,25.1801,26.6824,26.01544,27.8401,26.67983
13495,2014-05-22 01:45:00,0.0,27.82841,25.1801,26.6824,26.01544,27.8401
13496,2014-05-22 02:00:00,0.0,27.34796,27.82841,25.1801,26.6824,26.01544
13497,2014-05-22 02:15:00,0.0,25.82202,27.34796,27.82841,25.1801,26.6824
13498,2014-05-22 02:30:00,0.0,26.75427,25.82202,27.34796,27.82841,25.1801
13499,2014-05-22 02:45:00,0.0,26.50116,26.75427,25.82202,27.34796,27.82841
13500,2014-05-22 03:00:00,0.0,27.34379,26.50116,26.75427,25.82202,27.34796
13501,2014-05-22 03:15:00,0.0,26.24431,27.34379,26.50116,26.75427,25.82202
13502,2014-05-22 03:30:00,0.0,27.63421,26.24431,27.34379,26.50116,26.75427
13503,2014-05-22 03:45:00,0.0,27.95417,27.63421,26.24431,27.34379,26.50116
13504,2014-05-22 04:00:00,0.0,27.91495,27.95417,27.63421,26.24431,27.34379
13505,2014-05-22 04:15:00,0.0,26.55722,27.91495,27.95417,27.63421,26.24431
13506,2014-05-22 04:30:00,0.0,26.65283,26.55722,27.91495,27.95417,27.63421
13507,2014-05-22 04:45:00,0.0,26.88847,26.65283,26.55722,27.91495,27.95417
13508,2014-05-22 05:00:00,0.0,27.54386,26.88847,26.65283,26.55722,27.91495
13509,2014-05-22 05:15:00,0.0,27.25381,27.54386,26.88847,26.65283,26.55722
13510,2014-05-22 05:30:00,0.0,28.0168,27.25381,27.54386,26.88847,26.65283
13511,2014-05-22 05:45:00,0.0,26.89897,28.0168,27.25381,27.54386,26.88847
13512,2014-05-22 06:00:00,0.0,28.1958,26.89897,28.0168,27.25381,27.54386
13513,2014-05-22 06:15:00,0.0,26.11845,28.1958,26.89897,28.0168,27.25381
13514,2014-05-22 06:30:00,0.0,26.10733,26.11845,28.1958,26.89897,28.0168
13515,2014-05-22 06:45:00,0.0,32.26013,26.10733,26.11845,28.1958,26.89897
13516,2014-05-22 07:00:00,0.0,29.75999,32.26013,26.10733,26.11845,28.1958
13517,2014-05-22 07:15:00,0.0,32.2429,29.75999,32.26013,26.10733,26.11845
13518,2014-05-22 07:30:00,0.0,28.83188,32.2429,29.75999,32.26013,26.10733
13519,2014-05-22 07:45:00,0.0,31.85775,28.83188,32.2429,29.75999,32.26013
13520,2014-05-22 08:00:00,0.0,31.4015,31.85775,28.83188,32.2429,29.75999
13521,2014-05-22 08:15:00,0.0,30.49927,31.4015,31.85775,28.83188,32.2429
13522,2014-05-22 08:30:00,0.0,32.54599,30.49927,31.4015,31.85775,28.83188
13523,2014-05-22 08:45:00,0.0,30.20734,32.54599,30.49927,31.4015,31.85775
13524,2014-05-22 09:00:00,0.0,33.1826,30.20734,32.54599,30.49927,31.4015
13525,2014-05-22 09:15:00,0.0,32.8787,33.1826,30.20734,32.54599,30.49927
13526,2014-05-22 09:30:00,0.0,34.895,32.8787,33.1826,30.20734,32.54599
13527,2014-05-22 09:45:00,0.0,34.97644,34.895,32.8787,33.1826,30.20734
13528,2014-05-22 10:00:00,0.0,34.87974,34.97644,34.895,32.8787,33.1826
13529,2014-05-22 10:15:00,0.0,34.15536,34.87974,34.97644,34.895,32.8787
13530,2014-05-22 10:30:00,0.0,35.41313,34.15536,34.87974,34.97644,34.895
13531,2014-05-22 10:45:00,0.0,37.47612,35.41313,34.15536,34.87974,34.97644
13532,2014-05-22 11:00:00,0.0,35.55357,37.47612,35.41313,34.15536,34.87974
13533,2014-05-22 11:15:00,0.0,35.97272,35.55357,37.47612,35.41313,34.15536
13534,2014-05-22 11:30:00,0.0,32.28434,35.97272,35.55357,37.47612,35.41313
13535,2014-05-22 11:45:00,0.0,34.89675,32.28434,35.97272,35.55357,37.47612
13536,2014-05-22 12:00:00,0.0,34.61838,34.89675,32.28434,35.97272,35.55357
13537,2014-05-22 12:15:00,0.0,38.32004,34.61838,34.89675,32.28434,35.97272
13538,2014-05-22 12:30:00,0.0,35.43614,38.32004,34.61838,34.89675,32.28434
13539,2014-05-22 12:45:00,0.0,40.14391,35.43614,38.32004,34.61838,34.89675
13540,2014-05-22 13:00:00,0.0,36.43636,40.14391,35.43614,38.32004,34.61838
13541,2014-05-22 13:15:00,0.0,34.6518,36.43636,40.14391,35.43614,38.32004
13542,2014-05-22 13:30:00,0.0,38.25411,34.6518,36.43636,40.14391,35.43614
13543,2014-05-22 13:45:00,0.0,40.06864,38.25411,34.6518,36.43636,40.14391
13544,2014-05-22 14:00:00,0.0,37.10189,40.06864,38.25411,34.6518,36.43636
13545,2014-05-22 14:15:00,0.0,39.07512,37.10189,40.06864,38.25411,34.6518
13546,2014-05-22 14:30:00,0.0,39.01575,39.07512,37.10189,40.06864,38.25411
13547,2014-05-22 14:45:00,0.0,37.73259,39.01575,39.07512,37.10189,40.06864
13548,2014-05-22 15:00:00,0.0,37.19412,37.73259,39.01575,39.07512,37.10189
13549,2014-05-22 15:15:00,0.0,36.60187,37.19412,37.73259,39.01575,39.07512
13550,2014-05-22 15:30:00,0.0,38.62282,36.60187,37.19412,37.73259,39.01575
13551,2014-05-22 15:45:00,0.0,38.26888,38.62282,36.60187,37.19412,37.73259
13552,2014-05-22 16:00:00,0.0,37.1356,38.26888,38.62282,36.60187,37.19412
13553,2014-05-22 16:15:00,0.0,34.78561,37.1356,38.26888,38.62282,36.60187
13554,2014-05-22 16:30:00,0.0,38.95225,34.78561,37.1356,38.26888,38.62282
13555,2014-05-22 16:45:00,0.0,40.26723,38.95225,34.78561,37.1356,38.26888
13556,2014-05-22 17:00:00,0.0,36.684,40.26723,38.95225,34.78561,37.1356
13557,2014-05-22 17:15:00,0.0,37.76406,36.684,40.26723,38.95225,34.78561
13558,2014-05-22 17:30:00,0.0,36.47487,37.76406,36.684,40.26723,38.95225
13559,2014-05-22 17:45:00,0.0,36.49725,36.47487,37.76406,36.684,40.26723
13560,2014-05-22 18:00:00,0.0,34.38393,36.49725,36.47487,37.76406,36.684
13561,2014-05-22 18:15:00,0.0,34.6453,34.38393,36.49725,36.47487,37.76406
13562,2014-05-22 18:30:00,0.0,33.68545,34.6453,34.38393,36.49725,36.47487
13563,2014-05-22 18:45:00,0.0,32.99074,33.68545,34.6453,34.38393,36.49725
13564,2014-05-22 19:00:00,0.0,30.42387,32.99074,33.68545,34.6453,34.38393
13565,2014-05-22 19:15:00,0.0,30.43069,30.42387,32.99074,33.68545,34.6453
13566,2014-05-22 19:30:00,0.0,30.88681,30.43069,30.42387,32.99074,33.68545
13567,2014-05-22 19:45:00,0.0,29.99462,30.88681,30.43069,30.42387,32.99074
13568,2014-05-22 20:00:00,0.0,31.20934,29.99462,30.88681,30.43069,30.42387
13569,2014-05-22 20:15:00,0.0,30.40625,31.20934,29.99462,30.88681,30.43069
13570,2014-05-22 20:30:00,0.0,31.20171,30.40625,31.20934,29.99462,30.88681
13571,2014-05-22 20:45:00,0.0,26.68185,31.20171,30.40625,31.20934,29.99462
13572,2014-05-22 21:00:00,0.0,28.60024,26.68185,31.20171,30.40625,31.20934
13573,2014-05-22 21:15:00,0.0,26.99979,28.60024,26.68185,31.20171,30.40625
13574,2014-05-22 21:30:00,0.0,28.39947,26.99979,28.60024,26.68185,31.20171
13575,2014-05-22 21:45:00,0.0,27.19606,28.39947,26.99979,28.60024,26.68185
13576,2014-05-22 22:00:00,0.0,29.86876,27.19606,28.39947,26.99979,28.60024
13577,2014-05-22 22:15:00,0.0,28.82391,29.86876,27.19606,28.39947,26.99979
13578,2014-05-22 22:30:00,0.0,26.00409,28.82391,29.86876,27.19606,28.39947
13579,2014-05-22 22:45:00,0.0,27.66495,26.00409,28.82391,29.86876,27.19606
13580,2014-05-22 23:00:00,0.0,27.59047,27.66495,26.00409,28.82391,29.86876
13581,2014-05-22 23:15:00,0.0,25.36503,27.59047,27.66495,26.00409,28.82391
13582,2014-05-22 23:30:00,0.0,25.61505,25.36503,27.59047,27.66495,26.00409
13583,2014-05-22 23:45:00,0.0,27.11461,25.61505,25.36503,27.59047,27.66495
13584,2014-05-23 00:00:00,0.0,26.56667,27.11461,25.61505,25.36503,27.59047
13585,2014-05-23 00:15:00,0.0,25.07592,26.56667,27.11461,25.61505,25.36503
13586,2014-05-23 00:30:00,0.0,23.84687,25.07592,26.56667,27.11461,25.61505
13587,2014-05-23 00:45:00,0.0,26.8448,23.84687,25.07592,26.56667,27.11461
13588,2014-05-23 01:00:00,0.0,24.65269,26.8448,23.84687,25.07592,26.56667
13589,2014-05-23 01:15:00,0.0,26.4858,24.65269,26.8448,23.84687,25.07592
13590,2014-05-23 01:30:00,0.0,26.45229,26.4858,24.65269,26.8448,23.84687
13591,2014-05-23 01:45:00,0.0,27.02624,26.45229,26.4858,24.65269,26.8448
13592,2014-05-23 02:00:00,0.0,26.66859,27.02624,26.45229,26.4858,24.65269
13593,2014-05-23 02:15:00,0.0,26.41641,26.66859,27.02624,26.45229,26.4858
13594,2014-05-23 02:30:00,0.0,26.02723,26.41641,26.66859,27.02624,26.45229
13595,2014-05-23 02:45:00,0.0,24.35374,26.02723,26.41641,26.66859,27.02624
13596,2014-05-23 03:00:00,0.0,26.10041,24.35374,26.02723,26.41641,26.66859
13597,2014-05-23 03:15:00,0.0,25.06704,26.10041,24.35374,26.02723,26.41641
13598,2014-05-23 03:30:00,0.0,25.18293,25.06704,26.10041,24.35374,26.02723
13599,2014-05-23 03:45:00,0.0,25.19402,25.18293,25.06704,26.10041,24.35374
13600,2014-05-23 04:00:00,0.0,25.32488,25.19402,25.18293,25.06704,26.10041
13601,2014-05-23 04:15:00,0.0,26.75732,25.32488,25.19402,25.18293,25.06704
13602,2014-05-23 04:30:00,0.0,26.40494,26.75732,25.32488,25.19402,25.18293
13603,2014-05-23 04:45:00,0.0,27.18183,26.40494,26.75732,25.32488,25.19402
13604,2014-05-23 05:00:00,0.0,27.67991,27.18183,26.40494,26.75732,25.32488
13605,2014-05-23 05:15:00,0.0,25.75501,27.67991,27.18183,26.40494,26.75732
13606,2014-05-23 05:30:00,0.0,27.30662,25.75501,27.67991,27.18183,26.40494
13607,2014-05-23 05:45:00,0.0,28.00398,27.30662,25.75501,27.67991,27.18183
13608,2014-05-23 06:00:00,0.0,28.54159,28.00398,27.30662,25.75501,27.67991
13609,2014-05-23 06:15:00,0.0,29.1467,28.54159,28.00398,27.30662,25.75501
13610,2014-05-23 06:30:00,0.0,27.67669,29.1467,28.54159,28.00398,27.30662
13611,2014-05-23 06:45:00,0.0,29.00856,27.67669,29.1467,28.54159,28.00398
13612,2014-05-23 07:00:00,0.0,30.0575,29.00856,27.67669,29.1467,28.54159
13613,2014-05-23 07:15:00,0.0,32.19518,30.0575,29.00856,27.67669,29.1467
13614,2014-05-23 07:30:00,0.0,30.57336,32.19518,30.0575,29.00856,27.67669
13615,2014-05-23 07:45:00,0.0,28.95794,30.57336,32.19518,30.0575,29.00856
13616,2014-05-23 08:00:00,0.0,32.21185,28.95794,30.57336,32.19518,30.0575
13617,2014-05-23 08:15:00,0.0,31.16331,32.21185,28.95794,30.57336,32.19518
13618,2014-05-23 08:30:00,0.0,33.385,31.16331,32.21185,28.95794,30.57336
13619,2014-05-23 08:45:00,0.0,31.0006,33.385,31.16331,32.21185,28.95794
13620,2014-05-23 09:00:00,0.0,31.86718,31.0006,33.385,31.16331,32.21185
13621,2014-05-23 09:15:00,0.0,33.04682,31.86718,31.0006,33.385,31.16331
13622,2014-05-23 09:30:00,0.0,30.82649,33.04682,31.86718,31.0006,33.385
13623,2014-05-23 09:45:00,0.0,35.30326,30.82649,33.04682,31.86718,31.0006
13624,2014-05-23 10:00:00,0.0,34.98405,35.30326,30.82649,33.04682,31.86718
13625,2014-05-23 10:15:00,0.0,34.75028,34.98405,35.30326,30.82649,33.04682
13626,2014-05-23 10:30:00,0.0,33.58452,34.75028,34.98405,35.30326,30.82649
13627,2014-05-23 10:45:00,0.0,35.23677,33.58452,34.75028,34.98405,35.30326
13628,2014-05-23 11:00:00,0.0,33.35062,35.23677,33.58452,34.75028,34.98405
13629,2014-05-23 11:15:00,0.0,34.45288,33.35062,35.23677,33.58452,34.75028
13630,2014-05-23 11:30:00,0.0,34.88931,34.45288,33.35062,35.23677,33.58452
13631,2014-05-23 11:45:00,0.0,39.33188,34.88931,34.45288,33.35062,35.23677
13632,2014-05-23 12:00:00,0.0,35.6873,39.33188,34.88931,34.45288,33.35062
13633,2014-05-23 12:15:00,0.0,37.26468,35.6873,39.33188,34.88931,34.45288
13634,2014-05-23 12:30:00,0.0,37.94897,37.26468,35.6873,39.33188,34.88931
13635,2014-05-23 12:45:00,0.0,38.2514,37.94897,37.26468,35.6873,39.33188
13636,2014-05-23 13:00:00,0.0,35.56345,38.2514,37.94897,37.26468,35.6873
13637,2014-05-23 13:15:00,0.0,33.88896,35.56345,38.2514,37.94897,37.26468
13638,2014-05-23 13:30:00,0.0,34.48542,33.88896,35.56345,38.2514,37.94897
13639,2014-05-23 13:45:00,0.0,36.65591,34.48542,33.88896,35.56345,38.2514
13640,2014-05-23 14:00:00,0.0,37.65819,36.65591,34.48542,33.88896,35.56345
13641,2014-05-23 14:15:00,0.0,38.75052,37.65819,36.65591,34.48542,33.88896
13642,2014-05-23 14:30:00,0.0,37.01102,38.75052,37.65819,36.65591,34.48542
13643,2014-05-23 14:45:00,0.0,38.53501,37.01102,38.75052,37.65819,36.65591
13644,2014-05-23 15:00:00,0.0,38.44235,38.53501,37.01102,38.75052,37.65819
13645,2014-05-23 15:15:00,0.0,37.94228,38.44235,38.53501,37.01102,38.75052
13646,2014-05-23 15:30:00,0.0,39.74155,37.94228,38.44235,38.53501,37.01102
13647,2014-05-23 15:45:00,0.0,39.33552,39.74155,37.94228,38.44235,38.53501
13648,2014-05-23 16:00:00,0.0,36.83833,39.33552,39.74155,37.94228,38.44235
13649,2014-05-23 16:15:00,0.0,39.63324,36.83833,39.33552,39.74155,37.94228
13650,2014-05-23 16:30:00,0.0,37.19335,39.63324,36.83833,39.33552,39.74155
13651,2014-05-23 16:45:00,0.0,36.63073,37.19335,39.63324,36.83833,39.33552
13652,2014-05-23 17:00:00,0.0,35.79123,36.63073,37.19335,39.63324,36.83833
13653,2014-05-23 17:15:00,0.0,36.33738,35.79123,36.63073,37.19335,39.63324
13654,2014-05-23 17:30:00,0.0,31.94075,36.33738,35.79123,36.63073,37.19335
13655,2014-05-23 17:45:00,0.0,32.51223,31.94075,36.33738,35.79123,36.63073
13656,2014-05-23 18:00:00,0.0,29.11233,32.51223,31.94075,36.33738,35.79123
13657,2014-05-23 18:15:00,0.0,29.43329,29.11233,32.51223,31.94075,36.33738
13658,2014-05-23 18:30:00,0.0,26.78856,29.43329,29.11233,32.51223,31.94075
13659,2014-05-23 18:45:00,0.0,31.28335,26.78856,29.43329,29.11233,32.51223
13660,2014-05-23 19:00:00,0.0,29.62652,31.28335,26.78856,29.43329,29.11233
13661,2014-05-23 19:15:00,0.0,30.58107,29.62652,31.28335,26.78856,29.43329
13662,2014-05-23 19:30:00,0.0,30.45133,30.58107,29.62652,31.28335,26.78856
13663,2014-05-23 19:45:00,0.0,26.61583,30.45133,30.58107,29.62652,31.28335
13664,2014-05-23 20:00:00,0.0,28.38354,26.61583,30.45133,30.58107,29.62652
13665,2014-05-23 20:15:00,0.0,25.23593,28.38354,26.61583,30.45133,30.58107
13666,2014-05-23 20:30:00,0.0,28.01643,25.23593,28.38354,26.61583,30.45133
13667,2014-05-23 20:45:00,0.0,27.9989,28.01643,25.23593,28.38354,26.61583
13668,2014-05-23 21:00:00,0.0,26.1056,27.9989,28.01643,25.23593,28.38354
13669,2014-05-23 21:15:00,0.0,28.6073,26.1056,27.9989,28.01643,25.23593
13670,2014-05-23 21:30:00,0.0,28.21609,28.6073,26.1056,27.9989,28.01643
13671,2014-05-23 21:45:00,0.0,27.6318,28.21609,28.6073,26.1056,27.9989
13672,2014-05-23 22:00:00,0.0,26.62815,27.6318,28.21609,28.6073,26.1056
13673,2014-05-23 22:15:00,0.0,27.45751,26.62815,27.6318,28.21609,28.6073
13674,2014-05-23 22:30:00,0.0,24.97778,27.45751,26.62815,27.6318,28.21609
13675,2014-05-23 22:45:00,0.0,27.88271,24.97778,27.45751,26.62815,27.6318
13676,2014-05-23 23:00:00,0.0,27.84372,27.88271,24.97778,27.45751,26.62815
13677,2014-05-23 23:15:00,0.0,24.33051,27.84372,27.88271,24.97778,27.45751
13678,2014-05-23 23:30:00,0.0,25.07355,24.33051,27.84372,27.88271,24.97778
13679,2014-05-23 23:45:00,0.0,25.93082,25.07355,24.33051,27.84372,27.88271
13680,2014-05-24 00:00:00,0.0,23.77311,25.93082,25.07355,24.33051,27.84372
13681,2014-05-24 00:15:00,0.0,25.85775,23.77311,25.93082,25.07355,24.33051
13682,2014-05-24 00:30:00,0.0,24.52258,25.85775,23.77311,25.93082,25.07355
13683,2014-05-24 00:45:00,0.0,27.1972,24.52258,25.85775,23.77311,25.93082
13684,2014-05-24 01:00:00,0.0,25.46696,27.1972,24.52258,25.85775,23.77311
13685,2014-05-24 01:15:00,0.0,26.38057,25.46696,27.1972,24.52258,25.85775
13686,2014-05-24 01:30:00,0.0,24.64274,26.38057,25.46696,27.1972,24.52258
13687,2014-05-24 01:45:00,0.0,26.01335,24.64274,26.38057,25.46696,27.1972
13688,2014-05-24 02:00:00,0.0,24.49007,26.01335,24.64274,26.38057,25.46696
13689,2014-05-24 02:15:00,0.0,25.18256,24.49007,26.01335,24.64274,26.38057
13690,2014-05-24 02:30:00,0.0,25.69829,25.18256,24.49007,26.01335,24.64274
13691,2014-05-24 02:45:00,0.0,27.04464,25.69829,25.18256,24.49007,26.01335
13692,2014-05-24 03:00:00,0.0,25.4508,27.04464,25.69829,25.18256,24.49007
13693,2014-05-24 03:15:00,0.0,24.29635,25.4508,27.04464,25.69829,25.18256
13694,2014-05-24 03:30:00,0.0,23.49327,24.29635,25.4508,27.04464,25.69829
13695,2014-05-24 03:45:00,0.0,24.81615,23.49327,24.29635,25.4508,27.04464
13696,2014-05-24 04:00:00,0.0,23.06472,24.81615,23.49327,24.29635,25.4508
13697,2014-05-24 04:15:00,0.0,25.527,23.06472,24.81615,23.49327,24.29635
13698,2014-05-24 04:30:00,0.0,24.22671,25.527,23.06472,24.81615,23.49327
13699,2014-05-24 04:45:00,0.0,26.41465,24.22671,25.527,23.06472,24.81615
13700,2014-05-24 05:00:00,0.0,24.88367,26.41465,24.22671,25.527,23.06472
13701,2014-05-24 05:15:00,0.0,24.0026,24.88367,26.41465,24.22671,25.527
13702,2014-05-24 05:30:00,0.0,22.12351,24.0026,24.88367,26.41465,24.22671
13703,2014-05-24 05:45:00,0.0,22.18961,22.12351,24.0026,24.88367,26.41465
13704,2014-05-24 06:00:00,0.0,23.02309,22.18961,22.12351,24.0026,24.88367
13705,2014-05-24 06:15:00,0.0,23.58,23.02309,22.18961,22.12351,24.0026
13706,2014-05-24 06:30:00,0.0,24.70889,23.58,23.02309,22.18961,22.12351
13707,2014-05-24 06:45:00,0.0,26.50258,24.70889,23.58,23.02309,22.18961
13708,2014-05-24 07:00:00,0.0,24.92259,26.50258,24.70889,23.58,23.02309
13709,2014-05-24 07:15:00,0.0,26.31049,24.92259,26.50258,24.70889,23.58
13710,2014-05-24 07:30:00,0.0,26.24993,26.31049,24.92259,26.50258,24.70889
13711,2014-05-24 07:45:00,0.0,27.91371,26.24993,26.31049,24.92259,26.50258
13712,2014-05-24 08:00:00,0.0,25.82002,27.91371,26.24993,26.31049,24.92259
13713,2014-05-24 08:15:00,0.0,25.66824,25.82002,27.91371,26.24993,26.31049
13714,2014-05-24 08:30:00,0.0,24.82144,25.66824,25.82002,27.91371,26.24993
13715,2014-05-24 08:45:00,0.0,24.87217,24.82144,25.66824,25.82002,27.91371
13716,2014-05-24 09:00:00,0.0,25.11938,24.87217,24.82144,25.66824,25.82002
13717,2014-05-24 09:15:00,0.0,23.00297,25.11938,24.87217,24.82144,25.66824
13718,2014-05-24 09:30:00,0.0,24.39062,23.00297,25.11938,24.87217,24.82144
13719,2014-05-24 09:45:00,0.0,28.25024,24.39062,23.00297,25.11938,24.87217
13720,2014-05-24 10:00:00,0.0,26.50701,28.25024,24.39062,23.00297,25.11938
13721,2014-05-24 10:15:00,0.0,27.05255,26.50701,28.25024,24.39062,23.00297
13722,2014-05-24 10:30:00,0.0,21.89277,27.05255,26.50701,28.25024,24.39062
13723,2014-05-24 10:45:00,0.0,27.07756,21.89277,27.05255,26.50701,28.25024
13724,2014-05-24 11:00:00,0.0,24.34656,27.07756,21.89277,27.05255,26.50701
13725,2014-05-24 11:15:00,0.0,25.79177,24.34656,27.07756,21.89277,27.05255
13726,2014-05-24 11:30:00,0.0,27.04302,25.79177,24.34656,27.07756,21.89277
13727,2014-05-24 11:45:00,0.0,30.7713,27.04302,25.79177,24.34656,27.07756
13728,2014-05-24 12:00:00,0.0,26.83198,30.7713,27.04302,25.79177,24.34656
13729,2014-05-24 12:15:00,0.0,27.90955,26.83198,30.7713,27.04302,25.79177
13730,2014-05-24 12:30:00,0.0,25.04816,27.90955,26.83198,30.7713,27.04302
13731,2014-05-24 12:45:00,0.0,29.51726,25.04816,27.90955,26.83198,30.7713
13732,2014-05-24 13:00:00,0.0,27.64882,29.51726,25.04816,27.90955,26.83198
13733,2014-05-24 13:15:00,0.0,28.38168,27.64882,29.51726,25.04816,27.90955
13734,2014-05-24 13:30:00,0.0,26.98662,28.38168,27.64882,29.51726,25.04816
13735,2014-05-24 13:45:00,0.0,33.17985,26.98662,28.38168,27.64882,29.51726
13736,2014-05-24 14:00:00,0.0,27.50958,33.17985,26.98662,28.38168,27.64882
13737,2014-05-24 14:15:00,0.0,26.91108,27.50958,33.17985,26.98662,28.38168
13738,2014-05-24 14:30:00,0.0,27.41793,26.91108,27.50958,33.17985,26.98662
13739,2014-05-24 14:45:00,0.0,28.55718,27.41793,26.91108,27.50958,33.17985
13740,2014-05-24 15:00:00,0.0,27.82074,28.55718,27.41793,26.91108,27.50958
13741,2014-05-24 15:15:00,0.0,26.75868,27.82074,28.55718,27.41793,26.91108
13742,2014-05-24 15:30:00,0.0,26.95069,26.75868,27.82074,28.55718,27.41793
13743,2014-05-24 15:45:00,0.0,25.18876,26.95069,26.75868,27.82074,28.55718
13744,2014-05-24 16:00:00,0.0,25.58998,25.18876,26.95069,26.75868,27.82074
13745,2014-05-24 16:15:00,0.0,28.16035,25.58998,25.18876,26.95069,26.75868
13746,2014-05-24 16:30:00,0.0,25.16791,28.16035,25.58998,25.18876,26.95069
13747,2014-05-24 16:45:00,0.0,29.66198,25.16791,28.16035,25.58998,25.18876
13748,2014-05-24 17:00:00,0.0,26.81646,29.66198,25.16791,28.16035,25.58998
13749,2014-05-24 17:15:00,0.0,26.95394,26.81646,29.66198,25.16791,28.16035
13750,2014-05-24 17:30:00,0.0,26.01582,26.95394,26.81646,29.66198,25.16791
13751,2014-05-24 17:45:00,0.0,29.06912,26.01582,26.95394,26.81646,29.66198
13752,2014-05-24 18:00:00,0.0,26.06594,29.06912,26.01582,26.95394,26.81646
13753,2014-05-24 18:15:00,0.0,27.22958,26.06594,29.06912,26.01582,26.95394
13754,2014-05-24 18:30:00,0.0,23.67639,27.22958,26.06594,29.06912,26.01582
13755,2014-05-24 18:45:00,0.0,27.25561,23.67639,27.22958,26.06594,29.06912
13756,2014-05-24 19:00:00,0.0,25.70377,27.25561,23.67639,27.22958,26.06594
13757,2014-05-24 19:15:00,0.0,26.9801,25.70377,27.25561,23.67639,27.22958
13758,2014-05-24 19:30:00,0.0,25.20388,26.9801,25.70377,27.25561,23.67639
13759,2014-05-24 19:45:00,0.0,25.25528,25.20388,26.9801,25.70377,27.25561
13760,2014-05-24 20:00:00,0.0,24.29054,25.25528,25.20388,26.9801,25.70377
13761,2014-05-24 20:15:00,0.0,25.7371,24.29054,25.25528,25.20388,26.9801
13762,2014-05-24 20:30:00,0.0,24.65417,25.7371,24.29054,25.25528,25.20388
13763,2014-05-24 20:45:00,0.0,26.49853,24.65417,25.7371,24.29054,25.25528
13764,2014-05-24 21:00:00,0.0,25.86678,26.49853,24.65417,25.7371,24.29054
13765,2014-05-24 21:15:00,0.0,27.43837,25.86678,26.49853,24.65417,25.7371
13766,2014-05-24 21:30:00,0.0,25.72191,27.43837,25.86678,26.49853,24.65417
13767,2014-05-24 21:45:00,0.0,24.173,25.72191,27.43837,25.86678,26.49853
13768,2014-05-24 22:00:00,0.0,24.68248,24.173,25.72191,27.43837,25.86678
13769,2014-05-24 22:15:00,0.0,25.60375,24.68248,24.173,25.72191,27.43837
13770,2014-05-24 22:30:00,0.0,24.51921,25.60375,24.68248,24.173,25.72191
13771,2014-05-24 22:45:00,0.0,26.39083,24.51921,25.60375,24.68248,24.173
13772,2014-05-24 23:00:00,0.0,27.87798,26.39083,24.51921,25.60375,24.68248
13773,2014-05-24 23:15:00,0.0,24.70894,27.87798,26.39083,24.51921,25.60375
13774,2014-05-24 23:30:00,0.0,24.45558,24.70894,27.87798,26.39083,24.51921
13775,2014-05-24 23:45:00,0.0,22.88113,24.45558,24.70894,27.87798,26.39083
13776,2014-05-25 00:00:00,0.0,23.18051,22.88113,24.45558,24.70894,27.87798
13777,2014-05-25 00:15:00,0.0,24.26743,23.18051,22.88113,24.45558,24.70894
13778,2014-05-25 00:30:00,0.0,25.15431,24.26743,23.18051,22.88113,24.45558
13779,2014-05-25 00:45:00,0.0,26.30609,25.15431,24.26743,23.18051,22.88113
13780,2014-05-25 01:00:00,0.0,25.34944,26.30609,25.15431,24.26743,23.18051
13781,2014-05-25 01:15:00,0.0,22.62234,25.34944,26.30609,25.15431,24.26743
13782,2014-05-25 01:30:00,0.0,23.73409,22.62234,25.34944,26.30609,25.15431
13783,2014-05-25 01:45:00,0.0,25.45216,23.73409,22.62234,25.34944,26.30609
13784,2014-05-25 02:00:00,0.0,23.424,25.45216,23.73409,22.62234,25.34944
13785,2014-05-25 02:15:00,0.0,24.82937,23.424,25.45216,23.73409,22.62234
13786,2014-05-25 02:30:00,0.0,25.04617,24.82937,23.424,25.45216,23.73409
13787,2014-05-25 02:45:00,0.0,26.0143,25.04617,24.82937,23.424,25.45216
13788,2014-05-25 03:00:00,0.0,24.92267,26.0143,25.04617,24.82937,23.424
13789,2014-05-25 03:15:00,0.0,25.10726,24.92267,26.0143,25.04617,24.82937
13790,2014-05-25 03:30:00,0.0,24.83837,25.10726,24.92267,26.0143,25.04617
13791,2014-05-25 03:45:00,0.0,25.36022,24.83837,25.10726,24.92267,26.0143
13792,2014-05-25 04:00:00,0.0,22.07835,25.36022,24.83837,25.10726,24.92267
13793,2014-05-25 04:15:00,0.0,26.89232,22.07835,25.36022,24.83837,25.10726
13794,2014-05-25 04:30:00,0.0,22.62274,26.89232,22.07835,25.36022,24.83837
13795,2014-05-25 04:45:00,0.0,25.39199,22.62274,26.89232,22.07835,25.36022
13796,2014-05-25 05:00:00,0.0,24.95229,25.39199,22.62274,26.89232,22.07835
13797,2014-05-25 05:15:00,0.0,24.42023,24.95229,25.39199,22.62274,26.89232
13798,2014-05-25 05:30:00,0.0,25.25901,24.42023,24.95229,25.39199,22.62274
13799,2014-05-25 05:45:00,0.0,25.74412,25.25901,24.42023,24.95229,25.39199
13800,2014-05-25 06:00:00,0.0,27.17328,25.74412,25.25901,24.42023,24.95229
13801,2014-05-25 06:15:00,0.0,26.4735,27.17328,25.74412,25.25901,24.42023
13802,2014-05-25 06:30:00,0.0,25.01097,26.4735,27.17328,25.74412,25.25901
13803,2014-05-25 06:45:00,0.0,25.71965,25.01097,26.4735,27.17328,25.74412
13804,2014-05-25 07:00:00,0.0,25.55243,25.71965,25.01097,26.4735,27.17328
13805,2014-05-25 07:15:00,0.0,24.95372,25.55243,25.71965,25.01097,26.4735
13806,2014-05-25 07:30:00,0.0,26.04733,24.95372,25.55243,25.71965,25.01097
13807,2014-05-25 07:45:00,0.0,28.70603,26.04733,24.95372,25.55243,25.71965
13808,2014-05-25 08:00:00,0.0,25.83087,28.70603,26.04733,24.95372,25.55243
13809,2014-05-25 08:15:00,0.0,27.70274,25.83087,28.70603,26.04733,24.95372
13810,2014-05-25 08:30:00,0.0,25.22836,27.70274,25.83087,28.70603,26.04733
13811,2014-05-25 08:45:00,0.0,27.58666,25.22836,27.70274,25.83087,28.70603
13812,2014-05-25 09:00:00,0.0,24.29623,27.58666,25.22836,27.70274,25.83087
13813,2014-05-25 09:15:00,0.0,26.20286,24.29623,27.58666,25.22836,27.70274
13814,2014-05-25 09:30:00,0.0,26.12028,26.20286,24.29623,27.58666,25.22836
13815,2014-05-25 09:45:00,0.0,26.99539,26.12028,26.20286,24.29623,27.58666
13816,2014-05-25 10:00:00,0.0,26.11096,26.99539,26.12028,26.20286,24.29623
13817,2014-05-25 10:15:00,0.0,24.23895,26.11096,26.99539,26.12028,26.20286
13818,2014-05-25 10:30:00,0.0,27.4886,24.23895,26.11096,26.99539,26.12028
13819,2014-05-25 10:45:00,0.0,29.51729,27.4886,24.23895,26.11096,26.99539
13820,2014-05-25 11:00:00,0.0,29.98466,29.51729,27.4886,24.23895,26.11096
13821,2014-05-25 11:15:00,0.0,31.44562,29.98466,29.51729,27.4886,24.23895
13822,2014-05-25 11:30:00,0.0,31.53901,31.44562,29.98466,29.51729,27.4886
13823,2014-05-25 11:45:00,0.0,32.55855,31.53901,31.44562,29.98466,29.51729
13824,2014-05-25 12:00:00,0.0,30.99884,32.55855,31.53901,31.44562,29.98466
13825,2014-05-25 12:15:00,0.0,30.11454,30.99884,32.55855,31.53901,31.44562
13826,2014-05-25 12:30:00,0.0,32.88074,30.11454,30.99884,32.55855,31.53901
13827,2014-05-25 12:45:00,0.0,33.73008,32.88074,30.11454,30.99884,32.55855
13828,2014-05-25 13:00:00,0.0,28.1103,33.73008,32.88074,30.11454,30.99884
13829,2014-05-25 13:15:00,0.0,30.78222,28.1103,33.73008,32.88074,30.11454
13830,2014-05-25 13:30:00,0.0,28.66818,30.78222,28.1103,33.73008,32.88074
13831,2014-05-25 13:45:00,0.0,31.35616,28.66818,30.78222,28.1103,33.73008
13832,2014-05-25 14:00:00,0.0,31.47523,31.35616,28.66818,30.78222,28.1103
13833,2014-05-25 14:15:00,0.0,31.65867,31.47523,31.35616,28.66818,30.78222
13834,2014-05-25 14:30:00,0.0,31.67083,31.65867,31.47523,31.35616,28.66818
13835,2014-05-25 14:45:00,0.0,31.4726,31.67083,31.65867,31.47523,31.35616
13836,2014-05-25 15:00:00,0.0,29.54627,31.4726,31.67083,31.65867,31.47523
13837,2014-05-25 15:15:00,0.0,30.86072,29.54627,31.4726,31.67083,31.65867
13838,2014-05-25 15:30:00,0.0,29.29376,30.86072,29.54627,31.4726,31.67083
13839,2014-05-25 15:45:00,0.0,32.12668,29.29376,30.86072,29.54627,31.4726
13840,2014-05-25 16:00:00,0.0,29.25262,32.12668,29.29376,30.86072,29.54627
13841,2014-05-25 16:15:00,0.0,31.95023,29.25262,32.12668,29.29376,30.86072
13842,2014-05-25 16:30:00,0.0,32.08334,31.95023,29.25262,32.12668,29.29376
13843,2014-05-25 16:45:00,0.0,32.1135,32.08334,31.95023,29.25262,32.12668
13844,2014-05-25 17:00:00,0.0,32.36831,32.1135,32.08334,31.95023,29.25262
13845,2014-05-25 17:15:00,0.0,31.83624,32.36831,32.1135,32.08334,31.95023
13846,2014-05-25 17:30:00,0.0,33.94741,31.83624,32.36831,32.1135,32.08334
13847,2014-05-25 17:45:00,0.0,34.7229,33.94741,31.83624,32.36831,32.1135
13848,2014-05-25 18:00:00,0.0,30.69269,34.7229,33.94741,31.83624,32.36831
13849,2014-05-25 18:15:00,0.0,33.00771,30.69269,34.7229,33.94741,31.83624
13850,2014-05-25 18:30:00,0.0,34.72742,33.00771,30.69269,34.7229,33.94741
13851,2014-05-25 18:45:00,0.0,34.88583,34.72742,33.00771,30.69269,34.7229
13852,2014-05-25 19:00:00,0.0,30.93655,34.88583,34.72742,33.00771,30.69269
13853,2014-05-25 19:15:00,0.0,30.41654,30.93655,34.88583,34.72742,33.00771
13854,2014-05-25 19:30:00,0.0,29.1749,30.41654,30.93655,34.88583,34.72742
13855,2014-05-25 19:45:00,0.0,29.29631,29.1749,30.41654,30.93655,34.88583
13856,2014-05-25 20:00:00,0.0,29.78739,29.29631,29.1749,30.41654,30.93655
13857,2014-05-25 20:15:00,0.0,28.07956,29.78739,29.29631,29.1749,30.41654
13858,2014-05-25 20:30:00,0.0,28.54719,28.07956,29.78739,29.29631,29.1749
13859,2014-05-25 20:45:00,0.0,28.57498,28.54719,28.07956,29.78739,29.29631
13860,2014-05-25 21:00:00,0.0,29.03859,28.57498,28.54719,28.07956,29.78739
13861,2014-05-25 21:15:00,0.0,27.8618,29.03859,28.57498,28.54719,28.07956
13862,2014-05-25 21:30:00,0.0,23.37775,27.8618,29.03859,28.57498,28.54719
13863,2014-05-25 21:45:00,0.0,27.49304,23.37775,27.8618,29.03859,28.57498
13864,2014-05-25 22:00:00,0.0,25.98792,27.49304,23.37775,27.8618,29.03859
13865,2014-05-25 22:15:00,0.0,27.53271,25.98792,27.49304,23.37775,27.8618
13866,2014-05-25 22:30:00,0.0,24.69129,27.53271,25.98792,27.49304,23.37775
13867,2014-05-25 22:45:00,0.0,27.82719,24.69129,27.53271,25.98792,27.49304
13868,2014-05-25 23:00:00,0.0,25.21658,27.82719,24.69129,27.53271,25.98792
13869,2014-05-25 23:15:00,0.0,24.33284,25.21658,27.82719,24.69129,27.53271
13870,2014-05-25 23:30:00,0.0,25.36268,24.33284,25.21658,27.82719,24.69129
13871,2014-05-25 23:45:00,0.0,25.05234,25.36268,24.33284,25.21658,27.82719
13872,2014-05-26 00:00:00,0.0,24.84162,25.05234,25.36268,24.33284,25.21658
13873,2014-05-26 00:15:00,0.0,24.17204,24.84162,25.05234,25.36268,24.33284
13874,2014-05-26 00:30:00,0.0,25.85465,24.17204,24.84162,25.05234,25.36268
13875,2014-05-26 00:45:00,0.0,25.62471,25.85465,24.17204,24.84162,25.05234
13876,2014-05-26 01:00:00,0.0,25.54046,25.62471,25.85465,24.17204,24.84162
13877,2014-05-26 01:15:00,0.0,24.95082,25.54046,25.62471,25.85465,24.17204
13878,2014-05-26 01:30:00,0.0,25.20157,24.95082,25.54046,25.62471,25.85465
13879,2014-05-26 01:45:00,0.0,24.53947,25.20157,24.95082,25.54046,25.62471
13880,2014-05-26 02:00:00,0.0,26.80494,24.53947,25.20157,24.95082,25.54046
13881,2014-05-26 02:15:00,0.0,25.44927,26.80494,24.53947,25.20157,24.95082
13882,2014-05-26 02:30:00,0.0,26.2472,25.44927,26.80494,24.53947,25.20157
13883,2014-05-26 02:45:00,0.0,24.91565,26.2472,25.44927,26.80494,24.53947
13884,2014-05-26 03:00:00,0.0,26.04634,24.91565,26.2472,25.44927,26.80494
13885,2014-05-26 03:15:00,0.0,24.6774,26.04634,24.91565,26.2472,25.44927
13886,2014-05-26 03:30:00,0.0,25.60142,24.6774,26.04634,24.91565,26.2472
13887,2014-05-26 03:45:00,0.0,26.10084,25.60142,24.6774,26.04634,24.91565
13888,2014-05-26 04:00:00,0.0,24.51115,26.10084,25.60142,24.6774,26.04634
13889,2014-05-26 04:15:00,0.0,25.64131,24.51115,26.10084,25.60142,24.6774
13890,2014-05-26 04:30:00,0.0,24.13205,25.64131,24.51115,26.10084,25.60142
13891,2014-05-26 04:45:00,0.0,25.57577,24.13205,25.64131,24.51115,26.10084
13892,2014-05-26 05:00:00,0.0,25.58823,25.57577,24.13205,25.64131,24.51115
13893,2014-05-26 05:15:00,0.0,24.42012,25.58823,25.57577,24.13205,25.64131
13894,2014-05-26 05:30:00,0.0,25.93253,24.42012,25.58823,25.57577,24.13205
13895,2014-05-26 05:45:00,0.0,27.56642,25.93253,24.42012,25.58823,25.57577
13896,2014-05-26 06:00:00,0.0,26.0562,27.56642,25.93253,24.42012,25.58823
13897,2014-05-26 06:15:00,0.0,25.91882,26.0562,27.56642,25.93253,24.42012
13898,2014-05-26 06:30:00,0.0,23.99666,25.91882,26.0562,27.56642,25.93253
13899,2014-05-26 06:45:00,0.0,27.25862,23.99666,25.91882,26.0562,27.56642
13900,2014-05-26 07:00:00,0.0,23.23704,27.25862,23.99666,25.91882,26.0562
13901,2014-05-26 07:15:00,0.0,28.13761,23.23704,27.25862,23.99666,25.91882
13902,2014-05-26 07:30:00,0.0,26.87487,28.13761,23.23704,27.25862,23.99666
13903,2014-05-26 07:45:00,0.0,26.83327,26.87487,28.13761,23.23704,27.25862
13904,2014-05-26 08:00:00,0.0,26.4109,26.83327,26.87487,28.13761,23.23704
13905,2014-05-26 08:15:00,0.0,24.67362,26.4109,26.83327,26.87487,28.13761
13906,2014-05-26 08:30:00,0.0,25.87512,24.67362,26.4109,26.83327,26.87487
13907,2014-05-26 08:45:00,0.0,25.58224,25.87512,24.67362,26.4109,26.83327
13908,2014-05-26 09:00:00,0.0,25.93052,25.58224,25.87512,24.67362,26.4109
13909,2014-05-26 09:15:00,0.0,29.47262,25.93052,25.58224,25.87512,24.67362
13910,2014-05-26 09:30:00,0.0,25.89324,29.47262,25.93052,25.58224,25.87512
13911,2014-05-26 09:45:00,0.0,25.56446,25.89324,29.47262,25.93052,25.58224
13912,2014-05-26 10:00:00,0.0,25.12676,25.56446,25.89324,29.47262,25.93052
13913,2014-05-26 10:15:00,0.0,29.47671,25.12676,25.56446,25.89324,29.47262
13914,2014-05-26 10:30:00,0.0,30.76496,29.47671,25.12676,25.56446,25.89324
13915,2014-05-26 10:45:00,0.0,29.90159,30.76496,29.47671,25.12676,25.56446
13916,2014-05-26 11:00:00,0.0,31.50889,29.90159,30.76496,29.47671,25.12676
13917,2014-05-26 11:15:00,0.0,33.75272,31.50889,29.90159,30.76496,29.47671
13918,2014-05-26 11:30:00,0.0,30.47842,33.75272,31.50889,29.90159,30.76496
13919,2014-05-26 11:45:00,0.0,35.13692,30.47842,33.75272,31.50889,29.90159
13920,2014-05-26 12:00:00,0.0,30.76742,35.13692,30.47842,33.75272,31.50889
13921,2014-05-26 12:15:00,0.0,31.34967,30.76742,35.13692,30.47842,33.75272
13922,2014-05-26 12:30:00,0.0,30.2139,31.34967,30.76742,35.13692,30.47842
13923,2014-05-26 12:45:00,0.0,34.84924,30.2139,31.34967,30.76742,35.13692
13924,2014-05-26 13:00:00,0.0,30.59718,34.84924,30.2139,31.34967,30.76742
13925,2014-05-26 13:15:00,0.0,32.29121,30.59718,34.84924,30.2139,31.34967
13926,2014-05-26 13:30:00,0.0,34.86269,32.29121,30.59718,34.84924,30.2139
13927,2014-05-26 13:45:00,0.0,35.12894,34.86269,32.29121,30.59718,34.84924
13928,2014-05-26 14:00:00,0.0,32.51948,35.12894,34.86269,32.29121,30.59718
13929,2014-05-26 14:15:00,0.0,33.45056,32.51948,35.12894,34.86269,32.29121
13930,2014-05-26 14:30:00,0.0,32.42891,33.45056,32.51948,35.12894,34.86269
13931,2014-05-26 14:45:00,0.0,32.99932,32.42891,33.45056,32.51948,35.12894
13932,2014-05-26 15:00:00,0.0,35.88136,32.99932,32.42891,33.45056,32.51948
13933,2014-05-26 15:15:00,0.0,31.68982,35.88136,32.99932,32.42891,33.45056
13934,2014-05-26 15:30:00,0.0,33.76767,31.68982,35.88136,32.99932,32.42891
13935,2014-05-26 15:45:00,0.0,35.15296,33.76767,31.68982,35.88136,32.99932
13936,2014-05-26 16:00:00,0.0,33.65036,35.15296,33.76767,31.68982,35.88136
13937,2014-05-26 16:15:00,0.0,34.60499,33.65036,35.15296,33.76767,31.68982
13938,2014-05-26 16:30:00,0.0,32.15486,34.60499,33.65036,35.15296,33.76767
13939,2014-05-26 16:45:00,0.0,32.81508,32.15486,34.60499,33.65036,35.15296
13940,2014-05-26 17:00:00,0.0,30.8178,32.81508,32.15486,34.60499,33.65036
13941,2014-05-26 17:15:00,0.0,32.15223,30.8178,32.81508,32.15486,34.60499
13942,2014-05-26 17:30:00,0.0,31.60442,32.15223,30.8178,32.81508,32.15486
13943,2014-05-26 17:45:00,0.0,34.24233,31.60442,32.15223,30.8178,32.81508
13944,2014-05-26 18:00:00,0.0,33.50568,34.24233,31.60442,32.15223,30.8178
13945,2014-05-26 18:15:00,0.0,32.47554,33.50568,34.24233,31.60442,32.15223
13946,2014-05-26 18:30:00,0.0,30.98604,32.47554,33.50568,34.24233,31.60442
13947,2014-05-26 18:45:00,0.0,35.22277,30.98604,32.47554,33.50568,34.24233
13948,2014-05-26 19:00:00,0.0,31.77381,35.22277,30.98604,32.47554,33.50568
13949,2014-05-26 19:15:00,0.0,33.12952,31.77381,35.22277,30.98604,32.47554
13950,2014-05-26 19:30:00,0.0,28.39248,33.12952,31.77381,35.22277,30.98604
13951,2014-05-26 19:45:00,0.0,28.88454,28.39248,33.12952,31.77381,35.22277
13952,2014-05-26 20:00:00,0.0,28.38613,28.88454,28.39248,33.12952,31.77381
13953,2014-05-26 20:15:00,0.0,27.33426,28.38613,28.88454,28.39248,33.12952
13954,2014-05-26 20:30:00,0.0,24.83081,27.33426,28.38613,28.88454,28.39248
13955,2014-05-26 20:45:00,0.0,27.1918,24.83081,27.33426,28.38613,28.88454
13956,2014-05-26 21:00:00,0.0,27.02232,27.1918,24.83081,27.33426,28.38613
13957,2014-05-26 21:15:00,0.0,26.51051,27.02232,27.1918,24.83081,27.33426
13958,2014-05-26 21:30:00,0.0,27.54173,26.51051,27.02232,27.1918,24.83081
13959,2014-05-26 21:45:00,0.0,27.87902,27.54173,26.51051,27.02232,27.1918
13960,2014-05-26 22:00:00,0.0,28.61751,27.87902,27.54173,26.51051,27.02232
13961,2014-05-26 22:15:00,0.0,26.83606,28.61751,27.87902,27.54173,26.51051
13962,2014-05-26 22:30:00,0.0,27.13906,26.83606,28.61751,27.87902,27.54173
13963,2014-05-26 22:45:00,0.0,25.72661,27.13906,26.83606,28.61751,27.87902
13964,2014-05-26 23:00:00,0.0,27.28399,25.72661,27.13906,26.83606,28.61751
13965,2014-05-26 23:15:00,0.0,25.60751,27.28399,25.72661,27.13906,26.83606
13966,2014-05-26 23:30:00,0.0,21.86152,25.60751,27.28399,25.72661,27.13906
13967,2014-05-26 23:45:00,0.0,23.83953,21.86152,25.60751,27.28399,25.72661
13968,2014-05-27 00:00:00,0.0,26.77124,23.83953,21.86152,25.60751,27.28399
13969,2014-05-27 00:15:00,0.0,24.98937,26.77124,23.83953,21.86152,25.60751
13970,2014-05-27 00:30:00,0.0,25.21393,24.98937,26.77124,23.83953,21.86152
13971,2014-05-27 00:45:00,0.0,25.40901,25.21393,24.98937,26.77124,23.83953
13972,2014-05-27 01:00:00,0.0,23.51729,25.40901,25.21393,24.98937,26.77124
13973,2014-05-27 01:15:00,0.0,25.62007,23.51729,25.40901,25.21393,24.98937
13974,2014-05-27 01:30:00,0.0,24.80149,25.62007,23.51729,25.40901,25.21393
13975,2014-05-27 01:45:00,0.0,26.63256,24.80149,25.62007,23.51729,25.40901
13976,2014-05-27 02:00:00,0.0,23.71152,26.63256,24.80149,25.62007,23.51729
13977,2014-05-27 02:15:00,0.0,23.8542,23.71152,26.63256,24.80149,25.62007
13978,2014-05-27 02:30:00,0.0,25.1807,23.8542,23.71152,26.63256,24.80149
13979,2014-05-27 02:45:00,0.0,25.70379,25.1807,23.8542,23.71152,26.63256
13980,2014-05-27 03:00:00,0.0,25.41548,25.70379,25.1807,23.8542,23.71152
13981,2014-05-27 03:15:00,0.0,24.91459,25.41548,25.70379,25.1807,23.8542
13982,2014-05-27 03:30:00,0.0,25.9001,24.91459,25.41548,25.70379,25.1807
13983,2014-05-27 03:45:00,0.0,26.01022,25.9001,24.91459,25.41548,25.70379
13984,2014-05-27 04:00:00,0.0,25.58046,26.01022,25.9001,24.91459,25.41548
13985,2014-05-27 04:15:00,0.0,26.50217,25.58046,26.01022,25.9001,24.91459
13986,2014-05-27 04:30:00,0.0,25.05686,26.50217,25.58046,26.01022,25.9001
13987,2014-05-27 04:45:00,0.0,26.45062,25.05686,26.50217,25.58046,26.01022
13988,2014-05-27 05:00:00,0.0,26.6441,26.45062,25.05686,26.50217,25.58046
13989,2014-05-27 05:15:00,0.0,27.01882,26.6441,26.45062,25.05686,26.50217
13990,2014-05-27 05:30:00,0.0,25.97932,27.01882,26.6441,26.45062,25.05686
13991,2014-05-27 05:45:00,0.0,28.55566,25.97932,27.01882,26.6441,26.45062
13992,2014-05-27 06:00:00,0.0,25.89776,28.55566,25.97932,27.01882,26.6441
13993,2014-05-27 06:15:00,0.0,26.96326,25.89776,28.55566,25.97932,27.01882
13994,2014-05-27 06:30:00,0.0,26.19068,26.96326,25.89776,28.55566,25.97932
13995,2014-05-27 06:45:00,0.0,26.21956,26.19068,26.96326,25.89776,28.55566
13996,2014-05-27 07:00:00,0.0,29.02123,26.21956,26.19068,26.96326,25.89776
13997,2014-05-27 07:15:00,0.0,28.96387,29.02123,26.21956,26.19068,26.96326
13998,2014-05-27 07:30:00,0.0,31.69723,28.96387,29.02123,26.21956,26.19068
13999,2014-05-27 07:45:00,0.0,27.25992,31.69723,28.96387,29.02123,26.21956
14000,2014-05-27 08:00:00,0.0,29.77341,27.25992,31.69723,28.96387,29.02123
14001,2014-05-27 08:15:00,0.0,31.39601,29.77341,27.25992,31.69723,28.96387
14002,2014-05-27 08:30:00,0.0,27.86321,31.39601,29.77341,27.25992,31.69723
14003,2014-05-27 08:45:00,0.0,32.30295,27.86321,31.39601,29.77341,27.25992
14004,2014-05-27 09:00:00,0.0,31.7863,32.30295,27.86321,31.39601,29.77341
14005,2014-05-27 09:15:00,0.0,33.95314,31.7863,32.30295,27.86321,31.39601
14006,2014-05-27 09:30:00,0.0,31.66536,33.95314,31.7863,32.30295,27.86321
14007,2014-05-27 09:45:00,0.0,33.61196,31.66536,33.95314,31.7863,32.30295
14008,2014-05-27 10:00:00,0.0,35.03423,33.61196,31.66536,33.95314,31.7863
14009,2014-05-27 10:15:00,0.0,36.39745,35.03423,33.61196,31.66536,33.95314
14010,2014-05-27 10:30:00,0.0,34.2782,36.39745,35.03423,33.61196,31.66536
14011,2014-05-27 10:45:00,0.0,37.10778,34.2782,36.39745,35.03423,33.61196
14012,2014-05-27 11:00:00,0.0,37.67489,37.10778,34.2782,36.39745,35.03423
14013,2014-05-27 11:15:00,0.0,33.97662,37.67489,37.10778,34.2782,36.39745
14014,2014-05-27 11:30:00,0.0,37.00283,33.97662,37.67489,37.10778,34.2782
14015,2014-05-27 11:45:00,0.0,34.83593,37.00283,33.97662,37.67489,37.10778
14016,2014-05-27 12:00:00,0.0,35.10542,34.83593,37.00283,33.97662,37.67489
14017,2014-05-27 12:15:00,0.0,35.84778,35.10542,34.83593,37.00283,33.97662
14018,2014-05-27 12:30:00,0.0,39.482,35.84778,35.10542,34.83593,37.00283
14019,2014-05-27 12:45:00,0.0,39.38399,39.482,35.84778,35.10542,34.83593
14020,2014-05-27 13:00:00,0.0,39.03545,39.38399,39.482,35.84778,35.10542
14021,2014-05-27 13:15:00,0.0,37.93276,39.03545,39.38399,39.482,35.84778
14022,2014-05-27 13:30:00,0.0,39.49629,37.93276,39.03545,39.38399,39.482
14023,2014-05-27 13:45:00,0.0,42.70262,39.49629,37.93276,39.03545,39.38399
14024,2014-05-27 14:00:00,0.0,42.13968,42.70262,39.49629,37.93276,39.03545
14025,2014-05-27 14:15:00,0.0,40.58607,42.13968,42.70262,39.49629,37.93276
14026,2014-05-27 14:30:00,0.0,41.13399,40.58607,42.13968,42.70262,39.49629
14027,2014-05-27 14:45:00,0.0,39.83587,41.13399,40.58607,42.13968,42.70262
14028,2014-05-27 15:00:00,0.0,37.84176,39.83587,41.13399,40.58607,42.13968
14029,2014-05-27 15:15:00,0.0,38.27173,37.84176,39.83587,41.13399,40.58607
14030,2014-05-27 15:30:00,0.0,40.66484,38.27173,37.84176,39.83587,41.13399
14031,2014-05-27 15:45:00,0.0,42.71023,40.66484,38.27173,37.84176,39.83587
14032,2014-05-27 16:00:00,0.0,46.44819,42.71023,40.66484,38.27173,37.84176
14033,2014-05-27 16:15:00,0.0,48.03667,46.44819,42.71023,40.66484,38.27173
14034,2014-05-27 16:30:00,0.0,47.42039,48.03667,46.44819,42.71023,40.66484
14035,2014-05-27 16:45:00,0.0,41.00715,47.42039,48.03667,46.44819,42.71023
14036,2014-05-27 17:00:00,0.0,41.36554,41.00715,47.42039,48.03667,46.44819
14037,2014-05-27 17:15:00,0.0,42.98163,41.36554,41.00715,47.42039,48.03667
14038,2014-05-27 17:30:00,0.0,41.88596,42.98163,41.36554,41.00715,47.42039
14039,2014-05-27 17:45:00,0.0,41.59432,41.88596,42.98163,41.36554,41.00715
14040,2014-05-27 18:00:00,0.0,40.28996,41.59432,41.88596,42.98163,41.36554
14041,2014-05-27 18:15:00,0.0,36.71211,40.28996,41.59432,41.88596,42.98163
14042,2014-05-27 18:30:00,0.0,36.08065,36.71211,40.28996,41.59432,41.88596
14043,2014-05-27 18:45:00,0.0,36.37364,36.08065,36.71211,40.28996,41.59432
14044,2014-05-27 19:00:00,0.0,34.80699,36.37364,36.08065,36.71211,40.28996
14045,2014-05-27 19:15:00,0.0,34.08901,34.80699,36.37364,36.08065,36.71211
14046,2014-05-27 19:30:00,0.0,34.75398,34.08901,34.80699,36.37364,36.08065
14047,2014-05-27 19:45:00,0.0,29.67363,34.75398,34.08901,34.80699,36.37364
14048,2014-05-27 20:00:00,0.0,32.10282,29.67363,34.75398,34.08901,34.80699
14049,2014-05-27 20:15:00,0.0,25.93097,32.10282,29.67363,34.75398,34.08901
14050,2014-05-27 20:30:00,0.0,27.88417,25.93097,32.10282,29.67363,34.75398
14051,2014-05-27 20:45:00,0.0,29.01865,27.88417,25.93097,32.10282,29.67363
14052,2014-05-27 21:00:00,0.0,28.38134,29.01865,27.88417,25.93097,32.10282
14053,2014-05-27 21:15:00,0.0,25.79071,28.38134,29.01865,27.88417,25.93097
14054,2014-05-27 21:30:00,0.0,26.78053,25.79071,28.38134,29.01865,27.88417
14055,2014-05-27 21:45:00,0.0,27.6607,26.78053,25.79071,28.38134,29.01865
14056,2014-05-27 22:00:00,0.0,27.58841,27.6607,26.78053,25.79071,28.38134
14057,2014-05-27 22:15:00,0.0,26.85538,27.58841,27.6607,26.78053,25.79071
14058,2014-05-27 22:30:00,0.0,25.50669,26.85538,27.58841,27.6607,26.78053
14059,2014-05-27 22:45:00,0.0,28.22014,25.50669,26.85538,27.58841,27.6607
14060,2014-05-27 23:00:00,0.0,26.66831,28.22014,25.50669,26.85538,27.58841
14061,2014-05-27 23:15:00,0.0,25.46157,26.66831,28.22014,25.50669,26.85538
14062,2014-05-27 23:30:00,0.0,24.9981,25.46157,26.66831,28.22014,25.50669
14063,2014-05-27 23:45:00,0.0,24.28682,24.9981,25.46157,26.66831,28.22014
14064,2014-05-28 00:00:00,0.0,26.09171,24.28682,24.9981,25.46157,26.66831
14065,2014-05-28 00:15:00,0.0,26.17876,26.09171,24.28682,24.9981,25.46157
14066,2014-05-28 00:30:00,0.0,24.59716,26.17876,26.09171,24.28682,24.9981
14067,2014-05-28 00:45:00,0.0,26.09558,24.59716,26.17876,26.09171,24.28682
14068,2014-05-28 01:00:00,0.0,25.1068,26.09558,24.59716,26.17876,26.09171
14069,2014-05-28 01:15:00,0.0,25.25648,25.1068,26.09558,24.59716,26.17876
14070,2014-05-28 01:30:00,0.0,21.44555,25.25648,25.1068,26.09558,24.59716
14071,2014-05-28 01:45:00,0.0,25.61773,21.44555,25.25648,25.1068,26.09558
14072,2014-05-28 02:00:00,0.0,26.01918,25.61773,21.44555,25.25648,25.1068
14073,2014-05-28 02:15:00,0.0,25.55319,26.01918,25.61773,21.44555,25.25648
14074,2014-05-28 02:30:00,0.0,25.20276,25.55319,26.01918,25.61773,21.44555
14075,2014-05-28 02:45:00,0.0,26.16361,25.20276,25.55319,26.01918,25.61773
14076,2014-05-28 03:00:00,0.0,24.48929,26.16361,25.20276,25.55319,26.01918
14077,2014-05-28 03:15:00,0.0,24.30366,24.48929,26.16361,25.20276,25.55319
14078,2014-05-28 03:30:00,0.0,24.40627,24.30366,24.48929,26.16361,25.20276
14079,2014-05-28 03:45:00,0.0,24.73443,24.40627,24.30366,24.48929,26.16361
14080,2014-05-28 04:00:00,0.0,27.27723,24.73443,24.40627,24.30366,24.48929
14081,2014-05-28 04:15:00,0.0,23.65531,27.27723,24.73443,24.40627,24.30366
14082,2014-05-28 04:30:00,0.0,25.76374,23.65531,27.27723,24.73443,24.40627
14083,2014-05-28 04:45:00,0.0,24.98609,25.76374,23.65531,27.27723,24.73443
14084,2014-05-28 05:00:00,0.0,26.79363,24.98609,25.76374,23.65531,27.27723
14085,2014-05-28 05:15:00,0.0,24.4998,26.79363,24.98609,25.76374,23.65531
14086,2014-05-28 05:30:00,0.0,25.57969,24.4998,26.79363,24.98609,25.76374
14087,2014-05-28 05:45:00,0.0,27.5226,25.57969,24.4998,26.79363,24.98609
14088,2014-05-28 06:00:00,0.0,25.74866,27.5226,25.57969,24.4998,26.79363
14089,2014-05-28 06:15:00,0.0,27.34869,25.74866,27.5226,25.57969,24.4998
14090,2014-05-28 06:30:00,0.0,26.31146,27.34869,25.74866,27.5226,25.57969
14091,2014-05-28 06:45:00,0.0,23.81771,26.31146,27.34869,25.74866,27.5226
14092,2014-05-28 07:00:00,0.0,26.75689,23.81771,26.31146,27.34869,25.74866
14093,2014-05-28 07:15:00,0.0,30.98847,26.75689,23.81771,26.31146,27.34869
14094,2014-05-28 07:30:00,0.0,30.59,30.98847,26.75689,23.81771,26.31146
14095,2014-05-28 07:45:00,0.0,30.02154,30.59,30.98847,26.75689,23.81771
14096,2014-05-28 08:00:00,0.0,27.80351,30.02154,30.59,30.98847,26.75689
14097,2014-05-28 08:15:00,0.0,30.41747,27.80351,30.02154,30.59,30.98847
14098,2014-05-28 08:30:00,0.0,30.64689,30.41747,27.80351,30.02154,30.59
14099,2014-05-28 08:45:00,0.0,33.52372,30.64689,30.41747,27.80351,30.02154
14100,2014-05-28 09:00:00,0.0,33.48622,33.52372,30.64689,30.41747,27.80351
14101,2014-05-28 09:15:00,0.0,32.17471,33.48622,33.52372,30.64689,30.41747
14102,2014-05-28 09:30:00,0.0,32.38876,32.17471,33.48622,33.52372,30.64689
14103,2014-05-28 09:45:00,0.0,33.3979,32.38876,32.17471,33.48622,33.52372
14104,2014-05-28 10:00:00,0.0,32.90225,33.3979,32.38876,32.17471,33.48622
14105,2014-05-28 10:15:00,0.0,32.74868,32.90225,33.3979,32.38876,32.17471
14106,2014-05-28 10:30:00,0.0,33.87475,32.74868,32.90225,33.3979,32.38876
14107,2014-05-28 10:45:00,0.0,39.71267,33.87475,32.74868,32.90225,33.3979
14108,2014-05-28 11:00:00,0.0,34.22498,39.71267,33.87475,32.74868,32.90225
14109,2014-05-28 11:15:00,0.0,35.03456,34.22498,39.71267,33.87475,32.74868
14110,2014-05-28 11:30:00,0.0,39.26125,35.03456,34.22498,39.71267,33.87475
14111,2014-05-28 11:45:00,0.0,39.57592,39.26125,35.03456,34.22498,39.71267
14112,2014-05-28 12:00:00,0.0,38.25285,39.57592,39.26125,35.03456,34.22498
14113,2014-05-28 12:15:00,0.0,40.04074,38.25285,39.57592,39.26125,35.03456
14114,2014-05-28 12:30:00,0.0,39.46383,40.04074,38.25285,39.57592,39.26125
14115,2014-05-28 12:45:00,0.0,40.42256,39.46383,40.04074,38.25285,39.57592
14116,2014-05-28 13:00:00,0.0,39.19773,40.42256,39.46383,40.04074,38.25285
14117,2014-05-28 13:15:00,0.0,41.44187,39.19773,40.42256,39.46383,40.04074
14118,2014-05-28 13:30:00,0.0,42.44948,41.44187,39.19773,40.42256,39.46383
14119,2014-05-28 13:45:00,0.0,43.70561,42.44948,41.44187,39.19773,40.42256
14120,2014-05-28 14:00:00,0.0,43.07259,43.70561,42.44948,41.44187,39.19773
14121,2014-05-28 14:15:00,0.0,40.05816,43.07259,43.70561,42.44948,41.44187
14122,2014-05-28 14:30:00,0.0,38.41166,40.05816,43.07259,43.70561,42.44948
14123,2014-05-28 14:45:00,0.0,44.69382,38.41166,40.05816,43.07259,43.70561
14124,2014-05-28 15:00:00,0.0,40.71075,44.69382,38.41166,40.05816,43.07259
14125,2014-05-28 15:15:00,0.0,43.40896,40.71075,44.69382,38.41166,40.05816
14126,2014-05-28 15:30:00,0.0,43.10008,43.40896,40.71075,44.69382,38.41166
14127,2014-05-28 15:45:00,0.0,43.63493,43.10008,43.40896,40.71075,44.69382
14128,2014-05-28 16:00:00,0.0,47.92661,43.63493,43.10008,43.40896,40.71075
14129,2014-05-28 16:15:00,0.0,47.33888,47.92661,43.63493,43.10008,43.40896
14130,2014-05-28 16:30:00,0.0,45.9042,47.33888,47.92661,43.63493,43.10008
14131,2014-05-28 16:45:00,0.0,49.90126,45.9042,47.33888,47.92661,43.63493
14132,2014-05-28 17:00:00,0.0,49.49484,49.90126,45.9042,47.33888,47.92661
14133,2014-05-28 17:15:00,0.0,47.12949,49.49484,49.90126,45.9042,47.33888
14134,2014-05-28 17:30:00,0.0,43.93131,47.12949,49.49484,49.90126,45.9042
14135,2014-05-28 17:45:00,0.0,42.93187,43.93131,47.12949,49.49484,49.90126
14136,2014-05-28 18:00:00,0.0,41.48487,42.93187,43.93131,47.12949,49.49484
14137,2014-05-28 18:15:00,0.0,37.60334,41.48487,42.93187,43.93131,47.12949
14138,2014-05-28 18:30:00,0.0,35.40452,37.60334,41.48487,42.93187,43.93131
14139,2014-05-28 18:45:00,0.0,36.03705,35.40452,37.60334,41.48487,42.93187
14140,2014-05-28 19:00:00,0.0,34.21383,36.03705,35.40452,37.60334,41.48487
14141,2014-05-28 19:15:00,0.0,37.27036,34.21383,36.03705,35.40452,37.60334
14142,2014-05-28 19:30:00,0.0,35.78068,37.27036,34.21383,36.03705,35.40452
14143,2014-05-28 19:45:00,0.0,31.2701,35.78068,37.27036,34.21383,36.03705
14144,2014-05-28 20:00:00,0.0,30.51773,31.2701,35.78068,37.27036,34.21383
14145,2014-05-28 20:15:00,0.0,32.15532,30.51773,31.2701,35.78068,37.27036
14146,2014-05-28 20:30:00,0.0,30.33991,32.15532,30.51773,31.2701,35.78068
14147,2014-05-28 20:45:00,0.0,30.95243,30.33991,32.15532,30.51773,31.2701
14148,2014-05-28 21:00:00,0.0,28.95678,30.95243,30.33991,32.15532,30.51773
14149,2014-05-28 21:15:00,0.0,28.79475,28.95678,30.95243,30.33991,32.15532
14150,2014-05-28 21:30:00,0.0,27.63693,28.79475,28.95678,30.95243,30.33991
14151,2014-05-28 21:45:00,0.0,27.39013,27.63693,28.79475,28.95678,30.95243
14152,2014-05-28 22:00:00,0.0,27.67227,27.39013,27.63693,28.79475,28.95678
14153,2014-05-28 22:15:00,0.0,27.40289,27.67227,27.39013,27.63693,28.79475
14154,2014-05-28 22:30:00,0.0,26.69577,27.40289,27.67227,27.39013,27.63693
14155,2014-05-28 22:45:00,0.0,26.20595,26.69577,27.40289,27.67227,27.39013
14156,2014-05-28 23:00:00,0.0,27.34495,26.20595,26.69577,27.40289,27.67227
14157,2014-05-28 23:15:00,0.0,25.82664,27.34495,26.20595,26.69577,27.40289
14158,2014-05-28 23:30:00,0.0,26.13639,25.82664,27.34495,26.20595,26.69577
14159,2014-05-28 23:45:00,0.0,24.23683,26.13639,25.82664,27.34495,26.20595
14160,2014-05-29 00:00:00,0.0,25.24522,24.23683,26.13639,25.82664,27.34495
14161,2014-05-29 00:15:00,0.0,22.59592,25.24522,24.23683,26.13639,25.82664
14162,2014-05-29 00:30:00,0.0,25.0488,22.59592,25.24522,24.23683,26.13639
14163,2014-05-29 00:45:00,0.0,26.13876,25.0488,22.59592,25.24522,24.23683
14164,2014-05-29 01:00:00,0.0,25.38292,26.13876,25.0488,22.59592,25.24522
14165,2014-05-29 01:15:00,0.0,26.74078,25.38292,26.13876,25.0488,22.59592
14166,2014-05-29 01:30:00,0.0,25.30628,26.74078,25.38292,26.13876,25.0488
14167,2014-05-29 01:45:00,0.0,26.02426,25.30628,26.74078,25.38292,26.13876
14168,2014-05-29 02:00:00,0.0,23.90011,26.02426,25.30628,26.74078,25.38292
14169,2014-05-29 02:15:00,0.0,22.59729,23.90011,26.02426,25.30628,26.74078
14170,2014-05-29 02:30:00,0.0,25.82208,22.59729,23.90011,26.02426,25.30628
14171,2014-05-29 02:45:00,0.0,27.29455,25.82208,22.59729,23.90011,26.02426
14172,2014-05-29 03:00:00,0.0,26.30863,27.29455,25.82208,22.59729,23.90011
14173,2014-05-29 03:15:00,0.0,25.77366,26.30863,27.29455,25.82208,22.59729
14174,2014-05-29 03:30:00,0.0,24.63579,25.77366,26.30863,27.29455,25.82208
14175,2014-05-29 03:45:00,0.0,26.01109,24.63579,25.77366,26.30863,27.29455
14176,2014-05-29 04:00:00,0.0,23.03504,26.01109,24.63579,25.77366,26.30863
14177,2014-05-29 04:15:00,0.0,25.32947,23.03504,26.01109,24.63579,25.77366
14178,2014-05-29 04:30:00,0.0,26.06685,25.32947,23.03504,26.01109,24.63579
14179,2014-05-29 04:45:00,0.0,26.82209,26.06685,25.32947,23.03504,26.01109
14180,2014-05-29 05:00:00,0.0,26.24739,26.82209,26.06685,25.32947,23.03504
14181,2014-05-29 05:15:00,0.0,24.56873,26.24739,26.82209,26.06685,25.32947
14182,2014-05-29 05:30:00,0.0,24.75477,24.56873,26.24739,26.82209,26.06685
14183,2014-05-29 05:45:00,0.0,25.49942,24.75477,24.56873,26.24739,26.82209
14184,2014-05-29 06:00:00,0.0,26.16194,25.49942,24.75477,24.56873,26.24739
14185,2014-05-29 06:15:00,0.0,28.02196,26.16194,25.49942,24.75477,24.56873
14186,2014-05-29 06:30:00,0.0,29.34517,28.02196,26.16194,25.49942,24.75477
14187,2014-05-29 06:45:00,0.0,29.71243,29.34517,28.02196,26.16194,25.49942
14188,2014-05-29 07:00:00,0.0,28.0357,29.71243,29.34517,28.02196,26.16194
14189,2014-05-29 07:15:00,0.0,29.37394,28.0357,29.71243,29.34517,28.02196
14190,2014-05-29 07:30:00,0.0,28.79417,29.37394,28.0357,29.71243,29.34517
14191,2014-05-29 07:45:00,0.0,28.77376,28.79417,29.37394,28.0357,29.71243
14192,2014-05-29 08:00:00,0.0,28.76147,28.77376,28.79417,29.37394,28.0357
14193,2014-05-29 08:15:00,0.0,28.2026,28.76147,28.77376,28.79417,29.37394
14194,2014-05-29 08:30:00,0.0,30.24751,28.2026,28.76147,28.77376,28.79417
14195,2014-05-29 08:45:00,0.0,29.83855,30.24751,28.2026,28.76147,28.77376
14196,2014-05-29 09:00:00,0.0,31.64393,29.83855,30.24751,28.2026,28.76147
14197,2014-05-29 09:15:00,0.0,32.28551,31.64393,29.83855,30.24751,28.2026
14198,2014-05-29 09:30:00,0.0,31.74128,32.28551,31.64393,29.83855,30.24751
14199,2014-05-29 09:45:00,0.0,34.08172,31.74128,32.28551,31.64393,29.83855
14200,2014-05-29 10:00:00,0.0,39.23407,34.08172,31.74128,32.28551,31.64393
14201,2014-05-29 10:15:00,0.0,38.65257,39.23407,34.08172,31.74128,32.28551
14202,2014-05-29 10:30:00,0.0,35.67739,38.65257,39.23407,34.08172,31.74128
14203,2014-05-29 10:45:00,0.0,38.38999,35.67739,38.65257,39.23407,34.08172
14204,2014-05-29 11:00:00,0.0,40.93134,38.38999,35.67739,38.65257,39.23407
14205,2014-05-29 11:15:00,0.0,37.49432,40.93134,38.38999,35.67739,38.65257
14206,2014-05-29 11:30:00,0.0,42.84331,37.49432,40.93134,38.38999,35.67739
14207,2014-05-29 11:45:00,0.0,41.19891,42.84331,37.49432,40.93134,38.38999
14208,2014-05-29 12:00:00,0.0,42.03278,41.19891,42.84331,37.49432,40.93134
14209,2014-05-29 12:15:00,0.0,42.80941,42.03278,41.19891,42.84331,37.49432
14210,2014-05-29 12:30:00,0.0,41.77038,42.80941,42.03278,41.19891,42.84331
14211,2014-05-29 12:45:00,0.0,40.67061,41.77038,42.80941,42.03278,41.19891
14212,2014-05-29 13:00:00,0.0,43.46599,40.67061,41.77038,42.80941,42.03278
14213,2014-05-29 13:15:00,0.0,40.96311,43.46599,40.67061,41.77038,42.80941
14214,2014-05-29 13:30:00,0.0,41.22596,40.96311,43.46599,40.67061,41.77038
14215,2014-05-29 13:45:00,0.0,42.52029,41.22596,40.96311,43.46599,40.67061
14216,2014-05-29 14:00:00,0.0,40.84853,42.52029,41.22596,40.96311,43.46599
14217,2014-05-29 14:15:00,0.0,40.91158,40.84853,42.52029,41.22596,40.96311
14218,2014-05-29 14:30:00,0.0,42.41112,40.91158,40.84853,42.52029,41.22596
14219,2014-05-29 14:45:00,0.0,43.38423,42.41112,40.91158,40.84853,42.52029
14220,2014-05-29 15:00:00,0.0,42.24645,43.38423,42.41112,40.91158,40.84853
14221,2014-05-29 15:15:00,0.0,43.00079,42.24645,43.38423,42.41112,40.91158
14222,2014-05-29 15:30:00,0.0,41.13567,43.00079,42.24645,43.38423,42.41112
14223,2014-05-29 15:45:00,0.0,43.50097,41.13567,43.00079,42.24645,43.38423
14224,2014-05-29 16:00:00,0.0,45.94205,43.50097,41.13567,43.00079,42.24645
14225,2014-05-29 16:15:00,0.0,40.58459,45.94205,43.50097,41.13567,43.00079
14226,2014-05-29 16:30:00,0.0,44.38914,40.58459,45.94205,43.50097,41.13567
14227,2014-05-29 16:45:00,0.0,45.79552,44.38914,40.58459,45.94205,43.50097
14228,2014-05-29 17:00:00,0.0,45.70215,45.79552,44.38914,40.58459,45.94205
14229,2014-05-29 17:15:00,0.0,41.47331,45.70215,45.79552,44.38914,40.58459
14230,2014-05-29 17:30:00,0.0,41.72174,41.47331,45.70215,45.79552,44.38914
14231,2014-05-29 17:45:00,0.0,38.8594,41.72174,41.47331,45.70215,45.79552
14232,2014-05-29 18:00:00,0.0,37.29163,38.8594,41.72174,41.47331,45.70215
14233,2014-05-29 18:15:00,0.0,35.42368,37.29163,38.8594,41.72174,41.47331
14234,2014-05-29 18:30:00,0.0,35.76805,35.42368,37.29163,38.8594,41.72174
14235,2014-05-29 18:45:00,0.0,33.53401,35.76805,35.42368,37.29163,38.8594
14236,2014-05-29 19:00:00,0.0,35.2989,33.53401,35.76805,35.42368,37.29163
14237,2014-05-29 19:15:00,0.0,31.33439,35.2989,33.53401,35.76805,35.42368
14238,2014-05-29 19:30:00,0.0,28.35467,31.33439,35.2989,33.53401,35.76805
14239,2014-05-29 19:45:00,0.0,30.03779,28.35467,31.33439,35.2989,33.53401
14240,2014-05-29 20:00:00,0.0,29.68146,30.03779,28.35467,31.33439,35.2989
14241,2014-05-29 20:15:00,0.0,27.5939,29.68146,30.03779,28.35467,31.33439
14242,2014-05-29 20:30:00,0.0,28.93822,27.5939,29.68146,30.03779,28.35467
14243,2014-05-29 20:45:00,0.0,29.66638,28.93822,27.5939,29.68146,30.03779
14244,2014-05-29 21:00:00,0.0,26.36879,29.66638,28.93822,27.5939,29.68146
14245,2014-05-29 21:15:00,0.0,28.80381,26.36879,29.66638,28.93822,27.5939
14246,2014-05-29 21:30:00,0.0,27.40076,28.80381,26.36879,29.66638,28.93822
14247,2014-05-29 21:45:00,0.0,27.83054,27.40076,28.80381,26.36879,29.66638
14248,2014-05-29 22:00:00,0.0,27.383,27.83054,27.40076,28.80381,26.36879
14249,2014-05-29 22:15:00,0.0,28.46808,27.383,27.83054,27.40076,28.80381
14250,2014-05-29 22:30:00,0.0,27.93924,28.46808,27.383,27.83054,27.40076
14251,2014-05-29 22:45:00,0.0,28.48227,27.93924,28.46808,27.383,27.83054
14252,2014-05-29 23:00:00,0.0,27.44168,28.48227,27.93924,28.46808,27.383
14253,2014-05-29 23:15:00,0.0,25.63729,27.44168,28.48227,27.93924,28.46808
14254,2014-05-29 23:30:00,0.0,24.67775,25.63729,27.44168,28.48227,27.93924
14255,2014-05-29 23:45:00,0.0,26.62263,24.67775,25.63729,27.44168,28.48227
14256,2014-05-30 00:00:00,0.0,26.84977,26.62263,24.67775,25.63729,27.44168
14257,2014-05-30 00:15:00,0.0,27.21609,26.84977,26.62263,24.67775,25.63729
14258,2014-05-30 00:30:00,0.0,25.45247,27.21609,26.84977,26.62263,24.67775
14259,2014-05-30 00:45:00,0.0,25.96193,25.45247,27.21609,26.84977,26.62263
14260,2014-05-30 01:00:00,0.0,26.02352,25.96193,25.45247,27.21609,26.84977
14261,2014-05-30 01:15:00,0.0,25.09039,26.02352,25.96193,25.45247,27.21609
14262,2014-05-30 01:30:00,0.0,24.92991,25.09039,26.02352,25.96193,25.45247
14263,2014-05-30 01:45:00,0.0,24.892,24.92991,25.09039,26.02352,25.96193
14264,2014-05-30 02:00:00,0.0,26.56642,24.892,24.92991,25.09039,26.02352
14265,2014-05-30 02:15:00,0.0,25.70807,26.56642,24.892,24.92991,25.09039
14266,2014-05-30 02:30:00,0.0,25.47343,25.70807,26.56642,24.892,24.92991
14267,2014-05-30 02:45:00,0.0,25.89577,25.47343,25.70807,26.56642,24.892
14268,2014-05-30 03:00:00,0.0,26.15055,25.89577,25.47343,25.70807,26.56642
14269,2014-05-30 03:15:00,0.0,24.58721,26.15055,25.89577,25.47343,25.70807
14270,2014-05-30 03:30:00,0.0,25.44677,24.58721,26.15055,25.89577,25.47343
14271,2014-05-30 03:45:00,0.0,28.21819,25.44677,24.58721,26.15055,25.89577
14272,2014-05-30 04:00:00,0.0,27.48466,28.21819,25.44677,24.58721,26.15055
14273,2014-05-30 04:15:00,0.0,24.92817,27.48466,28.21819,25.44677,24.58721
14274,2014-05-30 04:30:00,0.0,26.12803,24.92817,27.48466,28.21819,25.44677
14275,2014-05-30 04:45:00,0.0,25.39924,26.12803,24.92817,27.48466,28.21819
14276,2014-05-30 05:00:00,0.0,25.66013,25.39924,26.12803,24.92817,27.48466
14277,2014-05-30 05:15:00,0.0,24.69518,25.66013,25.39924,26.12803,24.92817
14278,2014-05-30 05:30:00,0.0,25.90883,24.69518,25.66013,25.39924,26.12803
14279,2014-05-30 05:45:00,0.0,25.42621,25.90883,24.69518,25.66013,25.39924
14280,2014-05-30 06:00:00,0.0,24.63096,25.42621,25.90883,24.69518,25.66013
14281,2014-05-30 06:15:00,0.0,28.45989,24.63096,25.42621,25.90883,24.69518
14282,2014-05-30 06:30:00,0.0,30.15008,28.45989,24.63096,25.42621,25.90883
14283,2014-05-30 06:45:00,0.0,28.64474,30.15008,28.45989,24.63096,25.42621
14284,2014-05-30 07:00:00,0.0,29.60276,28.64474,30.15008,28.45989,24.63096
14285,2014-05-30 07:15:00,0.0,31.18543,29.60276,28.64474,30.15008,28.45989
14286,2014-05-30 07:30:00,0.0,30.16837,31.18543,29.60276,28.64474,30.15008
14287,2014-05-30 07:45:00,0.0,30.52997,30.16837,31.18543,29.60276,28.64474
14288,2014-05-30 08:00:00,0.0,27.51502,30.52997,30.16837,31.18543,29.60276
14289,2014-05-30 08:15:00,0.0,29.47497,27.51502,30.52997,30.16837,31.18543
14290,2014-05-30 08:30:00,0.0,29.25536,29.47497,27.51502,30.52997,30.16837
14291,2014-05-30 08:45:00,0.0,31.32403,29.25536,29.47497,27.51502,30.52997
14292,2014-05-30 09:00:00,0.0,32.86593,31.32403,29.25536,29.47497,27.51502
14293,2014-05-30 09:15:00,0.0,32.72889,32.86593,31.32403,29.25536,29.47497
14294,2014-05-30 09:30:00,0.0,32.25824,32.72889,32.86593,31.32403,29.25536
14295,2014-05-30 09:45:00,0.0,32.48177,32.25824,32.72889,32.86593,31.32403
14296,2014-05-30 10:00:00,0.0,32.57276,32.48177,32.25824,32.72889,32.86593
14297,2014-05-30 10:15:00,0.0,33.40191,32.57276,32.48177,32.25824,32.72889
14298,2014-05-30 10:30:00,0.0,33.03641,33.40191,32.57276,32.48177,32.25824
14299,2014-05-30 10:45:00,0.0,32.8177,33.03641,33.40191,32.57276,32.48177
14300,2014-05-30 11:00:00,0.0,36.27143,32.8177,33.03641,33.40191,32.57276
14301,2014-05-30 11:15:00,0.0,30.73243,36.27143,32.8177,33.03641,33.40191
14302,2014-05-30 11:30:00,0.0,34.0833,30.73243,36.27143,32.8177,33.03641
14303,2014-05-30 11:45:00,0.0,32.64952,34.0833,30.73243,36.27143,32.8177
14304,2014-05-30 12:00:00,0.0,35.27329,32.64952,34.0833,30.73243,36.27143
14305,2014-05-30 12:15:00,0.0,34.05365,35.27329,32.64952,34.0833,30.73243
14306,2014-05-30 12:30:00,0.0,33.86516,34.05365,35.27329,32.64952,34.0833
14307,2014-05-30 12:45:00,0.0,34.67871,33.86516,34.05365,35.27329,32.64952
14308,2014-05-30 13:00:00,0.0,31.86715,34.67871,33.86516,34.05365,35.27329
14309,2014-05-30 13:15:00,0.0,33.78991,31.86715,34.67871,33.86516,34.05365
14310,2014-05-30 13:30:00,0.0,30.75833,33.78991,31.86715,34.67871,33.86516
14311,2014-05-30 13:45:00,0.0,34.33401,30.75833,33.78991,31.86715,34.67871
14312,2014-05-30 14:00:00,0.0,33.9044,34.33401,30.75833,33.78991,31.86715
14313,2014-05-30 14:15:00,0.0,34.54476,33.9044,34.33401,30.75833,33.78991
14314,2014-05-30 14:30:00,0.0,34.29998,34.54476,33.9044,34.33401,30.75833
14315,2014-05-30 14:45:00,0.0,38.9071,34.29998,34.54476,33.9044,34.33401
14316,2014-05-30 15:00:00,0.0,39.38324,38.9071,34.29998,34.54476,33.9044
14317,2014-05-30 15:15:00,0.0,37.35582,39.38324,38.9071,34.29998,34.54476
14318,2014-05-30 15:30:00,0.0,37.5714,37.35582,39.38324,38.9071,34.29998
14319,2014-05-30 15:45:00,0.0,35.22225,37.5714,37.35582,39.38324,38.9071
14320,2014-05-30 16:00:00,0.0,34.09542,35.22225,37.5714,37.35582,39.38324
14321,2014-05-30 16:15:00,0.0,35.35497,34.09542,35.22225,37.5714,37.35582
14322,2014-05-30 16:30:00,0.0,33.50468,35.35497,34.09542,35.22225,37.5714
14323,2014-05-30 16:45:00,0.0,34.53558,33.50468,35.35497,34.09542,35.22225
14324,2014-05-30 17:00:00,0.0,32.56685,34.53558,33.50468,35.35497,34.09542
14325,2014-05-30 17:15:00,0.0,31.14703,32.56685,34.53558,33.50468,35.35497
14326,2014-05-30 17:30:00,0.0,32.43715,31.14703,32.56685,34.53558,33.50468
14327,2014-05-30 17:45:00,0.0,32.80506,32.43715,31.14703,32.56685,34.53558
14328,2014-05-30 18:00:00,0.0,29.86409,32.80506,32.43715,31.14703,32.56685
14329,2014-05-30 18:15:00,0.0,30.19937,29.86409,32.80506,32.43715,31.14703
14330,2014-05-30 18:30:00,0.0,28.18482,30.19937,29.86409,32.80506,32.43715
14331,2014-05-30 18:45:00,0.0,27.34554,28.18482,30.19937,29.86409,32.80506
14332,2014-05-30 19:00:00,0.0,27.12094,27.34554,28.18482,30.19937,29.86409
14333,2014-05-30 19:15:00,0.0,26.4408,27.12094,27.34554,28.18482,30.19937
14334,2014-05-30 19:30:00,0.0,25.35725,26.4408,27.12094,27.34554,28.18482
14335,2014-05-30 19:45:00,0.0,27.7553,25.35725,26.4408,27.12094,27.34554
14336,2014-05-30 20:00:00,0.0,28.40332,27.7553,25.35725,26.4408,27.12094
14337,2014-05-30 20:15:00,0.0,27.42943,28.40332,27.7553,25.35725,26.4408
14338,2014-05-30 20:30:00,0.0,27.48165,27.42943,28.40332,27.7553,25.35725
14339,2014-05-30 20:45:00,0.0,27.87713,27.48165,27.42943,28.40332,27.7553
14340,2014-05-30 21:00:00,0.0,26.91063,27.87713,27.48165,27.42943,28.40332
14341,2014-05-30 21:15:00,0.0,27.32155,26.91063,27.87713,27.48165,27.42943
14342,2014-05-30 21:30:00,0.0,26.8272,27.32155,26.91063,27.87713,27.48165
14343,2014-05-30 21:45:00,0.0,28.55267,26.8272,27.32155,26.91063,27.87713
14344,2014-05-30 22:00:00,0.0,28.05079,28.55267,26.8272,27.32155,26.91063
14345,2014-05-30 22:15:00,0.0,27.54828,28.05079,28.55267,26.8272,27.32155
14346,2014-05-30 22:30:00,0.0,26.64935,27.54828,28.05079,28.55267,26.8272
14347,2014-05-30 22:45:00,0.0,28.01941,26.64935,27.54828,28.05079,28.55267
14348,2014-05-30 23:00:00,0.0,28.04372,28.01941,26.64935,27.54828,28.05079
14349,2014-05-30 23:15:00,0.0,26.43036,28.04372,28.01941,26.64935,27.54828
14350,2014-05-30 23:30:00,0.0,26.11165,26.43036,28.04372,28.01941,26.64935
14351,2014-05-30 23:45:00,0.0,26.56388,26.11165,26.43036,28.04372,28.01941
14352,2014-05-31 00:00:00,0.0,24.94249,26.56388,26.11165,26.43036,28.04372
14353,2014-05-31 00:15:00,0.0,26.33173,24.94249,26.56388,26.11165,26.43036
14354,2014-05-31 00:30:00,0.0,26.06217,26.33173,24.94249,26.56388,26.11165
14355,2014-05-31 00:45:00,0.0,26.06556,26.06217,26.33173,24.94249,26.56388
14356,2014-05-31 01:00:00,0.0,26.01711,26.06556,26.06217,26.33173,24.94249
14357,2014-05-31 01:15:00,0.0,28.00269,26.01711,26.06556,26.06217,26.33173
14358,2014-05-31 01:30:00,0.0,25.83047,28.00269,26.01711,26.06556,26.06217
14359,2014-05-31 01:45:00,0.0,25.87545,25.83047,28.00269,26.01711,26.06556
14360,2014-05-31 02:00:00,0.0,25.40237,25.87545,25.83047,28.00269,26.01711
14361,2014-05-31 02:15:00,0.0,24.83911,25.40237,25.87545,25.83047,28.00269
14362,2014-05-31 02:30:00,0.0,26.69131,24.83911,25.40237,25.87545,25.83047
14363,2014-05-31 02:45:00,0.0,27.45442,26.69131,24.83911,25.40237,25.87545
14364,2014-05-31 03:00:00,0.0,25.82292,27.45442,26.69131,24.83911,25.40237
14365,2014-05-31 03:15:00,0.0,25.1332,25.82292,27.45442,26.69131,24.83911
14366,2014-05-31 03:30:00,0.0,25.58412,25.1332,25.82292,27.45442,26.69131
14367,2014-05-31 03:45:00,0.0,23.66885,25.58412,25.1332,25.82292,27.45442
14368,2014-05-31 04:00:00,0.0,26.01348,23.66885,25.58412,25.1332,25.82292
14369,2014-05-31 04:15:00,0.0,24.55131,26.01348,23.66885,25.58412,25.1332
14370,2014-05-31 04:30:00,0.0,26.79129,24.55131,26.01348,23.66885,25.58412
14371,2014-05-31 04:45:00,0.0,26.48371,26.79129,24.55131,26.01348,23.66885
14372,2014-05-31 05:00:00,0.0,26.57183,26.48371,26.79129,24.55131,26.01348
14373,2014-05-31 05:15:00,0.0,23.60505,26.57183,26.48371,26.79129,24.55131
14374,2014-05-31 05:30:00,0.0,24.7461,23.60505,26.57183,26.48371,26.79129
14375,2014-05-31 05:45:00,0.0,25.92999,24.7461,23.60505,26.57183,26.48371
14376,2014-05-31 06:00:00,0.0,27.64954,25.92999,24.7461,23.60505,26.57183
14377,2014-05-31 06:15:00,0.0,26.26115,27.64954,25.92999,24.7461,23.60505
14378,2014-05-31 06:30:00,0.0,24.37566,26.26115,27.64954,25.92999,24.7461
14379,2014-05-31 06:45:00,0.0,26.03831,24.37566,26.26115,27.64954,25.92999
14380,2014-05-31 07:00:00,0.0,24.90642,26.03831,24.37566,26.26115,27.64954
14381,2014-05-31 07:15:00,0.0,24.3703,24.90642,26.03831,24.37566,26.26115
14382,2014-05-31 07:30:00,0.0,26.02651,24.3703,24.90642,26.03831,24.37566
14383,2014-05-31 07:45:00,0.0,28.08239,26.02651,24.3703,24.90642,26.03831
14384,2014-05-31 08:00:00,0.0,27.22005,28.08239,26.02651,24.3703,24.90642
14385,2014-05-31 08:15:00,0.0,25.068,27.22005,28.08239,26.02651,24.3703
14386,2014-05-31 08:30:00,0.0,27.00152,25.068,27.22005,28.08239,26.02651
14387,2014-05-31 08:45:00,0.0,26.40477,27.00152,25.068,27.22005,28.08239
14388,2014-05-31 09:00:00,0.0,25.80789,26.40477,27.00152,25.068,27.22005
14389,2014-05-31 09:15:00,0.0,25.92141,25.80789,26.40477,27.00152,25.068
14390,2014-05-31 09:30:00,0.0,26.67193,25.92141,25.80789,26.40477,27.00152
14391,2014-05-31 09:45:00,0.0,24.90219,26.67193,25.92141,25.80789,26.40477
14392,2014-05-31 10:00:00,0.0,26.54684,24.90219,26.67193,25.92141,25.80789
14393,2014-05-31 10:15:00,0.0,26.42456,26.54684,24.90219,26.67193,25.92141
14394,2014-05-31 10:30:00,0.0,26.3144,26.42456,26.54684,24.90219,26.67193
14395,2014-05-31 10:45:00,0.0,24.3794,26.3144,26.42456,26.54684,24.90219
14396,2014-05-31 11:00:00,0.0,25.64068,24.3794,26.3144,26.42456,26.54684
14397,2014-05-31 11:15:00,0.0,25.89172,25.64068,24.3794,26.3144,26.42456
14398,2014-05-31 11:30:00,0.0,24.91102,25.89172,25.64068,24.3794,26.3144
14399,2014-05-31 11:45:00,0.0,25.98697,24.91102,25.89172,25.64068,24.3794
14400,2014-05-31 12:00:00,0.0,26.77777,25.98697,24.91102,25.89172,25.64068
14401,2014-05-31 12:15:00,0.0,28.02587,26.77777,25.98697,24.91102,25.89172
14402,2014-05-31 12:30:00,0.0,27.38457,28.02587,26.77777,25.98697,24.91102
14403,2014-05-31 12:45:00,0.0,26.32234,27.38457,28.02587,26.77777,25.98697
14404,2014-05-31 13:00:00,0.0,28.40654,26.32234,27.38457,28.02587,26.77777
14405,2014-05-31 13:15:00,0.0,27.57969,28.40654,26.32234,27.38457,28.02587
14406,2014-05-31 13:30:00,0.0,27.43557,27.57969,28.40654,26.32234,27.38457
14407,2014-05-31 13:45:00,0.0,30.05351,27.43557,27.57969,28.40654,26.32234
14408,2014-05-31 14:00:00,0.0,27.78021,30.05351,27.43557,27.57969,28.40654
14409,2014-05-31 14:15:00,0.0,26.75771,27.78021,30.05351,27.43557,27.57969
14410,2014-05-31 14:30:00,0.0,27.62413,26.75771,27.78021,30.05351,27.43557
14411,2014-05-31 14:45:00,0.0,29.59839,27.62413,26.75771,27.78021,30.05351
14412,2014-05-31 15:00:00,0.0,29.29765,29.59839,27.62413,26.75771,27.78021
14413,2014-05-31 15:15:00,0.0,29.37897,29.29765,29.59839,27.62413,26.75771
14414,2014-05-31 15:30:00,0.0,31.13704,29.37897,29.29765,29.59839,27.62413
14415,2014-05-31 15:45:00,0.0,29.17004,31.13704,29.37897,29.29765,29.59839
14416,2014-05-31 16:00:00,0.0,30.55749,29.17004,31.13704,29.37897,29.29765
14417,2014-05-31 16:15:00,0.0,29.08913,30.55749,29.17004,31.13704,29.37897
14418,2014-05-31 16:30:00,0.0,26.09926,29.08913,30.55749,29.17004,31.13704
14419,2014-05-31 16:45:00,0.0,30.18781,26.09926,29.08913,30.55749,29.17004
14420,2014-05-31 17:00:00,0.0,27.15589,30.18781,26.09926,29.08913,30.55749
14421,2014-05-31 17:15:00,0.0,28.7931,27.15589,30.18781,26.09926,29.08913
14422,2014-05-31 17:30:00,0.0,29.62225,28.7931,27.15589,30.18781,26.09926
14423,2014-05-31 17:45:00,0.0,29.37242,29.62225,28.7931,27.15589,30.18781
14424,2014-05-31 18:00:00,0.0,28.69886,29.37242,29.62225,28.7931,27.15589
14425,2014-05-31 18:15:00,0.0,28.96146,28.69886,29.37242,29.62225,28.7931
14426,2014-05-31 18:30:00,0.0,25.88057,28.96146,28.69886,29.37242,29.62225
14427,2014-05-31 18:45:00,0.0,29.53364,25.88057,28.96146,28.69886,29.37242
14428,2014-05-31 19:00:00,0.0,27.81985,29.53364,25.88057,28.96146,28.69886
14429,2014-05-31 19:15:00,0.0,27.21516,27.81985,29.53364,25.88057,28.96146
14430,2014-05-31 19:30:00,0.0,26.01424,27.21516,27.81985,29.53364,25.88057
14431,2014-05-31 19:45:00,0.0,27.3341,26.01424,27.21516,27.81985,29.53364
14432,2014-05-31 20:00:00,0.0,27.56029,27.3341,26.01424,27.21516,27.81985
14433,2014-05-31 20:15:00,0.0,25.64953,27.56029,27.3341,26.01424,27.21516
14434,2014-05-31 20:30:00,0.0,26.61066,25.64953,27.56029,27.3341,26.01424
14435,2014-05-31 20:45:00,0.0,25.7653,26.61066,25.64953,27.56029,27.3341
14436,2014-05-31 21:00:00,0.0,26.46932,25.7653,26.61066,25.64953,27.56029
14437,2014-05-31 21:15:00,0.0,25.29968,26.46932,25.7653,26.61066,25.64953
14438,2014-05-31 21:30:00,0.0,26.60371,25.29968,26.46932,25.7653,26.61066
14439,2014-05-31 21:45:00,0.0,28.04082,26.60371,25.29968,26.46932,25.7653
14440,2014-05-31 22:00:00,0.0,28.06946,28.04082,26.60371,25.29968,26.46932
14441,2014-05-31 22:15:00,0.0,26.7265,28.06946,28.04082,26.60371,25.29968
14442,2014-05-31 22:30:00,0.0,26.35614,26.7265,28.06946,28.04082,26.60371
14443,2014-05-31 22:45:00,0.0,28.3774,26.35614,26.7265,28.06946,28.04082
14444,2014-05-31 23:00:00,0.0,27.58754,28.3774,26.35614,26.7265,28.06946
14445,2014-05-31 23:15:00,0.0,25.32914,27.58754,28.3774,26.35614,26.7265
14446,2014-05-31 23:30:00,0.0,26.57323,25.32914,27.58754,28.3774,26.35614
14447,2014-05-31 23:45:00,0.0,26.96017,26.57323,25.32914,27.58754,28.3774
14448,2014-06-01 00:00:00,0.0,24.54445,26.96017,26.57323,25.32914,27.58754
14449,2014-06-01 00:15:00,0.0,27.38906,24.54445,26.96017,26.57323,25.32914
14450,2014-06-01 00:30:00,0.0,26.40121,27.38906,24.54445,26.96017,26.57323
14451,2014-06-01 00:45:00,0.0,26.7826,26.40121,27.38906,24.54445,26.96017
14452,2014-06-01 01:00:00,0.0,25.1863,26.7826,26.40121,27.38906,24.54445
14453,2014-06-01 01:15:00,0.0,24.74833,25.1863,26.7826,26.40121,27.38906
14454,2014-06-01 01:30:00,0.0,25.09192,24.74833,25.1863,26.7826,26.40121
14455,2014-06-01 01:45:00,0.0,25.64879,25.09192,24.74833,25.1863,26.7826
14456,2014-06-01 02:00:00,0.0,26.05991,25.64879,25.09192,24.74833,25.1863
14457,2014-06-01 02:15:00,0.0,27.32497,26.05991,25.64879,25.09192,24.74833
14458,2014-06-01 02:30:00,0.0,25.26596,27.32497,26.05991,25.64879,25.09192
14459,2014-06-01 02:45:00,0.0,26.03835,25.26596,27.32497,26.05991,25.64879
14460,2014-06-01 03:00:00,0.0,26.04621,26.03835,25.26596,27.32497,26.05991
14461,2014-06-01 03:15:00,0.0,25.08964,26.04621,26.03835,25.26596,27.32497
14462,2014-06-01 03:30:00,0.0,25.21826,25.08964,26.04621,26.03835,25.26596
14463,2014-06-01 03:45:00,0.0,26.24909,25.21826,25.08964,26.04621,26.03835
14464,2014-06-01 04:00:00,0.0,25.84491,26.24909,25.21826,25.08964,26.04621
14465,2014-06-01 04:15:00,0.0,25.62101,25.84491,26.24909,25.21826,25.08964
14466,2014-06-01 04:30:00,0.0,24.49851,25.62101,25.84491,26.24909,25.21826
14467,2014-06-01 04:45:00,0.0,26.20436,24.49851,25.62101,25.84491,26.24909
14468,2014-06-01 05:00:00,0.0,26.32822,26.20436,24.49851,25.62101,25.84491
14469,2014-06-01 05:15:00,0.0,27.4922,26.32822,26.20436,24.49851,25.62101
14470,2014-06-01 05:30:00,0.0,24.83161,27.4922,26.32822,26.20436,24.49851
14471,2014-06-01 05:45:00,0.0,27.25229,24.83161,27.4922,26.32822,26.20436
14472,2014-06-01 06:00:00,0.0,22.85751,27.25229,24.83161,27.4922,26.32822
14473,2014-06-01 06:15:00,0.0,25.13158,22.85751,27.25229,24.83161,27.4922
14474,2014-06-01 06:30:00,0.0,25.07313,25.13158,22.85751,27.25229,24.83161
14475,2014-06-01 06:45:00,0.0,25.39698,25.07313,25.13158,22.85751,27.25229
14476,2014-06-01 07:00:00,0.0,27.77191,25.39698,25.07313,25.13158,22.85751
14477,2014-06-01 07:15:00,0.0,24.95329,27.77191,25.39698,25.07313,25.13158
14478,2014-06-01 07:30:00,0.0,25.40494,24.95329,27.77191,25.39698,25.07313
14479,2014-06-01 07:45:00,0.0,27.08645,25.40494,24.95329,27.77191,25.39698
14480,2014-06-01 08:00:00,0.0,27.12652,27.08645,25.40494,24.95329,27.77191
14481,2014-06-01 08:15:00,0.0,25.15052,27.12652,27.08645,25.40494,24.95329
14482,2014-06-01 08:30:00,0.0,26.88372,25.15052,27.12652,27.08645,25.40494
14483,2014-06-01 08:45:00,0.0,26.02368,26.88372,25.15052,27.12652,27.08645
14484,2014-06-01 09:00:00,0.0,26.41907,26.02368,26.88372,25.15052,27.12652
14485,2014-06-01 09:15:00,0.0,25.56561,26.41907,26.02368,26.88372,25.15052
14486,2014-06-01 09:30:00,0.0,26.52388,25.56561,26.41907,26.02368,26.88372
14487,2014-06-01 09:45:00,0.0,26.8649,26.52388,25.56561,26.41907,26.02368
14488,2014-06-01 10:00:00,0.0,27.41066,26.8649,26.52388,25.56561,26.41907
14489,2014-06-01 10:15:00,0.0,23.32768,27.41066,26.8649,26.52388,25.56561
14490,2014-06-01 10:30:00,0.0,25.73969,23.32768,27.41066,26.8649,26.52388
14491,2014-06-01 10:45:00,0.0,26.51268,25.73969,23.32768,27.41066,26.8649
14492,2014-06-01 11:00:00,0.0,26.33383,26.51268,25.73969,23.32768,27.41066
14493,2014-06-01 11:15:00,0.0,29.50161,26.33383,26.51268,25.73969,23.32768
14494,2014-06-01 11:30:00,0.0,27.87266,29.50161,26.33383,26.51268,25.73969
14495,2014-06-01 11:45:00,0.0,28.40549,27.87266,29.50161,26.33383,26.51268
14496,2014-06-01 12:00:00,0.0,29.43811,28.40549,27.87266,29.50161,26.33383
14497,2014-06-01 12:15:00,0.0,33.02237,29.43811,28.40549,27.87266,29.50161
14498,2014-06-01 12:30:00,0.0,29.56451,33.02237,29.43811,28.40549,27.87266
14499,2014-06-01 12:45:00,0.0,32.83127,29.56451,33.02237,29.43811,28.40549
14500,2014-06-01 13:00:00,0.0,29.15144,32.83127,29.56451,33.02237,29.43811
14501,2014-06-01 13:15:00,0.0,31.79928,29.15144,32.83127,29.56451,33.02237
14502,2014-06-01 13:30:00,0.0,27.2194,31.79928,29.15144,32.83127,29.56451
14503,2014-06-01 13:45:00,0.0,31.90408,27.2194,31.79928,29.15144,32.83127
14504,2014-06-01 14:00:00,0.0,28.7582,31.90408,27.2194,31.79928,29.15144
14505,2014-06-01 14:15:00,0.0,28.96991,28.7582,31.90408,27.2194,31.79928
14506,2014-06-01 14:30:00,0.0,33.1217,28.96991,28.7582,31.90408,27.2194
14507,2014-06-01 14:45:00,0.0,32.91581,33.1217,28.96991,28.7582,31.90408
14508,2014-06-01 15:00:00,0.0,31.17657,32.91581,33.1217,28.96991,28.7582
14509,2014-06-01 15:15:00,0.0,31.19469,31.17657,32.91581,33.1217,28.96991
14510,2014-06-01 15:30:00,0.0,30.38561,31.19469,31.17657,32.91581,33.1217
14511,2014-06-01 15:45:00,0.0,31.42554,30.38561,31.19469,31.17657,32.91581
14512,2014-06-01 16:00:00,0.0,30.69128,31.42554,30.38561,31.19469,31.17657
14513,2014-06-01 16:15:00,0.0,33.08432,30.69128,31.42554,30.38561,31.19469
14514,2014-06-01 16:30:00,0.0,29.61693,33.08432,30.69128,31.42554,30.38561
14515,2014-06-01 16:45:00,0.0,31.22397,29.61693,33.08432,30.69128,31.42554
14516,2014-06-01 17:00:00,0.0,31.75377,31.22397,29.61693,33.08432,30.69128
14517,2014-06-01 17:15:00,0.0,32.20824,31.75377,31.22397,29.61693,33.08432
14518,2014-06-01 17:30:00,0.0,31.24354,32.20824,31.75377,31.22397,29.61693
14519,2014-06-01 17:45:00,0.0,30.90465,31.24354,32.20824,31.75377,31.22397
14520,2014-06-01 18:00:00,0.0,27.82224,30.90465,31.24354,32.20824,31.75377
14521,2014-06-01 18:15:00,0.0,27.9813,27.82224,30.90465,31.24354,32.20824
14522,2014-06-01 18:30:00,0.0,28.81121,27.9813,27.82224,30.90465,31.24354
14523,2014-06-01 18:45:00,0.0,30.18863,28.81121,27.9813,27.82224,30.90465
14524,2014-06-01 19:00:00,0.0,30.18287,30.18863,28.81121,27.9813,27.82224
14525,2014-06-01 19:15:00,0.0,26.4198,30.18287,30.18863,28.81121,27.9813
14526,2014-06-01 19:30:00,0.0,30.4009,26.4198,30.18287,30.18863,28.81121
14527,2014-06-01 19:45:00,0.0,27.58806,30.4009,26.4198,30.18287,30.18863
14528,2014-06-01 20:00:00,0.0,29.14466,27.58806,30.4009,26.4198,30.18287
14529,2014-06-01 20:15:00,0.0,26.84681,29.14466,27.58806,30.4009,26.4198
14530,2014-06-01 20:30:00,0.0,27.16257,26.84681,29.14466,27.58806,30.4009
14531,2014-06-01 20:45:00,0.0,26.85192,27.16257,26.84681,29.14466,27.58806
14532,2014-06-01 21:00:00,0.0,27.04437,26.85192,27.16257,26.84681,29.14466
14533,2014-06-01 21:15:00,0.0,27.49546,27.04437,26.85192,27.16257,26.84681
14534,2014-06-01 21:30:00,0.0,26.27716,27.49546,27.04437,26.85192,27.16257
14535,2014-06-01 21:45:00,0.0,28.22064,26.27716,27.49546,27.04437,26.85192
14536,2014-06-01 22:00:00,0.0,25.36791,28.22064,26.27716,27.49546,27.04437
14537,2014-06-01 22:15:00,0.0,24.35958,25.36791,28.22064,26.27716,27.49546
14538,2014-06-01 22:30:00,0.0,26.50769,24.35958,25.36791,28.22064,26.27716
14539,2014-06-01 22:45:00,0.0,27.25954,26.50769,24.35958,25.36791,28.22064
14540,2014-06-01 23:00:00,0.0,26.46345,27.25954,26.50769,24.35958,25.36791
14541,2014-06-01 23:15:00,0.0,25.70237,26.46345,27.25954,26.50769,24.35958
14542,2014-06-01 23:30:00,0.0,24.75999,25.70237,26.46345,27.25954,26.50769
14543,2014-06-01 23:45:00,0.0,27.60035,24.75999,25.70237,26.46345,27.25954
14544,2014-06-02 00:00:00,0.0,24.92844,27.60035,24.75999,25.70237,26.46345
14545,2014-06-02 00:15:00,0.0,27.20223,24.92844,27.60035,24.75999,25.70237
14546,2014-06-02 00:30:00,0.0,26.22819,27.20223,24.92844,27.60035,24.75999
14547,2014-06-02 00:45:00,0.0,27.23429,26.22819,27.20223,24.92844,27.60035
14548,2014-06-02 01:00:00,0.0,27.62194,27.23429,26.22819,27.20223,24.92844
14549,2014-06-02 01:15:00,0.0,25.85938,27.62194,27.23429,26.22819,27.20223
14550,2014-06-02 01:30:00,0.0,26.70374,25.85938,27.62194,27.23429,26.22819
14551,2014-06-02 01:45:00,0.0,24.68506,26.70374,25.85938,27.62194,27.23429
14552,2014-06-02 02:00:00,0.0,24.21999,24.68506,26.70374,25.85938,27.62194
14553,2014-06-02 02:15:00,0.0,24.18163,24.21999,24.68506,26.70374,25.85938
14554,2014-06-02 02:30:00,0.0,25.46373,24.18163,24.21999,24.68506,26.70374
14555,2014-06-02 02:45:00,0.0,25.99117,25.46373,24.18163,24.21999,24.68506
14556,2014-06-02 03:00:00,0.0,27.38519,25.99117,25.46373,24.18163,24.21999
14557,2014-06-02 03:15:00,0.0,26.453,27.38519,25.99117,25.46373,24.18163
14558,2014-06-02 03:30:00,0.0,26.80451,26.453,27.38519,25.99117,25.46373
14559,2014-06-02 03:45:00,0.0,28.0142,26.80451,26.453,27.38519,25.99117
14560,2014-06-02 04:00:00,0.0,28.22704,28.0142,26.80451,26.453,27.38519
14561,2014-06-02 04:15:00,0.0,26.06112,28.22704,28.0142,26.80451,26.453
14562,2014-06-02 04:30:00,0.0,23.90086,26.06112,28.22704,28.0142,26.80451
14563,2014-06-02 04:45:00,0.0,26.99726,23.90086,26.06112,28.22704,28.0142
14564,2014-06-02 05:00:00,0.0,25.5545,26.99726,23.90086,26.06112,28.22704
14565,2014-06-02 05:15:00,0.0,26.58817,25.5545,26.99726,23.90086,26.06112
14566,2014-06-02 05:30:00,0.0,27.62013,26.58817,25.5545,26.99726,23.90086
14567,2014-06-02 05:45:00,0.0,30.17424,27.62013,26.58817,25.5545,26.99726
14568,2014-06-02 06:00:00,0.0,28.71895,30.17424,27.62013,26.58817,25.5545
14569,2014-06-02 06:15:00,0.0,30.4825,28.71895,30.17424,27.62013,26.58817
14570,2014-06-02 06:30:00,0.0,27.87567,30.4825,28.71895,30.17424,27.62013
14571,2014-06-02 06:45:00,0.0,30.22557,27.87567,30.4825,28.71895,30.17424
14572,2014-06-02 07:00:00,0.0,28.44191,30.22557,27.87567,30.4825,28.71895
14573,2014-06-02 07:15:00,0.0,31.99676,28.44191,30.22557,27.87567,30.4825
14574,2014-06-02 07:30:00,0.0,31.12903,31.99676,28.44191,30.22557,27.87567
14575,2014-06-02 07:45:00,0.0,31.11559,31.12903,31.99676,28.44191,30.22557
14576,2014-06-02 08:00:00,0.0,30.71412,31.11559,31.12903,31.99676,28.44191
14577,2014-06-02 08:15:00,0.0,31.53575,30.71412,31.11559,31.12903,31.99676
14578,2014-06-02 08:30:00,0.0,31.85624,31.53575,30.71412,31.11559,31.12903
14579,2014-06-02 08:45:00,0.0,33.57511,31.85624,31.53575,30.71412,31.11559
14580,2014-06-02 09:00:00,0.0,32.97202,33.57511,31.85624,31.53575,30.71412
14581,2014-06-02 09:15:00,0.0,30.33033,32.97202,33.57511,31.85624,31.53575
14582,2014-06-02 09:30:00,0.0,32.20949,30.33033,32.97202,33.57511,31.85624
14583,2014-06-02 09:45:00,0.0,35.50213,32.20949,30.33033,32.97202,33.57511
14584,2014-06-02 10:00:00,0.0,35.4804,35.50213,32.20949,30.33033,32.97202
14585,2014-06-02 10:15:00,0.0,34.14265,35.4804,35.50213,32.20949,30.33033
14586,2014-06-02 10:30:00,0.0,33.54561,34.14265,35.4804,35.50213,32.20949
14587,2014-06-02 10:45:00,0.0,34.77549,33.54561,34.14265,35.4804,35.50213
14588,2014-06-02 11:00:00,0.0,36.1037,34.77549,33.54561,34.14265,35.4804
14589,2014-06-02 11:15:00,0.0,35.84918,36.1037,34.77549,33.54561,34.14265
14590,2014-06-02 11:30:00,0.0,37.88451,35.84918,36.1037,34.77549,33.54561
14591,2014-06-02 11:45:00,0.0,38.5362,37.88451,35.84918,36.1037,34.77549
14592,2014-06-02 12:00:00,0.0,36.95193,38.5362,37.88451,35.84918,36.1037
14593,2014-06-02 12:15:00,0.0,37.11356,36.95193,38.5362,37.88451,35.84918
14594,2014-06-02 12:30:00,0.0,34.38508,37.11356,36.95193,38.5362,37.88451
14595,2014-06-02 12:45:00,0.0,37.81781,34.38508,37.11356,36.95193,38.5362
14596,2014-06-02 13:00:00,0.0,36.09089,37.81781,34.38508,37.11356,36.95193
14597,2014-06-02 13:15:00,0.0,39.71197,36.09089,37.81781,34.38508,37.11356
14598,2014-06-02 13:30:00,0.0,35.2462,39.71197,36.09089,37.81781,34.38508
14599,2014-06-02 13:45:00,0.0,38.13173,35.2462,39.71197,36.09089,37.81781
14600,2014-06-02 14:00:00,0.0,34.07947,38.13173,35.2462,39.71197,36.09089
14601,2014-06-02 14:15:00,0.0,34.02562,34.07947,38.13173,35.2462,39.71197
14602,2014-06-02 14:30:00,0.0,35.0305,34.02562,34.07947,38.13173,35.2462
14603,2014-06-02 14:45:00,0.0,33.55231,35.0305,34.02562,34.07947,38.13173
14604,2014-06-02 15:00:00,0.0,35.51347,33.55231,35.0305,34.02562,34.07947
14605,2014-06-02 15:15:00,0.0,35.18185,35.51347,33.55231,35.0305,34.02562
14606,2014-06-02 15:30:00,0.0,35.06021,35.18185,35.51347,33.55231,35.0305
14607,2014-06-02 15:45:00,0.0,33.98226,35.06021,35.18185,35.51347,33.55231
14608,2014-06-02 16:00:00,0.0,35.80326,33.98226,35.06021,35.18185,35.51347
14609,2014-06-02 16:15:00,0.0,37.04199,35.80326,33.98226,35.06021,35.18185
14610,2014-06-02 16:30:00,0.0,33.0788,37.04199,35.80326,33.98226,35.06021
14611,2014-06-02 16:45:00,0.0,37.54712,33.0788,37.04199,35.80326,33.98226
14612,2014-06-02 17:00:00,0.0,33.72113,37.54712,33.0788,37.04199,35.80326
14613,2014-06-02 17:15:00,0.0,35.87118,33.72113,37.54712,33.0788,37.04199
14614,2014-06-02 17:30:00,0.0,32.23088,35.87118,33.72113,37.54712,33.0788
14615,2014-06-02 17:45:00,0.0,34.36263,32.23088,35.87118,33.72113,37.54712
14616,2014-06-02 18:00:00,0.0,32.28773,34.36263,32.23088,35.87118,33.72113
14617,2014-06-02 18:15:00,0.0,32.49855,32.28773,34.36263,32.23088,35.87118
14618,2014-06-02 18:30:00,0.0,32.30053,32.49855,32.28773,34.36263,32.23088
14619,2014-06-02 18:45:00,0.0,32.73268,32.30053,32.49855,32.28773,34.36263
14620,2014-06-02 19:00:00,0.0,30.23396,32.73268,32.30053,32.49855,32.28773
14621,2014-06-02 19:15:00,0.0,30.63454,30.23396,32.73268,32.30053,32.49855
14622,2014-06-02 19:30:00,0.0,30.49177,30.63454,30.23396,32.73268,32.30053
14623,2014-06-02 19:45:00,0.0,30.99843,30.49177,30.63454,30.23396,32.73268
14624,2014-06-02 20:00:00,0.0,31.27117,30.99843,30.49177,30.63454,30.23396
14625,2014-06-02 20:15:00,0.0,30.32364,31.27117,30.99843,30.49177,30.63454
14626,2014-06-02 20:30:00,0.0,30.63276,30.32364,31.27117,30.99843,30.49177
14627,2014-06-02 20:45:00,0.0,28.26453,30.63276,30.32364,31.27117,30.99843
14628,2014-06-02 21:00:00,0.0,30.81127,28.26453,30.63276,30.32364,31.27117
14629,2014-06-02 21:15:00,0.0,28.46498,30.81127,28.26453,30.63276,30.32364
14630,2014-06-02 21:30:00,0.0,28.77656,28.46498,30.81127,28.26453,30.63276
14631,2014-06-02 21:45:00,0.0,27.77067,28.77656,28.46498,30.81127,28.26453
14632,2014-06-02 22:00:00,0.0,26.20851,27.77067,28.77656,28.46498,30.81127
14633,2014-06-02 22:15:00,0.0,28.81542,26.20851,27.77067,28.77656,28.46498
14634,2014-06-02 22:30:00,0.0,26.77138,28.81542,26.20851,27.77067,28.77656
14635,2014-06-02 22:45:00,0.0,29.19559,26.77138,28.81542,26.20851,27.77067
14636,2014-06-02 23:00:00,0.0,27.63304,29.19559,26.77138,28.81542,26.20851
14637,2014-06-02 23:15:00,0.0,26.10732,27.63304,29.19559,26.77138,28.81542
14638,2014-06-02 23:30:00,0.0,25.71765,26.10732,27.63304,29.19559,26.77138
14639,2014-06-02 23:45:00,0.0,26.05916,25.71765,26.10732,27.63304,29.19559
14640,2014-06-03 00:00:00,0.0,27.8527,26.05916,25.71765,26.10732,27.63304
14641,2014-06-03 00:15:00,0.0,27.06262,27.8527,26.05916,25.71765,26.10732
14642,2014-06-03 00:30:00,0.0,26.62486,27.06262,27.8527,26.05916,25.71765
14643,2014-06-03 00:45:00,0.0,26.08635,26.62486,27.06262,27.8527,26.05916
14644,2014-06-03 01:00:00,0.0,25.03945,26.08635,26.62486,27.06262,27.8527
14645,2014-06-03 01:15:00,0.0,22.90567,25.03945,26.08635,26.62486,27.06262
14646,2014-06-03 01:30:00,0.0,27.53507,22.90567,25.03945,26.08635,26.62486
14647,2014-06-03 01:45:00,0.0,25.78682,27.53507,22.90567,25.03945,26.08635
14648,2014-06-03 02:00:00,0.0,25.1407,25.78682,27.53507,22.90567,25.03945
14649,2014-06-03 02:15:00,0.0,25.18956,25.1407,25.78682,27.53507,22.90567
14650,2014-06-03 02:30:00,0.0,23.30598,25.18956,25.1407,25.78682,27.53507
14651,2014-06-03 02:45:00,0.0,27.58127,23.30598,25.18956,25.1407,25.78682
14652,2014-06-03 03:00:00,0.0,25.49508,27.58127,23.30598,25.18956,25.1407
14653,2014-06-03 03:15:00,0.0,27.34387,25.49508,27.58127,23.30598,25.18956
14654,2014-06-03 03:30:00,0.0,24.84996,27.34387,25.49508,27.58127,23.30598
14655,2014-06-03 03:45:00,0.0,28.2752,24.84996,27.34387,25.49508,27.58127
14656,2014-06-03 04:00:00,0.0,25.44716,28.2752,24.84996,27.34387,25.49508
14657,2014-06-03 04:15:00,0.0,26.87052,25.44716,28.2752,24.84996,27.34387
14658,2014-06-03 04:30:00,0.0,26.16355,26.87052,25.44716,28.2752,24.84996
14659,2014-06-03 04:45:00,0.0,26.81951,26.16355,26.87052,25.44716,28.2752
14660,2014-06-03 05:00:00,0.0,26.6803,26.81951,26.16355,26.87052,25.44716
14661,2014-06-03 05:15:00,0.0,24.94984,26.6803,26.81951,26.16355,26.87052
14662,2014-06-03 05:30:00,0.0,26.45107,24.94984,26.6803,26.81951,26.16355
14663,2014-06-03 05:45:00,0.0,26.72637,26.45107,24.94984,26.6803,26.81951
14664,2014-06-03 06:00:00,0.0,26.26488,26.72637,26.45107,24.94984,26.6803
14665,2014-06-03 06:15:00,0.0,27.71469,26.26488,26.72637,26.45107,24.94984
14666,2014-06-03 06:30:00,0.0,31.76363,27.71469,26.26488,26.72637,26.45107
14667,2014-06-03 06:45:00,0.0,31.70432,31.76363,27.71469,26.26488,26.72637
14668,2014-06-03 07:00:00,0.0,31.52267,31.70432,31.76363,27.71469,26.26488
14669,2014-06-03 07:15:00,0.0,31.42505,31.52267,31.70432,31.76363,27.71469
14670,2014-06-03 07:30:00,0.0,30.28281,31.42505,31.52267,31.70432,31.76363
14671,2014-06-03 07:45:00,0.0,31.75511,30.28281,31.42505,31.52267,31.70432
14672,2014-06-03 08:00:00,0.0,31.89939,31.75511,30.28281,31.42505,31.52267
14673,2014-06-03 08:15:00,0.0,33.0791,31.89939,31.75511,30.28281,31.42505
14674,2014-06-03 08:30:00,0.0,33.23188,33.0791,31.89939,31.75511,30.28281
14675,2014-06-03 08:45:00,0.0,32.83149,33.23188,33.0791,31.89939,31.75511
14676,2014-06-03 09:00:00,0.0,33.44553,32.83149,33.23188,33.0791,31.89939
14677,2014-06-03 09:15:00,0.0,34.59894,33.44553,32.83149,33.23188,33.0791
14678,2014-06-03 09:30:00,0.0,33.36015,34.59894,33.44553,32.83149,33.23188
14679,2014-06-03 09:45:00,0.0,35.91347,33.36015,34.59894,33.44553,32.83149
14680,2014-06-03 10:00:00,0.0,35.99531,35.91347,33.36015,34.59894,33.44553
14681,2014-06-03 10:15:00,0.0,37.66745,35.99531,35.91347,33.36015,34.59894
14682,2014-06-03 10:30:00,0.0,35.47948,37.66745,35.99531,35.91347,33.36015
14683,2014-06-03 10:45:00,0.0,38.2871,35.47948,37.66745,35.99531,35.91347
14684,2014-06-03 11:00:00,0.0,40.56283,38.2871,35.47948,37.66745,35.99531
14685,2014-06-03 11:15:00,0.0,35.65027,40.56283,38.2871,35.47948,37.66745
14686,2014-06-03 11:30:00,0.0,36.7304,35.65027,40.56283,38.2871,35.47948
14687,2014-06-03 11:45:00,0.0,38.96626,36.7304,35.65027,40.56283,38.2871
14688,2014-06-03 12:00:00,0.0,37.95214,38.96626,36.7304,35.65027,40.56283
14689,2014-06-03 12:15:00,0.0,37.34683,37.95214,38.96626,36.7304,35.65027
14690,2014-06-03 12:30:00,0.0,39.09897,37.34683,37.95214,38.96626,36.7304
14691,2014-06-03 12:45:00,0.0,36.73396,39.09897,37.34683,37.95214,38.96626
14692,2014-06-03 13:00:00,0.0,36.11198,36.73396,39.09897,37.34683,37.95214
14693,2014-06-03 13:15:00,0.0,36.09916,36.11198,36.73396,39.09897,37.34683
14694,2014-06-03 13:30:00,0.0,37.68244,36.09916,36.11198,36.73396,39.09897
14695,2014-06-03 13:45:00,0.0,37.88169,37.68244,36.09916,36.11198,36.73396
14696,2014-06-03 14:00:00,0.0,37.44633,37.88169,37.68244,36.09916,36.11198
14697,2014-06-03 14:15:00,0.0,37.48403,37.44633,37.88169,37.68244,36.09916
14698,2014-06-03 14:30:00,0.0,37.59901,37.48403,37.44633,37.88169,37.68244
14699,2014-06-03 14:45:00,0.0,41.3784,37.59901,37.48403,37.44633,37.88169
14700,2014-06-03 15:00:00,0.0,39.46904,41.3784,37.59901,37.48403,37.44633
14701,2014-06-03 15:15:00,0.0,37.42924,39.46904,41.3784,37.59901,37.48403
14702,2014-06-03 15:30:00,0.0,36.82243,37.42924,39.46904,41.3784,37.59901
14703,2014-06-03 15:45:00,0.0,41.94716,36.82243,37.42924,39.46904,41.3784
14704,2014-06-03 16:00:00,0.0,37.90558,41.94716,36.82243,37.42924,39.46904
14705,2014-06-03 16:15:00,0.0,37.0655,37.90558,41.94716,36.82243,37.42924
14706,2014-06-03 16:30:00,0.0,35.63083,37.0655,37.90558,41.94716,36.82243
14707,2014-06-03 16:45:00,0.0,41.80109,35.63083,37.0655,37.90558,41.94716
14708,2014-06-03 17:00:00,0.0,40.36157,41.80109,35.63083,37.0655,37.90558
14709,2014-06-03 17:15:00,0.0,36.84916,40.36157,41.80109,35.63083,37.0655
14710,2014-06-03 17:30:00,0.0,37.64379,36.84916,40.36157,41.80109,35.63083
14711,2014-06-03 17:45:00,0.0,38.99673,37.64379,36.84916,40.36157,41.80109
14712,2014-06-03 18:00:00,0.0,33.32019,38.99673,37.64379,36.84916,40.36157
14713,2014-06-03 18:15:00,0.0,33.68361,33.32019,38.99673,37.64379,36.84916
14714,2014-06-03 18:30:00,0.0,31.41431,33.68361,33.32019,38.99673,37.64379
14715,2014-06-03 18:45:00,0.0,33.43837,31.41431,33.68361,33.32019,38.99673
14716,2014-06-03 19:00:00,0.0,29.56185,33.43837,31.41431,33.68361,33.32019
14717,2014-06-03 19:15:00,0.0,27.38715,29.56185,33.43837,31.41431,33.68361
14718,2014-06-03 19:30:00,0.0,27.20729,27.38715,29.56185,33.43837,31.41431
14719,2014-06-03 19:45:00,0.0,28.42381,27.20729,27.38715,29.56185,33.43837
14720,2014-06-03 20:00:00,0.0,27.71612,28.42381,27.20729,27.38715,29.56185
14721,2014-06-03 20:15:00,0.0,27.66421,27.71612,28.42381,27.20729,27.38715
14722,2014-06-03 20:30:00,0.0,26.98566,27.66421,27.71612,28.42381,27.20729
14723,2014-06-03 20:45:00,0.0,28.16617,26.98566,27.66421,27.71612,28.42381
14724,2014-06-03 21:00:00,0.0,29.25423,28.16617,26.98566,27.66421,27.71612
14725,2014-06-03 21:15:00,0.0,27.13287,29.25423,28.16617,26.98566,27.66421
14726,2014-06-03 21:30:00,0.0,27.37643,27.13287,29.25423,28.16617,26.98566
14727,2014-06-03 21:45:00,0.0,29.23459,27.37643,27.13287,29.25423,28.16617
14728,2014-06-03 22:00:00,0.0,26.40035,29.23459,27.37643,27.13287,29.25423
14729,2014-06-03 22:15:00,0.0,27.51804,26.40035,29.23459,27.37643,27.13287
14730,2014-06-03 22:30:00,0.0,26.17622,27.51804,26.40035,29.23459,27.37643
14731,2014-06-03 22:45:00,0.0,27.97336,26.17622,27.51804,26.40035,29.23459
14732,2014-06-03 23:00:00,0.0,28.62308,27.97336,26.17622,27.51804,26.40035
14733,2014-06-03 23:15:00,0.0,25.9247,28.62308,27.97336,26.17622,27.51804
14734,2014-06-03 23:30:00,0.0,26.49406,25.9247,28.62308,27.97336,26.17622
14735,2014-06-03 23:45:00,0.0,26.63688,26.49406,25.9247,28.62308,27.97336
14736,2014-06-04 00:00:00,0.0,24.10721,26.63688,26.49406,25.9247,28.62308
14737,2014-06-04 00:15:00,0.0,26.79156,24.10721,26.63688,26.49406,25.9247
14738,2014-06-04 00:30:00,0.0,24.58923,26.79156,24.10721,26.63688,26.49406
14739,2014-06-04 00:45:00,0.0,27.78383,24.58923,26.79156,24.10721,26.63688
14740,2014-06-04 01:00:00,0.0,25.80014,27.78383,24.58923,26.79156,24.10721
14741,2014-06-04 01:15:00,0.0,26.24742,25.80014,27.78383,24.58923,26.79156
14742,2014-06-04 01:30:00,0.0,24.9201,26.24742,25.80014,27.78383,24.58923
14743,2014-06-04 01:45:00,0.0,27.25849,24.9201,26.24742,25.80014,27.78383
14744,2014-06-04 02:00:00,0.0,25.48305,27.25849,24.9201,26.24742,25.80014
14745,2014-06-04 02:15:00,0.0,25.9514,25.48305,27.25849,24.9201,26.24742
14746,2014-06-04 02:30:00,0.0,28.21778,25.9514,25.48305,27.25849,24.9201
14747,2014-06-04 02:45:00,0.0,28.00424,28.21778,25.9514,25.48305,27.25849
14748,2014-06-04 03:00:00,0.0,27.60459,28.00424,28.21778,25.9514,25.48305
14749,2014-06-04 03:15:00,0.0,25.64695,27.60459,28.00424,28.21778,25.9514
14750,2014-06-04 03:30:00,0.0,27.83716,25.64695,27.60459,28.00424,28.21778
14751,2014-06-04 03:45:00,0.0,26.18702,27.83716,25.64695,27.60459,28.00424
14752,2014-06-04 04:00:00,0.0,27.98775,26.18702,27.83716,25.64695,27.60459
14753,2014-06-04 04:15:00,0.0,25.7562,27.98775,26.18702,27.83716,25.64695
14754,2014-06-04 04:30:00,0.0,28.52589,25.7562,27.98775,26.18702,27.83716
14755,2014-06-04 04:45:00,0.0,25.47574,28.52589,25.7562,27.98775,26.18702
14756,2014-06-04 05:00:00,0.0,26.12751,25.47574,28.52589,25.7562,27.98775
14757,2014-06-04 05:15:00,0.0,25.12504,26.12751,25.47574,28.52589,25.7562
14758,2014-06-04 05:30:00,0.0,25.70165,25.12504,26.12751,25.47574,28.52589
14759,2014-06-04 05:45:00,0.0,27.33454,25.70165,25.12504,26.12751,25.47574
14760,2014-06-04 06:00:00,0.0,26.11139,27.33454,25.70165,25.12504,26.12751
14761,2014-06-04 06:15:00,0.0,30.09437,26.11139,27.33454,25.70165,25.12504
14762,2014-06-04 06:30:00,0.0,28.12724,30.09437,26.11139,27.33454,25.70165
14763,2014-06-04 06:45:00,0.0,28.89122,28.12724,30.09437,26.11139,27.33454
14764,2014-06-04 07:00:00,0.0,29.66873,28.89122,28.12724,30.09437,26.11139
14765,2014-06-04 07:15:00,0.0,31.34499,29.66873,28.89122,28.12724,30.09437
14766,2014-06-04 07:30:00,0.0,31.38683,31.34499,29.66873,28.89122,28.12724
14767,2014-06-04 07:45:00,0.0,31.7786,31.38683,31.34499,29.66873,28.89122
14768,2014-06-04 08:00:00,0.0,31.84224,31.7786,31.38683,31.34499,29.66873
14769,2014-06-04 08:15:00,0.0,31.73738,31.84224,31.7786,31.38683,31.34499
14770,2014-06-04 08:30:00,0.0,30.88321,31.73738,31.84224,31.7786,31.38683
14771,2014-06-04 08:45:00,0.0,33.87929,30.88321,31.73738,31.84224,31.7786
14772,2014-06-04 09:00:00,0.0,30.56313,33.87929,30.88321,31.73738,31.84224
14773,2014-06-04 09:15:00,0.0,33.48489,30.56313,33.87929,30.88321,31.73738
14774,2014-06-04 09:30:00,0.0,34.77574,33.48489,30.56313,33.87929,30.88321
14775,2014-06-04 09:45:00,0.0,34.45967,34.77574,33.48489,30.56313,33.87929
14776,2014-06-04 10:00:00,0.0,34.5466,34.45967,34.77574,33.48489,30.56313
14777,2014-06-04 10:15:00,0.0,33.74669,34.5466,34.45967,34.77574,33.48489
14778,2014-06-04 10:30:00,0.0,36.24795,33.74669,34.5466,34.45967,34.77574
14779,2014-06-04 10:45:00,0.0,39.66971,36.24795,33.74669,34.5466,34.45967
14780,2014-06-04 11:00:00,0.0,35.41298,39.66971,36.24795,33.74669,34.5466
14781,2014-06-04 11:15:00,0.0,35.60518,35.41298,39.66971,36.24795,33.74669
14782,2014-06-04 11:30:00,0.0,38.85925,35.60518,35.41298,39.66971,36.24795
14783,2014-06-04 11:45:00,0.0,37.52309,38.85925,35.60518,35.41298,39.66971
14784,2014-06-04 12:00:00,0.0,39.88452,37.52309,38.85925,35.60518,35.41298
14785,2014-06-04 12:15:00,0.0,39.59666,39.88452,37.52309,38.85925,35.60518
14786,2014-06-04 12:30:00,0.0,39.84306,39.59666,39.88452,37.52309,38.85925
14787,2014-06-04 12:45:00,0.0,40.42528,39.84306,39.59666,39.88452,37.52309
14788,2014-06-04 13:00:00,0.0,39.94974,40.42528,39.84306,39.59666,39.88452
14789,2014-06-04 13:15:00,0.0,41.54011,39.94974,40.42528,39.84306,39.59666
14790,2014-06-04 13:30:00,0.0,41.34833,41.54011,39.94974,40.42528,39.84306
14791,2014-06-04 13:45:00,0.0,43.03711,41.34833,41.54011,39.94974,40.42528
14792,2014-06-04 14:00:00,0.0,42.4328,43.03711,41.34833,41.54011,39.94974
14793,2014-06-04 14:15:00,0.0,43.60909,42.4328,43.03711,41.34833,41.54011
14794,2014-06-04 14:30:00,0.0,41.45353,43.60909,42.4328,43.03711,41.34833
14795,2014-06-04 14:45:00,0.0,42.77578,41.45353,43.60909,42.4328,43.03711
14796,2014-06-04 15:00:00,0.0,42.0336,42.77578,41.45353,43.60909,42.4328
14797,2014-06-04 15:15:00,0.0,47.36828,42.0336,42.77578,41.45353,43.60909
14798,2014-06-04 15:30:00,0.0,44.60614,47.36828,42.0336,42.77578,41.45353
14799,2014-06-04 15:45:00,0.0,45.64776,44.60614,47.36828,42.0336,42.77578
14800,2014-06-04 16:00:00,0.0,43.79505,45.64776,44.60614,47.36828,42.0336
14801,2014-06-04 16:15:00,0.0,43.26948,43.79505,45.64776,44.60614,47.36828
14802,2014-06-04 16:30:00,0.0,43.25965,43.26948,43.79505,45.64776,44.60614
14803,2014-06-04 16:45:00,0.0,45.66482,43.25965,43.26948,43.79505,45.64776
14804,2014-06-04 17:00:00,0.0,44.50652,45.66482,43.25965,43.26948,43.79505
14805,2014-06-04 17:15:00,0.0,46.45474,44.50652,45.66482,43.25965,43.26948
14806,2014-06-04 17:30:00,0.0,43.65266,46.45474,44.50652,45.66482,43.25965
14807,2014-06-04 17:45:00,0.0,44.47521,43.65266,46.45474,44.50652,45.66482
14808,2014-06-04 18:00:00,0.0,39.60344,44.47521,43.65266,46.45474,44.50652
14809,2014-06-04 18:15:00,0.0,37.65981,39.60344,44.47521,43.65266,46.45474
14810,2014-06-04 18:30:00,0.0,36.8044,37.65981,39.60344,44.47521,43.65266
14811,2014-06-04 18:45:00,0.0,35.15643,36.8044,37.65981,39.60344,44.47521
14812,2014-06-04 19:00:00,0.0,35.20939,35.15643,36.8044,37.65981,39.60344
14813,2014-06-04 19:15:00,0.0,33.67778,35.20939,35.15643,36.8044,37.65981
14814,2014-06-04 19:30:00,0.0,33.81855,33.67778,35.20939,35.15643,36.8044
14815,2014-06-04 19:45:00,0.0,30.65695,33.81855,33.67778,35.20939,35.15643
14816,2014-06-04 20:00:00,0.0,28.41741,30.65695,33.81855,33.67778,35.20939
14817,2014-06-04 20:15:00,0.0,28.09028,28.41741,30.65695,33.81855,33.67778
14818,2014-06-04 20:30:00,0.0,29.04309,28.09028,28.41741,30.65695,33.81855
14819,2014-06-04 20:45:00,0.0,29.29618,29.04309,28.09028,28.41741,30.65695
14820,2014-06-04 21:00:00,0.0,29.47464,29.29618,29.04309,28.09028,28.41741
14821,2014-06-04 21:15:00,0.0,29.02866,29.47464,29.29618,29.04309,28.09028
14822,2014-06-04 21:30:00,0.0,29.15633,29.02866,29.47464,29.29618,29.04309
14823,2014-06-04 21:45:00,0.0,28.21676,29.15633,29.02866,29.47464,29.29618
14824,2014-06-04 22:00:00,0.0,28.9777,28.21676,29.15633,29.02866,29.47464
14825,2014-06-04 22:15:00,0.0,28.67252,28.9777,28.21676,29.15633,29.02866
14826,2014-06-04 22:30:00,0.0,28.41262,28.67252,28.9777,28.21676,29.15633
14827,2014-06-04 22:45:00,0.0,26.77733,28.41262,28.67252,28.9777,28.21676
14828,2014-06-04 23:00:00,0.0,28.64728,26.77733,28.41262,28.67252,28.9777
14829,2014-06-04 23:15:00,0.0,26.66544,28.64728,26.77733,28.41262,28.67252
14830,2014-06-04 23:30:00,0.0,27.28145,26.66544,28.64728,26.77733,28.41262
14831,2014-06-04 23:45:00,0.0,26.4262,27.28145,26.66544,28.64728,26.77733
14832,2014-06-05 00:00:00,0.0,26.39419,26.4262,27.28145,26.66544,28.64728
14833,2014-06-05 00:15:00,0.0,23.28539,26.39419,26.4262,27.28145,26.66544
14834,2014-06-05 00:30:00,0.0,23.13036,23.28539,26.39419,26.4262,27.28145
14835,2014-06-05 00:45:00,0.0,24.83676,23.13036,23.28539,26.39419,26.4262
14836,2014-06-05 01:00:00,0.0,25.86869,24.83676,23.13036,23.28539,26.39419
14837,2014-06-05 01:15:00,0.0,25.80186,25.86869,24.83676,23.13036,23.28539
14838,2014-06-05 01:30:00,0.0,25.91141,25.80186,25.86869,24.83676,23.13036
14839,2014-06-05 01:45:00,0.0,24.27236,25.91141,25.80186,25.86869,24.83676
14840,2014-06-05 02:00:00,0.0,27.19521,24.27236,25.91141,25.80186,25.86869
14841,2014-06-05 02:15:00,0.0,25.63425,27.19521,24.27236,25.91141,25.80186
14842,2014-06-05 02:30:00,0.0,26.67693,25.63425,27.19521,24.27236,25.91141
14843,2014-06-05 02:45:00,0.0,24.86415,26.67693,25.63425,27.19521,24.27236
14844,2014-06-05 03:00:00,0.0,25.57449,24.86415,26.67693,25.63425,27.19521
14845,2014-06-05 03:15:00,0.0,24.90985,25.57449,24.86415,26.67693,25.63425
14846,2014-06-05 03:30:00,0.0,25.58905,24.90985,25.57449,24.86415,26.67693
14847,2014-06-05 03:45:00,0.0,26.79104,25.58905,24.90985,25.57449,24.86415
14848,2014-06-05 04:00:00,0.0,28.07426,26.79104,25.58905,24.90985,25.57449
14849,2014-06-05 04:15:00,0.0,25.17359,28.07426,26.79104,25.58905,24.90985
14850,2014-06-05 04:30:00,0.0,26.77086,25.17359,28.07426,26.79104,25.58905
14851,2014-06-05 04:45:00,0.0,26.38689,26.77086,25.17359,28.07426,26.79104
14852,2014-06-05 05:00:00,0.0,26.69639,26.38689,26.77086,25.17359,28.07426
14853,2014-06-05 05:15:00,0.0,26.24811,26.69639,26.38689,26.77086,25.17359
14854,2014-06-05 05:30:00,0.0,26.79011,26.24811,26.69639,26.38689,26.77086
14855,2014-06-05 05:45:00,0.0,27.0022,26.79011,26.24811,26.69639,26.38689
14856,2014-06-05 06:00:00,0.0,26.06909,27.0022,26.79011,26.24811,26.69639
14857,2014-06-05 06:15:00,0.0,28.56033,26.06909,27.0022,26.79011,26.24811
14858,2014-06-05 06:30:00,0.0,28.80657,28.56033,26.06909,27.0022,26.79011
14859,2014-06-05 06:45:00,0.0,30.89224,28.80657,28.56033,26.06909,27.0022
14860,2014-06-05 07:00:00,0.0,29.61069,30.89224,28.80657,28.56033,26.06909
14861,2014-06-05 07:15:00,0.0,32.31711,29.61069,30.89224,28.80657,28.56033
14862,2014-06-05 07:30:00,0.0,28.1592,32.31711,29.61069,30.89224,28.80657
14863,2014-06-05 07:45:00,0.0,31.11876,28.1592,32.31711,29.61069,30.89224
14864,2014-06-05 08:00:00,0.0,28.80682,31.11876,28.1592,32.31711,29.61069
14865,2014-06-05 08:15:00,0.0,31.67956,28.80682,31.11876,28.1592,32.31711
14866,2014-06-05 08:30:00,0.0,33.11427,31.67956,28.80682,31.11876,28.1592
14867,2014-06-05 08:45:00,0.0,34.17209,33.11427,31.67956,28.80682,31.11876
14868,2014-06-05 09:00:00,0.0,32.51727,34.17209,33.11427,31.67956,28.80682
14869,2014-06-05 09:15:00,0.0,31.93054,32.51727,34.17209,33.11427,31.67956
14870,2014-06-05 09:30:00,0.0,32.75248,31.93054,32.51727,34.17209,33.11427
14871,2014-06-05 09:45:00,0.0,32.06979,32.75248,31.93054,32.51727,34.17209
14872,2014-06-05 10:00:00,0.0,32.3216,32.06979,32.75248,31.93054,32.51727
14873,2014-06-05 10:15:00,0.0,35.60679,32.3216,32.06979,32.75248,31.93054
14874,2014-06-05 10:30:00,0.0,35.68367,35.60679,32.3216,32.06979,32.75248
14875,2014-06-05 10:45:00,0.0,35.5935,35.68367,35.60679,32.3216,32.06979
14876,2014-06-05 11:00:00,0.0,37.48627,35.5935,35.68367,35.60679,32.3216
14877,2014-06-05 11:15:00,0.0,38.71522,37.48627,35.5935,35.68367,35.60679
14878,2014-06-05 11:30:00,0.0,37.25749,38.71522,37.48627,35.5935,35.68367
14879,2014-06-05 11:45:00,0.0,40.30669,37.25749,38.71522,37.48627,35.5935
14880,2014-06-05 12:00:00,0.0,38.4764,40.30669,37.25749,38.71522,37.48627
14881,2014-06-05 12:15:00,0.0,39.44921,38.4764,40.30669,37.25749,38.71522
14882,2014-06-05 12:30:00,0.0,38.35443,39.44921,38.4764,40.30669,37.25749
14883,2014-06-05 12:45:00,0.0,40.82943,38.35443,39.44921,38.4764,40.30669
14884,2014-06-05 13:00:00,0.0,39.35626,40.82943,38.35443,39.44921,38.4764
14885,2014-06-05 13:15:00,0.0,39.35901,39.35626,40.82943,38.35443,39.44921
14886,2014-06-05 13:30:00,0.0,36.85927,39.35901,39.35626,40.82943,38.35443
14887,2014-06-05 13:45:00,0.0,40.03252,36.85927,39.35901,39.35626,40.82943
14888,2014-06-05 14:00:00,0.0,35.937,40.03252,36.85927,39.35901,39.35626
14889,2014-06-05 14:15:00,0.0,37.70217,35.937,40.03252,36.85927,39.35901
14890,2014-06-05 14:30:00,0.0,37.3601,37.70217,35.937,40.03252,36.85927
14891,2014-06-05 14:45:00,0.0,39.93851,37.3601,37.70217,35.937,40.03252
14892,2014-06-05 15:00:00,0.0,39.05586,39.93851,37.3601,37.70217,35.937
14893,2014-06-05 15:15:00,0.0,36.56818,39.05586,39.93851,37.3601,37.70217
14894,2014-06-05 15:30:00,0.0,36.26364,36.56818,39.05586,39.93851,37.3601
14895,2014-06-05 15:45:00,0.0,37.07778,36.26364,36.56818,39.05586,39.93851
14896,2014-06-05 16:00:00,0.0,38.12284,37.07778,36.26364,36.56818,39.05586
14897,2014-06-05 16:15:00,0.0,40.7247,38.12284,37.07778,36.26364,36.56818
14898,2014-06-05 16:30:00,0.0,37.41083,40.7247,38.12284,37.07778,36.26364
14899,2014-06-05 16:45:00,0.0,38.66978,37.41083,40.7247,38.12284,37.07778
14900,2014-06-05 17:00:00,0.0,38.15867,38.66978,37.41083,40.7247,38.12284
14901,2014-06-05 17:15:00,0.0,39.68456,38.15867,38.66978,37.41083,40.7247
14902,2014-06-05 17:30:00,0.0,40.19418,39.68456,38.15867,38.66978,37.41083
14903,2014-06-05 17:45:00,0.0,39.72389,40.19418,39.68456,38.15867,38.66978
14904,2014-06-05 18:00:00,0.0,35.8998,39.72389,40.19418,39.68456,38.15867
14905,2014-06-05 18:15:00,0.0,37.33695,35.8998,39.72389,40.19418,39.68456
14906,2014-06-05 18:30:00,0.0,32.90339,37.33695,35.8998,39.72389,40.19418
14907,2014-06-05 18:45:00,0.0,32.61853,32.90339,37.33695,35.8998,39.72389
14908,2014-06-05 19:00:00,0.0,30.85039,32.61853,32.90339,37.33695,35.8998
14909,2014-06-05 19:15:00,0.0,29.8823,30.85039,32.61853,32.90339,37.33695
14910,2014-06-05 19:30:00,0.0,29.95616,29.8823,30.85039,32.61853,32.90339
14911,2014-06-05 19:45:00,0.0,30.46099,29.95616,29.8823,30.85039,32.61853
14912,2014-06-05 20:00:00,0.0,30.42574,30.46099,29.95616,29.8823,30.85039
14913,2014-06-05 20:15:00,0.0,30.46411,30.42574,30.46099,29.95616,29.8823
14914,2014-06-05 20:30:00,0.0,29.15707,30.46411,30.42574,30.46099,29.95616
14915,2014-06-05 20:45:00,0.0,29.73217,29.15707,30.46411,30.42574,30.46099
14916,2014-06-05 21:00:00,0.0,29.67159,29.73217,29.15707,30.46411,30.42574
14917,2014-06-05 21:15:00,0.0,27.62566,29.67159,29.73217,29.15707,30.46411
14918,2014-06-05 21:30:00,0.0,29.61871,27.62566,29.67159,29.73217,29.15707
14919,2014-06-05 21:45:00,0.0,30.39879,29.61871,27.62566,29.67159,29.73217
14920,2014-06-05 22:00:00,0.0,30.23329,30.39879,29.61871,27.62566,29.67159
14921,2014-06-05 22:15:00,0.0,28.93172,30.23329,30.39879,29.61871,27.62566
14922,2014-06-05 22:30:00,0.0,29.21554,28.93172,30.23329,30.39879,29.61871
14923,2014-06-05 22:45:00,0.0,28.48243,29.21554,28.93172,30.23329,30.39879
14924,2014-06-05 23:00:00,0.0,29.82078,28.48243,29.21554,28.93172,30.23329
14925,2014-06-05 23:15:00,0.0,24.86444,29.82078,28.48243,29.21554,28.93172
14926,2014-06-05 23:30:00,0.0,27.62488,24.86444,29.82078,28.48243,29.21554
14927,2014-06-05 23:45:00,0.0,27.07738,27.62488,24.86444,29.82078,28.48243
14928,2014-06-06 00:00:00,0.0,27.25146,27.07738,27.62488,24.86444,29.82078
14929,2014-06-06 00:15:00,0.0,25.97415,27.25146,27.07738,27.62488,24.86444
14930,2014-06-06 00:30:00,0.0,25.4065,25.97415,27.25146,27.07738,27.62488
14931,2014-06-06 00:45:00,0.0,25.76192,25.4065,25.97415,27.25146,27.07738
14932,2014-06-06 01:00:00,0.0,27.10404,25.76192,25.4065,25.97415,27.25146
14933,2014-06-06 01:15:00,0.0,25.428,27.10404,25.76192,25.4065,25.97415
14934,2014-06-06 01:30:00,0.0,24.30678,25.428,27.10404,25.76192,25.4065
14935,2014-06-06 01:45:00,0.0,25.64115,24.30678,25.428,27.10404,25.76192
14936,2014-06-06 02:00:00,0.0,25.57341,25.64115,24.30678,25.428,27.10404
14937,2014-06-06 02:15:00,0.0,25.63806,25.57341,25.64115,24.30678,25.428
14938,2014-06-06 02:30:00,0.0,25.87053,25.63806,25.57341,25.64115,24.30678
14939,2014-06-06 02:45:00,0.0,29.20536,25.87053,25.63806,25.57341,25.64115
14940,2014-06-06 03:00:00,0.0,26.96884,29.20536,25.87053,25.63806,25.57341
14941,2014-06-06 03:15:00,0.0,27.82476,26.96884,29.20536,25.87053,25.63806
14942,2014-06-06 03:30:00,0.0,23.95333,27.82476,26.96884,29.20536,25.87053
14943,2014-06-06 03:45:00,0.0,26.17236,23.95333,27.82476,26.96884,29.20536
14944,2014-06-06 04:00:00,0.0,25.90579,26.17236,23.95333,27.82476,26.96884
14945,2014-06-06 04:15:00,0.0,27.12317,25.90579,26.17236,23.95333,27.82476
14946,2014-06-06 04:30:00,0.0,27.97547,27.12317,25.90579,26.17236,23.95333
14947,2014-06-06 04:45:00,0.0,28.50072,27.97547,27.12317,25.90579,26.17236
14948,2014-06-06 05:00:00,0.0,27.61185,28.50072,27.97547,27.12317,25.90579
14949,2014-06-06 05:15:00,0.0,25.60622,27.61185,28.50072,27.97547,27.12317
14950,2014-06-06 05:30:00,0.0,28.27371,25.60622,27.61185,28.50072,27.97547
14951,2014-06-06 05:45:00,0.0,27.55324,28.27371,25.60622,27.61185,28.50072
14952,2014-06-06 06:00:00,0.0,28.55819,27.55324,28.27371,25.60622,27.61185
14953,2014-06-06 06:15:00,0.0,28.94463,28.55819,27.55324,28.27371,25.60622
14954,2014-06-06 06:30:00,0.0,28.82204,28.94463,28.55819,27.55324,28.27371
14955,2014-06-06 06:45:00,0.0,30.74149,28.82204,28.94463,28.55819,27.55324
14956,2014-06-06 07:00:00,0.0,29.05153,30.74149,28.82204,28.94463,28.55819
14957,2014-06-06 07:15:00,0.0,29.32781,29.05153,30.74149,28.82204,28.94463
14958,2014-06-06 07:30:00,0.0,30.33137,29.32781,29.05153,30.74149,28.82204
14959,2014-06-06 07:45:00,0.0,31.98041,30.33137,29.32781,29.05153,30.74149
14960,2014-06-06 08:00:00,0.0,32.6114,31.98041,30.33137,29.32781,29.05153
14961,2014-06-06 08:15:00,0.0,29.64811,32.6114,31.98041,30.33137,29.32781
14962,2014-06-06 08:30:00,0.0,30.55891,29.64811,32.6114,31.98041,30.33137
14963,2014-06-06 08:45:00,0.0,32.65304,30.55891,29.64811,32.6114,31.98041
14964,2014-06-06 09:00:00,0.0,34.38007,32.65304,30.55891,29.64811,32.6114
14965,2014-06-06 09:15:00,0.0,33.48721,34.38007,32.65304,30.55891,29.64811
14966,2014-06-06 09:30:00,0.0,34.09572,33.48721,34.38007,32.65304,30.55891
14967,2014-06-06 09:45:00,0.0,36.31396,34.09572,33.48721,34.38007,32.65304
14968,2014-06-06 10:00:00,0.0,35.54278,36.31396,34.09572,33.48721,34.38007
14969,2014-06-06 10:15:00,0.0,34.66815,35.54278,36.31396,34.09572,33.48721
14970,2014-06-06 10:30:00,0.0,35.5699,34.66815,35.54278,36.31396,34.09572
14971,2014-06-06 10:45:00,0.0,33.80812,35.5699,34.66815,35.54278,36.31396
14972,2014-06-06 11:00:00,0.0,36.69063,33.80812,35.5699,34.66815,35.54278
14973,2014-06-06 11:15:00,0.0,38.13231,36.69063,33.80812,35.5699,34.66815
14974,2014-06-06 11:30:00,0.0,35.57392,38.13231,36.69063,33.80812,35.5699
14975,2014-06-06 11:45:00,0.0,37.19609,35.57392,38.13231,36.69063,33.80812
14976,2014-06-06 12:00:00,0.0,36.32558,37.19609,35.57392,38.13231,36.69063
14977,2014-06-06 12:15:00,0.0,33.27137,36.32558,37.19609,35.57392,38.13231
14978,2014-06-06 12:30:00,0.0,36.7843,33.27137,36.32558,37.19609,35.57392
14979,2014-06-06 12:45:00,0.0,38.34371,36.7843,33.27137,36.32558,37.19609
14980,2014-06-06 13:00:00,0.0,34.53628,38.34371,36.7843,33.27137,36.32558
14981,2014-06-06 13:15:00,0.0,35.71155,34.53628,38.34371,36.7843,33.27137
14982,2014-06-06 13:30:00,0.0,38.34267,35.71155,34.53628,38.34371,36.7843
14983,2014-06-06 13:45:00,0.0,39.48968,38.34267,35.71155,34.53628,38.34371
14984,2014-06-06 14:00:00,0.0,36.83214,39.48968,38.34267,35.71155,34.53628
14985,2014-06-06 14:15:00,0.0,38.11664,36.83214,39.48968,38.34267,35.71155
14986,2014-06-06 14:30:00,0.0,34.28585,38.11664,36.83214,39.48968,38.34267
14987,2014-06-06 14:45:00,0.0,38.7315,34.28585,38.11664,36.83214,39.48968
14988,2014-06-06 15:00:00,0.0,37.16799,38.7315,34.28585,38.11664,36.83214
14989,2014-06-06 15:15:00,0.0,37.03151,37.16799,38.7315,34.28585,38.11664
14990,2014-06-06 15:30:00,0.0,37.901,37.03151,37.16799,38.7315,34.28585
14991,2014-06-06 15:45:00,0.0,38.51617,37.901,37.03151,37.16799,38.7315
14992,2014-06-06 16:00:00,0.0,36.06111,38.51617,37.901,37.03151,37.16799
14993,2014-06-06 16:15:00,0.0,33.63469,36.06111,38.51617,37.901,37.03151
14994,2014-06-06 16:30:00,0.0,38.21469,33.63469,36.06111,38.51617,37.901
14995,2014-06-06 16:45:00,0.0,36.51758,38.21469,33.63469,36.06111,38.51617
14996,2014-06-06 17:00:00,0.0,35.89919,36.51758,38.21469,33.63469,36.06111
14997,2014-06-06 17:15:00,0.0,36.47507,35.89919,36.51758,38.21469,33.63469
14998,2014-06-06 17:30:00,0.0,34.87177,36.47507,35.89919,36.51758,38.21469
14999,2014-06-06 17:45:00,0.0,33.57715,34.87177,36.47507,35.89919,36.51758
15000,2014-06-06 18:00:00,0.0,32.04519,33.57715,34.87177,36.47507,35.89919
15001,2014-06-06 18:15:00,0.0,31.04725,32.04519,33.57715,34.87177,36.47507
15002,2014-06-06 18:30:00,0.0,27.86764,31.04725,32.04519,33.57715,34.87177
15003,2014-06-06 18:45:00,0.0,29.37027,27.86764,31.04725,32.04519,33.57715
15004,2014-06-06 19:00:00,0.0,31.10039,29.37027,27.86764,31.04725,32.04519
15005,2014-06-06 19:15:00,0.0,28.67081,31.10039,29.37027,27.86764,31.04725
15006,2014-06-06 19:30:00,0.0,27.09934,28.67081,31.10039,29.37027,27.86764
15007,2014-06-06 19:45:00,0.0,30.15212,27.09934,28.67081,31.10039,29.37027
15008,2014-06-06 20:00:00,0.0,27.59363,30.15212,27.09934,28.67081,31.10039
15009,2014-06-06 20:15:00,0.0,29.308,27.59363,30.15212,27.09934,28.67081
15010,2014-06-06 20:30:00,0.0,29.11277,29.308,27.59363,30.15212,27.09934
15011,2014-06-06 20:45:00,0.0,30.55234,29.11277,29.308,27.59363,30.15212
15012,2014-06-06 21:00:00,0.0,29.47714,30.55234,29.11277,29.308,27.59363
15013,2014-06-06 21:15:00,0.0,28.72787,29.47714,30.55234,29.11277,29.308
15014,2014-06-06 21:30:00,0.0,27.54944,28.72787,29.47714,30.55234,29.11277
15015,2014-06-06 21:45:00,0.0,28.68048,27.54944,28.72787,29.47714,30.55234
15016,2014-06-06 22:00:00,0.0,29.4352,28.68048,27.54944,28.72787,29.47714
15017,2014-06-06 22:15:00,0.0,29.50677,29.4352,28.68048,27.54944,28.72787
15018,2014-06-06 22:30:00,0.0,29.7019,29.50677,29.4352,28.68048,27.54944
15019,2014-06-06 22:45:00,0.0,29.45389,29.7019,29.50677,29.4352,28.68048
15020,2014-06-06 23:00:00,0.0,26.65729,29.45389,29.7019,29.50677,29.4352
15021,2014-06-06 23:15:00,0.0,26.5621,26.65729,29.45389,29.7019,29.50677
15022,2014-06-06 23:30:00,0.0,26.10604,26.5621,26.65729,29.45389,29.7019
15023,2014-06-06 23:45:00,0.0,26.41579,26.10604,26.5621,26.65729,29.45389
15024,2014-06-07 00:00:00,0.0,27.53868,26.41579,26.10604,26.5621,26.65729
15025,2014-06-07 00:15:00,0.0,26.22337,27.53868,26.41579,26.10604,26.5621
15026,2014-06-07 00:30:00,0.0,26.82311,26.22337,27.53868,26.41579,26.10604
15027,2014-06-07 00:45:00,0.0,26.4346,26.82311,26.22337,27.53868,26.41579
15028,2014-06-07 01:00:00,0.0,27.09967,26.4346,26.82311,26.22337,27.53868
15029,2014-06-07 01:15:00,0.0,25.00121,27.09967,26.4346,26.82311,26.22337
15030,2014-06-07 01:30:00,0.0,25.98445,25.00121,27.09967,26.4346,26.82311
15031,2014-06-07 01:45:00,0.0,28.03715,25.98445,25.00121,27.09967,26.4346
15032,2014-06-07 02:00:00,0.0,27.35671,28.03715,25.98445,25.00121,27.09967
15033,2014-06-07 02:15:00,0.0,26.46718,27.35671,28.03715,25.98445,25.00121
15034,2014-06-07 02:30:00,0.0,27.14163,26.46718,27.35671,28.03715,25.98445
15035,2014-06-07 02:45:00,0.0,27.99273,27.14163,26.46718,27.35671,28.03715
15036,2014-06-07 03:00:00,0.0,26.24241,27.99273,27.14163,26.46718,27.35671
15037,2014-06-07 03:15:00,0.0,26.83795,26.24241,27.99273,27.14163,26.46718
15038,2014-06-07 03:30:00,0.0,28.7654,26.83795,26.24241,27.99273,27.14163
15039,2014-06-07 03:45:00,0.0,28.18138,28.7654,26.83795,26.24241,27.99273
15040,2014-06-07 04:00:00,0.0,26.25123,28.18138,28.7654,26.83795,26.24241
15041,2014-06-07 04:15:00,0.0,27.98265,26.25123,28.18138,28.7654,26.83795
15042,2014-06-07 04:30:00,0.0,26.38644,27.98265,26.25123,28.18138,28.7654
15043,2014-06-07 04:45:00,0.0,27.02191,26.38644,27.98265,26.25123,28.18138
15044,2014-06-07 05:00:00,0.0,27.64497,27.02191,26.38644,27.98265,26.25123
15045,2014-06-07 05:15:00,0.0,26.98939,27.64497,27.02191,26.38644,27.98265
15046,2014-06-07 05:30:00,0.0,28.16171,26.98939,27.64497,27.02191,26.38644
15047,2014-06-07 05:45:00,0.0,27.83095,28.16171,26.98939,27.64497,27.02191
15048,2014-06-07 06:00:00,0.0,27.02404,27.83095,28.16171,26.98939,27.64497
15049,2014-06-07 06:15:00,0.0,25.70674,27.02404,27.83095,28.16171,26.98939
15050,2014-06-07 06:30:00,0.0,26.24437,25.70674,27.02404,27.83095,28.16171
15051,2014-06-07 06:45:00,0.0,27.13446,26.24437,25.70674,27.02404,27.83095
15052,2014-06-07 07:00:00,0.0,29.18013,27.13446,26.24437,25.70674,27.02404
15053,2014-06-07 07:15:00,0.0,29.11582,29.18013,27.13446,26.24437,25.70674
15054,2014-06-07 07:30:00,0.0,25.99685,29.11582,29.18013,27.13446,26.24437
15055,2014-06-07 07:45:00,0.0,27.39664,25.99685,29.11582,29.18013,27.13446
15056,2014-06-07 08:00:00,0.0,27.5005,27.39664,25.99685,29.11582,29.18013
15057,2014-06-07 08:15:00,0.0,26.41846,27.5005,27.39664,25.99685,29.11582
15058,2014-06-07 08:30:00,0.0,27.02788,26.41846,27.5005,27.39664,25.99685
15059,2014-06-07 08:45:00,0.0,28.88405,27.02788,26.41846,27.5005,27.39664
15060,2014-06-07 09:00:00,0.0,28.90517,28.88405,27.02788,26.41846,27.5005
15061,2014-06-07 09:15:00,0.0,26.73694,28.90517,28.88405,27.02788,26.41846
15062,2014-06-07 09:30:00,0.0,28.09747,26.73694,28.90517,28.88405,27.02788
15063,2014-06-07 09:45:00,0.0,29.02867,28.09747,26.73694,28.90517,28.88405
15064,2014-06-07 10:00:00,0.0,26.5604,29.02867,28.09747,26.73694,28.90517
15065,2014-06-07 10:15:00,0.0,27.3804,26.5604,29.02867,28.09747,26.73694
15066,2014-06-07 10:30:00,0.0,29.13364,27.3804,26.5604,29.02867,28.09747
15067,2014-06-07 10:45:00,0.0,28.54939,29.13364,27.3804,26.5604,29.02867
15068,2014-06-07 11:00:00,0.0,31.21702,28.54939,29.13364,27.3804,26.5604
15069,2014-06-07 11:15:00,0.0,26.19995,31.21702,28.54939,29.13364,27.3804
15070,2014-06-07 11:30:00,0.0,28.21377,26.19995,31.21702,28.54939,29.13364
15071,2014-06-07 11:45:00,0.0,31.50294,28.21377,26.19995,31.21702,28.54939
15072,2014-06-07 12:00:00,0.0,27.57191,31.50294,28.21377,26.19995,31.21702
15073,2014-06-07 12:15:00,0.0,27.71649,27.57191,31.50294,28.21377,26.19995
15074,2014-06-07 12:30:00,0.0,31.03787,27.71649,27.57191,31.50294,28.21377
15075,2014-06-07 12:45:00,0.0,31.45042,31.03787,27.71649,27.57191,31.50294
15076,2014-06-07 13:00:00,0.0,29.43225,31.45042,31.03787,27.71649,27.57191
15077,2014-06-07 13:15:00,0.0,27.27939,29.43225,31.45042,31.03787,27.71649
15078,2014-06-07 13:30:00,0.0,28.65237,27.27939,29.43225,31.45042,31.03787
15079,2014-06-07 13:45:00,0.0,26.99075,28.65237,27.27939,29.43225,31.45042
15080,2014-06-07 14:00:00,0.0,30.94228,26.99075,28.65237,27.27939,29.43225
15081,2014-06-07 14:15:00,0.0,30.31012,30.94228,26.99075,28.65237,27.27939
15082,2014-06-07 14:30:00,0.0,33.299,30.31012,30.94228,26.99075,28.65237
15083,2014-06-07 14:45:00,0.0,31.26459,33.299,30.31012,30.94228,26.99075
15084,2014-06-07 15:00:00,0.0,32.13304,31.26459,33.299,30.31012,30.94228
15085,2014-06-07 15:15:00,0.0,30.51358,32.13304,31.26459,33.299,30.31012
15086,2014-06-07 15:30:00,0.0,29.78067,30.51358,32.13304,31.26459,33.299
15087,2014-06-07 15:45:00,0.0,28.362,29.78067,30.51358,32.13304,31.26459
15088,2014-06-07 16:00:00,0.0,31.21345,28.362,29.78067,30.51358,32.13304
15089,2014-06-07 16:15:00,0.0,29.22934,31.21345,28.362,29.78067,30.51358
15090,2014-06-07 16:30:00,0.0,33.07929,29.22934,31.21345,28.362,29.78067
15091,2014-06-07 16:45:00,0.0,31.94076,33.07929,29.22934,31.21345,28.362
15092,2014-06-07 17:00:00,0.0,30.0288,31.94076,33.07929,29.22934,31.21345
15093,2014-06-07 17:15:00,0.0,29.96998,30.0288,31.94076,33.07929,29.22934
15094,2014-06-07 17:30:00,0.0,29.94008,29.96998,30.0288,31.94076,33.07929
15095,2014-06-07 17:45:00,0.0,32.82462,29.94008,29.96998,30.0288,31.94076
15096,2014-06-07 18:00:00,0.0,29.40217,32.82462,29.94008,29.96998,30.0288
15097,2014-06-07 18:15:00,0.0,28.16653,29.40217,32.82462,29.94008,29.96998
15098,2014-06-07 18:30:00,0.0,27.77892,28.16653,29.40217,32.82462,29.94008
15099,2014-06-07 18:45:00,0.0,31.20834,27.77892,28.16653,29.40217,32.82462
15100,2014-06-07 19:00:00,0.0,28.32598,31.20834,27.77892,28.16653,29.40217
15101,2014-06-07 19:15:00,0.0,28.11665,28.32598,31.20834,27.77892,28.16653
15102,2014-06-07 19:30:00,0.0,29.05212,28.11665,28.32598,31.20834,27.77892
15103,2014-06-07 19:45:00,0.0,27.64658,29.05212,28.11665,28.32598,31.20834
15104,2014-06-07 20:00:00,0.0,29.34394,27.64658,29.05212,28.11665,28.32598
15105,2014-06-07 20:15:00,0.0,27.08498,29.34394,27.64658,29.05212,28.11665
15106,2014-06-07 20:30:00,0.0,29.71056,27.08498,29.34394,27.64658,29.05212
15107,2014-06-07 20:45:00,0.0,28.41909,29.71056,27.08498,29.34394,27.64658
15108,2014-06-07 21:00:00,0.0,28.29159,28.41909,29.71056,27.08498,29.34394
15109,2014-06-07 21:15:00,0.0,28.59575,28.29159,28.41909,29.71056,27.08498
15110,2014-06-07 21:30:00,0.0,27.05748,28.59575,28.29159,28.41909,29.71056
15111,2014-06-07 21:45:00,0.0,30.42741,27.05748,28.59575,28.29159,28.41909
15112,2014-06-07 22:00:00,0.0,28.4087,30.42741,27.05748,28.59575,28.29159
15113,2014-06-07 22:15:00,0.0,28.85247,28.4087,30.42741,27.05748,28.59575
15114,2014-06-07 22:30:00,0.0,29.41018,28.85247,28.4087,30.42741,27.05748
15115,2014-06-07 22:45:00,0.0,29.23712,29.41018,28.85247,28.4087,30.42741
15116,2014-06-07 23:00:00,0.0,27.92486,29.23712,29.41018,28.85247,28.4087
15117,2014-06-07 23:15:00,0.0,27.22016,27.92486,29.23712,29.41018,28.85247
15118,2014-06-07 23:30:00,0.0,25.23939,27.22016,27.92486,29.23712,29.41018
15119,2014-06-07 23:45:00,0.0,26.19218,25.23939,27.22016,27.92486,29.23712
15120,2014-06-08 00:00:00,0.0,25.54444,26.19218,25.23939,27.22016,27.92486
15121,2014-06-08 00:15:00,0.0,25.70968,25.54444,26.19218,25.23939,27.22016
15122,2014-06-08 00:30:00,0.0,26.93874,25.70968,25.54444,26.19218,25.23939
15123,2014-06-08 00:45:00,0.0,26.24601,26.93874,25.70968,25.54444,26.19218
15124,2014-06-08 01:00:00,0.0,24.09344,26.24601,26.93874,25.70968,25.54444
15125,2014-06-08 01:15:00,0.0,25.57559,24.09344,26.24601,26.93874,25.70968
15126,2014-06-08 01:30:00,0.0,25.5492,25.57559,24.09344,26.24601,26.93874
15127,2014-06-08 01:45:00,0.0,26.12607,25.5492,25.57559,24.09344,26.24601
15128,2014-06-08 02:00:00,0.0,26.88934,26.12607,25.5492,25.57559,24.09344
15129,2014-06-08 02:15:00,0.0,27.4328,26.88934,26.12607,25.5492,25.57559
15130,2014-06-08 02:30:00,0.0,25.47274,27.4328,26.88934,26.12607,25.5492
15131,2014-06-08 02:45:00,0.0,27.24893,25.47274,27.4328,26.88934,26.12607
15132,2014-06-08 03:00:00,0.0,24.31395,27.24893,25.47274,27.4328,26.88934
15133,2014-06-08 03:15:00,0.0,24.91931,24.31395,27.24893,25.47274,27.4328
15134,2014-06-08 03:30:00,0.0,25.13429,24.91931,24.31395,27.24893,25.47274
15135,2014-06-08 03:45:00,0.0,26.64088,25.13429,24.91931,24.31395,27.24893
15136,2014-06-08 04:00:00,0.0,27.13391,26.64088,25.13429,24.91931,24.31395
15137,2014-06-08 04:15:00,0.0,25.66816,27.13391,26.64088,25.13429,24.91931
15138,2014-06-08 04:30:00,0.0,27.29946,25.66816,27.13391,26.64088,25.13429
15139,2014-06-08 04:45:00,0.0,25.58673,27.29946,25.66816,27.13391,26.64088
15140,2014-06-08 05:00:00,0.0,26.72844,25.58673,27.29946,25.66816,27.13391
15141,2014-06-08 05:15:00,0.0,26.087,26.72844,25.58673,27.29946,25.66816
15142,2014-06-08 05:30:00,0.0,25.98451,26.087,26.72844,25.58673,27.29946
15143,2014-06-08 05:45:00,0.0,29.05667,25.98451,26.087,26.72844,25.58673
15144,2014-06-08 06:00:00,0.0,28.46193,29.05667,25.98451,26.087,26.72844
15145,2014-06-08 06:15:00,0.0,26.32885,28.46193,29.05667,25.98451,26.087
15146,2014-06-08 06:30:00,0.0,24.3333,26.32885,28.46193,29.05667,25.98451
15147,2014-06-08 06:45:00,0.0,24.99273,24.3333,26.32885,28.46193,29.05667
15148,2014-06-08 07:00:00,0.0,26.04213,24.99273,24.3333,26.32885,28.46193
15149,2014-06-08 07:15:00,0.0,28.80824,26.04213,24.99273,24.3333,26.32885
15150,2014-06-08 07:30:00,0.0,27.35587,28.80824,26.04213,24.99273,24.3333
15151,2014-06-08 07:45:00,0.0,28.91109,27.35587,28.80824,26.04213,24.99273
15152,2014-06-08 08:00:00,0.0,28.2192,28.91109,27.35587,28.80824,26.04213
15153,2014-06-08 08:15:00,0.0,28.30122,28.2192,28.91109,27.35587,28.80824
15154,2014-06-08 08:30:00,0.0,29.08814,28.30122,28.2192,28.91109,27.35587
15155,2014-06-08 08:45:00,0.0,28.79321,29.08814,28.30122,28.2192,28.91109
15156,2014-06-08 09:00:00,0.0,27.20643,28.79321,29.08814,28.30122,28.2192
15157,2014-06-08 09:15:00,0.0,30.07533,27.20643,28.79321,29.08814,28.30122
15158,2014-06-08 09:30:00,0.0,30.54713,30.07533,27.20643,28.79321,29.08814
15159,2014-06-08 09:45:00,0.0,32.06461,30.54713,30.07533,27.20643,28.79321
15160,2014-06-08 10:00:00,0.0,31.79304,32.06461,30.54713,30.07533,27.20643
15161,2014-06-08 10:15:00,0.0,32.45345,31.79304,32.06461,30.54713,30.07533
15162,2014-06-08 10:30:00,0.0,34.25794,32.45345,31.79304,32.06461,30.54713
15163,2014-06-08 10:45:00,0.0,32.94475,34.25794,32.45345,31.79304,32.06461
15164,2014-06-08 11:00:00,0.0,34.41686,32.94475,34.25794,32.45345,31.79304
15165,2014-06-08 11:15:00,0.0,31.11943,34.41686,32.94475,34.25794,32.45345
15166,2014-06-08 11:30:00,0.0,32.57691,31.11943,34.41686,32.94475,34.25794
15167,2014-06-08 11:45:00,0.0,33.62822,32.57691,31.11943,34.41686,32.94475
15168,2014-06-08 12:00:00,0.0,33.1041,33.62822,32.57691,31.11943,34.41686
15169,2014-06-08 12:15:00,0.0,34.81619,33.1041,33.62822,32.57691,31.11943
15170,2014-06-08 12:30:00,0.0,36.13313,34.81619,33.1041,33.62822,32.57691
15171,2014-06-08 12:45:00,0.0,35.42412,36.13313,34.81619,33.1041,33.62822
15172,2014-06-08 13:00:00,0.0,33.28811,35.42412,36.13313,34.81619,33.1041
15173,2014-06-08 13:15:00,0.0,34.67565,33.28811,35.42412,36.13313,34.81619
15174,2014-06-08 13:30:00,0.0,36.13896,34.67565,33.28811,35.42412,36.13313
15175,2014-06-08 13:45:00,0.0,38.16951,36.13896,34.67565,33.28811,35.42412
15176,2014-06-08 14:00:00,0.0,37.82358,38.16951,36.13896,34.67565,33.28811
15177,2014-06-08 14:15:00,0.0,35.55383,37.82358,38.16951,36.13896,34.67565
15178,2014-06-08 14:30:00,0.0,34.48096,35.55383,37.82358,38.16951,36.13896
15179,2014-06-08 14:45:00,0.0,37.50648,34.48096,35.55383,37.82358,38.16951
15180,2014-06-08 15:00:00,0.0,35.93141,37.50648,34.48096,35.55383,37.82358
15181,2014-06-08 15:15:00,0.0,37.95449,35.93141,37.50648,34.48096,35.55383
15182,2014-06-08 15:30:00,0.0,36.93328,37.95449,35.93141,37.50648,34.48096
15183,2014-06-08 15:45:00,0.0,39.28405,36.93328,37.95449,35.93141,37.50648
15184,2014-06-08 16:00:00,0.0,35.30082,39.28405,36.93328,37.95449,35.93141
15185,2014-06-08 16:15:00,0.0,37.37368,35.30082,39.28405,36.93328,37.95449
15186,2014-06-08 16:30:00,0.0,37.56442,37.37368,35.30082,39.28405,36.93328
15187,2014-06-08 16:45:00,0.0,37.79133,37.56442,37.37368,35.30082,39.28405
15188,2014-06-08 17:00:00,0.0,37.36965,37.79133,37.56442,37.37368,35.30082
15189,2014-06-08 17:15:00,0.0,39.31703,37.36965,37.79133,37.56442,37.37368
15190,2014-06-08 17:30:00,0.0,34.47877,39.31703,37.36965,37.79133,37.56442
15191,2014-06-08 17:45:00,0.0,35.22232,34.47877,39.31703,37.36965,37.79133
15192,2014-06-08 18:00:00,0.0,38.44584,35.22232,34.47877,39.31703,37.36965
15193,2014-06-08 18:15:00,0.0,33.60279,38.44584,35.22232,34.47877,39.31703
15194,2014-06-08 18:30:00,0.0,38.2979,33.60279,38.44584,35.22232,34.47877
15195,2014-06-08 18:45:00,0.0,38.64343,38.2979,33.60279,38.44584,35.22232
15196,2014-06-08 19:00:00,0.0,38.34624,38.64343,38.2979,33.60279,38.44584
15197,2014-06-08 19:15:00,0.0,33.95045,38.34624,38.64343,38.2979,33.60279
15198,2014-06-08 19:30:00,0.0,38.15429,33.95045,38.34624,38.64343,38.2979
15199,2014-06-08 19:45:00,0.0,35.40809,38.15429,33.95045,38.34624,38.64343
15200,2014-06-08 20:00:00,0.0,36.25094,35.40809,38.15429,33.95045,38.34624
15201,2014-06-08 20:15:00,0.0,38.75641,36.25094,35.40809,38.15429,33.95045
15202,2014-06-08 20:30:00,0.0,35.7088,38.75641,36.25094,35.40809,38.15429
15203,2014-06-08 20:45:00,0.0,37.85901,35.7088,38.75641,36.25094,35.40809
15204,2014-06-08 21:00:00,0.0,35.48333,37.85901,35.7088,38.75641,36.25094
15205,2014-06-08 21:15:00,0.0,38.57084,35.48333,37.85901,35.7088,38.75641
15206,2014-06-08 21:30:00,0.0,34.61414,38.57084,35.48333,37.85901,35.7088
15207,2014-06-08 21:45:00,0.0,34.83292,34.61414,38.57084,35.48333,37.85901
15208,2014-06-08 22:00:00,0.0,36.40328,34.83292,34.61414,38.57084,35.48333
15209,2014-06-08 22:15:00,0.0,36.69803,36.40328,34.83292,34.61414,38.57084
15210,2014-06-08 22:30:00,0.0,34.87626,36.69803,36.40328,34.83292,34.61414
15211,2014-06-08 22:45:00,0.0,36.62158,34.87626,36.69803,36.40328,34.83292
15212,2014-06-08 23:00:00,0.0,36.5476,36.62158,34.87626,36.69803,36.40328
15213,2014-06-08 23:15:00,0.0,31.21776,36.5476,36.62158,34.87626,36.69803
15214,2014-06-08 23:30:00,0.0,33.0921,31.21776,36.5476,36.62158,34.87626
15215,2014-06-08 23:45:00,0.0,30.34811,33.0921,31.21776,36.5476,36.62158
15216,2014-06-09 00:00:00,0.0,33.49854,30.34811,33.0921,31.21776,36.5476
15217,2014-06-09 00:15:00,0.0,30.28537,33.49854,30.34811,33.0921,31.21776
15218,2014-06-09 00:30:00,0.0,32.22532,30.28537,33.49854,30.34811,33.0921
15219,2014-06-09 00:45:00,0.0,30.85339,32.22532,30.28537,33.49854,30.34811
15220,2014-06-09 01:00:00,0.0,30.09946,30.85339,32.22532,30.28537,33.49854
15221,2014-06-09 01:15:00,0.0,31.56597,30.09946,30.85339,32.22532,30.28537
15222,2014-06-09 01:30:00,0.0,28.03826,31.56597,30.09946,30.85339,32.22532
15223,2014-06-09 01:45:00,0.0,33.16616,28.03826,31.56597,30.09946,30.85339
15224,2014-06-09 02:00:00,0.0,31.32369,33.16616,28.03826,31.56597,30.09946
15225,2014-06-09 02:15:00,0.0,32.40597,31.32369,33.16616,28.03826,31.56597
15226,2014-06-09 02:30:00,0.0,29.71178,32.40597,31.32369,33.16616,28.03826
15227,2014-06-09 02:45:00,0.0,29.94344,29.71178,32.40597,31.32369,33.16616
15228,2014-06-09 03:00:00,0.0,30.53863,29.94344,29.71178,32.40597,31.32369
15229,2014-06-09 03:15:00,0.0,29.09971,30.53863,29.94344,29.71178,32.40597
15230,2014-06-09 03:30:00,0.0,27.34502,29.09971,30.53863,29.94344,29.71178
15231,2014-06-09 03:45:00,0.0,36.24887,27.34502,29.09971,30.53863,29.94344
15232,2014-06-09 04:00:00,0.0,34.26137,36.24887,27.34502,29.09971,30.53863
15233,2014-06-09 04:15:00,0.0,36.63908,34.26137,36.24887,27.34502,29.09971
15234,2014-06-09 04:30:00,0.0,33.93627,36.63908,34.26137,36.24887,27.34502
15235,2014-06-09 04:45:00,0.0,33.04565,33.93627,36.63908,34.26137,36.24887
15236,2014-06-09 05:00:00,0.0,34.07809,33.04565,33.93627,36.63908,34.26137
15237,2014-06-09 05:15:00,0.0,32.31007,34.07809,33.04565,33.93627,36.63908
15238,2014-06-09 05:30:00,0.0,33.32557,32.31007,34.07809,33.04565,33.93627
15239,2014-06-09 05:45:00,0.0,34.93566,33.32557,32.31007,34.07809,33.04565
15240,2014-06-09 06:00:00,0.0,35.26786,34.93566,33.32557,32.31007,34.07809
15241,2014-06-09 06:15:00,0.0,33.48444,35.26786,34.93566,33.32557,32.31007
15242,2014-06-09 06:30:00,0.0,36.74899,33.48444,35.26786,34.93566,33.32557
15243,2014-06-09 06:45:00,0.0,36.64875,36.74899,33.48444,35.26786,34.93566
15244,2014-06-09 07:00:00,0.0,34.60183,36.64875,36.74899,33.48444,35.26786
15245,2014-06-09 07:15:00,0.0,34.65661,34.60183,36.64875,36.74899,33.48444
15246,2014-06-09 07:30:00,0.0,35.12975,34.65661,34.60183,36.64875,36.74899
15247,2014-06-09 07:45:00,0.0,37.31509,35.12975,34.65661,34.60183,36.64875
15248,2014-06-09 08:00:00,0.0,36.95141,37.31509,35.12975,34.65661,34.60183
15249,2014-06-09 08:15:00,0.0,39.71465,36.95141,37.31509,35.12975,34.65661
15250,2014-06-09 08:30:00,0.0,41.5068,39.71465,36.95141,37.31509,35.12975
15251,2014-06-09 08:45:00,0.0,38.4363,41.5068,39.71465,36.95141,37.31509
15252,2014-06-09 09:00:00,0.0,38.32554,38.4363,41.5068,39.71465,36.95141
15253,2014-06-09 09:15:00,0.0,40.24698,38.32554,38.4363,41.5068,39.71465
15254,2014-06-09 09:30:00,0.0,41.75729,40.24698,38.32554,38.4363,41.5068
15255,2014-06-09 09:45:00,0.0,44.14043,41.75729,40.24698,38.32554,38.4363
15256,2014-06-09 10:00:00,0.0,44.6936,44.14043,41.75729,40.24698,38.32554
15257,2014-06-09 10:15:00,0.0,44.96654,44.6936,44.14043,41.75729,40.24698
15258,2014-06-09 10:30:00,0.0,43.97979,44.96654,44.6936,44.14043,41.75729
15259,2014-06-09 10:45:00,0.0,45.93665,43.97979,44.96654,44.6936,44.14043
15260,2014-06-09 11:00:00,0.0,39.05778,45.93665,43.97979,44.96654,44.6936
15261,2014-06-09 11:15:00,0.0,44.47781,39.05778,45.93665,43.97979,44.96654
15262,2014-06-09 11:30:00,0.0,48.01436,44.47781,39.05778,45.93665,43.97979
15263,2014-06-09 11:45:00,0.0,42.567,48.01436,44.47781,39.05778,45.93665
15264,2014-06-09 12:00:00,0.0,43.09057,42.567,48.01436,44.47781,39.05778
15265,2014-06-09 12:15:00,0.0,43.66915,43.09057,42.567,48.01436,44.47781
15266,2014-06-09 12:30:00,0.0,50.68783,43.66915,43.09057,42.567,48.01436
15267,2014-06-09 12:45:00,0.0,49.0641,50.68783,43.66915,43.09057,42.567
15268,2014-06-09 13:00:00,0.0,52.69048,49.0641,50.68783,43.66915,43.09057
15269,2014-06-09 13:15:00,0.0,52.43395,52.69048,49.0641,50.68783,43.66915
15270,2014-06-09 13:30:00,0.0,51.64599,52.43395,52.69048,49.0641,50.68783
15271,2014-06-09 13:45:00,0.0,50.95671,51.64599,52.43395,52.69048,49.0641
15272,2014-06-09 14:00:00,0.0,49.17578,50.95671,51.64599,52.43395,52.69048
15273,2014-06-09 14:15:00,0.0,46.52983,49.17578,50.95671,51.64599,52.43395
15274,2014-06-09 14:30:00,0.0,52.59661,46.52983,49.17578,50.95671,51.64599
15275,2014-06-09 14:45:00,0.0,49.08616,52.59661,46.52983,49.17578,50.95671
15276,2014-06-09 15:00:00,0.0,46.21626,49.08616,52.59661,46.52983,49.17578
15277,2014-06-09 15:15:00,0.0,48.67754,46.21626,49.08616,52.59661,46.52983
15278,2014-06-09 15:30:00,0.0,49.09464,48.67754,46.21626,49.08616,52.59661
15279,2014-06-09 15:45:00,0.0,52.56616,49.09464,48.67754,46.21626,49.08616
15280,2014-06-09 16:00:00,0.0,50.73633,52.56616,49.09464,48.67754,46.21626
15281,2014-06-09 16:15:00,0.0,50.36801,50.73633,52.56616,49.09464,48.67754
15282,2014-06-09 16:30:00,0.0,47.14314,50.36801,50.73633,52.56616,49.09464
15283,2014-06-09 16:45:00,0.0,49.19003,47.14314,50.36801,50.73633,52.56616
15284,2014-06-09 17:00:00,0.0,45.93332,49.19003,47.14314,50.36801,50.73633
15285,2014-06-09 17:15:00,0.0,47.48913,45.93332,49.19003,47.14314,50.36801
15286,2014-06-09 17:30:00,0.0,44.01235,47.48913,45.93332,49.19003,47.14314
15287,2014-06-09 17:45:00,0.0,45.85216,44.01235,47.48913,45.93332,49.19003
15288,2014-06-09 18:00:00,0.0,46.50426,45.85216,44.01235,47.48913,45.93332
15289,2014-06-09 18:15:00,0.0,44.73296,46.50426,45.85216,44.01235,47.48913
15290,2014-06-09 18:30:00,0.0,41.8228,44.73296,46.50426,45.85216,44.01235
15291,2014-06-09 18:45:00,0.0,39.79476,41.8228,44.73296,46.50426,45.85216
15292,2014-06-09 19:00:00,0.0,40.42512,39.79476,41.8228,44.73296,46.50426
15293,2014-06-09 19:15:00,0.0,37.77338,40.42512,39.79476,41.8228,44.73296
15294,2014-06-09 19:30:00,0.0,36.3702,37.77338,40.42512,39.79476,41.8228
15295,2014-06-09 19:45:00,0.0,36.51969,36.3702,37.77338,40.42512,39.79476
15296,2014-06-09 20:00:00,0.0,36.44497,36.51969,36.3702,37.77338,40.42512
15297,2014-06-09 20:15:00,0.0,33.70277,36.44497,36.51969,36.3702,37.77338
15298,2014-06-09 20:30:00,0.0,33.227,33.70277,36.44497,36.51969,36.3702
15299,2014-06-09 20:45:00,0.0,35.0333,33.227,33.70277,36.44497,36.51969
15300,2014-06-09 21:00:00,0.0,33.83863,35.0333,33.227,33.70277,36.44497
15301,2014-06-09 21:15:00,0.0,30.73588,33.83863,35.0333,33.227,33.70277
15302,2014-06-09 21:30:00,0.0,29.17247,30.73588,33.83863,35.0333,33.227
15303,2014-06-09 21:45:00,0.0,30.03799,29.17247,30.73588,33.83863,35.0333
15304,2014-06-09 22:00:00,0.0,26.12058,30.03799,29.17247,30.73588,33.83863
15305,2014-06-09 22:15:00,0.0,26.83902,26.12058,30.03799,29.17247,30.73588
15306,2014-06-09 22:30:00,0.0,27.94299,26.83902,26.12058,30.03799,29.17247
15307,2014-06-09 22:45:00,0.0,27.22549,27.94299,26.83902,26.12058,30.03799
15308,2014-06-09 23:00:00,0.0,28.80679,27.22549,27.94299,26.83902,26.12058
15309,2014-06-09 23:15:00,0.0,27.21785,28.80679,27.22549,27.94299,26.83902
15310,2014-06-09 23:30:00,0.0,24.80701,27.21785,28.80679,27.22549,27.94299
15311,2014-06-09 23:45:00,0.0,26.5383,24.80701,27.21785,28.80679,27.22549
15312,2014-06-10 00:00:00,0.0,26.08798,26.5383,24.80701,27.21785,28.80679
15313,2014-06-10 00:15:00,0.0,27.13608,26.08798,26.5383,24.80701,27.21785
15314,2014-06-10 00:30:00,0.0,22.64726,27.13608,26.08798,26.5383,24.80701
15315,2014-06-10 00:45:00,0.0,24.99073,22.64726,27.13608,26.08798,26.5383
15316,2014-06-10 01:00:00,0.0,27.08605,24.99073,22.64726,27.13608,26.08798
15317,2014-06-10 01:15:00,0.0,26.68362,27.08605,24.99073,22.64726,27.13608
15318,2014-06-10 01:30:00,0.0,25.52962,26.68362,27.08605,24.99073,22.64726
15319,2014-06-10 01:45:00,0.0,24.1127,25.52962,26.68362,27.08605,24.99073
15320,2014-06-10 02:00:00,0.0,23.89345,24.1127,25.52962,26.68362,27.08605
15321,2014-06-10 02:15:00,0.0,24.24068,23.89345,24.1127,25.52962,26.68362
15322,2014-06-10 02:30:00,0.0,23.87185,24.24068,23.89345,24.1127,25.52962
15323,2014-06-10 02:45:00,0.0,28.68586,23.87185,24.24068,23.89345,24.1127
15324,2014-06-10 03:00:00,0.0,24.72112,28.68586,23.87185,24.24068,23.89345
15325,2014-06-10 03:15:00,0.0,26.16146,24.72112,28.68586,23.87185,24.24068
15326,2014-06-10 03:30:00,0.0,25.24296,26.16146,24.72112,28.68586,23.87185
15327,2014-06-10 03:45:00,0.0,27.69241,25.24296,26.16146,24.72112,28.68586
15328,2014-06-10 04:00:00,0.0,26.13292,27.69241,25.24296,26.16146,24.72112
15329,2014-06-10 04:15:00,0.0,26.85453,26.13292,27.69241,25.24296,26.16146
15330,2014-06-10 04:30:00,0.0,28.59152,26.85453,26.13292,27.69241,25.24296
15331,2014-06-10 04:45:00,0.0,26.18607,28.59152,26.85453,26.13292,27.69241
15332,2014-06-10 05:00:00,0.0,28.36509,26.18607,28.59152,26.85453,26.13292
15333,2014-06-10 05:15:00,0.0,27.76379,28.36509,26.18607,28.59152,26.85453
15334,2014-06-10 05:30:00,0.0,27.34923,27.76379,28.36509,26.18607,28.59152
15335,2014-06-10 05:45:00,0.0,29.33978,27.34923,27.76379,28.36509,26.18607
15336,2014-06-10 06:00:00,0.0,28.3391,29.33978,27.34923,27.76379,28.36509
15337,2014-06-10 06:15:00,0.0,27.38076,28.3391,29.33978,27.34923,27.76379
15338,2014-06-10 06:30:00,0.0,30.09421,27.38076,28.3391,29.33978,27.34923
15339,2014-06-10 06:45:00,0.0,28.57634,30.09421,27.38076,28.3391,29.33978
15340,2014-06-10 07:00:00,0.0,29.79562,28.57634,30.09421,27.38076,28.3391
15341,2014-06-10 07:15:00,0.0,28.09402,29.79562,28.57634,30.09421,27.38076
15342,2014-06-10 07:30:00,0.0,29.07646,28.09402,29.79562,28.57634,30.09421
15343,2014-06-10 07:45:00,0.0,31.92555,29.07646,28.09402,29.79562,28.57634
15344,2014-06-10 08:00:00,0.0,32.74119,31.92555,29.07646,28.09402,29.79562
15345,2014-06-10 08:15:00,0.0,30.84281,32.74119,31.92555,29.07646,28.09402
15346,2014-06-10 08:30:00,0.0,29.84649,30.84281,32.74119,31.92555,29.07646
15347,2014-06-10 08:45:00,0.0,33.12055,29.84649,30.84281,32.74119,31.92555
15348,2014-06-10 09:00:00,0.0,32.79574,33.12055,29.84649,30.84281,32.74119
15349,2014-06-10 09:15:00,0.0,32.75836,32.79574,33.12055,29.84649,30.84281
15350,2014-06-10 09:30:00,0.0,31.76064,32.75836,32.79574,33.12055,29.84649
15351,2014-06-10 09:45:00,0.0,37.08676,31.76064,32.75836,32.79574,33.12055
15352,2014-06-10 10:00:00,0.0,33.34987,37.08676,31.76064,32.75836,32.79574
15353,2014-06-10 10:15:00,0.0,34.50203,33.34987,37.08676,31.76064,32.75836
15354,2014-06-10 10:30:00,0.0,32.20817,34.50203,33.34987,37.08676,31.76064
15355,2014-06-10 10:45:00,0.0,34.24513,32.20817,34.50203,33.34987,37.08676
15356,2014-06-10 11:00:00,0.0,35.02109,34.24513,32.20817,34.50203,33.34987
15357,2014-06-10 11:15:00,0.0,35.62986,35.02109,34.24513,32.20817,34.50203
15358,2014-06-10 11:30:00,0.0,34.54203,35.62986,35.02109,34.24513,32.20817
15359,2014-06-10 11:45:00,0.0,34.40566,34.54203,35.62986,35.02109,34.24513
15360,2014-06-10 12:00:00,0.0,36.09004,34.40566,34.54203,35.62986,35.02109
15361,2014-06-10 12:15:00,0.0,33.87514,36.09004,34.40566,34.54203,35.62986
15362,2014-06-10 12:30:00,0.0,31.511,33.87514,36.09004,34.40566,34.54203
15363,2014-06-10 12:45:00,0.0,34.43328,31.511,33.87514,36.09004,34.40566
15364,2014-06-10 13:00:00,0.0,34.51943,34.43328,31.511,33.87514,36.09004
15365,2014-06-10 13:15:00,0.0,34.03731,34.51943,34.43328,31.511,33.87514
15366,2014-06-10 13:30:00,0.0,36.0975,34.03731,34.51943,34.43328,31.511
15367,2014-06-10 13:45:00,0.0,35.21707,36.0975,34.03731,34.51943,34.43328
15368,2014-06-10 14:00:00,0.0,37.09789,35.21707,36.0975,34.03731,34.51943
15369,2014-06-10 14:15:00,0.0,35.63673,37.09789,35.21707,36.0975,34.03731
15370,2014-06-10 14:30:00,0.0,35.43869,35.63673,37.09789,35.21707,36.0975
15371,2014-06-10 14:45:00,0.0,34.80302,35.43869,35.63673,37.09789,35.21707
15372,2014-06-10 15:00:00,0.0,35.54645,34.80302,35.43869,35.63673,37.09789
15373,2014-06-10 15:15:00,0.0,36.25238,35.54645,34.80302,35.43869,35.63673
15374,2014-06-10 15:30:00,0.0,33.62788,36.25238,35.54645,34.80302,35.43869
15375,2014-06-10 15:45:00,0.0,36.65291,33.62788,36.25238,35.54645,34.80302
15376,2014-06-10 16:00:00,0.0,35.34038,36.65291,33.62788,36.25238,35.54645
15377,2014-06-10 16:15:00,0.0,35.85462,35.34038,36.65291,33.62788,36.25238
15378,2014-06-10 16:30:00,0.0,31.47987,35.85462,35.34038,36.65291,33.62788
15379,2014-06-10 16:45:00,0.0,35.58495,31.47987,35.85462,35.34038,36.65291
15380,2014-06-10 17:00:00,0.0,33.60075,35.58495,31.47987,35.85462,35.34038
15381,2014-06-10 17:15:00,0.0,34.35809,33.60075,35.58495,31.47987,35.85462
15382,2014-06-10 17:30:00,0.0,33.04592,34.35809,33.60075,35.58495,31.47987
15383,2014-06-10 17:45:00,0.0,32.17473,33.04592,34.35809,33.60075,35.58495
15384,2014-06-10 18:00:00,0.0,28.79657,32.17473,33.04592,34.35809,33.60075
15385,2014-06-10 18:15:00,0.0,30.94041,28.79657,32.17473,33.04592,34.35809
15386,2014-06-10 18:30:00,0.0,30.60931,30.94041,28.79657,32.17473,33.04592
15387,2014-06-10 18:45:00,0.0,30.19169,30.60931,30.94041,28.79657,32.17473
15388,2014-06-10 19:00:00,0.0,28.99323,30.19169,30.60931,30.94041,28.79657
15389,2014-06-10 19:15:00,0.0,28.93742,28.99323,30.19169,30.60931,30.94041
15390,2014-06-10 19:30:00,0.0,29.54053,28.93742,28.99323,30.19169,30.60931
15391,2014-06-10 19:45:00,0.0,28.76525,29.54053,28.93742,28.99323,30.19169
15392,2014-06-10 20:00:00,0.0,28.46403,28.76525,29.54053,28.93742,28.99323
15393,2014-06-10 20:15:00,0.0,29.07092,28.46403,28.76525,29.54053,28.93742
15394,2014-06-10 20:30:00,0.0,28.26063,29.07092,28.46403,28.76525,29.54053
15395,2014-06-10 20:45:00,0.0,30.79969,28.26063,29.07092,28.46403,28.76525
15396,2014-06-10 21:00:00,0.0,29.11223,30.79969,28.26063,29.07092,28.46403
15397,2014-06-10 21:15:00,0.0,28.24326,29.11223,30.79969,28.26063,29.07092
15398,2014-06-10 21:30:00,0.0,26.4947,28.24326,29.11223,30.79969,28.26063
15399,2014-06-10 21:45:00,0.0,28.39333,26.4947,28.24326,29.11223,30.79969
15400,2014-06-10 22:00:00,0.0,27.23703,28.39333,26.4947,28.24326,29.11223
15401,2014-06-10 22:15:00,0.0,27.79953,27.23703,28.39333,26.4947,28.24326
15402,2014-06-10 22:30:00,0.0,26.53167,27.79953,27.23703,28.39333,26.4947
15403,2014-06-10 22:45:00,0.0,26.26651,26.53167,27.79953,27.23703,28.39333
15404,2014-06-10 23:00:00,0.0,26.76851,26.26651,26.53167,27.79953,27.23703
15405,2014-06-10 23:15:00,0.0,25.52734,26.76851,26.26651,26.53167,27.79953
15406,2014-06-10 23:30:00,0.0,23.72048,25.52734,26.76851,26.26651,26.53167
15407,2014-06-10 23:45:00,0.0,25.46883,23.72048,25.52734,26.76851,26.26651
15408,2014-06-11 00:00:00,0.0,26.07608,25.46883,23.72048,25.52734,26.76851
15409,2014-06-11 00:15:00,0.0,26.076,26.07608,25.46883,23.72048,25.52734
15410,2014-06-11 00:30:00,0.0,27.00128,26.076,26.07608,25.46883,23.72048
15411,2014-06-11 00:45:00,0.0,25.9789,27.00128,26.076,26.07608,25.46883
15412,2014-06-11 01:00:00,0.0,25.01506,25.9789,27.00128,26.076,26.07608
15413,2014-06-11 01:15:00,0.0,24.61908,25.01506,25.9789,27.00128,26.076
15414,2014-06-11 01:30:00,0.0,25.51956,24.61908,25.01506,25.9789,27.00128
15415,2014-06-11 01:45:00,0.0,26.79082,25.51956,24.61908,25.01506,25.9789
15416,2014-06-11 02:00:00,0.0,26.08804,26.79082,25.51956,24.61908,25.01506
15417,2014-06-11 02:15:00,0.0,26.10043,26.08804,26.79082,25.51956,24.61908
15418,2014-06-11 02:30:00,0.0,27.13359,26.10043,26.08804,26.79082,25.51956
15419,2014-06-11 02:45:00,0.0,25.82207,27.13359,26.10043,26.08804,26.79082
15420,2014-06-11 03:00:00,0.0,25.56123,25.82207,27.13359,26.10043,26.08804
15421,2014-06-11 03:15:00,0.0,24.09457,25.56123,25.82207,27.13359,26.10043
15422,2014-06-11 03:30:00,0.0,24.87167,24.09457,25.56123,25.82207,27.13359
15423,2014-06-11 03:45:00,0.0,26.90106,24.87167,24.09457,25.56123,25.82207
15424,2014-06-11 04:00:00,0.0,26.23464,26.90106,24.87167,24.09457,25.56123
15425,2014-06-11 04:15:00,0.0,26.17631,26.23464,26.90106,24.87167,24.09457
15426,2014-06-11 04:30:00,0.0,25.23225,26.17631,26.23464,26.90106,24.87167
15427,2014-06-11 04:45:00,0.0,26.85184,25.23225,26.17631,26.23464,26.90106
15428,2014-06-11 05:00:00,0.0,23.1021,26.85184,25.23225,26.17631,26.23464
15429,2014-06-11 05:15:00,0.0,27.37547,23.1021,26.85184,25.23225,26.17631
15430,2014-06-11 05:30:00,0.0,26.20563,27.37547,23.1021,26.85184,25.23225
15431,2014-06-11 05:45:00,0.0,29.60519,26.20563,27.37547,23.1021,26.85184
15432,2014-06-11 06:00:00,0.0,27.85921,29.60519,26.20563,27.37547,23.1021
15433,2014-06-11 06:15:00,0.0,29.3749,27.85921,29.60519,26.20563,27.37547
15434,2014-06-11 06:30:00,0.0,28.53083,29.3749,27.85921,29.60519,26.20563
15435,2014-06-11 06:45:00,0.0,29.86505,28.53083,29.3749,27.85921,29.60519
15436,2014-06-11 07:00:00,0.0,29.49278,29.86505,28.53083,29.3749,27.85921
15437,2014-06-11 07:15:00,0.0,31.64829,29.49278,29.86505,28.53083,29.3749
15438,2014-06-11 07:30:00,0.0,29.81718,31.64829,29.49278,29.86505,28.53083
15439,2014-06-11 07:45:00,0.0,32.16066,29.81718,31.64829,29.49278,29.86505
15440,2014-06-11 08:00:00,0.0,31.46966,32.16066,29.81718,31.64829,29.49278
15441,2014-06-11 08:15:00,0.0,28.92817,31.46966,32.16066,29.81718,31.64829
15442,2014-06-11 08:30:00,0.0,30.8967,28.92817,31.46966,32.16066,29.81718
15443,2014-06-11 08:45:00,0.0,32.6529,30.8967,28.92817,31.46966,32.16066
15444,2014-06-11 09:00:00,0.0,33.02282,32.6529,30.8967,28.92817,31.46966
15445,2014-06-11 09:15:00,0.0,34.19718,33.02282,32.6529,30.8967,28.92817
15446,2014-06-11 09:30:00,0.0,31.38011,34.19718,33.02282,32.6529,30.8967
15447,2014-06-11 09:45:00,0.0,34.74668,31.38011,34.19718,33.02282,32.6529
15448,2014-06-11 10:00:00,0.0,34.28173,34.74668,31.38011,34.19718,33.02282
15449,2014-06-11 10:15:00,0.0,34.67405,34.28173,34.74668,31.38011,34.19718
15450,2014-06-11 10:30:00,0.0,35.55924,34.67405,34.28173,34.74668,31.38011
15451,2014-06-11 10:45:00,0.0,34.03113,35.55924,34.67405,34.28173,34.74668
15452,2014-06-11 11:00:00,0.0,35.0131,34.03113,35.55924,34.67405,34.28173
15453,2014-06-11 11:15:00,0.0,35.27368,35.0131,34.03113,35.55924,34.67405
15454,2014-06-11 11:30:00,0.0,33.06007,35.27368,35.0131,34.03113,35.55924
15455,2014-06-11 11:45:00,0.0,33.13792,33.06007,35.27368,35.0131,34.03113
15456,2014-06-11 12:00:00,0.0,32.97774,33.13792,33.06007,35.27368,35.0131
15457,2014-06-11 12:15:00,0.0,33.2755,32.97774,33.13792,33.06007,35.27368
15458,2014-06-11 12:30:00,0.0,35.83618,33.2755,32.97774,33.13792,33.06007
15459,2014-06-11 12:45:00,0.0,37.00764,35.83618,33.2755,32.97774,33.13792
15460,2014-06-11 13:00:00,0.0,36.11746,37.00764,35.83618,33.2755,32.97774
15461,2014-06-11 13:15:00,0.0,32.54541,36.11746,37.00764,35.83618,33.2755
15462,2014-06-11 13:30:00,0.0,33.77905,32.54541,36.11746,37.00764,35.83618
15463,2014-06-11 13:45:00,0.0,33.73854,33.77905,32.54541,36.11746,37.00764
15464,2014-06-11 14:00:00,0.0,32.1707,33.73854,33.77905,32.54541,36.11746
15465,2014-06-11 14:15:00,0.0,33.48553,32.1707,33.73854,33.77905,32.54541
15466,2014-06-11 14:30:00,0.0,35.75717,33.48553,32.1707,33.73854,33.77905
15467,2014-06-11 14:45:00,0.0,35.23745,35.75717,33.48553,32.1707,33.73854
15468,2014-06-11 15:00:00,0.0,35.64268,35.23745,35.75717,33.48553,32.1707
15469,2014-06-11 15:15:00,0.0,35.24065,35.64268,35.23745,35.75717,33.48553
15470,2014-06-11 15:30:00,0.0,34.18697,35.24065,35.64268,35.23745,35.75717
15471,2014-06-11 15:45:00,0.0,37.02278,34.18697,35.24065,35.64268,35.23745
15472,2014-06-11 16:00:00,0.0,34.60866,37.02278,34.18697,35.24065,35.64268
15473,2014-06-11 16:15:00,0.0,35.92927,34.60866,37.02278,34.18697,35.24065
15474,2014-06-11 16:30:00,0.0,31.56291,35.92927,34.60866,37.02278,34.18697
15475,2014-06-11 16:45:00,0.0,34.99433,31.56291,35.92927,34.60866,37.02278
15476,2014-06-11 17:00:00,0.0,32.69219,34.99433,31.56291,35.92927,34.60866
15477,2014-06-11 17:15:00,0.0,32.35317,32.69219,34.99433,31.56291,35.92927
15478,2014-06-11 17:30:00,0.0,32.88887,32.35317,32.69219,34.99433,31.56291
15479,2014-06-11 17:45:00,0.0,30.07605,32.88887,32.35317,32.69219,34.99433
15480,2014-06-11 18:00:00,0.0,32.45567,30.07605,32.88887,32.35317,32.69219
15481,2014-06-11 18:15:00,0.0,30.78822,32.45567,30.07605,32.88887,32.35317
15482,2014-06-11 18:30:00,0.0,30.04225,30.78822,32.45567,30.07605,32.88887
15483,2014-06-11 18:45:00,0.0,30.15285,30.04225,30.78822,32.45567,30.07605
15484,2014-06-11 19:00:00,0.0,27.63627,30.15285,30.04225,30.78822,32.45567
15485,2014-06-11 19:15:00,0.0,26.10449,27.63627,30.15285,30.04225,30.78822
15486,2014-06-11 19:30:00,0.0,29.11567,26.10449,27.63627,30.15285,30.04225
15487,2014-06-11 19:45:00,0.0,28.8267,29.11567,26.10449,27.63627,30.15285
15488,2014-06-11 20:00:00,0.0,30.39134,28.8267,29.11567,26.10449,27.63627
15489,2014-06-11 20:15:00,0.0,27.32504,30.39134,28.8267,29.11567,26.10449
15490,2014-06-11 20:30:00,0.0,27.91773,27.32504,30.39134,28.8267,29.11567
15491,2014-06-11 20:45:00,0.0,28.09494,27.91773,27.32504,30.39134,28.8267
15492,2014-06-11 21:00:00,0.0,29.12944,28.09494,27.91773,27.32504,30.39134
15493,2014-06-11 21:15:00,0.0,27.06006,29.12944,28.09494,27.91773,27.32504
15494,2014-06-11 21:30:00,0.0,28.29065,27.06006,29.12944,28.09494,27.91773
15495,2014-06-11 21:45:00,0.0,28.99228,28.29065,27.06006,29.12944,28.09494
15496,2014-06-11 22:00:00,0.0,28.25737,28.99228,28.29065,27.06006,29.12944
15497,2014-06-11 22:15:00,0.0,26.80928,28.25737,28.99228,28.29065,27.06006
15498,2014-06-11 22:30:00,0.0,26.27532,26.80928,28.25737,28.99228,28.29065
15499,2014-06-11 22:45:00,0.0,26.32318,26.27532,26.80928,28.25737,28.99228
15500,2014-06-11 23:00:00,0.0,28.31256,26.32318,26.27532,26.80928,28.25737
15501,2014-06-11 23:15:00,0.0,24.09612,28.31256,26.32318,26.27532,26.80928
15502,2014-06-11 23:30:00,0.0,24.84969,24.09612,28.31256,26.32318,26.27532
15503,2014-06-11 23:45:00,0.0,26.08765,24.84969,24.09612,28.31256,26.32318
15504,2014-06-12 00:00:00,0.0,26.1295,26.08765,24.84969,24.09612,28.31256
15505,2014-06-12 00:15:00,0.0,24.63372,26.1295,26.08765,24.84969,24.09612
15506,2014-06-12 00:30:00,0.0,24.33334,24.63372,26.1295,26.08765,24.84969
15507,2014-06-12 00:45:00,0.0,24.44499,24.33334,24.63372,26.1295,26.08765
15508,2014-06-12 01:00:00,0.0,24.71681,24.44499,24.33334,24.63372,26.1295
15509,2014-06-12 01:15:00,0.0,26.99186,24.71681,24.44499,24.33334,24.63372
15510,2014-06-12 01:30:00,0.0,25.3819,26.99186,24.71681,24.44499,24.33334
15511,2014-06-12 01:45:00,0.0,26.01006,25.3819,26.99186,24.71681,24.44499
15512,2014-06-12 02:00:00,0.0,24.73883,26.01006,25.3819,26.99186,24.71681
15513,2014-06-12 02:15:00,0.0,25.44853,24.73883,26.01006,25.3819,26.99186
15514,2014-06-12 02:30:00,0.0,24.81683,25.44853,24.73883,26.01006,25.3819
15515,2014-06-12 02:45:00,0.0,28.34305,24.81683,25.44853,24.73883,26.01006
15516,2014-06-12 03:00:00,0.0,26.08489,28.34305,24.81683,25.44853,24.73883
15517,2014-06-12 03:15:00,0.0,26.58062,26.08489,28.34305,24.81683,25.44853
15518,2014-06-12 03:30:00,0.0,24.13512,26.58062,26.08489,28.34305,24.81683
15519,2014-06-12 03:45:00,0.0,25.5557,24.13512,26.58062,26.08489,28.34305
15520,2014-06-12 04:00:00,0.0,26.32337,25.5557,24.13512,26.58062,26.08489
15521,2014-06-12 04:15:00,0.0,25.35853,26.32337,25.5557,24.13512,26.58062
15522,2014-06-12 04:30:00,0.0,27.42079,25.35853,26.32337,25.5557,24.13512
15523,2014-06-12 04:45:00,0.0,28.08334,27.42079,25.35853,26.32337,25.5557
15524,2014-06-12 05:00:00,0.0,24.35363,28.08334,27.42079,25.35853,26.32337
15525,2014-06-12 05:15:00,0.0,24.73667,24.35363,28.08334,27.42079,25.35853
15526,2014-06-12 05:30:00,0.0,24.75671,24.73667,24.35363,28.08334,27.42079
15527,2014-06-12 05:45:00,0.0,27.36921,24.75671,24.73667,24.35363,28.08334
15528,2014-06-12 06:00:00,0.0,26.19719,27.36921,24.75671,24.73667,24.35363
15529,2014-06-12 06:15:00,0.0,30.61674,26.19719,27.36921,24.75671,24.73667
15530,2014-06-12 06:30:00,0.0,30.3424,30.61674,26.19719,27.36921,24.75671
15531,2014-06-12 06:45:00,0.0,28.92235,30.3424,30.61674,26.19719,27.36921
15532,2014-06-12 07:00:00,0.0,29.07848,28.92235,30.3424,30.61674,26.19719
15533,2014-06-12 07:15:00,0.0,30.755,29.07848,28.92235,30.3424,30.61674
15534,2014-06-12 07:30:00,0.0,26.87094,30.755,29.07848,28.92235,30.3424
15535,2014-06-12 07:45:00,0.0,29.58194,26.87094,30.755,29.07848,28.92235
15536,2014-06-12 08:00:00,0.0,30.45678,29.58194,26.87094,30.755,29.07848
15537,2014-06-12 08:15:00,0.0,29.94622,30.45678,29.58194,26.87094,30.755
15538,2014-06-12 08:30:00,0.0,30.43674,29.94622,30.45678,29.58194,26.87094
15539,2014-06-12 08:45:00,0.0,28.08839,30.43674,29.94622,30.45678,29.58194
15540,2014-06-12 09:00:00,0.0,32.52102,28.08839,30.43674,29.94622,30.45678
15541,2014-06-12 09:15:00,0.0,29.05758,32.52102,28.08839,30.43674,29.94622
15542,2014-06-12 09:30:00,0.0,34.42696,29.05758,32.52102,28.08839,30.43674
15543,2014-06-12 09:45:00,0.0,33.13294,34.42696,29.05758,32.52102,28.08839
15544,2014-06-12 10:00:00,0.0,33.94202,33.13294,34.42696,29.05758,32.52102
15545,2014-06-12 10:15:00,0.0,31.92012,33.94202,33.13294,34.42696,29.05758
15546,2014-06-12 10:30:00,0.0,31.96871,31.92012,33.94202,33.13294,34.42696
15547,2014-06-12 10:45:00,0.0,32.87746,31.96871,31.92012,33.94202,33.13294
15548,2014-06-12 11:00:00,0.0,32.55036,32.87746,31.96871,31.92012,33.94202
15549,2014-06-12 11:15:00,0.0,34.96791,32.55036,32.87746,31.96871,31.92012
15550,2014-06-12 11:30:00,0.0,34.14925,34.96791,32.55036,32.87746,31.96871
15551,2014-06-12 11:45:00,0.0,34.47716,34.14925,34.96791,32.55036,32.87746
15552,2014-06-12 12:00:00,0.0,32.14296,34.47716,34.14925,34.96791,32.55036
15553,2014-06-12 12:15:00,0.0,35.74967,32.14296,34.47716,34.14925,34.96791
15554,2014-06-12 12:30:00,0.0,35.54689,35.74967,32.14296,34.47716,34.14925
15555,2014-06-12 12:45:00,0.0,32.32224,35.54689,35.74967,32.14296,34.47716
15556,2014-06-12 13:00:00,0.0,33.42314,32.32224,35.54689,35.74967,32.14296
15557,2014-06-12 13:15:00,0.0,33.18856,33.42314,32.32224,35.54689,35.74967
15558,2014-06-12 13:30:00,0.0,35.76097,33.18856,33.42314,32.32224,35.54689
15559,2014-06-12 13:45:00,0.0,37.09125,35.76097,33.18856,33.42314,32.32224
15560,2014-06-12 14:00:00,0.0,35.24852,37.09125,35.76097,33.18856,33.42314
15561,2014-06-12 14:15:00,0.0,34.02156,35.24852,37.09125,35.76097,33.18856
15562,2014-06-12 14:30:00,0.0,35.73504,34.02156,35.24852,37.09125,35.76097
15563,2014-06-12 14:45:00,0.0,37.70335,35.73504,34.02156,35.24852,37.09125
15564,2014-06-12 15:00:00,0.0,40.5421,37.70335,35.73504,34.02156,35.24852
15565,2014-06-12 15:15:00,0.0,39.1166,40.5421,37.70335,35.73504,34.02156
15566,2014-06-12 15:30:00,0.0,36.04734,39.1166,40.5421,37.70335,35.73504
15567,2014-06-12 15:45:00,0.0,35.40644,36.04734,39.1166,40.5421,37.70335
15568,2014-06-12 16:00:00,0.0,35.42457,35.40644,36.04734,39.1166,40.5421
15569,2014-06-12 16:15:00,0.0,36.32778,35.42457,35.40644,36.04734,39.1166
15570,2014-06-12 16:30:00,0.0,37.60263,36.32778,35.42457,35.40644,36.04734
15571,2014-06-12 16:45:00,0.0,34.76062,37.60263,36.32778,35.42457,35.40644
15572,2014-06-12 17:00:00,0.0,37.20395,34.76062,37.60263,36.32778,35.42457
15573,2014-06-12 17:15:00,0.0,39.06762,37.20395,34.76062,37.60263,36.32778
15574,2014-06-12 17:30:00,0.0,37.81034,39.06762,37.20395,34.76062,37.60263
15575,2014-06-12 17:45:00,0.0,34.14475,37.81034,39.06762,37.20395,34.76062
15576,2014-06-12 18:00:00,0.0,35.21464,34.14475,37.81034,39.06762,37.20395
15577,2014-06-12 18:15:00,0.0,34.62622,35.21464,34.14475,37.81034,39.06762
15578,2014-06-12 18:30:00,0.0,33.1758,34.62622,35.21464,34.14475,37.81034
15579,2014-06-12 18:45:00,0.0,32.47531,33.1758,34.62622,35.21464,34.14475
15580,2014-06-12 19:00:00,0.0,34.36275,32.47531,33.1758,34.62622,35.21464
15581,2014-06-12 19:15:00,0.0,32.58101,34.36275,32.47531,33.1758,34.62622
15582,2014-06-12 19:30:00,0.0,32.2765,32.58101,34.36275,32.47531,33.1758
15583,2014-06-12 19:45:00,0.0,28.34009,32.2765,32.58101,34.36275,32.47531
15584,2014-06-12 20:00:00,0.0,28.33781,28.34009,32.2765,32.58101,34.36275
15585,2014-06-12 20:15:00,0.0,28.46054,28.33781,28.34009,32.2765,32.58101
15586,2014-06-12 20:30:00,0.0,30.05623,28.46054,28.33781,28.34009,32.2765
15587,2014-06-12 20:45:00,0.0,29.89661,30.05623,28.46054,28.33781,28.34009
15588,2014-06-12 21:00:00,0.0,31.48995,29.89661,30.05623,28.46054,28.33781
15589,2014-06-12 21:15:00,0.0,29.82666,31.48995,29.89661,30.05623,28.46054
15590,2014-06-12 21:30:00,0.0,27.74329,29.82666,31.48995,29.89661,30.05623
15591,2014-06-12 21:45:00,0.0,27.40508,27.74329,29.82666,31.48995,29.89661
15592,2014-06-12 22:00:00,0.0,28.83722,27.40508,27.74329,29.82666,31.48995
15593,2014-06-12 22:15:00,0.0,28.35126,28.83722,27.40508,27.74329,29.82666
15594,2014-06-12 22:30:00,0.0,26.48626,28.35126,28.83722,27.40508,27.74329
15595,2014-06-12 22:45:00,0.0,30.70852,26.48626,28.35126,28.83722,27.40508
15596,2014-06-12 23:00:00,0.0,28.3998,30.70852,26.48626,28.35126,28.83722
15597,2014-06-12 23:15:00,0.0,27.34647,28.3998,30.70852,26.48626,28.35126
15598,2014-06-12 23:30:00,0.0,25.76777,27.34647,28.3998,30.70852,26.48626
15599,2014-06-12 23:45:00,0.0,26.28704,25.76777,27.34647,28.3998,30.70852
15600,2014-06-13 00:00:00,0.0,25.76624,26.28704,25.76777,27.34647,28.3998
15601,2014-06-13 00:15:00,0.0,23.6673,25.76624,26.28704,25.76777,27.34647
15602,2014-06-13 00:30:00,0.0,25.5336,23.6673,25.76624,26.28704,25.76777
15603,2014-06-13 00:45:00,0.0,27.53009,25.5336,23.6673,25.76624,26.28704
15604,2014-06-13 01:00:00,0.0,27.83229,27.53009,25.5336,23.6673,25.76624
15605,2014-06-13 01:15:00,0.0,24.13787,27.83229,27.53009,25.5336,23.6673
15606,2014-06-13 01:30:00,0.0,27.4059,24.13787,27.83229,27.53009,25.5336
15607,2014-06-13 01:45:00,0.0,25.52204,27.4059,24.13787,27.83229,27.53009
15608,2014-06-13 02:00:00,0.0,25.48933,25.52204,27.4059,24.13787,27.83229
15609,2014-06-13 02:15:00,0.0,25.77504,25.48933,25.52204,27.4059,24.13787
15610,2014-06-13 02:30:00,0.0,27.71012,25.77504,25.48933,25.52204,27.4059
15611,2014-06-13 02:45:00,0.0,26.92027,27.71012,25.77504,25.48933,25.52204
15612,2014-06-13 03:00:00,0.0,26.40406,26.92027,27.71012,25.77504,25.48933
15613,2014-06-13 03:15:00,0.0,26.45558,26.40406,26.92027,27.71012,25.77504
15614,2014-06-13 03:30:00,0.0,27.06203,26.45558,26.40406,26.92027,27.71012
15615,2014-06-13 03:45:00,0.0,27.76821,27.06203,26.45558,26.40406,26.92027
15616,2014-06-13 04:00:00,0.0,28.95191,27.76821,27.06203,26.45558,26.40406
15617,2014-06-13 04:15:00,0.0,28.46079,28.95191,27.76821,27.06203,26.45558
15618,2014-06-13 04:30:00,0.0,28.8395,28.46079,28.95191,27.76821,27.06203
15619,2014-06-13 04:45:00,0.0,26.36153,28.8395,28.46079,28.95191,27.76821
15620,2014-06-13 05:00:00,0.0,28.10579,26.36153,28.8395,28.46079,28.95191
15621,2014-06-13 05:15:00,0.0,25.98555,28.10579,26.36153,28.8395,28.46079
15622,2014-06-13 05:30:00,0.0,26.95533,25.98555,28.10579,26.36153,28.8395
15623,2014-06-13 05:45:00,0.0,28.48749,26.95533,25.98555,28.10579,26.36153
15624,2014-06-13 06:00:00,0.0,28.84186,28.48749,26.95533,25.98555,28.10579
15625,2014-06-13 06:15:00,0.0,30.41814,28.84186,28.48749,26.95533,25.98555
15626,2014-06-13 06:30:00,0.0,29.75019,30.41814,28.84186,28.48749,26.95533
15627,2014-06-13 06:45:00,0.0,28.75991,29.75019,30.41814,28.84186,28.48749
15628,2014-06-13 07:00:00,0.0,30.57085,28.75991,29.75019,30.41814,28.84186
15629,2014-06-13 07:15:00,0.0,29.61237,30.57085,28.75991,29.75019,30.41814
15630,2014-06-13 07:30:00,0.0,31.46362,29.61237,30.57085,28.75991,29.75019
15631,2014-06-13 07:45:00,0.0,34.18899,31.46362,29.61237,30.57085,28.75991
15632,2014-06-13 08:00:00,0.0,30.54369,34.18899,31.46362,29.61237,30.57085
15633,2014-06-13 08:15:00,0.0,32.11029,30.54369,34.18899,31.46362,29.61237
15634,2014-06-13 08:30:00,0.0,30.94521,32.11029,30.54369,34.18899,31.46362
15635,2014-06-13 08:45:00,0.0,33.15207,30.94521,32.11029,30.54369,34.18899
15636,2014-06-13 09:00:00,0.0,31.69141,33.15207,30.94521,32.11029,30.54369
15637,2014-06-13 09:15:00,0.0,34.00554,31.69141,33.15207,30.94521,32.11029
15638,2014-06-13 09:30:00,0.0,35.47903,34.00554,31.69141,33.15207,30.94521
15639,2014-06-13 09:45:00,0.0,33.73575,35.47903,34.00554,31.69141,33.15207
15640,2014-06-13 10:00:00,0.0,32.90417,33.73575,35.47903,34.00554,31.69141
15641,2014-06-13 10:15:00,0.0,31.09201,32.90417,33.73575,35.47903,34.00554
15642,2014-06-13 10:30:00,0.0,36.24169,31.09201,32.90417,33.73575,35.47903
15643,2014-06-13 10:45:00,0.0,36.64472,36.24169,31.09201,32.90417,33.73575
15644,2014-06-13 11:00:00,0.0,36.65384,36.64472,36.24169,31.09201,32.90417
15645,2014-06-13 11:15:00,0.0,38.21417,36.65384,36.64472,36.24169,31.09201
15646,2014-06-13 11:30:00,0.0,38.61635,38.21417,36.65384,36.64472,36.24169
15647,2014-06-13 11:45:00,0.0,40.8309,38.61635,38.21417,36.65384,36.64472
15648,2014-06-13 12:00:00,0.0,40.14963,40.8309,38.61635,38.21417,36.65384
15649,2014-06-13 12:15:00,0.0,39.94491,40.14963,40.8309,38.61635,38.21417
15650,2014-06-13 12:30:00,0.0,40.85664,39.94491,40.14963,40.8309,38.61635
15651,2014-06-13 12:45:00,0.0,39.16633,40.85664,39.94491,40.14963,40.8309
15652,2014-06-13 13:00:00,0.0,40.27829,39.16633,40.85664,39.94491,40.14963
15653,2014-06-13 13:15:00,0.0,39.71059,40.27829,39.16633,40.85664,39.94491
15654,2014-06-13 13:30:00,0.0,40.77007,39.71059,40.27829,39.16633,40.85664
15655,2014-06-13 13:45:00,0.0,41.68247,40.77007,39.71059,40.27829,39.16633
15656,2014-06-13 14:00:00,0.0,41.61774,41.68247,40.77007,39.71059,40.27829
15657,2014-06-13 14:15:00,0.0,43.05489,41.61774,41.68247,40.77007,39.71059
15658,2014-06-13 14:30:00,0.0,40.33751,43.05489,41.61774,41.68247,40.77007
15659,2014-06-13 14:45:00,0.0,40.08616,40.33751,43.05489,41.61774,41.68247
15660,2014-06-13 15:00:00,0.0,38.41461,40.08616,40.33751,43.05489,41.61774
15661,2014-06-13 15:15:00,0.0,39.74197,38.41461,40.08616,40.33751,43.05489
15662,2014-06-13 15:30:00,0.0,42.27206,39.74197,38.41461,40.08616,40.33751
15663,2014-06-13 15:45:00,0.0,40.75897,42.27206,39.74197,38.41461,40.08616
15664,2014-06-13 16:00:00,0.0,40.22952,40.75897,42.27206,39.74197,38.41461
15665,2014-06-13 16:15:00,0.0,40.27809,40.22952,40.75897,42.27206,39.74197
15666,2014-06-13 16:30:00,0.0,41.36288,40.27809,40.22952,40.75897,42.27206
15667,2014-06-13 16:45:00,0.0,42.73721,41.36288,40.27809,40.22952,40.75897
15668,2014-06-13 17:00:00,0.0,42.71105,42.73721,41.36288,40.27809,40.22952
15669,2014-06-13 17:15:00,0.0,44.09303,42.71105,42.73721,41.36288,40.27809
15670,2014-06-13 17:30:00,0.0,40.92897,44.09303,42.71105,42.73721,41.36288
15671,2014-06-13 17:45:00,0.0,44.17609,40.92897,44.09303,42.71105,42.73721
15672,2014-06-13 18:00:00,0.0,42.36115,44.17609,40.92897,44.09303,42.71105
15673,2014-06-13 18:15:00,0.0,36.98956,42.36115,44.17609,40.92897,44.09303
15674,2014-06-13 18:30:00,0.0,34.67072,36.98956,42.36115,44.17609,40.92897
15675,2014-06-13 18:45:00,0.0,39.12684,34.67072,36.98956,42.36115,44.17609
15676,2014-06-13 19:00:00,0.0,36.80434,39.12684,34.67072,36.98956,42.36115
15677,2014-06-13 19:15:00,0.0,35.76689,36.80434,39.12684,34.67072,36.98956
15678,2014-06-13 19:30:00,0.0,32.99372,35.76689,36.80434,39.12684,34.67072
15679,2014-06-13 19:45:00,0.0,34.77376,32.99372,35.76689,36.80434,39.12684
15680,2014-06-13 20:00:00,0.0,33.10598,34.77376,32.99372,35.76689,36.80434
15681,2014-06-13 20:15:00,0.0,33.78894,33.10598,34.77376,32.99372,35.76689
15682,2014-06-13 20:30:00,0.0,31.97135,33.78894,33.10598,34.77376,32.99372
15683,2014-06-13 20:45:00,0.0,31.37167,31.97135,33.78894,33.10598,34.77376
15684,2014-06-13 21:00:00,0.0,29.16421,31.37167,31.97135,33.78894,33.10598
15685,2014-06-13 21:15:00,0.0,29.8714,29.16421,31.37167,31.97135,33.78894
15686,2014-06-13 21:30:00,0.0,26.58322,29.8714,29.16421,31.37167,31.97135
15687,2014-06-13 21:45:00,0.0,28.4462,26.58322,29.8714,29.16421,31.37167
15688,2014-06-13 22:00:00,0.0,27.725,28.4462,26.58322,29.8714,29.16421
15689,2014-06-13 22:15:00,0.0,29.8767,27.725,28.4462,26.58322,29.8714
15690,2014-06-13 22:30:00,0.0,26.36886,29.8767,27.725,28.4462,26.58322
15691,2014-06-13 22:45:00,0.0,28.4603,26.36886,29.8767,27.725,28.4462
15692,2014-06-13 23:00:00,0.0,27.50242,28.4603,26.36886,29.8767,27.725
15693,2014-06-13 23:15:00,0.0,25.05117,27.50242,28.4603,26.36886,29.8767
15694,2014-06-13 23:30:00,0.0,26.78356,25.05117,27.50242,28.4603,26.36886
15695,2014-06-13 23:45:00,0.0,27.55254,26.78356,25.05117,27.50242,28.4603
15696,2014-06-14 00:00:00,0.0,27.34786,27.55254,26.78356,25.05117,27.50242
15697,2014-06-14 00:15:00,0.0,23.56934,27.34786,27.55254,26.78356,25.05117
15698,2014-06-14 00:30:00,0.0,25.79676,23.56934,27.34786,27.55254,26.78356
15699,2014-06-14 00:45:00,0.0,24.32212,25.79676,23.56934,27.34786,27.55254
15700,2014-06-14 01:00:00,0.0,25.21555,24.32212,25.79676,23.56934,27.34786
15701,2014-06-14 01:15:00,0.0,22.92546,25.21555,24.32212,25.79676,23.56934
15702,2014-06-14 01:30:00,0.0,26.85276,22.92546,25.21555,24.32212,25.79676
15703,2014-06-14 01:45:00,0.0,27.1445,26.85276,22.92546,25.21555,24.32212
15704,2014-06-14 02:00:00,0.0,23.90714,27.1445,26.85276,22.92546,25.21555
15705,2014-06-14 02:15:00,0.0,22.55393,23.90714,27.1445,26.85276,22.92546
15706,2014-06-14 02:30:00,0.0,25.6839,22.55393,23.90714,27.1445,26.85276
15707,2014-06-14 02:45:00,0.0,24.94499,25.6839,22.55393,23.90714,27.1445
15708,2014-06-14 03:00:00,0.0,24.31872,24.94499,25.6839,22.55393,23.90714
15709,2014-06-14 03:15:00,0.0,25.59962,24.31872,24.94499,25.6839,22.55393
15710,2014-06-14 03:30:00,0.0,25.83484,25.59962,24.31872,24.94499,25.6839
15711,2014-06-14 03:45:00,0.0,28.00615,25.83484,25.59962,24.31872,24.94499
15712,2014-06-14 04:00:00,0.0,25.4891,28.00615,25.83484,25.59962,24.31872
15713,2014-06-14 04:15:00,0.0,26.0846,25.4891,28.00615,25.83484,25.59962
15714,2014-06-14 04:30:00,0.0,24.03272,26.0846,25.4891,28.00615,25.83484
15715,2014-06-14 04:45:00,0.0,25.39503,24.03272,26.0846,25.4891,28.00615
15716,2014-06-14 05:00:00,0.0,25.68489,25.39503,24.03272,26.0846,25.4891
15717,2014-06-14 05:15:00,0.0,25.61485,25.68489,25.39503,24.03272,26.0846
15718,2014-06-14 05:30:00,0.0,25.3554,25.61485,25.68489,25.39503,24.03272
15719,2014-06-14 05:45:00,0.0,26.66553,25.3554,25.61485,25.68489,25.39503
15720,2014-06-14 06:00:00,0.0,26.32965,26.66553,25.3554,25.61485,25.68489
15721,2014-06-14 06:15:00,0.0,23.3502,26.32965,26.66553,25.3554,25.61485
15722,2014-06-14 06:30:00,0.0,25.22665,23.3502,26.32965,26.66553,25.3554
15723,2014-06-14 06:45:00,0.0,23.48475,25.22665,23.3502,26.32965,26.66553
15724,2014-06-14 07:00:00,0.0,22.48404,23.48475,25.22665,23.3502,26.32965
15725,2014-06-14 07:15:00,0.0,24.42796,22.48404,23.48475,25.22665,23.3502
15726,2014-06-14 07:30:00,0.0,24.00612,24.42796,22.48404,23.48475,25.22665
15727,2014-06-14 07:45:00,0.0,26.13537,24.00612,24.42796,22.48404,23.48475
15728,2014-06-14 08:00:00,0.0,28.01644,26.13537,24.00612,24.42796,22.48404
15729,2014-06-14 08:15:00,0.0,26.03225,28.01644,26.13537,24.00612,24.42796
15730,2014-06-14 08:30:00,0.0,27.55438,26.03225,28.01644,26.13537,24.00612
15731,2014-06-14 08:45:00,0.0,26.5695,27.55438,26.03225,28.01644,26.13537
15732,2014-06-14 09:00:00,0.0,27.4601,26.5695,27.55438,26.03225,28.01644
15733,2014-06-14 09:15:00,0.0,27.71931,27.4601,26.5695,27.55438,26.03225
15734,2014-06-14 09:30:00,0.0,29.87374,27.71931,27.4601,26.5695,27.55438
15735,2014-06-14 09:45:00,0.0,30.1633,29.87374,27.71931,27.4601,26.5695
15736,2014-06-14 10:00:00,0.0,31.47139,30.1633,29.87374,27.71931,27.4601
15737,2014-06-14 10:15:00,0.0,32.40346,31.47139,30.1633,29.87374,27.71931
15738,2014-06-14 10:30:00,0.0,35.27129,32.40346,31.47139,30.1633,29.87374
15739,2014-06-14 10:45:00,0.0,33.99278,35.27129,32.40346,31.47139,30.1633
15740,2014-06-14 11:00:00,0.0,33.48158,33.99278,35.27129,32.40346,31.47139
15741,2014-06-14 11:15:00,0.0,34.76509,33.48158,33.99278,35.27129,32.40346
15742,2014-06-14 11:30:00,0.0,32.88569,34.76509,33.48158,33.99278,35.27129
15743,2014-06-14 11:45:00,0.0,33.4277,32.88569,34.76509,33.48158,33.99278
15744,2014-06-14 12:00:00,0.0,35.33231,33.4277,32.88569,34.76509,33.48158
15745,2014-06-14 12:15:00,0.0,29.20965,35.33231,33.4277,32.88569,34.76509
15746,2014-06-14 12:30:00,0.0,32.45634,29.20965,35.33231,33.4277,32.88569
15747,2014-06-14 12:45:00,0.0,32.25813,32.45634,29.20965,35.33231,33.4277
15748,2014-06-14 13:00:00,0.0,29.70347,32.25813,32.45634,29.20965,35.33231
15749,2014-06-14 13:15:00,0.0,31.98564,29.70347,32.25813,32.45634,29.20965
15750,2014-06-14 13:30:00,0.0,30.87682,31.98564,29.70347,32.25813,32.45634
15751,2014-06-14 13:45:00,0.0,33.63638,30.87682,31.98564,29.70347,32.25813
15752,2014-06-14 14:00:00,0.0,31.74634,33.63638,30.87682,31.98564,29.70347
15753,2014-06-14 14:15:00,0.0,32.08335,31.74634,33.63638,30.87682,31.98564
15754,2014-06-14 14:30:00,0.0,32.56032,32.08335,31.74634,33.63638,30.87682
15755,2014-06-14 14:45:00,0.0,34.15613,32.56032,32.08335,31.74634,33.63638
15756,2014-06-14 15:00:00,0.0,34.67377,34.15613,32.56032,32.08335,31.74634
15757,2014-06-14 15:15:00,0.0,31.71789,34.67377,34.15613,32.56032,32.08335
15758,2014-06-14 15:30:00,0.0,29.49735,31.71789,34.67377,34.15613,32.56032
15759,2014-06-14 15:45:00,0.0,33.19294,29.49735,31.71789,34.67377,34.15613
15760,2014-06-14 16:00:00,0.0,31.34396,33.19294,29.49735,31.71789,34.67377
15761,2014-06-14 16:15:00,0.0,31.82874,31.34396,33.19294,29.49735,31.71789
15762,2014-06-14 16:30:00,0.0,34.44541,31.82874,31.34396,33.19294,29.49735
15763,2014-06-14 16:45:00,0.0,29.18188,34.44541,31.82874,31.34396,33.19294
15764,2014-06-14 17:00:00,0.0,33.96267,29.18188,34.44541,31.82874,31.34396
15765,2014-06-14 17:15:00,0.0,29.28989,33.96267,29.18188,34.44541,31.82874
15766,2014-06-14 17:30:00,0.0,32.84141,29.28989,33.96267,29.18188,34.44541
15767,2014-06-14 17:45:00,0.0,28.10605,32.84141,29.28989,33.96267,29.18188
15768,2014-06-14 18:00:00,0.0,31.5838,28.10605,32.84141,29.28989,33.96267
15769,2014-06-14 18:15:00,0.0,29.31606,31.5838,28.10605,32.84141,29.28989
15770,2014-06-14 18:30:00,0.0,30.16475,29.31606,31.5838,28.10605,32.84141
15771,2014-06-14 18:45:00,0.0,30.03306,30.16475,29.31606,31.5838,28.10605
15772,2014-06-14 19:00:00,0.0,31.26395,30.03306,30.16475,29.31606,31.5838
15773,2014-06-14 19:15:00,0.0,29.93742,31.26395,30.03306,30.16475,29.31606
15774,2014-06-14 19:30:00,0.0,25.72667,29.93742,31.26395,30.03306,30.16475
15775,2014-06-14 19:45:00,0.0,27.65872,25.72667,29.93742,31.26395,30.03306
15776,2014-06-14 20:00:00,0.0,26.10302,27.65872,25.72667,29.93742,31.26395
15777,2014-06-14 20:15:00,0.0,26.4679,26.10302,27.65872,25.72667,29.93742
15778,2014-06-14 20:30:00,0.0,25.77356,26.4679,26.10302,27.65872,25.72667
15779,2014-06-14 20:45:00,0.0,27.69494,25.77356,26.4679,26.10302,27.65872
15780,2014-06-14 21:00:00,0.0,27.52006,27.69494,25.77356,26.4679,26.10302
15781,2014-06-14 21:15:00,0.0,28.4944,27.52006,27.69494,25.77356,26.4679
15782,2014-06-14 21:30:00,0.0,27.45829,28.4944,27.52006,27.69494,25.77356
15783,2014-06-14 21:45:00,0.0,26.1978,27.45829,28.4944,27.52006,27.69494
15784,2014-06-14 22:00:00,0.0,27.70048,26.1978,27.45829,28.4944,27.52006
15785,2014-06-14 22:15:00,0.0,28.13894,27.70048,26.1978,27.45829,28.4944
15786,2014-06-14 22:30:00,0.0,27.94871,28.13894,27.70048,26.1978,27.45829
15787,2014-06-14 22:45:00,0.0,28.29342,27.94871,28.13894,27.70048,26.1978
15788,2014-06-14 23:00:00,0.0,27.75389,28.29342,27.94871,28.13894,27.70048
15789,2014-06-14 23:15:00,0.0,25.45515,27.75389,28.29342,27.94871,28.13894
15790,2014-06-14 23:30:00,0.0,26.47649,25.45515,27.75389,28.29342,27.94871
15791,2014-06-14 23:45:00,0.0,24.93425,26.47649,25.45515,27.75389,28.29342
15792,2014-06-15 00:00:00,0.0,22.20687,24.93425,26.47649,25.45515,27.75389
15793,2014-06-15 00:15:00,0.0,22.13574,22.20687,24.93425,26.47649,25.45515
15794,2014-06-15 00:30:00,0.0,24.94733,22.13574,22.20687,24.93425,26.47649
15795,2014-06-15 00:45:00,0.0,24.20956,24.94733,22.13574,22.20687,24.93425
15796,2014-06-15 01:00:00,0.0,26.73778,24.20956,24.94733,22.13574,22.20687
15797,2014-06-15 01:15:00,0.0,25.51512,26.73778,24.20956,24.94733,22.13574
15798,2014-06-15 01:30:00,0.0,25.90963,25.51512,26.73778,24.20956,24.94733
15799,2014-06-15 01:45:00,0.0,26.24368,25.90963,25.51512,26.73778,24.20956
15800,2014-06-15 02:00:00,0.0,26.0606,26.24368,25.90963,25.51512,26.73778
15801,2014-06-15 02:15:00,0.0,24.96566,26.0606,26.24368,25.90963,25.51512
15802,2014-06-15 02:30:00,0.0,25.05482,24.96566,26.0606,26.24368,25.90963
15803,2014-06-15 02:45:00,0.0,24.43286,25.05482,24.96566,26.0606,26.24368
15804,2014-06-15 03:00:00,0.0,26.50971,24.43286,25.05482,24.96566,26.0606
15805,2014-06-15 03:15:00,0.0,26.46938,26.50971,24.43286,25.05482,24.96566
15806,2014-06-15 03:30:00,0.0,27.50055,26.46938,26.50971,24.43286,25.05482
15807,2014-06-15 03:45:00,0.0,24.61557,27.50055,26.46938,26.50971,24.43286
15808,2014-06-15 04:00:00,0.0,24.0504,24.61557,27.50055,26.46938,26.50971
15809,2014-06-15 04:15:00,0.0,26.04126,24.0504,24.61557,27.50055,26.46938
15810,2014-06-15 04:30:00,0.0,26.21933,26.04126,24.0504,24.61557,27.50055
15811,2014-06-15 04:45:00,0.0,25.44072,26.21933,26.04126,24.0504,24.61557
15812,2014-06-15 05:00:00,0.0,25.87202,25.44072,26.21933,26.04126,24.0504
15813,2014-06-15 05:15:00,0.0,27.22983,25.87202,25.44072,26.21933,26.04126
15814,2014-06-15 05:30:00,0.0,24.60434,27.22983,25.87202,25.44072,26.21933
15815,2014-06-15 05:45:00,0.0,27.2627,24.60434,27.22983,25.87202,25.44072
15816,2014-06-15 06:00:00,0.0,25.48704,27.2627,24.60434,27.22983,25.87202
15817,2014-06-15 06:15:00,0.0,24.03858,25.48704,27.2627,24.60434,27.22983
15818,2014-06-15 06:30:00,0.0,25.98201,24.03858,25.48704,27.2627,24.60434
15819,2014-06-15 06:45:00,0.0,27.05263,25.98201,24.03858,25.48704,27.2627
15820,2014-06-15 07:00:00,0.0,27.82462,27.05263,25.98201,24.03858,25.48704
15821,2014-06-15 07:15:00,0.0,28.92819,27.82462,27.05263,25.98201,24.03858
15822,2014-06-15 07:30:00,0.0,27.2339,28.92819,27.82462,27.05263,25.98201
15823,2014-06-15 07:45:00,0.0,30.19673,27.2339,28.92819,27.82462,27.05263
15824,2014-06-15 08:00:00,0.0,28.59037,30.19673,27.2339,28.92819,27.82462
15825,2014-06-15 08:15:00,0.0,24.84836,28.59037,30.19673,27.2339,28.92819
15826,2014-06-15 08:30:00,0.0,28.64871,24.84836,28.59037,30.19673,27.2339
15827,2014-06-15 08:45:00,0.0,28.18431,28.64871,24.84836,28.59037,30.19673
15828,2014-06-15 09:00:00,0.0,28.87146,28.18431,28.64871,24.84836,28.59037
15829,2014-06-15 09:15:00,0.0,27.93377,28.87146,28.18431,28.64871,24.84836
15830,2014-06-15 09:30:00,0.0,26.8496,27.93377,28.87146,28.18431,28.64871
15831,2014-06-15 09:45:00,0.0,28.36668,26.8496,27.93377,28.87146,28.18431
15832,2014-06-15 10:00:00,0.0,28.49576,28.36668,26.8496,27.93377,28.87146
15833,2014-06-15 10:15:00,0.0,25.46431,28.49576,28.36668,26.8496,27.93377
15834,2014-06-15 10:30:00,0.0,27.64867,25.46431,28.49576,28.36668,26.8496
15835,2014-06-15 10:45:00,0.0,29.37433,27.64867,25.46431,28.49576,28.36668
15836,2014-06-15 11:00:00,0.0,25.19454,29.37433,27.64867,25.46431,28.49576
15837,2014-06-15 11:15:00,0.0,26.47653,25.19454,29.37433,27.64867,25.46431
15838,2014-06-15 11:30:00,0.0,26.95584,26.47653,25.19454,29.37433,27.64867
15839,2014-06-15 11:45:00,0.0,27.51824,26.95584,26.47653,25.19454,29.37433
15840,2014-06-15 12:00:00,0.0,26.88415,27.51824,26.95584,26.47653,25.19454
15841,2014-06-15 12:15:00,0.0,28.51489,26.88415,27.51824,26.95584,26.47653
15842,2014-06-15 12:30:00,0.0,28.25526,28.51489,26.88415,27.51824,26.95584
15843,2014-06-15 12:45:00,0.0,24.76464,28.25526,28.51489,26.88415,27.51824
15844,2014-06-15 13:00:00,0.0,25.74471,24.76464,28.25526,28.51489,26.88415
15845,2014-06-15 13:15:00,0.0,27.32059,25.74471,24.76464,28.25526,28.51489
15846,2014-06-15 13:30:00,0.0,30.78821,27.32059,25.74471,24.76464,28.25526
15847,2014-06-15 13:45:00,0.0,27.41953,30.78821,27.32059,25.74471,24.76464
15848,2014-06-15 14:00:00,0.0,28.20189,27.41953,30.78821,27.32059,25.74471
15849,2014-06-15 14:15:00,0.0,30.34462,28.20189,27.41953,30.78821,27.32059
15850,2014-06-15 14:30:00,0.0,31.46564,30.34462,28.20189,27.41953,30.78821
15851,2014-06-15 14:45:00,0.0,29.44761,31.46564,30.34462,28.20189,27.41953
15852,2014-06-15 15:00:00,0.0,27.12174,29.44761,31.46564,30.34462,28.20189
15853,2014-06-15 15:15:00,0.0,30.68911,27.12174,29.44761,31.46564,30.34462
15854,2014-06-15 15:30:00,0.0,26.9105,30.68911,27.12174,29.44761,31.46564
15855,2014-06-15 15:45:00,0.0,29.39186,26.9105,30.68911,27.12174,29.44761
15856,2014-06-15 16:00:00,0.0,30.06752,29.39186,26.9105,30.68911,27.12174
15857,2014-06-15 16:15:00,0.0,28.3059,30.06752,29.39186,26.9105,30.68911
15858,2014-06-15 16:30:00,0.0,27.1153,28.3059,30.06752,29.39186,26.9105
15859,2014-06-15 16:45:00,0.0,29.51119,27.1153,28.3059,30.06752,29.39186
15860,2014-06-15 17:00:00,0.0,27.99354,29.51119,27.1153,28.3059,30.06752
15861,2014-06-15 17:15:00,0.0,27.28856,27.99354,29.51119,27.1153,28.3059
15862,2014-06-15 17:30:00,0.0,27.13572,27.28856,27.99354,29.51119,27.1153
15863,2014-06-15 17:45:00,0.0,26.69368,27.13572,27.28856,27.99354,29.51119
15864,2014-06-15 18:00:00,0.0,28.25395,26.69368,27.13572,27.28856,27.99354
15865,2014-06-15 18:15:00,0.0,27.45725,28.25395,26.69368,27.13572,27.28856
15866,2014-06-15 18:30:00,0.0,27.24821,27.45725,28.25395,26.69368,27.13572
15867,2014-06-15 18:45:00,0.0,27.60527,27.24821,27.45725,28.25395,26.69368
15868,2014-06-15 19:00:00,0.0,26.97441,27.60527,27.24821,27.45725,28.25395
15869,2014-06-15 19:15:00,0.0,24.50524,26.97441,27.60527,27.24821,27.45725
15870,2014-06-15 19:30:00,0.0,27.16408,24.50524,26.97441,27.60527,27.24821
15871,2014-06-15 19:45:00,0.0,25.5805,27.16408,24.50524,26.97441,27.60527
15872,2014-06-15 20:00:00,0.0,28.34553,25.5805,27.16408,24.50524,26.97441
15873,2014-06-15 20:15:00,0.0,26.25094,28.34553,25.5805,27.16408,24.50524
15874,2014-06-15 20:30:00,0.0,23.57867,26.25094,28.34553,25.5805,27.16408
15875,2014-06-15 20:45:00,0.0,26.74024,23.57867,26.25094,28.34553,25.5805
15876,2014-06-15 21:00:00,0.0,24.38006,26.74024,23.57867,26.25094,28.34553
15877,2014-06-15 21:15:00,0.0,23.99145,24.38006,26.74024,23.57867,26.25094
15878,2014-06-15 21:30:00,0.0,29.00534,23.99145,24.38006,26.74024,23.57867
15879,2014-06-15 21:45:00,0.0,27.33799,29.00534,23.99145,24.38006,26.74024
15880,2014-06-15 22:00:00,0.0,27.02915,27.33799,29.00534,23.99145,24.38006
15881,2014-06-15 22:15:00,0.0,26.76666,27.02915,27.33799,29.00534,23.99145
15882,2014-06-15 22:30:00,0.0,27.22107,26.76666,27.02915,27.33799,29.00534
15883,2014-06-15 22:45:00,0.0,28.46403,27.22107,26.76666,27.02915,27.33799
15884,2014-06-15 23:00:00,0.0,26.51065,28.46403,27.22107,26.76666,27.02915
15885,2014-06-15 23:15:00,0.0,26.32327,26.51065,28.46403,27.22107,26.76666
15886,2014-06-15 23:30:00,0.0,26.02389,26.32327,26.51065,28.46403,27.22107
15887,2014-06-15 23:45:00,0.0,27.57249,26.02389,26.32327,26.51065,28.46403
15888,2014-06-16 00:00:00,0.0,26.39361,27.57249,26.02389,26.32327,26.51065
15889,2014-06-16 00:15:00,0.0,25.71056,26.39361,27.57249,26.02389,26.32327
15890,2014-06-16 00:30:00,0.0,26.04905,25.71056,26.39361,27.57249,26.02389
15891,2014-06-16 00:45:00,0.0,25.82684,26.04905,25.71056,26.39361,27.57249
15892,2014-06-16 01:00:00,0.0,28.0151,25.82684,26.04905,25.71056,26.39361
15893,2014-06-16 01:15:00,0.0,25.70725,28.0151,25.82684,26.04905,25.71056
15894,2014-06-16 01:30:00,0.0,26.97543,25.70725,28.0151,25.82684,26.04905
15895,2014-06-16 01:45:00,0.0,26.92483,26.97543,25.70725,28.0151,25.82684
15896,2014-06-16 02:00:00,0.0,26.32289,26.92483,26.97543,25.70725,28.0151
15897,2014-06-16 02:15:00,0.0,26.91596,26.32289,26.92483,26.97543,25.70725
15898,2014-06-16 02:30:00,0.0,22.7959,26.91596,26.32289,26.92483,26.97543
15899,2014-06-16 02:45:00,0.0,26.61086,22.7959,26.91596,26.32289,26.92483
15900,2014-06-16 03:00:00,0.0,26.22709,26.61086,22.7959,26.91596,26.32289
15901,2014-06-16 03:15:00,0.0,27.41393,26.22709,26.61086,22.7959,26.91596
15902,2014-06-16 03:30:00,0.0,26.46077,27.41393,26.22709,26.61086,22.7959
15903,2014-06-16 03:45:00,0.0,27.68403,26.46077,27.41393,26.22709,26.61086
15904,2014-06-16 04:00:00,0.0,25.27631,27.68403,26.46077,27.41393,26.22709
15905,2014-06-16 04:15:00,0.0,27.18703,25.27631,27.68403,26.46077,27.41393
15906,2014-06-16 04:30:00,0.0,26.52475,27.18703,25.27631,27.68403,26.46077
15907,2014-06-16 04:45:00,0.0,28.30288,26.52475,27.18703,25.27631,27.68403
15908,2014-06-16 05:00:00,0.0,25.93099,28.30288,26.52475,27.18703,25.27631
15909,2014-06-16 05:15:00,0.0,24.54879,25.93099,28.30288,26.52475,27.18703
15910,2014-06-16 05:30:00,0.0,26.79094,24.54879,25.93099,28.30288,26.52475
15911,2014-06-16 05:45:00,0.0,28.32281,26.79094,24.54879,25.93099,28.30288
15912,2014-06-16 06:00:00,0.0,26.57254,28.32281,26.79094,24.54879,25.93099
15913,2014-06-16 06:15:00,0.0,28.22473,26.57254,28.32281,26.79094,24.54879
15914,2014-06-16 06:30:00,0.0,29.73334,28.22473,26.57254,28.32281,26.79094
15915,2014-06-16 06:45:00,0.0,28.73594,29.73334,28.22473,26.57254,28.32281
15916,2014-06-16 07:00:00,0.0,28.72939,28.73594,29.73334,28.22473,26.57254
15917,2014-06-16 07:15:00,0.0,30.52916,28.72939,28.73594,29.73334,28.22473
15918,2014-06-16 07:30:00,0.0,28.19298,30.52916,28.72939,28.73594,29.73334
15919,2014-06-16 07:45:00,0.0,33.02752,28.19298,30.52916,28.72939,28.73594
15920,2014-06-16 08:00:00,0.0,31.85088,33.02752,28.19298,30.52916,28.72939
15921,2014-06-16 08:15:00,0.0,33.14049,31.85088,33.02752,28.19298,30.52916
15922,2014-06-16 08:30:00,0.0,31.60945,33.14049,31.85088,33.02752,28.19298
15923,2014-06-16 08:45:00,0.0,33.57131,31.60945,33.14049,31.85088,33.02752
15924,2014-06-16 09:00:00,0.0,30.90503,33.57131,31.60945,33.14049,31.85088
15925,2014-06-16 09:15:00,0.0,32.00525,30.90503,33.57131,31.60945,33.14049
15926,2014-06-16 09:30:00,0.0,32.4785,32.00525,30.90503,33.57131,31.60945
15927,2014-06-16 09:45:00,0.0,35.25033,32.4785,32.00525,30.90503,33.57131
15928,2014-06-16 10:00:00,0.0,34.795,35.25033,32.4785,32.00525,30.90503
15929,2014-06-16 10:15:00,0.0,33.71406,34.795,35.25033,32.4785,32.00525
15930,2014-06-16 10:30:00,0.0,33.84163,33.71406,34.795,35.25033,32.4785
15931,2014-06-16 10:45:00,0.0,35.2642,33.84163,33.71406,34.795,35.25033
15932,2014-06-16 11:00:00,0.0,35.09733,35.2642,33.84163,33.71406,34.795
15933,2014-06-16 11:15:00,0.0,33.2981,35.09733,35.2642,33.84163,33.71406
15934,2014-06-16 11:30:00,0.0,35.68931,33.2981,35.09733,35.2642,33.84163
15935,2014-06-16 11:45:00,0.0,35.49027,35.68931,33.2981,35.09733,35.2642
15936,2014-06-16 12:00:00,0.0,35.93349,35.49027,35.68931,33.2981,35.09733
15937,2014-06-16 12:15:00,0.0,31.89241,35.93349,35.49027,35.68931,33.2981
15938,2014-06-16 12:30:00,0.0,33.86964,31.89241,35.93349,35.49027,35.68931
15939,2014-06-16 12:45:00,0.0,37.40013,33.86964,31.89241,35.93349,35.49027
15940,2014-06-16 13:00:00,0.0,35.46392,37.40013,33.86964,31.89241,35.93349
15941,2014-06-16 13:15:00,0.0,34.64583,35.46392,37.40013,33.86964,31.89241
15942,2014-06-16 13:30:00,0.0,33.67739,34.64583,35.46392,37.40013,33.86964
15943,2014-06-16 13:45:00,0.0,37.71691,33.67739,34.64583,35.46392,37.40013
15944,2014-06-16 14:00:00,0.0,36.03523,37.71691,33.67739,34.64583,35.46392
15945,2014-06-16 14:15:00,0.0,34.48517,36.03523,37.71691,33.67739,34.64583
15946,2014-06-16 14:30:00,0.0,32.02376,34.48517,36.03523,37.71691,33.67739
15947,2014-06-16 14:45:00,0.0,36.21175,32.02376,34.48517,36.03523,37.71691
15948,2014-06-16 15:00:00,0.0,35.53612,36.21175,32.02376,34.48517,36.03523
15949,2014-06-16 15:15:00,0.0,35.99222,35.53612,36.21175,32.02376,34.48517
15950,2014-06-16 15:30:00,0.0,37.42157,35.99222,35.53612,36.21175,32.02376
15951,2014-06-16 15:45:00,0.0,35.36138,37.42157,35.99222,35.53612,36.21175
15952,2014-06-16 16:00:00,0.0,34.06004,35.36138,37.42157,35.99222,35.53612
15953,2014-06-16 16:15:00,0.0,36.19479,34.06004,35.36138,37.42157,35.99222
15954,2014-06-16 16:30:00,0.0,34.94549,36.19479,34.06004,35.36138,37.42157
15955,2014-06-16 16:45:00,0.0,35.44488,34.94549,36.19479,34.06004,35.36138
15956,2014-06-16 17:00:00,0.0,35.75971,35.44488,34.94549,36.19479,34.06004
15957,2014-06-16 17:15:00,0.0,34.57136,35.75971,35.44488,34.94549,36.19479
15958,2014-06-16 17:30:00,0.0,33.24485,34.57136,35.75971,35.44488,34.94549
15959,2014-06-16 17:45:00,0.0,34.42094,33.24485,34.57136,35.75971,35.44488
15960,2014-06-16 18:00:00,0.0,33.0383,34.42094,33.24485,34.57136,35.75971
15961,2014-06-16 18:15:00,0.0,31.38822,33.0383,34.42094,33.24485,34.57136
15962,2014-06-16 18:30:00,0.0,29.49969,31.38822,33.0383,34.42094,33.24485
15963,2014-06-16 18:45:00,0.0,30.15237,29.49969,31.38822,33.0383,34.42094
15964,2014-06-16 19:00:00,0.0,29.39509,30.15237,29.49969,31.38822,33.0383
15965,2014-06-16 19:15:00,0.0,29.4342,29.39509,30.15237,29.49969,31.38822
15966,2014-06-16 19:30:00,0.0,26.67123,29.4342,29.39509,30.15237,29.49969
15967,2014-06-16 19:45:00,0.0,28.94468,26.67123,29.4342,29.39509,30.15237
15968,2014-06-16 20:00:00,0.0,27.67107,28.94468,26.67123,29.4342,29.39509
15969,2014-06-16 20:15:00,0.0,28.52503,27.67107,28.94468,26.67123,29.4342
15970,2014-06-16 20:30:00,0.0,23.81954,28.52503,27.67107,28.94468,26.67123
15971,2014-06-16 20:45:00,0.0,30.00129,23.81954,28.52503,27.67107,28.94468
15972,2014-06-16 21:00:00,0.0,27.73094,30.00129,23.81954,28.52503,27.67107
15973,2014-06-16 21:15:00,0.0,27.43556,27.73094,30.00129,23.81954,28.52503
15974,2014-06-16 21:30:00,0.0,24.13977,27.43556,27.73094,30.00129,23.81954
15975,2014-06-16 21:45:00,0.0,28.34095,24.13977,27.43556,27.73094,30.00129
15976,2014-06-16 22:00:00,0.0,26.50325,28.34095,24.13977,27.43556,27.73094
15977,2014-06-16 22:15:00,0.0,27.72967,26.50325,28.34095,24.13977,27.43556
15978,2014-06-16 22:30:00,0.0,27.6569,27.72967,26.50325,28.34095,24.13977
15979,2014-06-16 22:45:00,0.0,27.41849,27.6569,27.72967,26.50325,28.34095
15980,2014-06-16 23:00:00,0.0,27.02733,27.41849,27.6569,27.72967,26.50325
15981,2014-06-16 23:15:00,0.0,25.4962,27.02733,27.41849,27.6569,27.72967
15982,2014-06-16 23:30:00,0.0,23.22494,25.4962,27.02733,27.41849,27.6569
15983,2014-06-16 23:45:00,0.0,25.20871,23.22494,25.4962,27.02733,27.41849
15984,2014-06-17 00:00:00,0.0,24.61263,25.20871,23.22494,25.4962,27.02733
15985,2014-06-17 00:15:00,0.0,26.1153,24.61263,25.20871,23.22494,25.4962
15986,2014-06-17 00:30:00,0.0,26.65265,26.1153,24.61263,25.20871,23.22494
15987,2014-06-17 00:45:00,0.0,25.92617,26.65265,26.1153,24.61263,25.20871
15988,2014-06-17 01:00:00,0.0,26.03807,25.92617,26.65265,26.1153,24.61263
15989,2014-06-17 01:15:00,0.0,26.98014,26.03807,25.92617,26.65265,26.1153
15990,2014-06-17 01:30:00,0.0,26.12098,26.98014,26.03807,25.92617,26.65265
15991,2014-06-17 01:45:00,0.0,26.57213,26.12098,26.98014,26.03807,25.92617
15992,2014-06-17 02:00:00,0.0,27.33031,26.57213,26.12098,26.98014,26.03807
15993,2014-06-17 02:15:00,0.0,25.18438,27.33031,26.57213,26.12098,26.98014
15994,2014-06-17 02:30:00,0.0,26.2366,25.18438,27.33031,26.57213,26.12098
15995,2014-06-17 02:45:00,0.0,25.18918,26.2366,25.18438,27.33031,26.57213
15996,2014-06-17 03:00:00,0.0,27.15292,25.18918,26.2366,25.18438,27.33031
15997,2014-06-17 03:15:00,0.0,25.99859,27.15292,25.18918,26.2366,25.18438
15998,2014-06-17 03:30:00,0.0,25.88952,25.99859,27.15292,25.18918,26.2366
15999,2014-06-17 03:45:00,0.0,27.62446,25.88952,25.99859,27.15292,25.18918
16000,2014-06-17 04:00:00,0.0,28.77843,27.62446,25.88952,25.99859,27.15292
16001,2014-06-17 04:15:00,0.0,25.12057,28.77843,27.62446,25.88952,25.99859
16002,2014-06-17 04:30:00,0.0,25.86568,25.12057,28.77843,27.62446,25.88952
16003,2014-06-17 04:45:00,0.0,26.4088,25.86568,25.12057,28.77843,27.62446
16004,2014-06-17 05:00:00,0.0,25.94646,26.4088,25.86568,25.12057,28.77843
16005,2014-06-17 05:15:00,0.0,26.01663,25.94646,26.4088,25.86568,25.12057
16006,2014-06-17 05:30:00,0.0,27.74341,26.01663,25.94646,26.4088,25.86568
16007,2014-06-17 05:45:00,0.0,27.72328,27.74341,26.01663,25.94646,26.4088
16008,2014-06-17 06:00:00,0.0,28.68128,27.72328,27.74341,26.01663,25.94646
16009,2014-06-17 06:15:00,0.0,27.48629,28.68128,27.72328,27.74341,26.01663
16010,2014-06-17 06:30:00,0.0,29.11406,27.48629,28.68128,27.72328,27.74341
16011,2014-06-17 06:45:00,0.0,26.73432,29.11406,27.48629,28.68128,27.72328
16012,2014-06-17 07:00:00,0.0,27.58399,26.73432,29.11406,27.48629,28.68128
16013,2014-06-17 07:15:00,0.0,28.59117,27.58399,26.73432,29.11406,27.48629
16014,2014-06-17 07:30:00,0.0,28.85535,28.59117,27.58399,26.73432,29.11406
16015,2014-06-17 07:45:00,0.0,30.48063,28.85535,28.59117,27.58399,26.73432
16016,2014-06-17 08:00:00,0.0,31.19338,30.48063,28.85535,28.59117,27.58399
16017,2014-06-17 08:15:00,0.0,30.95434,31.19338,30.48063,28.85535,28.59117
16018,2014-06-17 08:30:00,0.0,30.80185,30.95434,31.19338,30.48063,28.85535
16019,2014-06-17 08:45:00,0.0,28.34363,30.80185,30.95434,31.19338,30.48063
16020,2014-06-17 09:00:00,0.0,32.72346,28.34363,30.80185,30.95434,31.19338
16021,2014-06-17 09:15:00,0.0,32.34653,32.72346,28.34363,30.80185,30.95434
16022,2014-06-17 09:30:00,0.0,31.26223,32.34653,32.72346,28.34363,30.80185
16023,2014-06-17 09:45:00,0.0,35.04808,31.26223,32.34653,32.72346,28.34363
16024,2014-06-17 10:00:00,0.0,32.48042,35.04808,31.26223,32.34653,32.72346
16025,2014-06-17 10:15:00,0.0,33.31583,32.48042,35.04808,31.26223,32.34653
16026,2014-06-17 10:30:00,0.0,33.54629,33.31583,32.48042,35.04808,31.26223
16027,2014-06-17 10:45:00,0.0,36.43439,33.54629,33.31583,32.48042,35.04808
16028,2014-06-17 11:00:00,0.0,34.08692,36.43439,33.54629,33.31583,32.48042
16029,2014-06-17 11:15:00,0.0,35.68951,34.08692,36.43439,33.54629,33.31583
16030,2014-06-17 11:30:00,0.0,37.26972,35.68951,34.08692,36.43439,33.54629
16031,2014-06-17 11:45:00,0.0,37.25318,37.26972,35.68951,34.08692,36.43439
16032,2014-06-17 12:00:00,0.0,37.86099,37.25318,37.26972,35.68951,34.08692
16033,2014-06-17 12:15:00,0.0,39.15068,37.86099,37.25318,37.26972,35.68951
16034,2014-06-17 12:30:00,0.0,39.94268,39.15068,37.86099,37.25318,37.26972
16035,2014-06-17 12:45:00,0.0,40.84039,39.94268,39.15068,37.86099,37.25318
16036,2014-06-17 13:00:00,0.0,40.30966,40.84039,39.94268,39.15068,37.86099
16037,2014-06-17 13:15:00,0.0,41.48088,40.30966,40.84039,39.94268,39.15068
16038,2014-06-17 13:30:00,0.0,42.66043,41.48088,40.30966,40.84039,39.94268
16039,2014-06-17 13:45:00,0.0,41.91768,42.66043,41.48088,40.30966,40.84039
16040,2014-06-17 14:00:00,0.0,40.05269,41.91768,42.66043,41.48088,40.30966
16041,2014-06-17 14:15:00,0.0,38.7476,40.05269,41.91768,42.66043,41.48088
16042,2014-06-17 14:30:00,0.0,41.56347,38.7476,40.05269,41.91768,42.66043
16043,2014-06-17 14:45:00,0.0,39.2108,41.56347,38.7476,40.05269,41.91768
16044,2014-06-17 15:00:00,0.0,38.55107,39.2108,41.56347,38.7476,40.05269
16045,2014-06-17 15:15:00,0.0,39.52035,38.55107,39.2108,41.56347,38.7476
16046,2014-06-17 15:30:00,0.0,39.46448,39.52035,38.55107,39.2108,41.56347
16047,2014-06-17 15:45:00,0.0,40.31237,39.46448,39.52035,38.55107,39.2108
16048,2014-06-17 16:00:00,0.0,37.87042,40.31237,39.46448,39.52035,38.55107
16049,2014-06-17 16:15:00,0.0,39.04953,37.87042,40.31237,39.46448,39.52035
16050,2014-06-17 16:30:00,0.0,39.93507,39.04953,37.87042,40.31237,39.46448
16051,2014-06-17 16:45:00,0.0,41.44409,39.93507,39.04953,37.87042,40.31237
16052,2014-06-17 17:00:00,0.0,41.71206,41.44409,39.93507,39.04953,37.87042
16053,2014-06-17 17:15:00,0.0,40.20643,41.71206,41.44409,39.93507,39.04953
16054,2014-06-17 17:30:00,0.0,40.49074,40.20643,41.71206,41.44409,39.93507
16055,2014-06-17 17:45:00,0.0,40.03618,40.49074,40.20643,41.71206,41.44409
16056,2014-06-17 18:00:00,0.0,37.78981,40.03618,40.49074,40.20643,41.71206
16057,2014-06-17 18:15:00,0.0,36.76264,37.78981,40.03618,40.49074,40.20643
16058,2014-06-17 18:30:00,0.0,34.68693,36.76264,37.78981,40.03618,40.49074
16059,2014-06-17 18:45:00,0.0,38.15404,34.68693,36.76264,37.78981,40.03618
16060,2014-06-17 19:00:00,0.0,34.71304,38.15404,34.68693,36.76264,37.78981
16061,2014-06-17 19:15:00,0.0,34.70513,34.71304,38.15404,34.68693,36.76264
16062,2014-06-17 19:30:00,0.0,31.97416,34.70513,34.71304,38.15404,34.68693
16063,2014-06-17 19:45:00,0.0,33.6403,31.97416,34.70513,34.71304,38.15404
16064,2014-06-17 20:00:00,0.0,31.23511,33.6403,31.97416,34.70513,34.71304
16065,2014-06-17 20:15:00,0.0,28.52265,31.23511,33.6403,31.97416,34.70513
16066,2014-06-17 20:30:00,0.0,27.17437,28.52265,31.23511,33.6403,31.97416
16067,2014-06-17 20:45:00,0.0,32.00549,27.17437,28.52265,31.23511,33.6403
16068,2014-06-17 21:00:00,0.0,29.96032,32.00549,27.17437,28.52265,31.23511
16069,2014-06-17 21:15:00,0.0,29.23631,29.96032,32.00549,27.17437,28.52265
16070,2014-06-17 21:30:00,0.0,30.0841,29.23631,29.96032,32.00549,27.17437
16071,2014-06-17 21:45:00,0.0,31.13002,30.0841,29.23631,29.96032,32.00549
16072,2014-06-17 22:00:00,0.0,29.91254,31.13002,30.0841,29.23631,29.96032
16073,2014-06-17 22:15:00,0.0,30.89702,29.91254,31.13002,30.0841,29.23631
16074,2014-06-17 22:30:00,0.0,29.21724,30.89702,29.91254,31.13002,30.0841
16075,2014-06-17 22:45:00,0.0,27.75587,29.21724,30.89702,29.91254,31.13002
16076,2014-06-17 23:00:00,0.0,29.54095,27.75587,29.21724,30.89702,29.91254
16077,2014-06-17 23:15:00,0.0,25.94496,29.54095,27.75587,29.21724,30.89702
16078,2014-06-17 23:30:00,0.0,27.15149,25.94496,29.54095,27.75587,29.21724
16079,2014-06-17 23:45:00,0.0,29.46846,27.15149,25.94496,29.54095,27.75587
16080,2014-06-18 00:00:00,0.0,27.06382,29.46846,27.15149,25.94496,29.54095
16081,2014-06-18 00:15:00,0.0,26.25662,27.06382,29.46846,27.15149,25.94496
16082,2014-06-18 00:30:00,0.0,26.63224,26.25662,27.06382,29.46846,27.15149
16083,2014-06-18 00:45:00,0.0,27.65186,26.63224,26.25662,27.06382,29.46846
16084,2014-06-18 01:00:00,0.0,27.52008,27.65186,26.63224,26.25662,27.06382
16085,2014-06-18 01:15:00,0.0,27.12469,27.52008,27.65186,26.63224,26.25662
16086,2014-06-18 01:30:00,0.0,29.02686,27.12469,27.52008,27.65186,26.63224
16087,2014-06-18 01:45:00,0.0,28.31541,29.02686,27.12469,27.52008,27.65186
16088,2014-06-18 02:00:00,0.0,24.01354,28.31541,29.02686,27.12469,27.52008
16089,2014-06-18 02:15:00,0.0,24.57677,24.01354,28.31541,29.02686,27.12469
16090,2014-06-18 02:30:00,0.0,26.49293,24.57677,24.01354,28.31541,29.02686
16091,2014-06-18 02:45:00,0.0,27.47224,26.49293,24.57677,24.01354,28.31541
16092,2014-06-18 03:00:00,0.0,27.70352,27.47224,26.49293,24.57677,24.01354
16093,2014-06-18 03:15:00,0.0,28.19698,27.70352,27.47224,26.49293,24.57677
16094,2014-06-18 03:30:00,0.0,26.10216,28.19698,27.70352,27.47224,26.49293
16095,2014-06-18 03:45:00,0.0,25.51049,26.10216,28.19698,27.70352,27.47224
16096,2014-06-18 04:00:00,0.0,25.96637,25.51049,26.10216,28.19698,27.70352
16097,2014-06-18 04:15:00,0.0,25.96856,25.96637,25.51049,26.10216,28.19698
16098,2014-06-18 04:30:00,0.0,26.35567,25.96856,25.96637,25.51049,26.10216
16099,2014-06-18 04:45:00,0.0,26.63949,26.35567,25.96856,25.96637,25.51049
16100,2014-06-18 05:00:00,0.0,26.91377,26.63949,26.35567,25.96856,25.96637
16101,2014-06-18 05:15:00,0.0,26.72227,26.91377,26.63949,26.35567,25.96856
16102,2014-06-18 05:30:00,0.0,27.63214,26.72227,26.91377,26.63949,26.35567
16103,2014-06-18 05:45:00,0.0,27.33494,27.63214,26.72227,26.91377,26.63949
16104,2014-06-18 06:00:00,0.0,25.64402,27.33494,27.63214,26.72227,26.91377
16105,2014-06-18 06:15:00,0.0,28.4652,25.64402,27.33494,27.63214,26.72227
16106,2014-06-18 06:30:00,0.0,28.21555,28.4652,25.64402,27.33494,27.63214
16107,2014-06-18 06:45:00,0.0,28.43652,28.21555,28.4652,25.64402,27.33494
16108,2014-06-18 07:00:00,0.0,29.76222,28.43652,28.21555,28.4652,25.64402
16109,2014-06-18 07:15:00,0.0,31.12345,29.76222,28.43652,28.21555,28.4652
16110,2014-06-18 07:30:00,0.0,30.16894,31.12345,29.76222,28.43652,28.21555
16111,2014-06-18 07:45:00,0.0,32.49504,30.16894,31.12345,29.76222,28.43652
16112,2014-06-18 08:00:00,0.0,30.73218,32.49504,30.16894,31.12345,29.76222
16113,2014-06-18 08:15:00,0.0,30.29592,30.73218,32.49504,30.16894,31.12345
16114,2014-06-18 08:30:00,0.0,31.64072,30.29592,30.73218,32.49504,30.16894
16115,2014-06-18 08:45:00,0.0,33.43198,31.64072,30.29592,30.73218,32.49504
16116,2014-06-18 09:00:00,0.0,36.73777,33.43198,31.64072,30.29592,30.73218
16117,2014-06-18 09:15:00,0.0,34.03727,36.73777,33.43198,31.64072,30.29592
16118,2014-06-18 09:30:00,0.0,40.03028,34.03727,36.73777,33.43198,31.64072
16119,2014-06-18 09:45:00,0.0,42.48217,40.03028,34.03727,36.73777,33.43198
16120,2014-06-18 10:00:00,0.0,42.04306,42.48217,40.03028,34.03727,36.73777
16121,2014-06-18 10:15:00,0.0,43.92828,42.04306,42.48217,40.03028,34.03727
16122,2014-06-18 10:30:00,0.0,46.14469,43.92828,42.04306,42.48217,40.03028
16123,2014-06-18 10:45:00,0.0,44.03244,46.14469,43.92828,42.04306,42.48217
16124,2014-06-18 11:00:00,0.0,45.36263,44.03244,46.14469,43.92828,42.04306
16125,2014-06-18 11:15:00,0.0,44.28529,45.36263,44.03244,46.14469,43.92828
16126,2014-06-18 11:30:00,0.0,46.03988,44.28529,45.36263,44.03244,46.14469
16127,2014-06-18 11:45:00,0.0,42.68004,46.03988,44.28529,45.36263,44.03244
16128,2014-06-18 12:00:00,0.0,48.00643,42.68004,46.03988,44.28529,45.36263
16129,2014-06-18 12:15:00,0.0,43.67064,48.00643,42.68004,46.03988,44.28529
16130,2014-06-18 12:30:00,0.0,45.56871,43.67064,48.00643,42.68004,46.03988
16131,2014-06-18 12:45:00,0.0,46.92406,45.56871,43.67064,48.00643,42.68004
16132,2014-06-18 13:00:00,0.0,43.84181,46.92406,45.56871,43.67064,48.00643
16133,2014-06-18 13:15:00,0.0,47.02117,43.84181,46.92406,45.56871,43.67064
16134,2014-06-18 13:30:00,0.0,41.87003,47.02117,43.84181,46.92406,45.56871
16135,2014-06-18 13:45:00,0.0,44.5762,41.87003,47.02117,43.84181,46.92406
16136,2014-06-18 14:00:00,0.0,43.0305,44.5762,41.87003,47.02117,43.84181
16137,2014-06-18 14:15:00,0.0,41.26886,43.0305,44.5762,41.87003,47.02117
16138,2014-06-18 14:30:00,0.0,47.19921,41.26886,43.0305,44.5762,41.87003
16139,2014-06-18 14:45:00,0.0,47.89056,47.19921,41.26886,43.0305,44.5762
16140,2014-06-18 15:00:00,0.0,49.94303,47.89056,47.19921,41.26886,43.0305
16141,2014-06-18 15:15:00,0.0,43.71478,49.94303,47.89056,47.19921,41.26886
16142,2014-06-18 15:30:00,0.0,44.3875,43.71478,49.94303,47.89056,47.19921
16143,2014-06-18 15:45:00,0.0,46.3847,44.3875,43.71478,49.94303,47.89056
16144,2014-06-18 16:00:00,0.0,51.14928,46.3847,44.3875,43.71478,49.94303
16145,2014-06-18 16:15:00,0.0,49.56593,51.14928,46.3847,44.3875,43.71478
16146,2014-06-18 16:30:00,0.0,48.33392,49.56593,51.14928,46.3847,44.3875
16147,2014-06-18 16:45:00,0.0,48.57686,48.33392,49.56593,51.14928,46.3847
16148,2014-06-18 17:00:00,0.0,43.78193,48.57686,48.33392,49.56593,51.14928
16149,2014-06-18 17:15:00,0.0,45.50948,43.78193,48.57686,48.33392,49.56593
16150,2014-06-18 17:30:00,0.0,43.91384,45.50948,43.78193,48.57686,48.33392
16151,2014-06-18 17:45:00,0.0,42.03755,43.91384,45.50948,43.78193,48.57686
16152,2014-06-18 18:00:00,0.0,39.64739,42.03755,43.91384,45.50948,43.78193
16153,2014-06-18 18:15:00,0.0,38.69792,39.64739,42.03755,43.91384,45.50948
16154,2014-06-18 18:30:00,0.0,36.48688,38.69792,39.64739,42.03755,43.91384
16155,2014-06-18 18:45:00,0.0,37.93168,36.48688,38.69792,39.64739,42.03755
16156,2014-06-18 19:00:00,0.0,35.92653,37.93168,36.48688,38.69792,39.64739
16157,2014-06-18 19:15:00,0.0,41.18182,35.92653,37.93168,36.48688,38.69792
16158,2014-06-18 19:30:00,0.0,35.35412,41.18182,35.92653,37.93168,36.48688
16159,2014-06-18 19:45:00,0.0,37.63992,35.35412,41.18182,35.92653,37.93168
16160,2014-06-18 20:00:00,0.0,33.76227,37.63992,35.35412,41.18182,35.92653
16161,2014-06-18 20:15:00,0.0,32.26597,33.76227,37.63992,35.35412,41.18182
16162,2014-06-18 20:30:00,0.0,31.758,32.26597,33.76227,37.63992,35.35412
16163,2014-06-18 20:45:00,0.0,31.94877,31.758,32.26597,33.76227,37.63992
16164,2014-06-18 21:00:00,0.0,29.63627,31.94877,31.758,32.26597,33.76227
16165,2014-06-18 21:15:00,0.0,31.01103,29.63627,31.94877,31.758,32.26597
16166,2014-06-18 21:30:00,0.0,29.65886,31.01103,29.63627,31.94877,31.758
16167,2014-06-18 21:45:00,0.0,29.76608,29.65886,31.01103,29.63627,31.94877
16168,2014-06-18 22:00:00,0.0,29.06102,29.76608,29.65886,31.01103,29.63627
16169,2014-06-18 22:15:00,0.0,22.16201,29.06102,29.76608,29.65886,31.01103
16170,2014-06-18 22:30:00,0.0,27.44133,22.16201,29.06102,29.76608,29.65886
16171,2014-06-18 22:45:00,0.0,28.20866,27.44133,22.16201,29.06102,29.76608
16172,2014-06-18 23:00:00,0.0,27.58254,28.20866,27.44133,22.16201,29.06102
16173,2014-06-18 23:15:00,0.0,26.00609,27.58254,28.20866,27.44133,22.16201
16174,2014-06-18 23:30:00,0.0,27.32398,26.00609,27.58254,28.20866,27.44133
16175,2014-06-18 23:45:00,0.0,26.08276,27.32398,26.00609,27.58254,28.20866
16176,2014-06-19 00:00:00,0.0,27.17978,26.08276,27.32398,26.00609,27.58254
16177,2014-06-19 00:15:00,0.0,25.10853,27.17978,26.08276,27.32398,26.00609
16178,2014-06-19 00:30:00,0.0,24.95119,25.10853,27.17978,26.08276,27.32398
16179,2014-06-19 00:45:00,0.0,28.16624,24.95119,25.10853,27.17978,26.08276
16180,2014-06-19 01:00:00,0.0,26.80977,28.16624,24.95119,25.10853,27.17978
16181,2014-06-19 01:15:00,0.0,26.55784,26.80977,28.16624,24.95119,25.10853
16182,2014-06-19 01:30:00,0.0,24.22494,26.55784,26.80977,28.16624,24.95119
16183,2014-06-19 01:45:00,0.0,26.23337,24.22494,26.55784,26.80977,28.16624
16184,2014-06-19 02:00:00,0.0,24.00216,26.23337,24.22494,26.55784,26.80977
16185,2014-06-19 02:15:00,0.0,24.57788,24.00216,26.23337,24.22494,26.55784
16186,2014-06-19 02:30:00,0.0,24.87372,24.57788,24.00216,26.23337,24.22494
16187,2014-06-19 02:45:00,0.0,28.19234,24.87372,24.57788,24.00216,26.23337
16188,2014-06-19 03:00:00,0.0,24.36421,28.19234,24.87372,24.57788,24.00216
16189,2014-06-19 03:15:00,0.0,25.56704,24.36421,28.19234,24.87372,24.57788
16190,2014-06-19 03:30:00,0.0,25.1504,25.56704,24.36421,28.19234,24.87372
16191,2014-06-19 03:45:00,0.0,26.13546,25.1504,25.56704,24.36421,28.19234
16192,2014-06-19 04:00:00,0.0,25.80578,26.13546,25.1504,25.56704,24.36421
16193,2014-06-19 04:15:00,0.0,25.61674,25.80578,26.13546,25.1504,25.56704
16194,2014-06-19 04:30:00,0.0,27.31288,25.61674,25.80578,26.13546,25.1504
16195,2014-06-19 04:45:00,0.0,27.06311,27.31288,25.61674,25.80578,26.13546
16196,2014-06-19 05:00:00,0.0,24.78885,27.06311,27.31288,25.61674,25.80578
16197,2014-06-19 05:15:00,0.0,26.16659,24.78885,27.06311,27.31288,25.61674
16198,2014-06-19 05:30:00,0.0,27.75303,26.16659,24.78885,27.06311,27.31288
16199,2014-06-19 05:45:00,0.0,27.56833,27.75303,26.16659,24.78885,27.06311
16200,2014-06-19 06:00:00,0.0,28.37028,27.56833,27.75303,26.16659,24.78885
16201,2014-06-19 06:15:00,0.0,27.9126,28.37028,27.56833,27.75303,26.16659
16202,2014-06-19 06:30:00,0.0,28.25014,27.9126,28.37028,27.56833,27.75303
16203,2014-06-19 06:45:00,0.0,28.51037,28.25014,27.9126,28.37028,27.56833
16204,2014-06-19 07:00:00,0.0,29.30674,28.51037,28.25014,27.9126,28.37028
16205,2014-06-19 07:15:00,0.0,28.68625,29.30674,28.51037,28.25014,27.9126
16206,2014-06-19 07:30:00,0.0,29.01871,28.68625,29.30674,28.51037,28.25014
16207,2014-06-19 07:45:00,0.0,30.54108,29.01871,28.68625,29.30674,28.51037
16208,2014-06-19 08:00:00,0.0,32.26391,30.54108,29.01871,28.68625,29.30674
16209,2014-06-19 08:15:00,0.0,30.8385,32.26391,30.54108,29.01871,28.68625
16210,2014-06-19 08:30:00,0.0,31.64788,30.8385,32.26391,30.54108,29.01871
16211,2014-06-19 08:45:00,0.0,30.36472,31.64788,30.8385,32.26391,30.54108
16212,2014-06-19 09:00:00,0.0,31.15926,30.36472,31.64788,30.8385,32.26391
16213,2014-06-19 09:15:00,0.0,31.24538,31.15926,30.36472,31.64788,30.8385
16214,2014-06-19 09:30:00,0.0,32.60072,31.24538,31.15926,30.36472,31.64788
16215,2014-06-19 09:45:00,0.0,35.89826,32.60072,31.24538,31.15926,30.36472
16216,2014-06-19 10:00:00,0.0,33.9674,35.89826,32.60072,31.24538,31.15926
16217,2014-06-19 10:15:00,0.0,37.00659,33.9674,35.89826,32.60072,31.24538
16218,2014-06-19 10:30:00,0.0,39.50241,37.00659,33.9674,35.89826,32.60072
16219,2014-06-19 10:45:00,0.0,38.02819,39.50241,37.00659,33.9674,35.89826
16220,2014-06-19 11:00:00,0.0,41.77188,38.02819,39.50241,37.00659,33.9674
16221,2014-06-19 11:15:00,0.0,40.64133,41.77188,38.02819,39.50241,37.00659
16222,2014-06-19 11:30:00,0.0,39.42875,40.64133,41.77188,38.02819,39.50241
16223,2014-06-19 11:45:00,0.0,40.20943,39.42875,40.64133,41.77188,38.02819
16224,2014-06-19 12:00:00,0.0,39.91522,40.20943,39.42875,40.64133,41.77188
16225,2014-06-19 12:15:00,0.0,35.62615,39.91522,40.20943,39.42875,40.64133
16226,2014-06-19 12:30:00,0.0,39.40252,35.62615,39.91522,40.20943,39.42875
16227,2014-06-19 12:45:00,0.0,40.69641,39.40252,35.62615,39.91522,40.20943
16228,2014-06-19 13:00:00,0.0,40.40662,40.69641,39.40252,35.62615,39.91522
16229,2014-06-19 13:15:00,0.0,39.655,40.40662,40.69641,39.40252,35.62615
16230,2014-06-19 13:30:00,0.0,40.66728,39.655,40.40662,40.69641,39.40252
16231,2014-06-19 13:45:00,0.0,40.88694,40.66728,39.655,40.40662,40.69641
16232,2014-06-19 14:00:00,0.0,38.88315,40.88694,40.66728,39.655,40.40662
16233,2014-06-19 14:15:00,0.0,39.05775,38.88315,40.88694,40.66728,39.655
16234,2014-06-19 14:30:00,0.0,40.09359,39.05775,38.88315,40.88694,40.66728
16235,2014-06-19 14:45:00,0.0,41.8245,40.09359,39.05775,38.88315,40.88694
16236,2014-06-19 15:00:00,0.0,41.15384,41.8245,40.09359,39.05775,38.88315
16237,2014-06-19 15:15:00,0.0,44.28249,41.15384,41.8245,40.09359,39.05775
16238,2014-06-19 15:30:00,0.0,43.04928,44.28249,41.15384,41.8245,40.09359
16239,2014-06-19 15:45:00,0.0,46.36592,43.04928,44.28249,41.15384,41.8245
16240,2014-06-19 16:00:00,0.0,42.36516,46.36592,43.04928,44.28249,41.15384
16241,2014-06-19 16:15:00,0.0,43.24136,42.36516,46.36592,43.04928,44.28249
16242,2014-06-19 16:30:00,0.0,43.12783,43.24136,42.36516,46.36592,43.04928
16243,2014-06-19 16:45:00,0.0,43.43006,43.12783,43.24136,42.36516,46.36592
16244,2014-06-19 17:00:00,0.0,42.68549,43.43006,43.12783,43.24136,42.36516
16245,2014-06-19 17:15:00,0.0,41.21894,42.68549,43.43006,43.12783,43.24136
16246,2014-06-19 17:30:00,0.0,40.52184,41.21894,42.68549,43.43006,43.12783
16247,2014-06-19 17:45:00,0.0,39.74399,40.52184,41.21894,42.68549,43.43006
16248,2014-06-19 18:00:00,0.0,39.69344,39.74399,40.52184,41.21894,42.68549
16249,2014-06-19 18:15:00,0.0,36.33515,39.69344,39.74399,40.52184,41.21894
16250,2014-06-19 18:30:00,0.0,34.68433,36.33515,39.69344,39.74399,40.52184
16251,2014-06-19 18:45:00,0.0,38.38486,34.68433,36.33515,39.69344,39.74399
16252,2014-06-19 19:00:00,0.0,35.65647,38.38486,34.68433,36.33515,39.69344
16253,2014-06-19 19:15:00,0.0,35.23954,35.65647,38.38486,34.68433,36.33515
16254,2014-06-19 19:30:00,0.0,32.35371,35.23954,35.65647,38.38486,34.68433
16255,2014-06-19 19:45:00,0.0,30.54268,32.35371,35.23954,35.65647,38.38486
16256,2014-06-19 20:00:00,0.0,29.53017,30.54268,32.35371,35.23954,35.65647
16257,2014-06-19 20:15:00,0.0,29.40345,29.53017,30.54268,32.35371,35.23954
16258,2014-06-19 20:30:00,0.0,30.87127,29.40345,29.53017,30.54268,32.35371
16259,2014-06-19 20:45:00,0.0,28.63976,30.87127,29.40345,29.53017,30.54268
16260,2014-06-19 21:00:00,0.0,31.71208,28.63976,30.87127,29.40345,29.53017
16261,2014-06-19 21:15:00,0.0,28.68102,31.71208,28.63976,30.87127,29.40345
16262,2014-06-19 21:30:00,0.0,31.3688,28.68102,31.71208,28.63976,30.87127
16263,2014-06-19 21:45:00,0.0,30.56912,31.3688,28.68102,31.71208,28.63976
16264,2014-06-19 22:00:00,0.0,30.37441,30.56912,31.3688,28.68102,31.71208
16265,2014-06-19 22:15:00,0.0,29.92364,30.37441,30.56912,31.3688,28.68102
16266,2014-06-19 22:30:00,0.0,28.12432,29.92364,30.37441,30.56912,31.3688
16267,2014-06-19 22:45:00,0.0,28.90562,28.12432,29.92364,30.37441,30.56912
16268,2014-06-19 23:00:00,0.0,30.74311,28.90562,28.12432,29.92364,30.37441
16269,2014-06-19 23:15:00,0.0,28.00898,30.74311,28.90562,28.12432,29.92364
16270,2014-06-19 23:30:00,0.0,25.8608,28.00898,30.74311,28.90562,28.12432
16271,2014-06-19 23:45:00,0.0,27.59705,25.8608,28.00898,30.74311,28.90562
16272,2014-06-20 00:00:00,0.0,28.29672,27.59705,25.8608,28.00898,30.74311
16273,2014-06-20 00:15:00,0.0,28.45501,28.29672,27.59705,25.8608,28.00898
16274,2014-06-20 00:30:00,0.0,27.84513,28.45501,28.29672,27.59705,25.8608
16275,2014-06-20 00:45:00,0.0,28.10649,27.84513,28.45501,28.29672,27.59705
16276,2014-06-20 01:00:00,0.0,25.5774,28.10649,27.84513,28.45501,28.29672
16277,2014-06-20 01:15:00,0.0,26.06417,25.5774,28.10649,27.84513,28.45501
16278,2014-06-20 01:30:00,0.0,28.16754,26.06417,25.5774,28.10649,27.84513
16279,2014-06-20 01:45:00,0.0,27.96091,28.16754,26.06417,25.5774,28.10649
16280,2014-06-20 02:00:00,0.0,26.90262,27.96091,28.16754,26.06417,25.5774
16281,2014-06-20 02:15:00,0.0,26.71088,26.90262,27.96091,28.16754,26.06417
16282,2014-06-20 02:30:00,0.0,24.50473,26.71088,26.90262,27.96091,28.16754
16283,2014-06-20 02:45:00,0.0,26.14898,24.50473,26.71088,26.90262,27.96091
16284,2014-06-20 03:00:00,0.0,26.08507,26.14898,24.50473,26.71088,26.90262
16285,2014-06-20 03:15:00,0.0,25.4848,26.08507,26.14898,24.50473,26.71088
16286,2014-06-20 03:30:00,0.0,26.86877,25.4848,26.08507,26.14898,24.50473
16287,2014-06-20 03:45:00,0.0,25.68158,26.86877,25.4848,26.08507,26.14898
16288,2014-06-20 04:00:00,0.0,27.69301,25.68158,26.86877,25.4848,26.08507
16289,2014-06-20 04:15:00,0.0,24.98063,27.69301,25.68158,26.86877,25.4848
16290,2014-06-20 04:30:00,0.0,26.59585,24.98063,27.69301,25.68158,26.86877
16291,2014-06-20 04:45:00,0.0,26.55294,26.59585,24.98063,27.69301,25.68158
16292,2014-06-20 05:00:00,0.0,23.99013,26.55294,26.59585,24.98063,27.69301
16293,2014-06-20 05:15:00,0.0,25.76804,23.99013,26.55294,26.59585,24.98063
16294,2014-06-20 05:30:00,0.0,25.02768,25.76804,23.99013,26.55294,26.59585
16295,2014-06-20 05:45:00,0.0,28.14746,25.02768,25.76804,23.99013,26.55294
16296,2014-06-20 06:00:00,0.0,27.49035,28.14746,25.02768,25.76804,23.99013
16297,2014-06-20 06:15:00,0.0,24.94572,27.49035,28.14746,25.02768,25.76804
16298,2014-06-20 06:30:00,0.0,28.88343,24.94572,27.49035,28.14746,25.02768
16299,2014-06-20 06:45:00,0.0,30.04864,28.88343,24.94572,27.49035,28.14746
16300,2014-06-20 07:00:00,0.0,29.84661,30.04864,28.88343,24.94572,27.49035
16301,2014-06-20 07:15:00,0.0,32.15972,29.84661,30.04864,28.88343,24.94572
16302,2014-06-20 07:30:00,0.0,29.6142,32.15972,29.84661,30.04864,28.88343
16303,2014-06-20 07:45:00,0.0,32.15519,29.6142,32.15972,29.84661,30.04864
16304,2014-06-20 08:00:00,0.0,28.14304,32.15519,29.6142,32.15972,29.84661
16305,2014-06-20 08:15:00,0.0,32.48174,28.14304,32.15519,29.6142,32.15972
16306,2014-06-20 08:30:00,0.0,29.68502,32.48174,28.14304,32.15519,29.6142
16307,2014-06-20 08:45:00,0.0,33.37315,29.68502,32.48174,28.14304,32.15519
16308,2014-06-20 09:00:00,0.0,33.41801,33.37315,29.68502,32.48174,28.14304
16309,2014-06-20 09:15:00,0.0,36.12988,33.41801,33.37315,29.68502,32.48174
16310,2014-06-20 09:30:00,0.0,34.72297,36.12988,33.41801,33.37315,29.68502
16311,2014-06-20 09:45:00,0.0,35.74002,34.72297,36.12988,33.41801,33.37315
16312,2014-06-20 10:00:00,0.0,38.20412,35.74002,34.72297,36.12988,33.41801
16313,2014-06-20 10:15:00,0.0,40.07756,38.20412,35.74002,34.72297,36.12988
16314,2014-06-20 10:30:00,0.0,38.91453,40.07756,38.20412,35.74002,34.72297
16315,2014-06-20 10:45:00,0.0,41.01795,38.91453,40.07756,38.20412,35.74002
16316,2014-06-20 11:00:00,0.0,42.6273,41.01795,38.91453,40.07756,38.20412
16317,2014-06-20 11:15:00,0.0,43.44555,42.6273,41.01795,38.91453,40.07756
16318,2014-06-20 11:30:00,0.0,41.64928,43.44555,42.6273,41.01795,38.91453
16319,2014-06-20 11:45:00,0.0,44.00266,41.64928,43.44555,42.6273,41.01795
16320,2014-06-20 12:00:00,0.0,46.19812,44.00266,41.64928,43.44555,42.6273
16321,2014-06-20 12:15:00,0.0,42.0118,46.19812,44.00266,41.64928,43.44555
16322,2014-06-20 12:30:00,0.0,43.37339,42.0118,46.19812,44.00266,41.64928
16323,2014-06-20 12:45:00,0.0,44.89656,43.37339,42.0118,46.19812,44.00266
16324,2014-06-20 13:00:00,0.0,44.51655,44.89656,43.37339,42.0118,46.19812
16325,2014-06-20 13:15:00,0.0,43.78285,44.51655,44.89656,43.37339,42.0118
16326,2014-06-20 13:30:00,0.0,45.18831,43.78285,44.51655,44.89656,43.37339
16327,2014-06-20 13:45:00,0.0,41.87113,45.18831,43.78285,44.51655,44.89656
16328,2014-06-20 14:00:00,0.0,41.94031,41.87113,45.18831,43.78285,44.51655
16329,2014-06-20 14:15:00,0.0,42.48311,41.94031,41.87113,45.18831,43.78285
16330,2014-06-20 14:30:00,0.0,47.0273,42.48311,41.94031,41.87113,45.18831
16331,2014-06-20 14:45:00,0.0,46.13572,47.0273,42.48311,41.94031,41.87113
16332,2014-06-20 15:00:00,0.0,43.34738,46.13572,47.0273,42.48311,41.94031
16333,2014-06-20 15:15:00,0.0,49.16711,43.34738,46.13572,47.0273,42.48311
16334,2014-06-20 15:30:00,0.0,49.48482,49.16711,43.34738,46.13572,47.0273
16335,2014-06-20 15:45:00,0.0,49.86204,49.48482,49.16711,43.34738,46.13572
16336,2014-06-20 16:00:00,0.0,49.3801,49.86204,49.48482,49.16711,43.34738
16337,2014-06-20 16:15:00,0.0,47.57215,49.3801,49.86204,49.48482,49.16711
16338,2014-06-20 16:30:00,0.0,48.8387,47.57215,49.3801,49.86204,49.48482
16339,2014-06-20 16:45:00,0.0,46.84018,48.8387,47.57215,49.3801,49.86204
16340,2014-06-20 17:00:00,0.0,40.94392,46.84018,48.8387,47.57215,49.3801
16341,2014-06-20 17:15:00,0.0,43.56811,40.94392,46.84018,48.8387,47.57215
16342,2014-06-20 17:30:00,0.0,43.41103,43.56811,40.94392,46.84018,48.8387
16343,2014-06-20 17:45:00,0.0,43.44891,43.41103,43.56811,40.94392,46.84018
16344,2014-06-20 18:00:00,0.0,42.18084,43.44891,43.41103,43.56811,40.94392
16345,2014-06-20 18:15:00,0.0,40.04574,42.18084,43.44891,43.41103,43.56811
16346,2014-06-20 18:30:00,0.0,35.80334,40.04574,42.18084,43.44891,43.41103
16347,2014-06-20 18:45:00,0.0,37.83817,35.80334,40.04574,42.18084,43.44891
16348,2014-06-20 19:00:00,0.0,37.84408,37.83817,35.80334,40.04574,42.18084
16349,2014-06-20 19:15:00,0.0,36.2963,37.84408,37.83817,35.80334,40.04574
16350,2014-06-20 19:30:00,0.0,31.80454,36.2963,37.84408,37.83817,35.80334
16351,2014-06-20 19:45:00,0.0,34.73108,31.80454,36.2963,37.84408,37.83817
16352,2014-06-20 20:00:00,0.0,32.72458,34.73108,31.80454,36.2963,37.84408
16353,2014-06-20 20:15:00,0.0,31.86996,32.72458,34.73108,31.80454,36.2963
16354,2014-06-20 20:30:00,0.0,27.87972,31.86996,32.72458,34.73108,31.80454
16355,2014-06-20 20:45:00,0.0,31.10174,27.87972,31.86996,32.72458,34.73108
16356,2014-06-20 21:00:00,0.0,27.80619,31.10174,27.87972,31.86996,32.72458
16357,2014-06-20 21:15:00,0.0,28.02614,27.80619,31.10174,27.87972,31.86996
16358,2014-06-20 21:30:00,0.0,24.90905,28.02614,27.80619,31.10174,27.87972
16359,2014-06-20 21:45:00,0.0,26.07785,24.90905,28.02614,27.80619,31.10174
16360,2014-06-20 22:00:00,0.0,27.75951,26.07785,24.90905,28.02614,27.80619
16361,2014-06-20 22:15:00,0.0,27.84999,27.75951,26.07785,24.90905,28.02614
16362,2014-06-20 22:30:00,0.0,27.15347,27.84999,27.75951,26.07785,24.90905
16363,2014-06-20 22:45:00,0.0,27.64864,27.15347,27.84999,27.75951,26.07785
16364,2014-06-20 23:00:00,0.0,26.47369,27.64864,27.15347,27.84999,27.75951
16365,2014-06-20 23:15:00,0.0,24.6273,26.47369,27.64864,27.15347,27.84999
16366,2014-06-20 23:30:00,0.0,25.59697,24.6273,26.47369,27.64864,27.15347
16367,2014-06-20 23:45:00,0.0,25.97843,25.59697,24.6273,26.47369,27.64864
16368,2014-06-21 00:00:00,0.0,25.46209,25.97843,25.59697,24.6273,26.47369
16369,2014-06-21 00:15:00,0.0,25.35986,25.46209,25.97843,25.59697,24.6273
16370,2014-06-21 00:30:00,0.0,27.05323,25.35986,25.46209,25.97843,25.59697
16371,2014-06-21 00:45:00,0.0,25.87021,27.05323,25.35986,25.46209,25.97843
16372,2014-06-21 01:00:00,0.0,25.13204,25.87021,27.05323,25.35986,25.46209
16373,2014-06-21 01:15:00,0.0,23.88133,25.13204,25.87021,27.05323,25.35986
16374,2014-06-21 01:30:00,0.0,25.68891,23.88133,25.13204,25.87021,27.05323
16375,2014-06-21 01:45:00,0.0,24.09173,25.68891,23.88133,25.13204,25.87021
16376,2014-06-21 02:00:00,0.0,26.3653,24.09173,25.68891,23.88133,25.13204
16377,2014-06-21 02:15:00,0.0,24.54546,26.3653,24.09173,25.68891,23.88133
16378,2014-06-21 02:30:00,0.0,24.9738,24.54546,26.3653,24.09173,25.68891
16379,2014-06-21 02:45:00,0.0,26.75814,24.9738,24.54546,26.3653,24.09173
16380,2014-06-21 03:00:00,0.0,25.43924,26.75814,24.9738,24.54546,26.3653
16381,2014-06-21 03:15:00,0.0,25.32132,25.43924,26.75814,24.9738,24.54546
16382,2014-06-21 03:30:00,0.0,22.76087,25.32132,25.43924,26.75814,24.9738
16383,2014-06-21 03:45:00,0.0,25.45828,22.76087,25.32132,25.43924,26.75814
16384,2014-06-21 04:00:00,0.0,25.02066,25.45828,22.76087,25.32132,25.43924
16385,2014-06-21 04:15:00,0.0,25.01523,25.02066,25.45828,22.76087,25.32132
16386,2014-06-21 04:30:00,0.0,26.3621,25.01523,25.02066,25.45828,22.76087
16387,2014-06-21 04:45:00,0.0,27.47415,26.3621,25.01523,25.02066,25.45828
16388,2014-06-21 05:00:00,0.0,24.04595,27.47415,26.3621,25.01523,25.02066
16389,2014-06-21 05:15:00,0.0,23.36583,24.04595,27.47415,26.3621,25.01523
16390,2014-06-21 05:30:00,0.0,26.03555,23.36583,24.04595,27.47415,26.3621
16391,2014-06-21 05:45:00,0.0,25.89387,26.03555,23.36583,24.04595,27.47415
16392,2014-06-21 06:00:00,0.0,25.18578,25.89387,26.03555,23.36583,24.04595
16393,2014-06-21 06:15:00,0.0,25.53267,25.18578,25.89387,26.03555,23.36583
16394,2014-06-21 06:30:00,0.0,25.58248,25.53267,25.18578,25.89387,26.03555
16395,2014-06-21 06:45:00,0.0,24.10692,25.58248,25.53267,25.18578,25.89387
16396,2014-06-21 07:00:00,0.0,25.52713,24.10692,25.58248,25.53267,25.18578
16397,2014-06-21 07:15:00,0.0,23.5923,25.52713,24.10692,25.58248,25.53267
16398,2014-06-21 07:30:00,0.0,26.97461,23.5923,25.52713,24.10692,25.58248
16399,2014-06-21 07:45:00,0.0,27.56393,26.97461,23.5923,25.52713,24.10692
16400,2014-06-21 08:00:00,0.0,27.13998,27.56393,26.97461,23.5923,25.52713
16401,2014-06-21 08:15:00,0.0,26.94777,27.13998,27.56393,26.97461,23.5923
16402,2014-06-21 08:30:00,0.0,24.72378,26.94777,27.13998,27.56393,26.97461
16403,2014-06-21 08:45:00,0.0,27.18082,24.72378,26.94777,27.13998,27.56393
16404,2014-06-21 09:00:00,0.0,24.84566,27.18082,24.72378,26.94777,27.13998
16405,2014-06-21 09:15:00,0.0,24.67689,24.84566,27.18082,24.72378,26.94777
16406,2014-06-21 09:30:00,0.0,26.64385,24.67689,24.84566,27.18082,24.72378
16407,2014-06-21 09:45:00,0.0,26.30608,26.64385,24.67689,24.84566,27.18082
16408,2014-06-21 10:00:00,0.0,26.85668,26.30608,26.64385,24.67689,24.84566
16409,2014-06-21 10:15:00,0.0,24.07944,26.85668,26.30608,26.64385,24.67689
16410,2014-06-21 10:30:00,0.0,26.06238,24.07944,26.85668,26.30608,26.64385
16411,2014-06-21 10:45:00,0.0,25.28599,26.06238,24.07944,26.85668,26.30608
16412,2014-06-21 11:00:00,0.0,25.08042,25.28599,26.06238,24.07944,26.85668
16413,2014-06-21 11:15:00,0.0,25.30804,25.08042,25.28599,26.06238,24.07944
16414,2014-06-21 11:30:00,0.0,27.0643,25.30804,25.08042,25.28599,26.06238
16415,2014-06-21 11:45:00,0.0,28.28865,27.0643,25.30804,25.08042,25.28599
16416,2014-06-21 12:00:00,0.0,27.7824,28.28865,27.0643,25.30804,25.08042
16417,2014-06-21 12:15:00,0.0,26.59805,27.7824,28.28865,27.0643,25.30804
16418,2014-06-21 12:30:00,0.0,28.26794,26.59805,27.7824,28.28865,27.0643
16419,2014-06-21 12:45:00,0.0,28.68977,28.26794,26.59805,27.7824,28.28865
16420,2014-06-21 13:00:00,0.0,26.96519,28.68977,28.26794,26.59805,27.7824
16421,2014-06-21 13:15:00,0.0,27.92017,26.96519,28.68977,28.26794,26.59805
16422,2014-06-21 13:30:00,0.0,29.92279,27.92017,26.96519,28.68977,28.26794
16423,2014-06-21 13:45:00,0.0,30.51254,29.92279,27.92017,26.96519,28.68977
16424,2014-06-21 14:00:00,0.0,28.15455,30.51254,29.92279,27.92017,26.96519
16425,2014-06-21 14:15:00,0.0,25.87785,28.15455,30.51254,29.92279,27.92017
16426,2014-06-21 14:30:00,0.0,28.10241,25.87785,28.15455,30.51254,29.92279
16427,2014-06-21 14:45:00,0.0,26.18383,28.10241,25.87785,28.15455,30.51254
16428,2014-06-21 15:00:00,0.0,28.38171,26.18383,28.10241,25.87785,28.15455
16429,2014-06-21 15:15:00,0.0,28.46166,28.38171,26.18383,28.10241,25.87785
16430,2014-06-21 15:30:00,0.0,27.49035,28.46166,28.38171,26.18383,28.10241
16431,2014-06-21 15:45:00,0.0,29.7528,27.49035,28.46166,28.38171,26.18383
16432,2014-06-21 16:00:00,0.0,27.88094,29.7528,27.49035,28.46166,28.38171
16433,2014-06-21 16:15:00,0.0,28.42689,27.88094,29.7528,27.49035,28.46166
16434,2014-06-21 16:30:00,0.0,29.492,28.42689,27.88094,29.7528,27.49035
16435,2014-06-21 16:45:00,0.0,27.98642,29.492,28.42689,27.88094,29.7528
16436,2014-06-21 17:00:00,0.0,28.89627,27.98642,29.492,28.42689,27.88094
16437,2014-06-21 17:15:00,0.0,25.73328,28.89627,27.98642,29.492,28.42689
16438,2014-06-21 17:30:00,0.0,28.38725,25.73328,28.89627,27.98642,29.492
16439,2014-06-21 17:45:00,0.0,28.53844,28.38725,25.73328,28.89627,27.98642
16440,2014-06-21 18:00:00,0.0,28.92499,28.53844,28.38725,25.73328,28.89627
16441,2014-06-21 18:15:00,0.0,26.6525,28.92499,28.53844,28.38725,25.73328
16442,2014-06-21 18:30:00,0.0,26.76421,26.6525,28.92499,28.53844,28.38725
16443,2014-06-21 18:45:00,0.0,26.15582,26.76421,26.6525,28.92499,28.53844
16444,2014-06-21 19:00:00,0.0,26.98391,26.15582,26.76421,26.6525,28.92499
16445,2014-06-21 19:15:00,0.0,24.79253,26.98391,26.15582,26.76421,26.6525
16446,2014-06-21 19:30:00,0.0,25.93615,24.79253,26.98391,26.15582,26.76421
16447,2014-06-21 19:45:00,0.0,25.62927,25.93615,24.79253,26.98391,26.15582
16448,2014-06-21 20:00:00,0.0,26.1285,25.62927,25.93615,24.79253,26.98391
16449,2014-06-21 20:15:00,0.0,24.3827,26.1285,25.62927,25.93615,24.79253
16450,2014-06-21 20:30:00,0.0,25.56503,24.3827,26.1285,25.62927,25.93615
16451,2014-06-21 20:45:00,0.0,24.54148,25.56503,24.3827,26.1285,25.62927
16452,2014-06-21 21:00:00,0.0,27.16987,24.54148,25.56503,24.3827,26.1285
16453,2014-06-21 21:15:00,0.0,24.24081,27.16987,24.54148,25.56503,24.3827
16454,2014-06-21 21:30:00,0.0,26.56865,24.24081,27.16987,24.54148,25.56503
16455,2014-06-21 21:45:00,0.0,26.57796,26.56865,24.24081,27.16987,24.54148
16456,2014-06-21 22:00:00,0.0,27.09134,26.57796,26.56865,24.24081,27.16987
16457,2014-06-21 22:15:00,0.0,25.12336,27.09134,26.57796,26.56865,24.24081
16458,2014-06-21 22:30:00,0.0,27.66543,25.12336,27.09134,26.57796,26.56865
16459,2014-06-21 22:45:00,0.0,27.10001,27.66543,25.12336,27.09134,26.57796
16460,2014-06-21 23:00:00,0.0,26.61643,27.10001,27.66543,25.12336,27.09134
16461,2014-06-21 23:15:00,0.0,23.99103,26.61643,27.10001,27.66543,25.12336
16462,2014-06-21 23:30:00,0.0,24.23362,23.99103,26.61643,27.10001,27.66543
16463,2014-06-21 23:45:00,0.0,26.38969,24.23362,23.99103,26.61643,27.10001
16464,2014-06-22 00:00:00,0.0,25.08907,26.38969,24.23362,23.99103,26.61643
16465,2014-06-22 00:15:00,0.0,26.26197,25.08907,26.38969,24.23362,23.99103
16466,2014-06-22 00:30:00,0.0,23.33247,26.26197,25.08907,26.38969,24.23362
16467,2014-06-22 00:45:00,0.0,25.03232,23.33247,26.26197,25.08907,26.38969
16468,2014-06-22 01:00:00,0.0,22.58194,25.03232,23.33247,26.26197,25.08907
16469,2014-06-22 01:15:00,0.0,25.84799,22.58194,25.03232,23.33247,26.26197
16470,2014-06-22 01:30:00,0.0,26.5225,25.84799,22.58194,25.03232,23.33247
16471,2014-06-22 01:45:00,0.0,26.14344,26.5225,25.84799,22.58194,25.03232
16472,2014-06-22 02:00:00,0.0,26.39046,26.14344,26.5225,25.84799,22.58194
16473,2014-06-22 02:15:00,0.0,25.04584,26.39046,26.14344,26.5225,25.84799
16474,2014-06-22 02:30:00,0.0,24.12577,25.04584,26.39046,26.14344,26.5225
16475,2014-06-22 02:45:00,0.0,26.26231,24.12577,25.04584,26.39046,26.14344
16476,2014-06-22 03:00:00,0.0,24.96287,26.26231,24.12577,25.04584,26.39046
16477,2014-06-22 03:15:00,0.0,26.34458,24.96287,26.26231,24.12577,25.04584
16478,2014-06-22 03:30:00,0.0,27.54562,26.34458,24.96287,26.26231,24.12577
16479,2014-06-22 03:45:00,0.0,26.11507,27.54562,26.34458,24.96287,26.26231
16480,2014-06-22 04:00:00,0.0,26.55055,26.11507,27.54562,26.34458,24.96287
16481,2014-06-22 04:15:00,0.0,25.73729,26.55055,26.11507,27.54562,26.34458
16482,2014-06-22 04:30:00,0.0,26.32637,25.73729,26.55055,26.11507,27.54562
16483,2014-06-22 04:45:00,0.0,24.97365,26.32637,25.73729,26.55055,26.11507
16484,2014-06-22 05:00:00,0.0,25.17375,24.97365,26.32637,25.73729,26.55055
16485,2014-06-22 05:15:00,0.0,26.65288,25.17375,24.97365,26.32637,25.73729
16486,2014-06-22 05:30:00,0.0,22.79583,26.65288,25.17375,24.97365,26.32637
16487,2014-06-22 05:45:00,0.0,26.97405,22.79583,26.65288,25.17375,24.97365
16488,2014-06-22 06:00:00,0.0,26.13463,26.97405,22.79583,26.65288,25.17375
16489,2014-06-22 06:15:00,0.0,24.49157,26.13463,26.97405,22.79583,26.65288
16490,2014-06-22 06:30:00,0.0,24.69719,24.49157,26.13463,26.97405,22.79583
16491,2014-06-22 06:45:00,0.0,24.33376,24.69719,24.49157,26.13463,26.97405
16492,2014-06-22 07:00:00,0.0,25.73174,24.33376,24.69719,24.49157,26.13463
16493,2014-06-22 07:15:00,0.0,26.99592,25.73174,24.33376,24.69719,24.49157
16494,2014-06-22 07:30:00,0.0,26.52341,26.99592,25.73174,24.33376,24.69719
16495,2014-06-22 07:45:00,0.0,27.80425,26.52341,26.99592,25.73174,24.33376
16496,2014-06-22 08:00:00,0.0,25.69242,27.80425,26.52341,26.99592,25.73174
16497,2014-06-22 08:15:00,0.0,26.05547,25.69242,27.80425,26.52341,26.99592
16498,2014-06-22 08:30:00,0.0,25.63926,26.05547,25.69242,27.80425,26.52341
16499,2014-06-22 08:45:00,0.0,26.15018,25.63926,26.05547,25.69242,27.80425
16500,2014-06-22 09:00:00,0.0,25.4791,26.15018,25.63926,26.05547,25.69242
16501,2014-06-22 09:15:00,0.0,27.43284,25.4791,26.15018,25.63926,26.05547
16502,2014-06-22 09:30:00,0.0,25.86708,27.43284,25.4791,26.15018,25.63926
16503,2014-06-22 09:45:00,0.0,24.83084,25.86708,27.43284,25.4791,26.15018
16504,2014-06-22 10:00:00,0.0,26.04762,24.83084,25.86708,27.43284,25.4791
16505,2014-06-22 10:15:00,0.0,24.0046,26.04762,24.83084,25.86708,27.43284
16506,2014-06-22 10:30:00,0.0,25.34647,24.0046,26.04762,24.83084,25.86708
16507,2014-06-22 10:45:00,0.0,27.17671,25.34647,24.0046,26.04762,24.83084
16508,2014-06-22 11:00:00,0.0,26.6419,27.17671,25.34647,24.0046,26.04762
16509,2014-06-22 11:15:00,0.0,27.85059,26.6419,27.17671,25.34647,24.0046
16510,2014-06-22 11:30:00,0.0,31.94286,27.85059,26.6419,27.17671,25.34647
16511,2014-06-22 11:45:00,0.0,27.49597,31.94286,27.85059,26.6419,27.17671
16512,2014-06-22 12:00:00,0.0,28.75332,27.49597,31.94286,27.85059,26.6419
16513,2014-06-22 12:15:00,0.0,28.14472,28.75332,27.49597,31.94286,27.85059
16514,2014-06-22 12:30:00,0.0,29.89557,28.14472,28.75332,27.49597,31.94286
16515,2014-06-22 12:45:00,0.0,28.79776,29.89557,28.14472,28.75332,27.49597
16516,2014-06-22 13:00:00,0.0,29.52154,28.79776,29.89557,28.14472,28.75332
16517,2014-06-22 13:15:00,0.0,29.71257,29.52154,28.79776,29.89557,28.14472
16518,2014-06-22 13:30:00,0.0,30.62557,29.71257,29.52154,28.79776,29.89557
16519,2014-06-22 13:45:00,0.0,29.89288,30.62557,29.71257,29.52154,28.79776
16520,2014-06-22 14:00:00,0.0,28.14748,29.89288,30.62557,29.71257,29.52154
16521,2014-06-22 14:15:00,0.0,29.27454,28.14748,29.89288,30.62557,29.71257
16522,2014-06-22 14:30:00,0.0,26.57519,29.27454,28.14748,29.89288,30.62557
16523,2014-06-22 14:45:00,0.0,29.64001,26.57519,29.27454,28.14748,29.89288
16524,2014-06-22 15:00:00,0.0,31.27333,29.64001,26.57519,29.27454,28.14748
16525,2014-06-22 15:15:00,0.0,31.76716,31.27333,29.64001,26.57519,29.27454
16526,2014-06-22 15:30:00,0.0,27.50288,31.76716,31.27333,29.64001,26.57519
16527,2014-06-22 15:45:00,0.0,28.93851,27.50288,31.76716,31.27333,29.64001
16528,2014-06-22 16:00:00,0.0,30.23804,28.93851,27.50288,31.76716,31.27333
16529,2014-06-22 16:15:00,0.0,27.34851,30.23804,28.93851,27.50288,31.76716
16530,2014-06-22 16:30:00,0.0,28.59406,27.34851,30.23804,28.93851,27.50288
16531,2014-06-22 16:45:00,0.0,29.39428,28.59406,27.34851,30.23804,28.93851
16532,2014-06-22 17:00:00,0.0,28.27768,29.39428,28.59406,27.34851,30.23804
16533,2014-06-22 17:15:00,0.0,25.56322,28.27768,29.39428,28.59406,27.34851
16534,2014-06-22 17:30:00,0.0,29.8574,25.56322,28.27768,29.39428,28.59406
16535,2014-06-22 17:45:00,0.0,26.17306,29.8574,25.56322,28.27768,29.39428
16536,2014-06-22 18:00:00,0.0,26.73064,26.17306,29.8574,25.56322,28.27768
16537,2014-06-22 18:15:00,0.0,27.37735,26.73064,26.17306,29.8574,25.56322
16538,2014-06-22 18:30:00,0.0,26.38456,27.37735,26.73064,26.17306,29.8574
16539,2014-06-22 18:45:00,0.0,24.4268,26.38456,27.37735,26.73064,26.17306
16540,2014-06-22 19:00:00,0.0,24.46119,24.4268,26.38456,27.37735,26.73064
16541,2014-06-22 19:15:00,0.0,26.56998,24.46119,24.4268,26.38456,27.37735
16542,2014-06-22 19:30:00,0.0,27.22462,26.56998,24.46119,24.4268,26.38456
16543,2014-06-22 19:45:00,0.0,24.12884,27.22462,26.56998,24.46119,24.4268
16544,2014-06-22 20:00:00,0.0,26.68949,24.12884,27.22462,26.56998,24.46119
16545,2014-06-22 20:15:00,0.0,24.9431,26.68949,24.12884,27.22462,26.56998
16546,2014-06-22 20:30:00,0.0,24.85448,24.9431,26.68949,24.12884,27.22462
16547,2014-06-22 20:45:00,0.0,26.2099,24.85448,24.9431,26.68949,24.12884
16548,2014-06-22 21:00:00,0.0,26.05805,26.2099,24.85448,24.9431,26.68949
16549,2014-06-22 21:15:00,0.0,25.77454,26.05805,26.2099,24.85448,24.9431
16550,2014-06-22 21:30:00,0.0,25.64203,25.77454,26.05805,26.2099,24.85448
16551,2014-06-22 21:45:00,0.0,27.58678,25.64203,25.77454,26.05805,26.2099
16552,2014-06-22 22:00:00,0.0,26.16866,27.58678,25.64203,25.77454,26.05805
16553,2014-06-22 22:15:00,0.0,25.23745,26.16866,27.58678,25.64203,25.77454
16554,2014-06-22 22:30:00,0.0,26.52166,25.23745,26.16866,27.58678,25.64203
16555,2014-06-22 22:45:00,0.0,25.74211,26.52166,25.23745,26.16866,27.58678
16556,2014-06-22 23:00:00,0.0,28.1565,25.74211,26.52166,25.23745,26.16866
16557,2014-06-22 23:15:00,0.0,26.36936,28.1565,25.74211,26.52166,25.23745
16558,2014-06-22 23:30:00,0.0,26.14741,26.36936,28.1565,25.74211,26.52166
16559,2014-06-22 23:45:00,0.0,25.3156,26.14741,26.36936,28.1565,25.74211
16560,2014-06-23 00:00:00,0.0,25.58874,25.3156,26.14741,26.36936,28.1565
16561,2014-06-23 00:15:00,0.0,24.74562,25.58874,25.3156,26.14741,26.36936
16562,2014-06-23 00:30:00,0.0,25.08844,24.74562,25.58874,25.3156,26.14741
16563,2014-06-23 00:45:00,0.0,25.32082,25.08844,24.74562,25.58874,25.3156
16564,2014-06-23 01:00:00,0.0,27.28011,25.32082,25.08844,24.74562,25.58874
16565,2014-06-23 01:15:00,0.0,23.6317,27.28011,25.32082,25.08844,24.74562
16566,2014-06-23 01:30:00,0.0,26.88537,23.6317,27.28011,25.32082,25.08844
16567,2014-06-23 01:45:00,0.0,26.48393,26.88537,23.6317,27.28011,25.32082
16568,2014-06-23 02:00:00,0.0,23.94467,26.48393,26.88537,23.6317,27.28011
16569,2014-06-23 02:15:00,0.0,23.19953,23.94467,26.48393,26.88537,23.6317
16570,2014-06-23 02:30:00,0.0,25.72334,23.19953,23.94467,26.48393,26.88537
16571,2014-06-23 02:45:00,0.0,26.16363,25.72334,23.19953,23.94467,26.48393
16572,2014-06-23 03:00:00,0.0,25.62591,26.16363,25.72334,23.19953,23.94467
16573,2014-06-23 03:15:00,0.0,27.07919,25.62591,26.16363,25.72334,23.19953
16574,2014-06-23 03:30:00,0.0,25.60923,27.07919,25.62591,26.16363,25.72334
16575,2014-06-23 03:45:00,0.0,27.32318,25.60923,27.07919,25.62591,26.16363
16576,2014-06-23 04:00:00,0.0,26.06583,27.32318,25.60923,27.07919,25.62591
16577,2014-06-23 04:15:00,0.0,25.28154,26.06583,27.32318,25.60923,27.07919
16578,2014-06-23 04:30:00,0.0,24.16548,25.28154,26.06583,27.32318,25.60923
16579,2014-06-23 04:45:00,0.0,23.81284,24.16548,25.28154,26.06583,27.32318
16580,2014-06-23 05:00:00,0.0,27.60811,23.81284,24.16548,25.28154,26.06583
16581,2014-06-23 05:15:00,0.0,26.52351,27.60811,23.81284,24.16548,25.28154
16582,2014-06-23 05:30:00,0.0,27.69858,26.52351,27.60811,23.81284,24.16548
16583,2014-06-23 05:45:00,0.0,26.67823,27.69858,26.52351,27.60811,23.81284
16584,2014-06-23 06:00:00,0.0,27.57018,26.67823,27.69858,26.52351,27.60811
16585,2014-06-23 06:15:00,0.0,27.00925,27.57018,26.67823,27.69858,26.52351
16586,2014-06-23 06:30:00,0.0,28.14072,27.00925,27.57018,26.67823,27.69858
16587,2014-06-23 06:45:00,0.0,26.68874,28.14072,27.00925,27.57018,26.67823
16588,2014-06-23 07:00:00,0.0,28.95369,26.68874,28.14072,27.00925,27.57018
16589,2014-06-23 07:15:00,0.0,31.37954,28.95369,26.68874,28.14072,27.00925
16590,2014-06-23 07:30:00,0.0,28.20136,31.37954,28.95369,26.68874,28.14072
16591,2014-06-23 07:45:00,0.0,29.63597,28.20136,31.37954,28.95369,26.68874
16592,2014-06-23 08:00:00,0.0,29.9569,29.63597,28.20136,31.37954,28.95369
16593,2014-06-23 08:15:00,0.0,30.60086,29.9569,29.63597,28.20136,31.37954
16594,2014-06-23 08:30:00,0.0,29.04986,30.60086,29.9569,29.63597,28.20136
16595,2014-06-23 08:45:00,0.0,32.50007,29.04986,30.60086,29.9569,29.63597
16596,2014-06-23 09:00:00,0.0,28.92614,32.50007,29.04986,30.60086,29.9569
16597,2014-06-23 09:15:00,0.0,31.89623,28.92614,32.50007,29.04986,30.60086
16598,2014-06-23 09:30:00,0.0,33.81464,31.89623,28.92614,32.50007,29.04986
16599,2014-06-23 09:45:00,0.0,36.80333,33.81464,31.89623,28.92614,32.50007
16600,2014-06-23 10:00:00,0.0,35.47114,36.80333,33.81464,31.89623,28.92614
16601,2014-06-23 10:15:00,0.0,35.85754,35.47114,36.80333,33.81464,31.89623
16602,2014-06-23 10:30:00,0.0,34.43202,35.85754,35.47114,36.80333,33.81464
16603,2014-06-23 10:45:00,0.0,34.46238,34.43202,35.85754,35.47114,36.80333
16604,2014-06-23 11:00:00,0.0,37.4409,34.46238,34.43202,35.85754,35.47114
16605,2014-06-23 11:15:00,0.0,37.3994,37.4409,34.46238,34.43202,35.85754
16606,2014-06-23 11:30:00,0.0,37.88331,37.3994,37.4409,34.46238,34.43202
16607,2014-06-23 11:45:00,0.0,42.06323,37.88331,37.3994,37.4409,34.46238
16608,2014-06-23 12:00:00,0.0,40.40973,42.06323,37.88331,37.3994,37.4409
16609,2014-06-23 12:15:00,0.0,39.95915,40.40973,42.06323,37.88331,37.3994
16610,2014-06-23 12:30:00,0.0,41.80752,39.95915,40.40973,42.06323,37.88331
16611,2014-06-23 12:45:00,0.0,39.94458,41.80752,39.95915,40.40973,42.06323
16612,2014-06-23 13:00:00,0.0,41.20041,39.94458,41.80752,39.95915,40.40973
16613,2014-06-23 13:15:00,0.0,38.44916,41.20041,39.94458,41.80752,39.95915
16614,2014-06-23 13:30:00,0.0,41.21887,38.44916,41.20041,39.94458,41.80752
16615,2014-06-23 13:45:00,0.0,41.57781,41.21887,38.44916,41.20041,39.94458
16616,2014-06-23 14:00:00,0.0,40.88551,41.57781,41.21887,38.44916,41.20041
16617,2014-06-23 14:15:00,0.0,42.9571,40.88551,41.57781,41.21887,38.44916
16618,2014-06-23 14:30:00,0.0,44.86158,42.9571,40.88551,41.57781,41.21887
16619,2014-06-23 14:45:00,0.0,41.17909,44.86158,42.9571,40.88551,41.57781
16620,2014-06-23 15:00:00,0.0,41.15313,41.17909,44.86158,42.9571,40.88551
16621,2014-06-23 15:15:00,0.0,41.65539,41.15313,41.17909,44.86158,42.9571
16622,2014-06-23 15:30:00,0.0,41.45827,41.65539,41.15313,41.17909,44.86158
16623,2014-06-23 15:45:00,0.0,43.33919,41.45827,41.65539,41.15313,41.17909
16624,2014-06-23 16:00:00,0.0,43.70269,43.33919,41.45827,41.65539,41.15313
16625,2014-06-23 16:15:00,0.0,42.93517,43.70269,43.33919,41.45827,41.65539
16626,2014-06-23 16:30:00,0.0,45.87357,42.93517,43.70269,43.33919,41.45827
16627,2014-06-23 16:45:00,0.0,45.51022,45.87357,42.93517,43.70269,43.33919
16628,2014-06-23 17:00:00,0.0,44.18264,45.51022,45.87357,42.93517,43.70269
16629,2014-06-23 17:15:00,0.0,41.53881,44.18264,45.51022,45.87357,42.93517
16630,2014-06-23 17:30:00,0.0,45.80356,41.53881,44.18264,45.51022,45.87357
16631,2014-06-23 17:45:00,0.0,42.61779,45.80356,41.53881,44.18264,45.51022
16632,2014-06-23 18:00:00,0.0,38.87585,42.61779,45.80356,41.53881,44.18264
16633,2014-06-23 18:15:00,0.0,37.73693,38.87585,42.61779,45.80356,41.53881
16634,2014-06-23 18:30:00,0.0,36.59684,37.73693,38.87585,42.61779,45.80356
16635,2014-06-23 18:45:00,0.0,38.09361,36.59684,37.73693,38.87585,42.61779
16636,2014-06-23 19:00:00,0.0,36.56584,38.09361,36.59684,37.73693,38.87585
16637,2014-06-23 19:15:00,0.0,35.97646,36.56584,38.09361,36.59684,37.73693
16638,2014-06-23 19:30:00,0.0,34.42455,35.97646,36.56584,38.09361,36.59684
16639,2014-06-23 19:45:00,0.0,35.30087,34.42455,35.97646,36.56584,38.09361
16640,2014-06-23 20:00:00,0.0,29.84968,35.30087,34.42455,35.97646,36.56584
16641,2014-06-23 20:15:00,0.0,31.76627,29.84968,35.30087,34.42455,35.97646
16642,2014-06-23 20:30:00,0.0,30.53694,31.76627,29.84968,35.30087,34.42455
16643,2014-06-23 20:45:00,0.0,31.31159,30.53694,31.76627,29.84968,35.30087
16644,2014-06-23 21:00:00,0.0,29.56401,31.31159,30.53694,31.76627,29.84968
16645,2014-06-23 21:15:00,0.0,28.58162,29.56401,31.31159,30.53694,31.76627
16646,2014-06-23 21:30:00,0.0,29.30336,28.58162,29.56401,31.31159,30.53694
16647,2014-06-23 21:45:00,0.0,30.48492,29.30336,28.58162,29.56401,31.31159
16648,2014-06-23 22:00:00,0.0,29.36538,30.48492,29.30336,28.58162,29.56401
16649,2014-06-23 22:15:00,0.0,29.30969,29.36538,30.48492,29.30336,28.58162
16650,2014-06-23 22:30:00,0.0,29.10622,29.30969,29.36538,30.48492,29.30336
16651,2014-06-23 22:45:00,0.0,28.93133,29.10622,29.30969,29.36538,30.48492
16652,2014-06-23 23:00:00,0.0,29.34403,28.93133,29.10622,29.30969,29.36538
16653,2014-06-23 23:15:00,0.0,27.33415,29.34403,28.93133,29.10622,29.30969
16654,2014-06-23 23:30:00,0.0,27.10788,27.33415,29.34403,28.93133,29.10622
16655,2014-06-23 23:45:00,0.0,25.91497,27.10788,27.33415,29.34403,28.93133
16656,2014-06-24 00:00:00,0.0,24.60736,25.91497,27.10788,27.33415,29.34403
16657,2014-06-24 00:15:00,0.0,23.45448,24.60736,25.91497,27.10788,27.33415
16658,2014-06-24 00:30:00,0.0,23.65252,23.45448,24.60736,25.91497,27.10788
16659,2014-06-24 00:45:00,0.0,24.16472,23.65252,23.45448,24.60736,25.91497
16660,2014-06-24 01:00:00,0.0,24.82115,24.16472,23.65252,23.45448,24.60736
16661,2014-06-24 01:15:00,0.0,25.93054,24.82115,24.16472,23.65252,23.45448
16662,2014-06-24 01:30:00,0.0,25.86349,25.93054,24.82115,24.16472,23.65252
16663,2014-06-24 01:45:00,0.0,24.01702,25.86349,25.93054,24.82115,24.16472
16664,2014-06-24 02:00:00,0.0,25.58271,24.01702,25.86349,25.93054,24.82115
16665,2014-06-24 02:15:00,0.0,22.57961,25.58271,24.01702,25.86349,25.93054
16666,2014-06-24 02:30:00,0.0,24.77517,22.57961,25.58271,24.01702,25.86349
16667,2014-06-24 02:45:00,0.0,25.78311,24.77517,22.57961,25.58271,24.01702
16668,2014-06-24 03:00:00,0.0,26.49167,25.78311,24.77517,22.57961,25.58271
16669,2014-06-24 03:15:00,0.0,26.13295,26.49167,25.78311,24.77517,22.57961
16670,2014-06-24 03:30:00,0.0,24.63647,26.13295,26.49167,25.78311,24.77517
16671,2014-06-24 03:45:00,0.0,25.11143,24.63647,26.13295,26.49167,25.78311
16672,2014-06-24 04:00:00,0.0,24.84783,25.11143,24.63647,26.13295,26.49167
16673,2014-06-24 04:15:00,0.0,24.49162,24.84783,25.11143,24.63647,26.13295
16674,2014-06-24 04:30:00,0.0,24.59975,24.49162,24.84783,25.11143,24.63647
16675,2014-06-24 04:45:00,0.0,25.83436,24.59975,24.49162,24.84783,25.11143
16676,2014-06-24 05:00:00,0.0,26.45504,25.83436,24.59975,24.49162,24.84783
16677,2014-06-24 05:15:00,0.0,28.09534,26.45504,25.83436,24.59975,24.49162
16678,2014-06-24 05:30:00,0.0,25.90391,28.09534,26.45504,25.83436,24.59975
16679,2014-06-24 05:45:00,0.0,27.36187,25.90391,28.09534,26.45504,25.83436
16680,2014-06-24 06:00:00,0.0,26.25985,27.36187,25.90391,28.09534,26.45504
16681,2014-06-24 06:15:00,0.0,26.39561,26.25985,27.36187,25.90391,28.09534
16682,2014-06-24 06:30:00,0.0,27.17713,26.39561,26.25985,27.36187,25.90391
16683,2014-06-24 06:45:00,0.0,29.07009,27.17713,26.39561,26.25985,27.36187
16684,2014-06-24 07:00:00,0.0,28.44821,29.07009,27.17713,26.39561,26.25985
16685,2014-06-24 07:15:00,0.0,30.47629,28.44821,29.07009,27.17713,26.39561
16686,2014-06-24 07:30:00,0.0,30.34586,30.47629,28.44821,29.07009,27.17713
16687,2014-06-24 07:45:00,0.0,29.38609,30.34586,30.47629,28.44821,29.07009
16688,2014-06-24 08:00:00,0.0,31.29454,29.38609,30.34586,30.47629,28.44821
16689,2014-06-24 08:15:00,0.0,30.45426,31.29454,29.38609,30.34586,30.47629
16690,2014-06-24 08:30:00,0.0,29.82689,30.45426,31.29454,29.38609,30.34586
16691,2014-06-24 08:45:00,0.0,34.58345,29.82689,30.45426,31.29454,29.38609
16692,2014-06-24 09:00:00,0.0,36.15955,34.58345,29.82689,30.45426,31.29454
16693,2014-06-24 09:15:00,0.0,31.77084,36.15955,34.58345,29.82689,30.45426
16694,2014-06-24 09:30:00,0.0,37.2779,31.77084,36.15955,34.58345,29.82689
16695,2014-06-24 09:45:00,0.0,35.72479,37.2779,31.77084,36.15955,34.58345
16696,2014-06-24 10:00:00,0.0,40.51867,35.72479,37.2779,31.77084,36.15955
16697,2014-06-24 10:15:00,0.0,36.89336,40.51867,35.72479,37.2779,31.77084
16698,2014-06-24 10:30:00,0.0,40.27073,36.89336,40.51867,35.72479,37.2779
16699,2014-06-24 10:45:00,0.0,41.50641,40.27073,36.89336,40.51867,35.72479
16700,2014-06-24 11:00:00,0.0,42.42121,41.50641,40.27073,36.89336,40.51867
16701,2014-06-24 11:15:00,0.0,38.99591,42.42121,41.50641,40.27073,36.89336
16702,2014-06-24 11:30:00,0.0,44.26678,38.99591,42.42121,41.50641,40.27073
16703,2014-06-24 11:45:00,0.0,45.34636,44.26678,38.99591,42.42121,41.50641
16704,2014-06-24 12:00:00,0.0,44.19519,45.34636,44.26678,38.99591,42.42121
16705,2014-06-24 12:15:00,0.0,41.48279,44.19519,45.34636,44.26678,38.99591
16706,2014-06-24 12:30:00,0.0,46.26304,41.48279,44.19519,45.34636,44.26678
16707,2014-06-24 12:45:00,0.0,41.90788,46.26304,41.48279,44.19519,45.34636
16708,2014-06-24 13:00:00,0.0,42.91333,41.90788,46.26304,41.48279,44.19519
16709,2014-06-24 13:15:00,0.0,41.14869,42.91333,41.90788,46.26304,41.48279
16710,2014-06-24 13:30:00,0.0,42.32741,41.14869,42.91333,41.90788,46.26304
16711,2014-06-24 13:45:00,0.0,42.19516,42.32741,41.14869,42.91333,41.90788
16712,2014-06-24 14:00:00,0.0,46.83535,42.19516,42.32741,41.14869,42.91333
16713,2014-06-24 14:15:00,0.0,50.39192,46.83535,42.19516,42.32741,41.14869
16714,2014-06-24 14:30:00,0.0,45.38188,50.39192,46.83535,42.19516,42.32741
16715,2014-06-24 14:45:00,0.0,47.8758,45.38188,50.39192,46.83535,42.19516
16716,2014-06-24 15:00:00,0.0,44.86919,47.8758,45.38188,50.39192,46.83535
16717,2014-06-24 15:15:00,0.0,46.72599,44.86919,47.8758,45.38188,50.39192
16718,2014-06-24 15:30:00,0.0,45.83942,46.72599,44.86919,47.8758,45.38188
16719,2014-06-24 15:45:00,0.0,46.56206,45.83942,46.72599,44.86919,47.8758
16720,2014-06-24 16:00:00,0.0,46.89144,46.56206,45.83942,46.72599,44.86919
16721,2014-06-24 16:15:00,0.0,47.5115,46.89144,46.56206,45.83942,46.72599
16722,2014-06-24 16:30:00,0.0,49.23734,47.5115,46.89144,46.56206,45.83942
16723,2014-06-24 16:45:00,0.0,50.78594,49.23734,47.5115,46.89144,46.56206
16724,2014-06-24 17:00:00,0.0,49.69192,50.78594,49.23734,47.5115,46.89144
16725,2014-06-24 17:15:00,0.0,46.6073,49.69192,50.78594,49.23734,47.5115
16726,2014-06-24 17:30:00,0.0,48.6966,46.6073,49.69192,50.78594,49.23734
16727,2014-06-24 17:45:00,0.0,44.80384,48.6966,46.6073,49.69192,50.78594
16728,2014-06-24 18:00:00,0.0,40.63007,44.80384,48.6966,46.6073,49.69192
16729,2014-06-24 18:15:00,0.0,39.34799,40.63007,44.80384,48.6966,46.6073
16730,2014-06-24 18:30:00,0.0,38.9041,39.34799,40.63007,44.80384,48.6966
16731,2014-06-24 18:45:00,0.0,39.11787,38.9041,39.34799,40.63007,44.80384
16732,2014-06-24 19:00:00,0.0,39.63527,39.11787,38.9041,39.34799,40.63007
16733,2014-06-24 19:15:00,0.0,38.11363,39.63527,39.11787,38.9041,39.34799
16734,2014-06-24 19:30:00,0.0,35.56525,38.11363,39.63527,39.11787,38.9041
16735,2014-06-24 19:45:00,0.0,35.53799,35.56525,38.11363,39.63527,39.11787
16736,2014-06-24 20:00:00,0.0,33.55759,35.53799,35.56525,38.11363,39.63527
16737,2014-06-24 20:15:00,0.0,33.19529,33.55759,35.53799,35.56525,38.11363
16738,2014-06-24 20:30:00,0.0,31.34035,33.19529,33.55759,35.53799,35.56525
16739,2014-06-24 20:45:00,0.0,32.69856,31.34035,33.19529,33.55759,35.53799
16740,2014-06-24 21:00:00,0.0,31.24484,32.69856,31.34035,33.19529,33.55759
16741,2014-06-24 21:15:00,0.0,29.41722,31.24484,32.69856,31.34035,33.19529
16742,2014-06-24 21:30:00,0.0,30.09412,29.41722,31.24484,32.69856,31.34035
16743,2014-06-24 21:45:00,0.0,29.45101,30.09412,29.41722,31.24484,32.69856
16744,2014-06-24 22:00:00,0.0,28.90688,29.45101,30.09412,29.41722,31.24484
16745,2014-06-24 22:15:00,0.0,29.2483,28.90688,29.45101,30.09412,29.41722
16746,2014-06-24 22:30:00,0.0,30.50691,29.2483,28.90688,29.45101,30.09412
16747,2014-06-24 22:45:00,0.0,29.61465,30.50691,29.2483,28.90688,29.45101
16748,2014-06-24 23:00:00,0.0,29.50072,29.61465,30.50691,29.2483,28.90688
16749,2014-06-24 23:15:00,0.0,26.47015,29.50072,29.61465,30.50691,29.2483
16750,2014-06-24 23:30:00,0.0,26.8689,26.47015,29.50072,29.61465,30.50691
16751,2014-06-24 23:45:00,0.0,25.90726,26.8689,26.47015,29.50072,29.61465
16752,2014-06-25 00:00:00,0.0,27.3892,25.90726,26.8689,26.47015,29.50072
16753,2014-06-25 00:15:00,0.0,26.95167,27.3892,25.90726,26.8689,26.47015
16754,2014-06-25 00:30:00,0.0,26.54215,26.95167,27.3892,25.90726,26.8689
16755,2014-06-25 00:45:00,0.0,28.57532,26.54215,26.95167,27.3892,25.90726
16756,2014-06-25 01:00:00,0.0,25.48561,28.57532,26.54215,26.95167,27.3892
16757,2014-06-25 01:15:00,0.0,26.64268,25.48561,28.57532,26.54215,26.95167
16758,2014-06-25 01:30:00,0.0,24.75414,26.64268,25.48561,28.57532,26.54215
16759,2014-06-25 01:45:00,0.0,28.48377,24.75414,26.64268,25.48561,28.57532
16760,2014-06-25 02:00:00,0.0,26.57469,28.48377,24.75414,26.64268,25.48561
16761,2014-06-25 02:15:00,0.0,27.03055,26.57469,28.48377,24.75414,26.64268
16762,2014-06-25 02:30:00,0.0,27.84859,27.03055,26.57469,28.48377,24.75414
16763,2014-06-25 02:45:00,0.0,26.85057,27.84859,27.03055,26.57469,28.48377
16764,2014-06-25 03:00:00,0.0,25.95206,26.85057,27.84859,27.03055,26.57469
16765,2014-06-25 03:15:00,0.0,23.2664,25.95206,26.85057,27.84859,27.03055
16766,2014-06-25 03:30:00,0.0,26.86129,23.2664,25.95206,26.85057,27.84859
16767,2014-06-25 03:45:00,0.0,26.52972,26.86129,23.2664,25.95206,26.85057
16768,2014-06-25 04:00:00,0.0,28.03076,26.52972,26.86129,23.2664,25.95206
16769,2014-06-25 04:15:00,0.0,27.88953,28.03076,26.52972,26.86129,23.2664
16770,2014-06-25 04:30:00,0.0,28.18054,27.88953,28.03076,26.52972,26.86129
16771,2014-06-25 04:45:00,0.0,27.11233,28.18054,27.88953,28.03076,26.52972
16772,2014-06-25 05:00:00,0.0,28.00316,27.11233,28.18054,27.88953,28.03076
16773,2014-06-25 05:15:00,0.0,26.32566,28.00316,27.11233,28.18054,27.88953
16774,2014-06-25 05:30:00,0.0,28.32156,26.32566,28.00316,27.11233,28.18054
16775,2014-06-25 05:45:00,0.0,28.84354,28.32156,26.32566,28.00316,27.11233
16776,2014-06-25 06:00:00,0.0,29.44621,28.84354,28.32156,26.32566,28.00316
16777,2014-06-25 06:15:00,0.0,28.82902,29.44621,28.84354,28.32156,26.32566
16778,2014-06-25 06:30:00,0.0,28.10482,28.82902,29.44621,28.84354,28.32156
16779,2014-06-25 06:45:00,0.0,30.54818,28.10482,28.82902,29.44621,28.84354
16780,2014-06-25 07:00:00,0.0,31.01803,30.54818,28.10482,28.82902,29.44621
16781,2014-06-25 07:15:00,0.0,32.89911,31.01803,30.54818,28.10482,28.82902
16782,2014-06-25 07:30:00,0.0,32.83501,32.89911,31.01803,30.54818,28.10482
16783,2014-06-25 07:45:00,0.0,34.23607,32.83501,32.89911,31.01803,30.54818
16784,2014-06-25 08:00:00,0.0,33.31841,34.23607,32.83501,32.89911,31.01803
16785,2014-06-25 08:15:00,0.0,28.85498,33.31841,34.23607,32.83501,32.89911
16786,2014-06-25 08:30:00,0.0,31.3439,28.85498,33.31841,34.23607,32.83501
16787,2014-06-25 08:45:00,0.0,34.33496,31.3439,28.85498,33.31841,34.23607
16788,2014-06-25 09:00:00,0.0,33.22086,34.33496,31.3439,28.85498,33.31841
16789,2014-06-25 09:15:00,0.0,32.25303,33.22086,34.33496,31.3439,28.85498
16790,2014-06-25 09:30:00,0.0,33.92256,32.25303,33.22086,34.33496,31.3439
16791,2014-06-25 09:45:00,0.0,35.2358,33.92256,32.25303,33.22086,34.33496
16792,2014-06-25 10:00:00,0.0,33.16474,35.2358,33.92256,32.25303,33.22086
16793,2014-06-25 10:15:00,0.0,35.07721,33.16474,35.2358,33.92256,32.25303
16794,2014-06-25 10:30:00,0.0,33.85805,35.07721,33.16474,35.2358,33.92256
16795,2014-06-25 10:45:00,0.0,34.38084,33.85805,35.07721,33.16474,35.2358
16796,2014-06-25 11:00:00,0.0,34.62858,34.38084,33.85805,35.07721,33.16474
16797,2014-06-25 11:15:00,0.0,37.60466,34.62858,34.38084,33.85805,35.07721
16798,2014-06-25 11:30:00,0.0,38.76481,37.60466,34.62858,34.38084,33.85805
16799,2014-06-25 11:45:00,0.0,38.09476,38.76481,37.60466,34.62858,34.38084
16800,2014-06-25 12:00:00,0.0,38.05383,38.09476,38.76481,37.60466,34.62858
16801,2014-06-25 12:15:00,0.0,36.46325,38.05383,38.09476,38.76481,37.60466
16802,2014-06-25 12:30:00,0.0,36.31622,36.46325,38.05383,38.09476,38.76481
16803,2014-06-25 12:45:00,0.0,39.73326,36.31622,36.46325,38.05383,38.09476
16804,2014-06-25 13:00:00,0.0,37.91128,39.73326,36.31622,36.46325,38.05383
16805,2014-06-25 13:15:00,0.0,35.59492,37.91128,39.73326,36.31622,36.46325
16806,2014-06-25 13:30:00,0.0,36.52047,35.59492,37.91128,39.73326,36.31622
16807,2014-06-25 13:45:00,0.0,35.15767,36.52047,35.59492,37.91128,39.73326
16808,2014-06-25 14:00:00,0.0,35.02266,35.15767,36.52047,35.59492,37.91128
16809,2014-06-25 14:15:00,0.0,35.39744,35.02266,35.15767,36.52047,35.59492
16810,2014-06-25 14:30:00,0.0,34.27343,35.39744,35.02266,35.15767,36.52047
16811,2014-06-25 14:45:00,0.0,36.44551,34.27343,35.39744,35.02266,35.15767
16812,2014-06-25 15:00:00,0.0,34.5782,36.44551,34.27343,35.39744,35.02266
16813,2014-06-25 15:15:00,0.0,33.641,34.5782,36.44551,34.27343,35.39744
16814,2014-06-25 15:30:00,0.0,36.61019,33.641,34.5782,36.44551,34.27343
16815,2014-06-25 15:45:00,0.0,32.9398,36.61019,33.641,34.5782,36.44551
16816,2014-06-25 16:00:00,0.0,35.83732,32.9398,36.61019,33.641,34.5782
16817,2014-06-25 16:15:00,0.0,34.52474,35.83732,32.9398,36.61019,33.641
16818,2014-06-25 16:30:00,0.0,33.16329,34.52474,35.83732,32.9398,36.61019
16819,2014-06-25 16:45:00,0.0,35.28733,33.16329,34.52474,35.83732,32.9398
16820,2014-06-25 17:00:00,0.0,33.37748,35.28733,33.16329,34.52474,35.83732
16821,2014-06-25 17:15:00,0.0,30.68009,33.37748,35.28733,33.16329,34.52474
16822,2014-06-25 17:30:00,0.0,32.5348,30.68009,33.37748,35.28733,33.16329
16823,2014-06-25 17:45:00,0.0,33.70726,32.5348,30.68009,33.37748,35.28733
16824,2014-06-25 18:00:00,0.0,32.32398,33.70726,32.5348,30.68009,33.37748
16825,2014-06-25 18:15:00,0.0,31.90192,32.32398,33.70726,32.5348,30.68009
16826,2014-06-25 18:30:00,0.0,29.81837,31.90192,32.32398,33.70726,32.5348
16827,2014-06-25 18:45:00,0.0,32.40906,29.81837,31.90192,32.32398,33.70726
16828,2014-06-25 19:00:00,0.0,30.11576,32.40906,29.81837,31.90192,32.32398
16829,2014-06-25 19:15:00,0.0,30.79216,30.11576,32.40906,29.81837,31.90192
16830,2014-06-25 19:30:00,0.0,29.72009,30.79216,30.11576,32.40906,29.81837
16831,2014-06-25 19:45:00,0.0,31.19052,29.72009,30.79216,30.11576,32.40906
16832,2014-06-25 20:00:00,0.0,27.08593,31.19052,29.72009,30.79216,30.11576
16833,2014-06-25 20:30:00,0.0,57.76199,27.08593,31.19052,29.72009,30.79216
16834,2014-06-25 20:45:00,0.0,29.08671,57.76199,27.08593,31.19052,29.72009
16835,2014-06-25 21:00:00,0.0,28.55027,29.08671,57.76199,27.08593,31.19052
16836,2014-06-25 21:15:00,0.0,27.57845,28.55027,29.08671,57.76199,27.08593
16837,2014-06-25 21:30:00,0.0,28.68653,27.57845,28.55027,29.08671,57.76199
16838,2014-06-25 21:45:00,0.0,29.0083,28.68653,27.57845,28.55027,29.08671
16839,2014-06-25 22:00:00,0.0,29.4956,29.0083,28.68653,27.57845,28.55027
16840,2014-06-25 22:15:00,0.0,29.12311,29.4956,29.0083,28.68653,27.57845
16841,2014-06-25 22:30:00,0.0,28.77376,29.12311,29.4956,29.0083,28.68653
16842,2014-06-25 22:45:00,0.0,28.76237,28.77376,29.12311,29.4956,29.0083
16843,2014-06-25 23:00:00,0.0,26.25907,28.76237,28.77376,29.12311,29.4956
16844,2014-06-25 23:15:00,0.0,25.71564,26.25907,28.76237,28.77376,29.12311
16845,2014-06-25 23:30:00,0.0,26.2177,25.71564,26.25907,28.76237,28.77376
16846,2014-06-25 23:45:00,0.0,27.66584,26.2177,25.71564,26.25907,28.76237
16847,2014-06-26 00:00:00,0.0,27.83516,27.66584,26.2177,25.71564,26.25907
16848,2014-06-26 00:15:00,0.0,26.30019,27.83516,27.66584,26.2177,25.71564
16849,2014-06-26 00:30:00,0.0,24.61288,26.30019,27.83516,27.66584,26.2177
16850,2014-06-26 00:45:00,0.0,25.76109,24.61288,26.30019,27.83516,27.66584
16851,2014-06-26 01:00:00,0.0,25.81752,25.76109,24.61288,26.30019,27.83516
16852,2014-06-26 01:15:00,0.0,22.16522,25.81752,25.76109,24.61288,26.30019
16853,2014-06-26 01:30:00,0.0,25.72378,22.16522,25.81752,25.76109,24.61288
16854,2014-06-26 01:45:00,0.0,24.30677,25.72378,22.16522,25.81752,25.76109
16855,2014-06-26 02:00:00,0.0,27.42907,24.30677,25.72378,22.16522,25.81752
16856,2014-06-26 02:15:00,0.0,24.28278,27.42907,24.30677,25.72378,22.16522
16857,2014-06-26 02:30:00,0.0,25.03105,24.28278,27.42907,24.30677,25.72378
16858,2014-06-26 02:45:00,0.0,25.62098,25.03105,24.28278,27.42907,24.30677
16859,2014-06-26 03:00:00,0.0,26.47502,25.62098,25.03105,24.28278,27.42907
16860,2014-06-26 03:15:00,0.0,24.612,26.47502,25.62098,25.03105,24.28278
16861,2014-06-26 03:30:00,0.0,26.60921,24.612,26.47502,25.62098,25.03105
16862,2014-06-26 03:45:00,0.0,27.9744,26.60921,24.612,26.47502,25.62098
16863,2014-06-26 04:00:00,0.0,28.05761,27.9744,26.60921,24.612,26.47502
16864,2014-06-26 04:15:00,0.0,24.49638,28.05761,27.9744,26.60921,24.612
16865,2014-06-26 04:30:00,0.0,23.73954,24.49638,28.05761,27.9744,26.60921
16866,2014-06-26 04:45:00,0.0,26.4848,23.73954,24.49638,28.05761,27.9744
16867,2014-06-26 05:00:00,0.0,25.05252,26.4848,23.73954,24.49638,28.05761
16868,2014-06-26 05:15:00,0.0,26.17516,25.05252,26.4848,23.73954,24.49638
16869,2014-06-26 05:30:00,0.0,26.11993,26.17516,25.05252,26.4848,23.73954
16870,2014-06-26 05:45:00,0.0,27.71878,26.11993,26.17516,25.05252,26.4848
16871,2014-06-26 06:00:00,0.0,29.19423,27.71878,26.11993,26.17516,25.05252
16872,2014-06-26 06:15:00,0.0,27.66453,29.19423,27.71878,26.11993,26.17516
16873,2014-06-26 06:30:00,0.0,28.83798,27.66453,29.19423,27.71878,26.11993
16874,2014-06-26 06:45:00,0.0,26.84036,28.83798,27.66453,29.19423,27.71878
16875,2014-06-26 07:00:00,0.0,27.8974,26.84036,28.83798,27.66453,29.19423
16876,2014-06-26 07:15:00,0.0,30.06792,27.8974,26.84036,28.83798,27.66453
16877,2014-06-26 07:30:00,0.0,29.45514,30.06792,27.8974,26.84036,28.83798
16878,2014-06-26 07:45:00,0.0,30.39038,29.45514,30.06792,27.8974,26.84036
16879,2014-06-26 08:00:00,0.0,31.65588,30.39038,29.45514,30.06792,27.8974
16880,2014-06-26 08:15:00,0.0,32.13813,31.65588,30.39038,29.45514,30.06792
16881,2014-06-26 08:30:00,0.0,30.89947,32.13813,31.65588,30.39038,29.45514
16882,2014-06-26 08:45:00,0.0,32.65563,30.89947,32.13813,31.65588,30.39038
16883,2014-06-26 09:00:00,0.0,30.49209,32.65563,30.89947,32.13813,31.65588
16884,2014-06-26 09:15:00,0.0,30.2763,30.49209,32.65563,30.89947,32.13813
16885,2014-06-26 09:30:00,0.0,33.0024,30.2763,30.49209,32.65563,30.89947
16886,2014-06-26 09:45:00,0.0,36.32111,33.0024,30.2763,30.49209,32.65563
16887,2014-06-26 10:00:00,0.0,31.74695,36.32111,33.0024,30.2763,30.49209
16888,2014-06-26 10:15:00,0.0,35.71146,31.74695,36.32111,33.0024,30.2763
16889,2014-06-26 10:30:00,0.0,36.87712,35.71146,31.74695,36.32111,33.0024
16890,2014-06-26 10:45:00,0.0,36.04814,36.87712,35.71146,31.74695,36.32111
16891,2014-06-26 11:00:00,0.0,34.39308,36.04814,36.87712,35.71146,31.74695
16892,2014-06-26 11:15:00,0.0,36.13101,34.39308,36.04814,36.87712,35.71146
16893,2014-06-26 11:30:00,0.0,34.71513,36.13101,34.39308,36.04814,36.87712
16894,2014-06-26 11:45:00,0.0,35.58122,34.71513,36.13101,34.39308,36.04814
16895,2014-06-26 12:00:00,0.0,35.38586,35.58122,34.71513,36.13101,34.39308
16896,2014-06-26 12:15:00,0.0,38.69264,35.38586,35.58122,34.71513,36.13101
16897,2014-06-26 12:30:00,0.0,37.24392,38.69264,35.38586,35.58122,34.71513
16898,2014-06-26 12:45:00,0.0,40.20615,37.24392,38.69264,35.38586,35.58122
16899,2014-06-26 13:00:00,0.0,34.64485,40.20615,37.24392,38.69264,35.38586
16900,2014-06-26 13:15:00,0.0,34.13487,34.64485,40.20615,37.24392,38.69264
16901,2014-06-26 13:30:00,0.0,35.34314,34.13487,34.64485,40.20615,37.24392
16902,2014-06-26 13:45:00,0.0,39.40576,35.34314,34.13487,34.64485,40.20615
16903,2014-06-26 14:00:00,0.0,38.33941,39.40576,35.34314,34.13487,34.64485
16904,2014-06-26 14:15:00,0.0,37.73986,38.33941,39.40576,35.34314,34.13487
16905,2014-06-26 14:30:00,0.0,36.59961,37.73986,38.33941,39.40576,35.34314
16906,2014-06-26 14:45:00,0.0,37.8381,36.59961,37.73986,38.33941,39.40576
16907,2014-06-26 15:00:00,0.0,36.73364,37.8381,36.59961,37.73986,38.33941
16908,2014-06-26 15:15:00,0.0,38.98197,36.73364,37.8381,36.59961,37.73986
16909,2014-06-26 15:30:00,0.0,37.19973,38.98197,36.73364,37.8381,36.59961
16910,2014-06-26 15:45:00,0.0,40.94264,37.19973,38.98197,36.73364,37.8381
16911,2014-06-26 16:00:00,0.0,38.34331,40.94264,37.19973,38.98197,36.73364
16912,2014-06-26 16:15:00,0.0,40.70564,38.34331,40.94264,37.19973,38.98197
16913,2014-06-26 16:30:00,0.0,39.71529,40.70564,38.34331,40.94264,37.19973
16914,2014-06-26 16:45:00,0.0,38.37125,39.71529,40.70564,38.34331,40.94264
16915,2014-06-26 17:00:00,0.0,37.63694,38.37125,39.71529,40.70564,38.34331
16916,2014-06-26 17:15:00,0.0,38.5453,37.63694,38.37125,39.71529,40.70564
16917,2014-06-26 17:30:00,0.0,38.64547,38.5453,37.63694,38.37125,39.71529
16918,2014-06-26 17:45:00,0.0,36.57179,38.64547,38.5453,37.63694,38.37125
16919,2014-06-26 18:00:00,0.0,33.08732,36.57179,38.64547,38.5453,37.63694
16920,2014-06-26 18:15:00,0.0,31.03862,33.08732,36.57179,38.64547,38.5453
16921,2014-06-26 18:30:00,0.0,32.5543,31.03862,33.08732,36.57179,38.64547
16922,2014-06-26 18:45:00,0.0,31.32693,32.5543,31.03862,33.08732,36.57179
16923,2014-06-26 19:00:00,0.0,29.78493,31.32693,32.5543,31.03862,33.08732
16924,2014-06-26 19:15:00,0.0,28.78029,29.78493,31.32693,32.5543,31.03862
16925,2014-06-26 19:30:00,0.0,29.70951,28.78029,29.78493,31.32693,32.5543
16926,2014-06-26 19:45:00,0.0,31.74984,29.70951,28.78029,29.78493,31.32693
16927,2014-06-26 20:00:00,0.0,29.63745,31.74984,29.70951,28.78029,29.78493
16928,2014-06-26 20:15:00,0.0,29.71448,29.63745,31.74984,29.70951,28.78029
16929,2014-06-26 20:30:00,0.0,29.30385,29.71448,29.63745,31.74984,29.70951
16930,2014-06-26 20:45:00,0.0,29.13366,29.30385,29.71448,29.63745,31.74984
16931,2014-06-26 21:00:00,0.0,27.93511,29.13366,29.30385,29.71448,29.63745
16932,2014-06-26 21:15:00,0.0,28.63042,27.93511,29.13366,29.30385,29.71448
16933,2014-06-26 21:30:00,0.0,28.09161,28.63042,27.93511,29.13366,29.30385
16934,2014-06-26 21:45:00,0.0,29.89146,28.09161,28.63042,27.93511,29.13366
16935,2014-06-26 22:00:00,0.0,27.3325,29.89146,28.09161,28.63042,27.93511
16936,2014-06-26 22:15:00,0.0,27.97992,27.3325,29.89146,28.09161,28.63042
16937,2014-06-26 22:30:00,0.0,28.25431,27.97992,27.3325,29.89146,28.09161
16938,2014-06-26 22:45:00,0.0,28.11702,28.25431,27.97992,27.3325,29.89146
16939,2014-06-26 23:00:00,0.0,27.974,28.11702,28.25431,27.97992,27.3325
16940,2014-06-26 23:15:00,0.0,24.89045,27.974,28.11702,28.25431,27.97992
16941,2014-06-26 23:30:00,0.0,24.57491,24.89045,27.974,28.11702,28.25431
16942,2014-06-26 23:45:00,0.0,28.06931,24.57491,24.89045,27.974,28.11702
16943,2014-06-27 00:00:00,0.0,25.77014,28.06931,24.57491,24.89045,27.974
16944,2014-06-27 00:15:00,0.0,23.74984,25.77014,28.06931,24.57491,24.89045
16945,2014-06-27 00:30:00,0.0,25.48137,23.74984,25.77014,28.06931,24.57491
16946,2014-06-27 00:45:00,0.0,25.79551,25.48137,23.74984,25.77014,28.06931
16947,2014-06-27 01:00:00,0.0,25.35029,25.79551,25.48137,23.74984,25.77014
16948,2014-06-27 01:15:00,0.0,25.38358,25.35029,25.79551,25.48137,23.74984
16949,2014-06-27 01:30:00,0.0,24.01797,25.38358,25.35029,25.79551,25.48137
16950,2014-06-27 01:45:00,0.0,24.11239,24.01797,25.38358,25.35029,25.79551
16951,2014-06-27 02:00:00,0.0,26.58668,24.11239,24.01797,25.38358,25.35029
16952,2014-06-27 02:15:00,0.0,24.57528,26.58668,24.11239,24.01797,25.38358
16953,2014-06-27 02:30:00,0.0,23.97321,24.57528,26.58668,24.11239,24.01797
16954,2014-06-27 02:45:00,0.0,24.84963,23.97321,24.57528,26.58668,24.11239
16955,2014-06-27 03:00:00,0.0,25.96428,24.84963,23.97321,24.57528,26.58668
16956,2014-06-27 03:15:00,0.0,25.42534,25.96428,24.84963,23.97321,24.57528
16957,2014-06-27 03:30:00,0.0,27.39453,25.42534,25.96428,24.84963,23.97321
16958,2014-06-27 03:45:00,0.0,23.58264,27.39453,25.42534,25.96428,24.84963
16959,2014-06-27 04:00:00,0.0,26.35929,23.58264,27.39453,25.42534,25.96428
16960,2014-06-27 04:15:00,0.0,24.96333,26.35929,23.58264,27.39453,25.42534
16961,2014-06-27 04:30:00,0.0,26.17476,24.96333,26.35929,23.58264,27.39453
16962,2014-06-27 04:45:00,0.0,27.23734,26.17476,24.96333,26.35929,23.58264
16963,2014-06-27 05:00:00,0.0,24.22781,27.23734,26.17476,24.96333,26.35929
16964,2014-06-27 05:15:00,0.0,27.34876,24.22781,27.23734,26.17476,24.96333
16965,2014-06-27 05:30:00,0.0,25.23939,27.34876,24.22781,27.23734,26.17476
16966,2014-06-27 05:45:00,0.0,28.51098,25.23939,27.34876,24.22781,27.23734
16967,2014-06-27 06:00:00,0.0,27.24095,28.51098,25.23939,27.34876,24.22781
16968,2014-06-27 06:15:00,0.0,27.53653,27.24095,28.51098,25.23939,27.34876
16969,2014-06-27 06:30:00,0.0,28.49303,27.53653,27.24095,28.51098,25.23939
16970,2014-06-27 06:45:00,0.0,27.46228,28.49303,27.53653,27.24095,28.51098
16971,2014-06-27 07:00:00,0.0,30.75584,27.46228,28.49303,27.53653,27.24095
16972,2014-06-27 07:15:00,0.0,29.04978,30.75584,27.46228,28.49303,27.53653
16973,2014-06-27 07:30:00,0.0,30.71109,29.04978,30.75584,27.46228,28.49303
16974,2014-06-27 07:45:00,0.0,29.45785,30.71109,29.04978,30.75584,27.46228
16975,2014-06-27 08:00:00,0.0,30.10674,29.45785,30.71109,29.04978,30.75584
16976,2014-06-27 08:15:00,0.0,30.35315,30.10674,29.45785,30.71109,29.04978
16977,2014-06-27 08:30:00,0.0,33.46185,30.35315,30.10674,29.45785,30.71109
16978,2014-06-27 08:45:00,0.0,34.41909,33.46185,30.35315,30.10674,29.45785
16979,2014-06-27 09:00:00,0.0,30.90449,34.41909,33.46185,30.35315,30.10674
16980,2014-06-27 09:15:00,0.0,32.44154,30.90449,34.41909,33.46185,30.35315
16981,2014-06-27 09:30:00,0.0,32.71967,32.44154,30.90449,34.41909,33.46185
16982,2014-06-27 09:45:00,0.0,33.94069,32.71967,32.44154,30.90449,34.41909
16983,2014-06-27 10:00:00,0.0,34.38802,33.94069,32.71967,32.44154,30.90449
16984,2014-06-27 10:15:00,0.0,37.53446,34.38802,33.94069,32.71967,32.44154
16985,2014-06-27 10:30:00,0.0,35.33094,37.53446,34.38802,33.94069,32.71967
16986,2014-06-27 10:45:00,0.0,38.20991,35.33094,37.53446,34.38802,33.94069
16987,2014-06-27 11:00:00,0.0,36.22036,38.20991,35.33094,37.53446,34.38802
16988,2014-06-27 11:15:00,0.0,32.19971,36.22036,38.20991,35.33094,37.53446
16989,2014-06-27 11:30:00,0.0,38.31966,32.19971,36.22036,38.20991,35.33094
16990,2014-06-27 11:45:00,0.0,42.35512,38.31966,32.19971,36.22036,38.20991
16991,2014-06-27 12:00:00,0.0,39.08511,42.35512,38.31966,32.19971,36.22036
16992,2014-06-27 12:15:00,0.0,40.04639,39.08511,42.35512,38.31966,32.19971
16993,2014-06-27 12:30:00,0.0,39.39336,40.04639,39.08511,42.35512,38.31966
16994,2014-06-27 12:45:00,0.0,37.42763,39.39336,40.04639,39.08511,42.35512
16995,2014-06-27 13:00:00,0.0,37.34372,37.42763,39.39336,40.04639,39.08511
16996,2014-06-27 13:15:00,0.0,35.26278,37.34372,37.42763,39.39336,40.04639
16997,2014-06-27 13:30:00,0.0,37.25295,35.26278,37.34372,37.42763,39.39336
16998,2014-06-27 13:45:00,0.0,38.1727,37.25295,35.26278,37.34372,37.42763
16999,2014-06-27 14:00:00,0.0,40.01364,38.1727,37.25295,35.26278,37.34372
17000,2014-06-27 14:15:00,0.0,41.4817,40.01364,38.1727,37.25295,35.26278
17001,2014-06-27 14:30:00,0.0,42.13877,41.4817,40.01364,38.1727,37.25295
17002,2014-06-27 14:45:00,0.0,42.74553,42.13877,41.4817,40.01364,38.1727
17003,2014-06-27 15:00:00,0.0,41.66638,42.74553,42.13877,41.4817,40.01364
17004,2014-06-27 15:15:00,0.0,39.83607,41.66638,42.74553,42.13877,41.4817
17005,2014-06-27 15:30:00,0.0,40.412,39.83607,41.66638,42.74553,42.13877
17006,2014-06-27 15:45:00,0.0,40.50713,40.412,39.83607,41.66638,42.74553
17007,2014-06-27 16:00:00,0.0,42.35683,40.50713,40.412,39.83607,41.66638
17008,2014-06-27 16:15:00,0.0,42.00359,42.35683,40.50713,40.412,39.83607
17009,2014-06-27 16:30:00,0.0,41.90677,42.00359,42.35683,40.50713,40.412
17010,2014-06-27 16:45:00,0.0,46.71423,41.90677,42.00359,42.35683,40.50713
17011,2014-06-27 17:00:00,0.0,45.33853,46.71423,41.90677,42.00359,42.35683
17012,2014-06-27 17:15:00,0.0,42.06799,45.33853,46.71423,41.90677,42.00359
17013,2014-06-27 17:30:00,0.0,41.88309,42.06799,45.33853,46.71423,41.90677
17014,2014-06-27 17:45:00,0.0,39.40127,41.88309,42.06799,45.33853,46.71423
17015,2014-06-27 18:00:00,0.0,37.054,39.40127,41.88309,42.06799,45.33853
17016,2014-06-27 18:15:00,0.0,35.40027,37.054,39.40127,41.88309,42.06799
17017,2014-06-27 18:30:00,0.0,35.88177,35.40027,37.054,39.40127,41.88309
17018,2014-06-27 18:45:00,0.0,34.07718,35.88177,35.40027,37.054,39.40127
17019,2014-06-27 19:00:00,0.0,33.81572,34.07718,35.88177,35.40027,37.054
17020,2014-06-27 19:15:00,0.0,31.65308,33.81572,34.07718,35.88177,35.40027
17021,2014-06-27 19:30:00,0.0,31.34255,31.65308,33.81572,34.07718,35.88177
17022,2014-06-27 19:45:00,0.0,27.69724,31.34255,31.65308,33.81572,34.07718
17023,2014-06-27 20:00:00,0.0,30.9499,27.69724,31.34255,31.65308,33.81572
17024,2014-06-27 20:15:00,0.0,28.81004,30.9499,27.69724,31.34255,31.65308
17025,2014-06-27 20:30:00,0.0,29.15773,28.81004,30.9499,27.69724,31.34255
17026,2014-06-27 20:45:00,0.0,30.66107,29.15773,28.81004,30.9499,27.69724
17027,2014-06-27 21:00:00,0.0,28.44332,30.66107,29.15773,28.81004,30.9499
17028,2014-06-27 21:15:00,0.0,26.92461,28.44332,30.66107,29.15773,28.81004
17029,2014-06-27 21:30:00,0.0,27.37754,26.92461,28.44332,30.66107,29.15773
17030,2014-06-27 21:45:00,0.0,28.898,27.37754,26.92461,28.44332,30.66107
17031,2014-06-27 22:00:00,0.0,28.52085,28.898,27.37754,26.92461,28.44332
17032,2014-06-27 22:15:00,0.0,27.28315,28.52085,28.898,27.37754,26.92461
17033,2014-06-27 22:30:00,0.0,28.61594,27.28315,28.52085,28.898,27.37754
17034,2014-06-27 22:45:00,0.0,30.13009,28.61594,27.28315,28.52085,28.898
17035,2014-06-27 23:00:00,0.0,27.67331,30.13009,28.61594,27.28315,28.52085
17036,2014-06-27 23:15:00,0.0,24.05624,27.67331,30.13009,28.61594,27.28315
17037,2014-06-27 23:30:00,0.0,26.2063,24.05624,27.67331,30.13009,28.61594
17038,2014-06-27 23:45:00,0.0,26.10138,26.2063,24.05624,27.67331,30.13009
17039,2014-06-28 00:00:00,0.0,26.42786,26.10138,26.2063,24.05624,27.67331
17040,2014-06-28 00:15:00,0.0,26.89392,26.42786,26.10138,26.2063,24.05624
17041,2014-06-28 00:30:00,0.0,26.99678,26.89392,26.42786,26.10138,26.2063
17042,2014-06-28 00:45:00,0.0,25.76904,26.99678,26.89392,26.42786,26.10138
17043,2014-06-28 01:00:00,0.0,24.04137,25.76904,26.99678,26.89392,26.42786
17044,2014-06-28 01:15:00,0.0,26.42621,24.04137,25.76904,26.99678,26.89392
17045,2014-06-28 01:30:00,0.0,25.0211,26.42621,24.04137,25.76904,26.99678
17046,2014-06-28 01:45:00,0.0,23.66759,25.0211,26.42621,24.04137,25.76904
17047,2014-06-28 02:00:00,0.0,24.83964,23.66759,25.0211,26.42621,24.04137
17048,2014-06-28 02:15:00,0.0,26.10082,24.83964,23.66759,25.0211,26.42621
17049,2014-06-28 02:30:00,0.0,24.44608,26.10082,24.83964,23.66759,25.0211
17050,2014-06-28 02:45:00,0.0,26.80876,24.44608,26.10082,24.83964,23.66759
17051,2014-06-28 03:00:00,0.0,24.47034,26.80876,24.44608,26.10082,24.83964
17052,2014-06-28 03:15:00,0.0,25.26112,24.47034,26.80876,24.44608,26.10082
17053,2014-06-28 03:30:00,0.0,25.08407,25.26112,24.47034,26.80876,24.44608
17054,2014-06-28 03:45:00,0.0,25.40556,25.08407,25.26112,24.47034,26.80876
17055,2014-06-28 04:00:00,0.0,26.50626,25.40556,25.08407,25.26112,24.47034
17056,2014-06-28 04:15:00,0.0,25.87622,26.50626,25.40556,25.08407,25.26112
17057,2014-06-28 04:30:00,0.0,24.39371,25.87622,26.50626,25.40556,25.08407
17058,2014-06-28 04:45:00,0.0,27.01843,24.39371,25.87622,26.50626,25.40556
17059,2014-06-28 05:00:00,0.0,24.46586,27.01843,24.39371,25.87622,26.50626
17060,2014-06-28 05:15:00,0.0,24.0352,24.46586,27.01843,24.39371,25.87622
17061,2014-06-28 05:30:00,0.0,25.78909,24.0352,24.46586,27.01843,24.39371
17062,2014-06-28 05:45:00,0.0,26.06924,25.78909,24.0352,24.46586,27.01843
17063,2014-06-28 06:00:00,0.0,26.09346,26.06924,25.78909,24.0352,24.46586
17064,2014-06-28 06:15:00,0.0,23.41432,26.09346,26.06924,25.78909,24.0352
17065,2014-06-28 06:30:00,0.0,25.48083,23.41432,26.09346,26.06924,25.78909
17066,2014-06-28 06:45:00,0.0,24.86119,25.48083,23.41432,26.09346,26.06924
17067,2014-06-28 07:00:00,0.0,25.99679,24.86119,25.48083,23.41432,26.09346
17068,2014-06-28 07:15:00,0.0,27.70922,25.99679,24.86119,25.48083,23.41432
17069,2014-06-28 07:30:00,0.0,28.12191,27.70922,25.99679,24.86119,25.48083
17070,2014-06-28 07:45:00,0.0,26.83312,28.12191,27.70922,25.99679,24.86119
17071,2014-06-28 08:00:00,0.0,27.32611,26.83312,28.12191,27.70922,25.99679
17072,2014-06-28 08:15:00,0.0,25.15826,27.32611,26.83312,28.12191,27.70922
17073,2014-06-28 08:30:00,0.0,26.60627,25.15826,27.32611,26.83312,28.12191
17074,2014-06-28 08:45:00,0.0,26.69533,26.60627,25.15826,27.32611,26.83312
17075,2014-06-28 09:00:00,0.0,27.8476,26.69533,26.60627,25.15826,27.32611
17076,2014-06-28 09:15:00,0.0,27.38858,27.8476,26.69533,26.60627,25.15826
17077,2014-06-28 09:30:00,0.0,28.33786,27.38858,27.8476,26.69533,26.60627
17078,2014-06-28 09:45:00,0.0,25.43403,28.33786,27.38858,27.8476,26.69533
17079,2014-06-28 10:00:00,0.0,28.47102,25.43403,28.33786,27.38858,27.8476
17080,2014-06-28 10:15:00,0.0,25.25689,28.47102,25.43403,28.33786,27.38858
17081,2014-06-28 10:30:00,0.0,28.59919,25.25689,28.47102,25.43403,28.33786
17082,2014-06-28 10:45:00,0.0,30.56071,28.59919,25.25689,28.47102,25.43403
17083,2014-06-28 11:00:00,0.0,33.51444,30.56071,28.59919,25.25689,28.47102
17084,2014-06-28 11:15:00,0.0,30.08148,33.51444,30.56071,28.59919,25.25689
17085,2014-06-28 11:30:00,0.0,31.31294,30.08148,33.51444,30.56071,28.59919
17086,2014-06-28 11:45:00,0.0,30.89992,31.31294,30.08148,33.51444,30.56071
17087,2014-06-28 12:00:00,0.0,30.82623,30.89992,31.31294,30.08148,33.51444
17088,2014-06-28 12:15:00,0.0,28.8178,30.82623,30.89992,31.31294,30.08148
17089,2014-06-28 12:30:00,0.0,32.23519,28.8178,30.82623,30.89992,31.31294
17090,2014-06-28 12:45:00,0.0,34.98686,32.23519,28.8178,30.82623,30.89992
17091,2014-06-28 13:00:00,0.0,33.22944,34.98686,32.23519,28.8178,30.82623
17092,2014-06-28 13:15:00,0.0,32.40029,33.22944,34.98686,32.23519,28.8178
17093,2014-06-28 13:30:00,0.0,31.49206,32.40029,33.22944,34.98686,32.23519
17094,2014-06-28 13:45:00,0.0,31.79477,31.49206,32.40029,33.22944,34.98686
17095,2014-06-28 14:00:00,0.0,33.29312,31.79477,31.49206,32.40029,33.22944
17096,2014-06-28 14:15:00,0.0,36.64298,33.29312,31.79477,31.49206,32.40029
17097,2014-06-28 14:30:00,0.0,34.12039,36.64298,33.29312,31.79477,31.49206
17098,2014-06-28 14:45:00,0.0,34.90644,34.12039,36.64298,33.29312,31.79477
17099,2014-06-28 15:00:00,0.0,33.39885,34.90644,34.12039,36.64298,33.29312
17100,2014-06-28 15:15:00,0.0,35.10588,33.39885,34.90644,34.12039,36.64298
17101,2014-06-28 15:30:00,0.0,34.45806,35.10588,33.39885,34.90644,34.12039
17102,2014-06-28 15:45:00,0.0,35.33552,34.45806,35.10588,33.39885,34.90644
17103,2014-06-28 16:00:00,0.0,32.6153,35.33552,34.45806,35.10588,33.39885
17104,2014-06-28 16:15:00,0.0,37.07075,32.6153,35.33552,34.45806,35.10588
17105,2014-06-28 16:30:00,0.0,32.36686,37.07075,32.6153,35.33552,34.45806
17106,2014-06-28 16:45:00,0.0,36.32099,32.36686,37.07075,32.6153,35.33552
17107,2014-06-28 17:00:00,0.0,31.55399,36.32099,32.36686,37.07075,32.6153
17108,2014-06-28 17:15:00,0.0,35.62958,31.55399,36.32099,32.36686,37.07075
17109,2014-06-28 17:30:00,0.0,35.50252,35.62958,31.55399,36.32099,32.36686
17110,2014-06-28 17:45:00,0.0,34.16603,35.50252,35.62958,31.55399,36.32099
17111,2014-06-28 18:00:00,0.0,33.7809,34.16603,35.50252,35.62958,31.55399
17112,2014-06-28 18:15:00,0.0,32.08812,33.7809,34.16603,35.50252,35.62958
17113,2014-06-28 18:30:00,0.0,31.21548,32.08812,33.7809,34.16603,35.50252
17114,2014-06-28 18:45:00,0.0,35.43076,31.21548,32.08812,33.7809,34.16603
17115,2014-06-28 19:00:00,0.0,32.98621,35.43076,31.21548,32.08812,33.7809
17116,2014-06-28 19:15:00,0.0,34.23638,32.98621,35.43076,31.21548,32.08812
17117,2014-06-28 19:30:00,0.0,33.7433,34.23638,32.98621,35.43076,31.21548
17118,2014-06-28 19:45:00,0.0,33.18924,33.7433,34.23638,32.98621,35.43076
17119,2014-06-28 20:00:00,0.0,30.24686,33.18924,33.7433,34.23638,32.98621
17120,2014-06-28 20:15:00,0.0,31.74093,30.24686,33.18924,33.7433,34.23638
17121,2014-06-28 20:30:00,0.0,30.86697,31.74093,30.24686,33.18924,33.7433
17122,2014-06-28 20:45:00,0.0,30.42941,30.86697,31.74093,30.24686,33.18924
17123,2014-06-28 21:00:00,0.0,30.42831,30.42941,30.86697,31.74093,30.24686
17124,2014-06-28 21:15:00,0.0,30.02542,30.42831,30.42941,30.86697,31.74093
17125,2014-06-28 21:30:00,0.0,29.43647,30.02542,30.42831,30.42941,30.86697
17126,2014-06-28 21:45:00,0.0,30.3332,29.43647,30.02542,30.42831,30.42941
17127,2014-06-28 22:00:00,0.0,29.76748,30.3332,29.43647,30.02542,30.42831
17128,2014-06-28 22:15:00,0.0,28.90002,29.76748,30.3332,29.43647,30.02542
17129,2014-06-28 22:30:00,0.0,26.8652,28.90002,29.76748,30.3332,29.43647
17130,2014-06-28 22:45:00,0.0,28.18818,26.8652,28.90002,29.76748,30.3332
17131,2014-06-28 23:00:00,0.0,28.67041,28.18818,26.8652,28.90002,29.76748
17132,2014-06-28 23:15:00,0.0,24.85626,28.67041,28.18818,26.8652,28.90002
17133,2014-06-28 23:30:00,0.0,25.43042,24.85626,28.67041,28.18818,26.8652
17134,2014-06-28 23:45:00,0.0,25.00101,25.43042,24.85626,28.67041,28.18818
17135,2014-06-29 00:00:00,0.0,25.81487,25.00101,25.43042,24.85626,28.67041
17136,2014-06-29 00:15:00,0.0,26.29593,25.81487,25.00101,25.43042,24.85626
17137,2014-06-29 00:30:00,0.0,24.92621,26.29593,25.81487,25.00101,25.43042
17138,2014-06-29 00:45:00,0.0,26.70505,24.92621,26.29593,25.81487,25.00101
17139,2014-06-29 01:00:00,0.0,24.30306,26.70505,24.92621,26.29593,25.81487
17140,2014-06-29 01:15:00,0.0,24.97512,24.30306,26.70505,24.92621,26.29593
17141,2014-06-29 01:30:00,0.0,24.20503,24.97512,24.30306,26.70505,24.92621
17142,2014-06-29 01:45:00,0.0,28.35178,24.20503,24.97512,24.30306,26.70505
17143,2014-06-29 02:00:00,0.0,23.73299,28.35178,24.20503,24.97512,24.30306
17144,2014-06-29 02:15:00,0.0,26.17106,23.73299,28.35178,24.20503,24.97512
17145,2014-06-29 02:30:00,0.0,24.54647,26.17106,23.73299,28.35178,24.20503
17146,2014-06-29 02:45:00,0.0,25.95035,24.54647,26.17106,23.73299,28.35178
17147,2014-06-29 03:00:00,0.0,24.43748,25.95035,24.54647,26.17106,23.73299
17148,2014-06-29 03:15:00,0.0,25.51032,24.43748,25.95035,24.54647,26.17106
17149,2014-06-29 03:30:00,0.0,24.40345,25.51032,24.43748,25.95035,24.54647
17150,2014-06-29 03:45:00,0.0,25.5665,24.40345,25.51032,24.43748,25.95035
17151,2014-06-29 04:00:00,0.0,25.05544,25.5665,24.40345,25.51032,24.43748
17152,2014-06-29 04:15:00,0.0,25.68128,25.05544,25.5665,24.40345,25.51032
17153,2014-06-29 04:30:00,0.0,24.70885,25.68128,25.05544,25.5665,24.40345
17154,2014-06-29 04:45:00,0.0,26.83878,24.70885,25.68128,25.05544,25.5665
17155,2014-06-29 05:00:00,0.0,26.76933,26.83878,24.70885,25.68128,25.05544
17156,2014-06-29 05:15:00,0.0,26.90738,26.76933,26.83878,24.70885,25.68128
17157,2014-06-29 05:30:00,0.0,25.93015,26.90738,26.76933,26.83878,24.70885
17158,2014-06-29 05:45:00,0.0,25.27247,25.93015,26.90738,26.76933,26.83878
17159,2014-06-29 06:00:00,0.0,24.69291,25.27247,25.93015,26.90738,26.76933
17160,2014-06-29 06:15:00,0.0,24.80593,24.69291,25.27247,25.93015,26.90738
17161,2014-06-29 06:30:00,0.0,23.74592,24.80593,24.69291,25.27247,25.93015
17162,2014-06-29 06:45:00,0.0,26.5733,23.74592,24.80593,24.69291,25.27247
17163,2014-06-29 07:00:00,0.0,24.85535,26.5733,23.74592,24.80593,24.69291
17164,2014-06-29 07:15:00,0.0,28.3877,24.85535,26.5733,23.74592,24.80593
17165,2014-06-29 07:30:00,0.0,27.19346,28.3877,24.85535,26.5733,23.74592
17166,2014-06-29 07:45:00,0.0,26.61218,27.19346,28.3877,24.85535,26.5733
17167,2014-06-29 08:00:00,0.0,27.5724,26.61218,27.19346,28.3877,24.85535
17168,2014-06-29 08:15:00,0.0,27.00415,27.5724,26.61218,27.19346,28.3877
17169,2014-06-29 08:30:00,0.0,28.14063,27.00415,27.5724,26.61218,27.19346
17170,2014-06-29 08:45:00,0.0,26.33347,28.14063,27.00415,27.5724,26.61218
17171,2014-06-29 09:00:00,0.0,30.43457,26.33347,28.14063,27.00415,27.5724
17172,2014-06-29 09:15:00,0.0,27.35959,30.43457,26.33347,28.14063,27.00415
17173,2014-06-29 09:30:00,0.0,29.03885,27.35959,30.43457,26.33347,28.14063
17174,2014-06-29 09:45:00,0.0,33.09293,29.03885,27.35959,30.43457,26.33347
17175,2014-06-29 10:00:00,0.0,30.85933,33.09293,29.03885,27.35959,30.43457
17176,2014-06-29 10:15:00,0.0,30.27719,30.85933,33.09293,29.03885,27.35959
17177,2014-06-29 10:30:00,0.0,29.63619,30.27719,30.85933,33.09293,29.03885
17178,2014-06-29 10:45:00,0.0,34.68523,29.63619,30.27719,30.85933,33.09293
17179,2014-06-29 11:00:00,0.0,32.52754,34.68523,29.63619,30.27719,30.85933
17180,2014-06-29 11:15:00,0.0,34.51427,32.52754,34.68523,29.63619,30.27719
17181,2014-06-29 11:30:00,0.0,33.84539,34.51427,32.52754,34.68523,29.63619
17182,2014-06-29 11:45:00,0.0,33.83819,33.84539,34.51427,32.52754,34.68523
17183,2014-06-29 12:00:00,0.0,36.85533,33.83819,33.84539,34.51427,32.52754
17184,2014-06-29 12:15:00,0.0,35.14331,36.85533,33.83819,33.84539,34.51427
17185,2014-06-29 12:30:00,0.0,35.09587,35.14331,36.85533,33.83819,33.84539
17186,2014-06-29 12:45:00,0.0,37.11807,35.09587,35.14331,36.85533,33.83819
17187,2014-06-29 13:00:00,0.0,35.85938,37.11807,35.09587,35.14331,36.85533
17188,2014-06-29 13:15:00,0.0,36.17259,35.85938,37.11807,35.09587,35.14331
17189,2014-06-29 13:30:00,0.0,32.19711,36.17259,35.85938,37.11807,35.09587
17190,2014-06-29 13:45:00,0.0,31.46935,32.19711,36.17259,35.85938,37.11807
17191,2014-06-29 14:00:00,0.0,32.42804,31.46935,32.19711,36.17259,35.85938
17192,2014-06-29 14:15:00,0.0,32.73107,32.42804,31.46935,32.19711,36.17259
17193,2014-06-29 14:30:00,0.0,33.20618,32.73107,32.42804,31.46935,32.19711
17194,2014-06-29 14:45:00,0.0,34.32189,33.20618,32.73107,32.42804,31.46935
17195,2014-06-29 15:00:00,0.0,32.95036,34.32189,33.20618,32.73107,32.42804
17196,2014-06-29 15:15:00,0.0,36.28424,32.95036,34.32189,33.20618,32.73107
17197,2014-06-29 15:30:00,0.0,37.46305,36.28424,32.95036,34.32189,33.20618
17198,2014-06-29 15:45:00,0.0,35.6115,37.46305,36.28424,32.95036,34.32189
17199,2014-06-29 16:00:00,0.0,34.02888,35.6115,37.46305,36.28424,32.95036
17200,2014-06-29 16:15:00,0.0,35.13352,34.02888,35.6115,37.46305,36.28424
17201,2014-06-29 16:30:00,0.0,32.6632,35.13352,34.02888,35.6115,37.46305
17202,2014-06-29 16:45:00,0.0,34.48067,32.6632,35.13352,34.02888,35.6115
17203,2014-06-29 17:00:00,0.0,37.22544,34.48067,32.6632,35.13352,34.02888
17204,2014-06-29 17:15:00,0.0,33.54049,37.22544,34.48067,32.6632,35.13352
17205,2014-06-29 17:30:00,0.0,36.24431,33.54049,37.22544,34.48067,32.6632
17206,2014-06-29 17:45:00,0.0,39.34131,36.24431,33.54049,37.22544,34.48067
17207,2014-06-29 18:00:00,0.0,35.06734,39.34131,36.24431,33.54049,37.22544
17208,2014-06-29 18:15:00,0.0,37.41294,35.06734,39.34131,36.24431,33.54049
17209,2014-06-29 18:30:00,0.0,35.60453,37.41294,35.06734,39.34131,36.24431
17210,2014-06-29 18:45:00,0.0,36.89254,35.60453,37.41294,35.06734,39.34131
17211,2014-06-29 19:00:00,0.0,37.47104,36.89254,35.60453,37.41294,35.06734
17212,2014-06-29 19:15:00,0.0,32.72643,37.47104,36.89254,35.60453,37.41294
17213,2014-06-29 19:30:00,0.0,36.41642,32.72643,37.47104,36.89254,35.60453
17214,2014-06-29 19:45:00,0.0,35.87711,36.41642,32.72643,37.47104,36.89254
17215,2014-06-29 20:00:00,0.0,32.68498,35.87711,36.41642,32.72643,37.47104
17216,2014-06-29 20:15:00,0.0,32.7541,32.68498,35.87711,36.41642,32.72643
17217,2014-06-29 20:30:00,0.0,32.91667,32.7541,32.68498,35.87711,36.41642
17218,2014-06-29 20:45:00,0.0,33.55422,32.91667,32.7541,32.68498,35.87711
17219,2014-06-29 21:00:00,0.0,31.90144,33.55422,32.91667,32.7541,32.68498
17220,2014-06-29 21:15:00,0.0,35.44467,31.90144,33.55422,32.91667,32.7541
17221,2014-06-29 21:30:00,0.0,34.77021,35.44467,31.90144,33.55422,32.91667
17222,2014-06-29 21:45:00,0.0,35.10742,34.77021,35.44467,31.90144,33.55422
17223,2014-06-29 22:00:00,0.0,34.17879,35.10742,34.77021,35.44467,31.90144
17224,2014-06-29 22:15:00,0.0,34.48265,34.17879,35.10742,34.77021,35.44467
17225,2014-06-29 22:30:00,0.0,31.31087,34.48265,34.17879,35.10742,34.77021
17226,2014-06-29 22:45:00,0.0,30.18299,31.31087,34.48265,34.17879,35.10742
17227,2014-06-29 23:00:00,0.0,29.08231,30.18299,31.31087,34.48265,34.17879
17228,2014-06-29 23:15:00,0.0,27.84503,29.08231,30.18299,31.31087,34.48265
17229,2014-06-29 23:30:00,0.0,29.95559,27.84503,29.08231,30.18299,31.31087
17230,2014-06-29 23:45:00,0.0,29.71954,29.95559,27.84503,29.08231,30.18299
17231,2014-06-30 00:00:00,0.0,28.04408,29.71954,29.95559,27.84503,29.08231
17232,2014-06-30 00:15:00,0.0,29.7898,28.04408,29.71954,29.95559,27.84503
17233,2014-06-30 00:30:00,0.0,31.65339,29.7898,28.04408,29.71954,29.95559
17234,2014-06-30 00:45:00,0.0,29.52502,31.65339,29.7898,28.04408,29.71954
17235,2014-06-30 01:00:00,0.0,27.92901,29.52502,31.65339,29.7898,28.04408
17236,2014-06-30 01:15:00,0.0,30.48759,27.92901,29.52502,31.65339,29.7898
17237,2014-06-30 01:30:00,0.0,29.13669,30.48759,27.92901,29.52502,31.65339
17238,2014-06-30 01:45:00,0.0,29.77783,29.13669,30.48759,27.92901,29.52502
17239,2014-06-30 02:00:00,0.0,30.18671,29.77783,29.13669,30.48759,27.92901
17240,2014-06-30 02:15:00,0.0,31.86643,30.18671,29.77783,29.13669,30.48759
17241,2014-06-30 02:30:00,0.0,28.79814,31.86643,30.18671,29.77783,29.13669
17242,2014-06-30 02:45:00,0.0,29.65443,28.79814,31.86643,30.18671,29.77783
17243,2014-06-30 03:00:00,0.0,30.34764,29.65443,28.79814,31.86643,30.18671
17244,2014-06-30 03:15:00,0.0,28.65613,30.34764,29.65443,28.79814,31.86643
17245,2014-06-30 03:30:00,0.0,27.19196,28.65613,30.34764,29.65443,28.79814
17246,2014-06-30 03:45:00,0.0,33.80179,27.19196,28.65613,30.34764,29.65443
17247,2014-06-30 04:00:00,0.0,32.65215,33.80179,27.19196,28.65613,30.34764
17248,2014-06-30 04:15:00,0.0,31.65841,32.65215,33.80179,27.19196,28.65613
17249,2014-06-30 04:30:00,0.0,35.69053,31.65841,32.65215,33.80179,27.19196
17250,2014-06-30 04:45:00,0.0,32.63901,35.69053,31.65841,32.65215,33.80179
17251,2014-06-30 05:00:00,0.0,32.52561,32.63901,35.69053,31.65841,32.65215
17252,2014-06-30 05:15:00,0.0,33.59168,32.52561,32.63901,35.69053,31.65841
17253,2014-06-30 05:30:00,0.0,35.32591,33.59168,32.52561,32.63901,35.69053
17254,2014-06-30 05:45:00,0.0,31.96435,35.32591,33.59168,32.52561,32.63901
17255,2014-06-30 06:00:00,0.0,35.15775,31.96435,35.32591,33.59168,32.52561
17256,2014-06-30 06:15:00,0.0,32.9181,35.15775,31.96435,35.32591,33.59168
17257,2014-06-30 06:30:00,0.0,35.03667,32.9181,35.15775,31.96435,35.32591
17258,2014-06-30 06:45:00,0.0,36.97255,35.03667,32.9181,35.15775,31.96435
17259,2014-06-30 07:00:00,0.0,34.07604,36.97255,35.03667,32.9181,35.15775
17260,2014-06-30 07:15:00,0.0,38.58187,34.07604,36.97255,35.03667,32.9181
17261,2014-06-30 07:30:00,0.0,36.57312,38.58187,34.07604,36.97255,35.03667
17262,2014-06-30 07:45:00,0.0,36.79892,36.57312,38.58187,34.07604,36.97255
17263,2014-06-30 08:00:00,0.0,40.86675,36.79892,36.57312,38.58187,34.07604
17264,2014-06-30 08:15:00,0.0,39.76911,40.86675,36.79892,36.57312,38.58187
17265,2014-06-30 08:30:00,0.0,39.31524,39.76911,40.86675,36.79892,36.57312
17266,2014-06-30 08:45:00,0.0,42.03381,39.31524,39.76911,40.86675,36.79892
17267,2014-06-30 09:00:00,0.0,42.44443,42.03381,39.31524,39.76911,40.86675
17268,2014-06-30 09:15:00,0.0,43.14199,42.44443,42.03381,39.31524,39.76911
17269,2014-06-30 09:30:00,0.0,45.93568,43.14199,42.44443,42.03381,39.31524
17270,2014-06-30 09:45:00,0.0,46.78797,45.93568,43.14199,42.44443,42.03381
17271,2014-06-30 10:00:00,0.0,45.35703,46.78797,45.93568,43.14199,42.44443
17272,2014-06-30 10:15:00,0.0,46.4513,45.35703,46.78797,45.93568,43.14199
17273,2014-06-30 10:30:00,0.0,46.67788,46.4513,45.35703,46.78797,45.93568
17274,2014-06-30 10:45:00,0.0,48.45659,46.67788,46.4513,45.35703,46.78797
17275,2014-06-30 11:00:00,0.0,43.91535,48.45659,46.67788,46.4513,45.35703
17276,2014-06-30 11:15:00,0.0,48.96975,43.91535,48.45659,46.67788,46.4513
17277,2014-06-30 11:30:00,0.0,46.35587,48.96975,43.91535,48.45659,46.67788
17278,2014-06-30 11:45:00,0.0,48.59191,46.35587,48.96975,43.91535,48.45659
17279,2014-06-30 12:00:00,0.0,51.72378,48.59191,46.35587,48.96975,43.91535
17280,2014-06-30 12:15:00,0.0,50.95846,51.72378,48.59191,46.35587,48.96975
17281,2014-06-30 12:30:00,0.0,48.77955,50.95846,51.72378,48.59191,46.35587
17282,2014-06-30 12:45:00,0.0,52.43012,48.77955,50.95846,51.72378,48.59191
17283,2014-06-30 13:00:00,0.0,54.31053,52.43012,48.77955,50.95846,51.72378
17284,2014-06-30 13:15:00,0.0,51.83411,54.31053,52.43012,48.77955,50.95846
17285,2014-06-30 13:30:00,0.0,48.9725,51.83411,54.31053,52.43012,48.77955
17286,2014-06-30 13:45:00,0.0,44.03795,48.9725,51.83411,54.31053,52.43012
17287,2014-06-30 14:00:00,0.0,45.68946,44.03795,48.9725,51.83411,54.31053
17288,2014-06-30 14:15:00,0.0,47.1549,45.68946,44.03795,48.9725,51.83411
17289,2014-06-30 14:30:00,0.0,44.5168,47.1549,45.68946,44.03795,48.9725
17290,2014-06-30 14:45:00,0.0,50.08922,44.5168,47.1549,45.68946,44.03795
17291,2014-06-30 15:00:00,0.0,49.27209,50.08922,44.5168,47.1549,45.68946
17292,2014-06-30 15:15:00,0.0,51.91073,49.27209,50.08922,44.5168,47.1549
17293,2014-06-30 15:30:00,0.0,50.70954,51.91073,49.27209,50.08922,44.5168
17294,2014-06-30 15:45:00,0.0,51.00142,50.70954,51.91073,49.27209,50.08922
17295,2014-06-30 16:00:00,0.0,49.69546,51.00142,50.70954,51.91073,49.27209
17296,2014-06-30 16:15:00,0.0,47.61559,49.69546,51.00142,50.70954,51.91073
17297,2014-06-30 16:30:00,0.0,44.8706,47.61559,49.69546,51.00142,50.70954
17298,2014-06-30 16:45:00,0.0,48.93195,44.8706,47.61559,49.69546,51.00142
17299,2014-06-30 17:00:00,0.0,47.76162,48.93195,44.8706,47.61559,49.69546
17300,2014-06-30 17:15:00,0.0,46.07045,47.76162,48.93195,44.8706,47.61559
17301,2014-06-30 17:30:00,0.0,44.6718,46.07045,47.76162,48.93195,44.8706
17302,2014-06-30 17:45:00,0.0,44.24881,44.6718,46.07045,47.76162,48.93195
17303,2014-06-30 18:00:00,0.0,41.01337,44.24881,44.6718,46.07045,47.76162
17304,2014-06-30 18:15:00,0.0,42.32411,41.01337,44.24881,44.6718,46.07045
17305,2014-06-30 18:30:00,0.0,38.39467,42.32411,41.01337,44.24881,44.6718
17306,2014-06-30 18:45:00,0.0,37.03,38.39467,42.32411,41.01337,44.24881
17307,2014-06-30 19:00:00,0.0,37.05578,37.03,38.39467,42.32411,41.01337
17308,2014-06-30 19:15:00,0.0,31.55176,37.05578,37.03,38.39467,42.32411
17309,2014-06-30 19:30:00,0.0,32.76856,31.55176,37.05578,37.03,38.39467
17310,2014-06-30 19:45:00,0.0,33.32885,32.76856,31.55176,37.05578,37.03
17311,2014-06-30 20:00:00,0.0,33.29139,33.32885,32.76856,31.55176,37.05578
17312,2014-06-30 20:15:00,0.0,30.70301,33.29139,33.32885,32.76856,31.55176
17313,2014-06-30 20:30:00,0.0,29.44434,30.70301,33.29139,33.32885,32.76856
17314,2014-06-30 20:45:00,0.0,32.29016,29.44434,30.70301,33.29139,33.32885
17315,2014-06-30 21:00:00,0.0,28.68331,32.29016,29.44434,30.70301,33.29139
17316,2014-06-30 21:15:00,0.0,28.10376,28.68331,32.29016,29.44434,30.70301
17317,2014-06-30 21:30:00,0.0,25.35741,28.10376,28.68331,32.29016,29.44434
17318,2014-06-30 21:45:00,0.0,29.14623,25.35741,28.10376,28.68331,32.29016
17319,2014-06-30 22:00:00,0.0,27.83609,29.14623,25.35741,28.10376,28.68331
17320,2014-06-30 22:15:00,0.0,26.24338,27.83609,29.14623,25.35741,28.10376
17321,2014-06-30 22:30:00,0.0,27.60608,26.24338,27.83609,29.14623,25.35741
17322,2014-06-30 22:45:00,0.0,26.33956,27.60608,26.24338,27.83609,29.14623
17323,2014-06-30 23:00:00,0.0,28.46701,26.33956,27.60608,26.24338,27.83609
17324,2014-06-30 23:15:00,0.0,25.97403,28.46701,26.33956,27.60608,26.24338
17325,2014-06-30 23:30:00,0.0,27.14456,25.97403,28.46701,26.33956,27.60608
17326,2014-06-30 23:45:00,0.0,25.39944,27.14456,25.97403,28.46701,26.33956
17327,2014-07-01 00:00:00,0.0,27.19463,25.39944,27.14456,25.97403,28.46701
17328,2014-07-01 00:15:00,0.0,24.44839,27.19463,25.39944,27.14456,25.97403
17329,2014-07-01 00:30:00,0.0,26.22942,24.44839,27.19463,25.39944,27.14456
17330,2014-07-01 00:45:00,0.0,25.50318,26.22942,24.44839,27.19463,25.39944
17331,2014-07-01 01:00:00,0.0,25.85311,25.50318,26.22942,24.44839,27.19463
17332,2014-07-01 01:15:00,0.0,26.33388,25.85311,25.50318,26.22942,24.44839
17333,2014-07-01 01:30:00,0.0,25.41501,26.33388,25.85311,25.50318,26.22942
17334,2014-07-01 01:45:00,0.0,25.80223,25.41501,26.33388,25.85311,25.50318
17335,2014-07-01 02:00:00,0.0,24.00395,25.80223,25.41501,26.33388,25.85311
17336,2014-07-01 02:15:00,0.0,25.62141,24.00395,25.80223,25.41501,26.33388
17337,2014-07-01 02:30:00,0.0,25.46406,25.62141,24.00395,25.80223,25.41501
17338,2014-07-01 02:45:00,0.0,23.96982,25.46406,25.62141,24.00395,25.80223
17339,2014-07-01 03:00:00,0.0,25.28005,23.96982,25.46406,25.62141,24.00395
17340,2014-07-01 03:15:00,0.0,27.1192,25.28005,23.96982,25.46406,25.62141
17341,2014-07-01 03:30:00,0.0,25.51043,27.1192,25.28005,23.96982,25.46406
17342,2014-07-01 03:45:00,0.0,27.0266,25.51043,27.1192,25.28005,23.96982
17343,2014-07-01 04:00:00,0.0,23.19831,27.0266,25.51043,27.1192,25.28005
17344,2014-07-01 04:15:00,0.0,25.03502,23.19831,27.0266,25.51043,27.1192
17345,2014-07-01 04:30:00,0.0,26.46677,25.03502,23.19831,27.0266,25.51043
17346,2014-07-01 04:45:00,0.0,27.70179,26.46677,25.03502,23.19831,27.0266
17347,2014-07-01 05:00:00,0.0,28.00826,27.70179,26.46677,25.03502,23.19831
17348,2014-07-01 05:15:00,0.0,25.11717,28.00826,27.70179,26.46677,25.03502
17349,2014-07-01 05:30:00,0.0,28.19857,25.11717,28.00826,27.70179,26.46677
17350,2014-07-01 05:45:00,0.0,27.73113,28.19857,25.11717,28.00826,27.70179
17351,2014-07-01 06:00:00,0.0,26.22662,27.73113,28.19857,25.11717,28.00826
17352,2014-07-01 06:15:00,0.0,27.0966,26.22662,27.73113,28.19857,25.11717
17353,2014-07-01 06:30:00,0.0,27.3697,27.0966,26.22662,27.73113,28.19857
17354,2014-07-01 06:45:00,0.0,29.2423,27.3697,27.0966,26.22662,27.73113
17355,2014-07-01 07:00:00,0.0,31.02474,29.2423,27.3697,27.0966,26.22662
17356,2014-07-01 07:15:00,0.0,30.73384,31.02474,29.2423,27.3697,27.0966
17357,2014-07-01 07:30:00,0.0,29.49682,30.73384,31.02474,29.2423,27.3697
17358,2014-07-01 07:45:00,0.0,29.26821,29.49682,30.73384,31.02474,29.2423
17359,2014-07-01 08:00:00,0.0,30.56056,29.26821,29.49682,30.73384,31.02474
17360,2014-07-01 08:15:00,0.0,32.01776,30.56056,29.26821,29.49682,30.73384
17361,2014-07-01 08:30:00,0.0,33.60012,32.01776,30.56056,29.26821,29.49682
17362,2014-07-01 08:45:00,0.0,33.81317,33.60012,32.01776,30.56056,29.26821
17363,2014-07-01 09:00:00,0.0,33.26569,33.81317,33.60012,32.01776,30.56056
17364,2014-07-01 09:15:00,0.0,31.62424,33.26569,33.81317,33.60012,32.01776
17365,2014-07-01 09:30:00,0.0,34.22822,31.62424,33.26569,33.81317,33.60012
17366,2014-07-01 09:45:00,0.0,35.35297,34.22822,31.62424,33.26569,33.81317
17367,2014-07-01 10:00:00,0.0,35.03125,35.35297,34.22822,31.62424,33.26569
17368,2014-07-01 10:15:00,0.0,35.04939,35.03125,35.35297,34.22822,31.62424
17369,2014-07-01 10:30:00,0.0,35.93896,35.04939,35.03125,35.35297,34.22822
17370,2014-07-01 10:45:00,0.0,35.81979,35.93896,35.04939,35.03125,35.35297
17371,2014-07-01 11:00:00,0.0,36.70026,35.81979,35.93896,35.04939,35.03125
17372,2014-07-01 11:15:00,0.0,35.67736,36.70026,35.81979,35.93896,35.04939
17373,2014-07-01 11:30:00,0.0,36.32171,35.67736,36.70026,35.81979,35.93896
17374,2014-07-01 11:45:00,0.0,37.44756,36.32171,35.67736,36.70026,35.81979
17375,2014-07-01 12:00:00,0.0,35.95122,37.44756,36.32171,35.67736,36.70026
17376,2014-07-01 12:15:00,0.0,36.02981,35.95122,37.44756,36.32171,35.67736
17377,2014-07-01 12:30:00,0.0,39.46084,36.02981,35.95122,37.44756,36.32171
17378,2014-07-01 12:45:00,0.0,36.14767,39.46084,36.02981,35.95122,37.44756
17379,2014-07-01 13:00:00,0.0,35.62069,36.14767,39.46084,36.02981,35.95122
17380,2014-07-01 13:15:00,0.0,36.09881,35.62069,36.14767,39.46084,36.02981
17381,2014-07-01 13:30:00,0.0,38.73588,36.09881,35.62069,36.14767,39.46084
17382,2014-07-01 13:45:00,0.0,38.94403,38.73588,36.09881,35.62069,36.14767
17383,2014-07-01 14:00:00,0.0,36.68927,38.94403,38.73588,36.09881,35.62069
17384,2014-07-01 14:15:00,0.0,37.58096,36.68927,38.94403,38.73588,36.09881
17385,2014-07-01 14:30:00,0.0,37.36311,37.58096,36.68927,38.94403,38.73588
17386,2014-07-01 14:45:00,0.0,39.90111,37.36311,37.58096,36.68927,38.94403
17387,2014-07-01 15:00:00,0.0,38.75019,39.90111,37.36311,37.58096,36.68927
17388,2014-07-01 15:15:00,0.0,36.84753,38.75019,39.90111,37.36311,37.58096
17389,2014-07-01 15:30:00,0.0,38.19216,36.84753,38.75019,39.90111,37.36311
17390,2014-07-01 15:45:00,0.0,39.46681,38.19216,36.84753,38.75019,39.90111
17391,2014-07-01 16:00:00,0.0,40.67768,39.46681,38.19216,36.84753,38.75019
17392,2014-07-01 16:15:00,0.0,40.85553,40.67768,39.46681,38.19216,36.84753
17393,2014-07-01 16:30:00,0.0,40.17771,40.85553,40.67768,39.46681,38.19216
17394,2014-07-01 16:45:00,0.0,38.67891,40.17771,40.85553,40.67768,39.46681
17395,2014-07-01 17:00:00,0.0,39.50424,38.67891,40.17771,40.85553,40.67768
17396,2014-07-01 17:15:00,0.0,38.09324,39.50424,38.67891,40.17771,40.85553
17397,2014-07-01 17:30:00,0.0,33.33858,38.09324,39.50424,38.67891,40.17771
17398,2014-07-01 17:45:00,0.0,35.25549,33.33858,38.09324,39.50424,38.67891
17399,2014-07-01 18:00:00,0.0,34.31653,35.25549,33.33858,38.09324,39.50424
17400,2014-07-01 18:15:00,0.0,29.25149,34.31653,35.25549,33.33858,38.09324
17401,2014-07-01 18:30:00,0.0,29.35543,29.25149,34.31653,35.25549,33.33858
17402,2014-07-01 18:45:00,0.0,29.90056,29.35543,29.25149,34.31653,35.25549
17403,2014-07-01 19:00:00,0.0,28.45926,29.90056,29.35543,29.25149,34.31653
17404,2014-07-01 19:15:00,0.0,28.71235,28.45926,29.90056,29.35543,29.25149
17405,2014-07-01 19:30:00,0.0,27.61664,28.71235,28.45926,29.90056,29.35543
17406,2014-07-01 19:45:00,0.0,28.93173,27.61664,28.71235,28.45926,29.90056
17407,2014-07-01 20:00:00,0.0,28.78128,28.93173,27.61664,28.71235,28.45926
17408,2014-07-01 20:15:00,0.0,27.58707,28.78128,28.93173,27.61664,28.71235
17409,2014-07-01 20:30:00,0.0,27.08668,27.58707,28.78128,28.93173,27.61664
17410,2014-07-01 20:45:00,0.0,28.56946,27.08668,27.58707,28.78128,28.93173
17411,2014-07-01 21:00:00,0.0,27.35662,28.56946,27.08668,27.58707,28.78128
17412,2014-07-01 21:15:00,0.0,27.38035,27.35662,28.56946,27.08668,27.58707
17413,2014-07-01 21:30:00,0.0,29.46617,27.38035,27.35662,28.56946,27.08668
17414,2014-07-01 21:45:00,0.0,28.04102,29.46617,27.38035,27.35662,28.56946
17415,2014-07-01 22:00:00,0.0,28.86987,28.04102,29.46617,27.38035,27.35662
17416,2014-07-01 22:15:00,0.0,26.98342,28.86987,28.04102,29.46617,27.38035
17417,2014-07-01 22:30:00,0.0,27.9513,26.98342,28.86987,28.04102,29.46617
17418,2014-07-01 22:45:00,0.0,26.44249,27.9513,26.98342,28.86987,28.04102
17419,2014-07-01 23:00:00,0.0,28.23721,26.44249,27.9513,26.98342,28.86987
17420,2014-07-01 23:15:00,0.0,25.98304,28.23721,26.44249,27.9513,26.98342
17421,2014-07-01 23:30:00,0.0,25.72689,25.98304,28.23721,26.44249,27.9513
17422,2014-07-01 23:45:00,0.0,26.46038,25.72689,25.98304,28.23721,26.44249
17423,2014-07-02 00:00:00,0.0,25.63988,26.46038,25.72689,25.98304,28.23721
17424,2014-07-02 00:15:00,0.0,24.44607,25.63988,26.46038,25.72689,25.98304
17425,2014-07-02 00:30:00,0.0,25.26306,24.44607,25.63988,26.46038,25.72689
17426,2014-07-02 00:45:00,0.0,25.2331,25.26306,24.44607,25.63988,26.46038
17427,2014-07-02 01:00:00,0.0,24.59603,25.2331,25.26306,24.44607,25.63988
17428,2014-07-02 01:15:00,0.0,26.73485,24.59603,25.2331,25.26306,24.44607
17429,2014-07-02 01:30:00,0.0,25.26619,26.73485,24.59603,25.2331,25.26306
17430,2014-07-02 01:45:00,0.0,25.49027,25.26619,26.73485,24.59603,25.2331
17431,2014-07-02 02:00:00,0.0,23.64023,25.49027,25.26619,26.73485,24.59603
17432,2014-07-02 02:15:00,0.0,25.92492,23.64023,25.49027,25.26619,26.73485
17433,2014-07-02 02:30:00,0.0,24.55256,25.92492,23.64023,25.49027,25.26619
17434,2014-07-02 02:45:00,0.0,27.2183,24.55256,25.92492,23.64023,25.49027
17435,2014-07-02 03:00:00,0.0,25.90593,27.2183,24.55256,25.92492,23.64023
17436,2014-07-02 03:15:00,0.0,25.46585,25.90593,27.2183,24.55256,25.92492
17437,2014-07-02 03:30:00,0.0,24.70003,25.46585,25.90593,27.2183,24.55256
17438,2014-07-02 03:45:00,0.0,26.38772,24.70003,25.46585,25.90593,27.2183
17439,2014-07-02 04:00:00,0.0,26.55435,26.38772,24.70003,25.46585,25.90593
17440,2014-07-02 04:15:00,0.0,27.02559,26.55435,26.38772,24.70003,25.46585
17441,2014-07-02 04:30:00,0.0,25.8181,27.02559,26.55435,26.38772,24.70003
17442,2014-07-02 04:45:00,0.0,27.35554,25.8181,27.02559,26.55435,26.38772
17443,2014-07-02 05:00:00,0.0,26.8717,27.35554,25.8181,27.02559,26.55435
17444,2014-07-02 05:15:00,0.0,26.74592,26.8717,27.35554,25.8181,27.02559
17445,2014-07-02 05:30:00,0.0,26.86436,26.74592,26.8717,27.35554,25.8181
17446,2014-07-02 05:45:00,0.0,26.34982,26.86436,26.74592,26.8717,27.35554
17447,2014-07-02 06:00:00,0.0,25.76287,26.34982,26.86436,26.74592,26.8717
17448,2014-07-02 06:15:00,0.0,29.73876,25.76287,26.34982,26.86436,26.74592
17449,2014-07-02 06:30:00,0.0,30.45844,29.73876,25.76287,26.34982,26.86436
17450,2014-07-02 06:45:00,0.0,28.38031,30.45844,29.73876,25.76287,26.34982
17451,2014-07-02 07:00:00,0.0,29.52993,28.38031,30.45844,29.73876,25.76287
17452,2014-07-02 07:15:00,0.0,29.34126,29.52993,28.38031,30.45844,29.73876
17453,2014-07-02 07:30:00,0.0,29.21855,29.34126,29.52993,28.38031,30.45844
17454,2014-07-02 07:45:00,0.0,31.89596,29.21855,29.34126,29.52993,28.38031
17455,2014-07-02 08:00:00,0.0,29.02436,31.89596,29.21855,29.34126,29.52993
17456,2014-07-02 08:15:00,0.0,32.98012,29.02436,31.89596,29.21855,29.34126
17457,2014-07-02 08:30:00,0.0,31.53686,32.98012,29.02436,31.89596,29.21855
17458,2014-07-02 08:45:00,0.0,33.6121,31.53686,32.98012,29.02436,31.89596
17459,2014-07-02 09:00:00,0.0,29.62362,33.6121,31.53686,32.98012,29.02436
17460,2014-07-02 09:15:00,0.0,32.5606,29.62362,33.6121,31.53686,32.98012
17461,2014-07-02 09:30:00,0.0,33.28424,32.5606,29.62362,33.6121,31.53686
17462,2014-07-02 09:45:00,0.0,32.64264,33.28424,32.5606,29.62362,33.6121
17463,2014-07-02 10:00:00,0.0,34.78647,32.64264,33.28424,32.5606,29.62362
17464,2014-07-02 10:15:00,0.0,34.60494,34.78647,32.64264,33.28424,32.5606
17465,2014-07-02 10:30:00,0.0,34.8286,34.60494,34.78647,32.64264,33.28424
17466,2014-07-02 10:45:00,0.0,32.84102,34.8286,34.60494,34.78647,32.64264
17467,2014-07-02 11:00:00,0.0,35.96072,32.84102,34.8286,34.60494,34.78647
17468,2014-07-02 11:15:00,0.0,37.03988,35.96072,32.84102,34.8286,34.60494
17469,2014-07-02 11:30:00,0.0,36.1426,37.03988,35.96072,32.84102,34.8286
17470,2014-07-02 11:45:00,0.0,40.43806,36.1426,37.03988,35.96072,32.84102
17471,2014-07-02 12:00:00,0.0,39.48441,40.43806,36.1426,37.03988,35.96072
17472,2014-07-02 12:15:00,0.0,36.17953,39.48441,40.43806,36.1426,37.03988
17473,2014-07-02 12:30:00,0.0,35.95663,36.17953,39.48441,40.43806,36.1426
17474,2014-07-02 12:45:00,0.0,36.27129,35.95663,36.17953,39.48441,40.43806
17475,2014-07-02 13:00:00,0.0,39.36151,36.27129,35.95663,36.17953,39.48441
17476,2014-07-02 13:15:00,0.0,36.4909,39.36151,36.27129,35.95663,36.17953
17477,2014-07-02 13:30:00,0.0,37.13649,36.4909,39.36151,36.27129,35.95663
17478,2014-07-02 13:45:00,0.0,38.48107,37.13649,36.4909,39.36151,36.27129
17479,2014-07-02 14:00:00,0.0,38.66905,38.48107,37.13649,36.4909,39.36151
17480,2014-07-02 14:15:00,0.0,40.15966,38.66905,38.48107,37.13649,36.4909
17481,2014-07-02 14:30:00,0.0,40.6076,40.15966,38.66905,38.48107,37.13649
17482,2014-07-02 14:45:00,0.0,40.47489,40.6076,40.15966,38.66905,38.48107
17483,2014-07-02 15:00:00,0.0,39.55613,40.47489,40.6076,40.15966,38.66905
17484,2014-07-02 15:15:00,0.0,38.70851,39.55613,40.47489,40.6076,40.15966
17485,2014-07-02 15:30:00,0.0,38.8104,38.70851,39.55613,40.47489,40.6076
17486,2014-07-02 15:45:00,0.0,40.89258,38.8104,38.70851,39.55613,40.47489
17487,2014-07-02 16:00:00,0.0,44.20162,40.89258,38.8104,38.70851,39.55613
17488,2014-07-02 16:15:00,0.0,40.04454,44.20162,40.89258,38.8104,38.70851
17489,2014-07-02 16:30:00,0.0,41.62235,40.04454,44.20162,40.89258,38.8104
17490,2014-07-02 16:45:00,0.0,39.61288,41.62235,40.04454,44.20162,40.89258
17491,2014-07-02 17:00:00,0.0,42.93804,39.61288,41.62235,40.04454,44.20162
17492,2014-07-02 17:15:00,0.0,40.05103,42.93804,39.61288,41.62235,40.04454
17493,2014-07-02 17:30:00,0.0,40.97337,40.05103,42.93804,39.61288,41.62235
17494,2014-07-02 17:45:00,0.0,40.80336,40.97337,40.05103,42.93804,39.61288
17495,2014-07-02 18:00:00,0.0,38.85943,40.80336,40.97337,40.05103,42.93804
17496,2014-07-02 18:15:00,0.0,31.57128,38.85943,40.80336,40.97337,40.05103
17497,2014-07-02 18:30:00,0.0,29.2132,31.57128,38.85943,40.80336,40.97337
17498,2014-07-02 18:45:00,0.0,31.98152,29.2132,31.57128,38.85943,40.80336
17499,2014-07-02 19:00:00,0.0,28.80368,31.98152,29.2132,31.57128,38.85943
17500,2014-07-02 19:15:00,0.0,29.54311,28.80368,31.98152,29.2132,31.57128
17501,2014-07-02 19:30:00,0.0,30.14906,29.54311,28.80368,31.98152,29.2132
17502,2014-07-02 19:45:00,0.0,31.39879,30.14906,29.54311,28.80368,31.98152
17503,2014-07-02 20:00:00,0.0,30.44342,31.39879,30.14906,29.54311,28.80368
17504,2014-07-02 20:15:00,0.0,28.50444,30.44342,31.39879,30.14906,29.54311
17505,2014-07-02 20:30:00,0.0,29.23908,28.50444,30.44342,31.39879,30.14906
17506,2014-07-02 20:45:00,0.0,28.74411,29.23908,28.50444,30.44342,31.39879
17507,2014-07-02 21:00:00,0.0,27.36028,28.74411,29.23908,28.50444,30.44342
17508,2014-07-02 21:15:00,0.0,29.01252,27.36028,28.74411,29.23908,28.50444
17509,2014-07-02 21:30:00,0.0,29.15232,29.01252,27.36028,28.74411,29.23908
17510,2014-07-02 21:45:00,0.0,27.13283,29.15232,29.01252,27.36028,28.74411
17511,2014-07-02 22:00:00,0.0,29.56426,27.13283,29.15232,29.01252,27.36028
17512,2014-07-02 22:15:00,0.0,28.03182,29.56426,27.13283,29.15232,29.01252
17513,2014-07-02 22:30:00,0.0,26.23824,28.03182,29.56426,27.13283,29.15232
17514,2014-07-02 22:45:00,0.0,27.70023,26.23824,28.03182,29.56426,27.13283
17515,2014-07-02 23:00:00,0.0,27.55664,27.70023,26.23824,28.03182,29.56426
17516,2014-07-02 23:15:00,0.0,24.64417,27.55664,27.70023,26.23824,28.03182
17517,2014-07-02 23:30:00,0.0,25.43471,24.64417,27.55664,27.70023,26.23824
17518,2014-07-02 23:45:00,0.0,27.03606,25.43471,24.64417,27.55664,27.70023
17519,2014-07-03 00:00:00,0.0,25.76022,27.03606,25.43471,24.64417,27.55664
17520,2014-07-03 00:15:00,0.0,25.67546,25.76022,27.03606,25.43471,24.64417
17521,2014-07-03 00:30:00,0.0,24.6271,25.67546,25.76022,27.03606,25.43471
17522,2014-07-03 00:45:00,0.0,26.34367,24.6271,25.67546,25.76022,27.03606
17523,2014-07-03 01:00:00,0.0,25.68184,26.34367,24.6271,25.67546,25.76022
17524,2014-07-03 01:15:00,0.0,25.19321,25.68184,26.34367,24.6271,25.67546
17525,2014-07-03 01:30:00,0.0,23.77131,25.19321,25.68184,26.34367,24.6271
17526,2014-07-03 01:45:00,0.0,25.76259,23.77131,25.19321,25.68184,26.34367
17527,2014-07-03 02:00:00,0.0,23.38286,25.76259,23.77131,25.19321,25.68184
17528,2014-07-03 02:15:00,0.0,25.49204,23.38286,25.76259,23.77131,25.19321
17529,2014-07-03 02:30:00,0.0,25.30099,25.49204,23.38286,25.76259,23.77131
17530,2014-07-03 02:45:00,0.0,27.37381,25.30099,25.49204,23.38286,25.76259
17531,2014-07-03 03:00:00,0.0,24.55627,27.37381,25.30099,25.49204,23.38286
17532,2014-07-03 03:15:00,0.0,26.74838,24.55627,27.37381,25.30099,25.49204
17533,2014-07-03 03:30:00,0.0,25.68526,26.74838,24.55627,27.37381,25.30099
17534,2014-07-03 03:45:00,0.0,27.12312,25.68526,26.74838,24.55627,27.37381
17535,2014-07-03 04:00:00,0.0,26.57994,27.12312,25.68526,26.74838,24.55627
17536,2014-07-03 04:15:00,0.0,26.3175,26.57994,27.12312,25.68526,26.74838
17537,2014-07-03 04:30:00,0.0,26.06015,26.3175,26.57994,27.12312,25.68526
17538,2014-07-03 04:45:00,0.0,26.73494,26.06015,26.3175,26.57994,27.12312
17539,2014-07-03 05:00:00,0.0,27.55014,26.73494,26.06015,26.3175,26.57994
17540,2014-07-03 05:15:00,0.0,27.57678,27.55014,26.73494,26.06015,26.3175
17541,2014-07-03 05:30:00,0.0,27.05691,27.57678,27.55014,26.73494,26.06015
17542,2014-07-03 05:45:00,0.0,27.06362,27.05691,27.57678,27.55014,26.73494
17543,2014-07-03 06:00:00,0.0,28.41337,27.06362,27.05691,27.57678,27.55014
17544,2014-07-03 06:15:00,0.0,28.16192,28.41337,27.06362,27.05691,27.57678
17545,2014-07-03 06:30:00,0.0,29.53837,28.16192,28.41337,27.06362,27.05691
17546,2014-07-03 06:45:00,0.0,30.73371,29.53837,28.16192,28.41337,27.06362
17547,2014-07-03 07:00:00,0.0,30.57029,30.73371,29.53837,28.16192,28.41337
17548,2014-07-03 07:15:00,0.0,28.71888,30.57029,30.73371,29.53837,28.16192
17549,2014-07-03 07:30:00,0.0,31.99606,28.71888,30.57029,30.73371,29.53837
17550,2014-07-03 07:45:00,0.0,31.66617,31.99606,28.71888,30.57029,30.73371
17551,2014-07-03 08:00:00,0.0,30.88232,31.66617,31.99606,28.71888,30.57029
17552,2014-07-03 08:15:00,0.0,32.4626,30.88232,31.66617,31.99606,28.71888
17553,2014-07-03 08:30:00,0.0,31.69966,32.4626,30.88232,31.66617,31.99606
17554,2014-07-03 08:45:00,0.0,34.56677,31.69966,32.4626,30.88232,31.66617
17555,2014-07-03 09:00:00,0.0,32.14768,34.56677,31.69966,32.4626,30.88232
17556,2014-07-03 09:15:00,0.0,33.81857,32.14768,34.56677,31.69966,32.4626
17557,2014-07-03 09:30:00,0.0,33.40052,33.81857,32.14768,34.56677,31.69966
17558,2014-07-03 09:45:00,0.0,34.81788,33.40052,33.81857,32.14768,34.56677
17559,2014-07-03 10:00:00,0.0,34.7306,34.81788,33.40052,33.81857,32.14768
17560,2014-07-03 10:15:00,0.0,33.39388,34.7306,34.81788,33.40052,33.81857
17561,2014-07-03 10:30:00,0.0,34.65515,33.39388,34.7306,34.81788,33.40052
17562,2014-07-03 10:45:00,0.0,37.30197,34.65515,33.39388,34.7306,34.81788
17563,2014-07-03 11:00:00,0.0,37.6561,37.30197,34.65515,33.39388,34.7306
17564,2014-07-03 11:15:00,0.0,36.48862,37.6561,37.30197,34.65515,33.39388
17565,2014-07-03 11:30:00,0.0,37.29319,36.48862,37.6561,37.30197,34.65515
17566,2014-07-03 11:45:00,0.0,39.10088,37.29319,36.48862,37.6561,37.30197
17567,2014-07-03 12:00:00,0.0,38.31344,39.10088,37.29319,36.48862,37.6561
17568,2014-07-03 12:15:00,0.0,40.13299,38.31344,39.10088,37.29319,36.48862
17569,2014-07-03 12:30:00,0.0,40.75655,40.13299,38.31344,39.10088,37.29319
17570,2014-07-03 12:45:00,0.0,41.80602,40.75655,40.13299,38.31344,39.10088
17571,2014-07-03 13:00:00,0.0,39.91691,41.80602,40.75655,40.13299,38.31344
17572,2014-07-03 13:15:00,0.0,40.7507,39.91691,41.80602,40.75655,40.13299
17573,2014-07-03 13:30:00,0.0,38.8091,40.7507,39.91691,41.80602,40.75655
17574,2014-07-03 13:45:00,0.0,40.34016,38.8091,40.7507,39.91691,41.80602
17575,2014-07-03 14:00:00,0.0,40.23842,40.34016,38.8091,40.7507,39.91691
17576,2014-07-03 14:15:00,0.0,40.06238,40.23842,40.34016,38.8091,40.7507
17577,2014-07-03 14:30:00,0.0,41.06971,40.06238,40.23842,40.34016,38.8091
17578,2014-07-03 14:45:00,0.0,43.28874,41.06971,40.06238,40.23842,40.34016
17579,2014-07-03 15:00:00,0.0,40.21891,43.28874,41.06971,40.06238,40.23842
17580,2014-07-03 15:15:00,0.0,39.67198,40.21891,43.28874,41.06971,40.06238
17581,2014-07-03 15:30:00,0.0,40.61857,39.67198,40.21891,43.28874,41.06971
17582,2014-07-03 15:45:00,0.0,44.05994,40.61857,39.67198,40.21891,43.28874
17583,2014-07-03 16:00:00,0.0,41.57449,44.05994,40.61857,39.67198,40.21891
17584,2014-07-03 16:15:00,0.0,43.02497,41.57449,44.05994,40.61857,39.67198
17585,2014-07-03 16:30:00,0.0,42.22982,43.02497,41.57449,44.05994,40.61857
17586,2014-07-03 16:45:00,0.0,43.69838,42.22982,43.02497,41.57449,44.05994
17587,2014-07-03 17:00:00,0.0,43.63829,43.69838,42.22982,43.02497,41.57449
17588,2014-07-03 17:15:00,0.0,41.10065,43.63829,43.69838,42.22982,43.02497
17589,2014-07-03 17:30:00,0.0,43.32308,41.10065,43.63829,43.69838,42.22982
17590,2014-07-03 17:45:00,0.0,37.24884,43.32308,41.10065,43.63829,43.69838
17591,2014-07-03 18:00:00,0.0,38.14076,37.24884,43.32308,41.10065,43.63829
17592,2014-07-03 18:15:00,0.0,37.0052,38.14076,37.24884,43.32308,41.10065
17593,2014-07-03 18:30:00,0.0,33.24634,37.0052,38.14076,37.24884,43.32308
17594,2014-07-03 18:45:00,0.0,33.84954,33.24634,37.0052,38.14076,37.24884
17595,2014-07-03 19:00:00,0.0,34.56618,33.84954,33.24634,37.0052,38.14076
17596,2014-07-03 19:15:00,0.0,31.79143,34.56618,33.84954,33.24634,37.0052
17597,2014-07-03 19:30:00,0.0,30.16608,31.79143,34.56618,33.84954,33.24634
17598,2014-07-03 19:45:00,0.0,30.84734,30.16608,31.79143,34.56618,33.84954
17599,2014-07-03 20:00:00,0.0,28.67732,30.84734,30.16608,31.79143,34.56618
17600,2014-07-03 20:15:00,0.0,25.26147,28.67732,30.84734,30.16608,31.79143
17601,2014-07-03 20:30:00,0.0,28.15856,25.26147,28.67732,30.84734,30.16608
17602,2014-07-03 20:45:00,0.0,28.27204,28.15856,25.26147,28.67732,30.84734
17603,2014-07-03 21:00:00,0.0,26.48043,28.27204,28.15856,25.26147,28.67732
17604,2014-07-03 21:15:00,0.0,25.91774,26.48043,28.27204,28.15856,25.26147
17605,2014-07-03 21:30:00,0.0,27.05804,25.91774,26.48043,28.27204,28.15856
17606,2014-07-03 21:45:00,0.0,26.00361,27.05804,25.91774,26.48043,28.27204
17607,2014-07-03 22:00:00,0.0,28.33398,26.00361,27.05804,25.91774,26.48043
17608,2014-07-03 22:15:00,0.0,28.35046,28.33398,26.00361,27.05804,25.91774
17609,2014-07-03 22:30:00,0.0,29.29238,28.35046,28.33398,26.00361,27.05804
17610,2014-07-03 22:45:00,0.0,27.45622,29.29238,28.35046,28.33398,26.00361
17611,2014-07-03 23:00:00,0.0,26.65645,27.45622,29.29238,28.35046,28.33398
17612,2014-07-03 23:15:00,0.0,25.4371,26.65645,27.45622,29.29238,28.35046
17613,2014-07-03 23:30:00,0.0,26.67823,25.4371,26.65645,27.45622,29.29238
17614,2014-07-03 23:45:00,0.0,25.74496,26.67823,25.4371,26.65645,27.45622
17615,2014-07-04 00:00:00,0.0,25.26237,25.74496,26.67823,25.4371,26.65645
17616,2014-07-04 00:15:00,0.0,26.43333,25.26237,25.74496,26.67823,25.4371
17617,2014-07-04 00:30:00,0.0,26.70109,26.43333,25.26237,25.74496,26.67823
17618,2014-07-04 00:45:00,0.0,25.42278,26.70109,26.43333,25.26237,25.74496
17619,2014-07-04 01:00:00,0.0,22.73781,25.42278,26.70109,26.43333,25.26237
17620,2014-07-04 01:15:00,0.0,24.2089,22.73781,25.42278,26.70109,26.43333
17621,2014-07-04 01:30:00,0.0,25.29875,24.2089,22.73781,25.42278,26.70109
17622,2014-07-04 01:45:00,0.0,26.35483,25.29875,24.2089,22.73781,25.42278
17623,2014-07-04 02:00:00,0.0,25.66805,26.35483,25.29875,24.2089,22.73781
17624,2014-07-04 02:15:00,0.0,26.42396,25.66805,26.35483,25.29875,24.2089
17625,2014-07-04 02:30:00,0.0,25.14392,26.42396,25.66805,26.35483,25.29875
17626,2014-07-04 02:45:00,0.0,26.8444,25.14392,26.42396,25.66805,26.35483
17627,2014-07-04 03:00:00,0.0,22.89852,26.8444,25.14392,26.42396,25.66805
17628,2014-07-04 03:15:00,0.0,26.80206,22.89852,26.8444,25.14392,26.42396
17629,2014-07-04 03:30:00,0.0,23.91348,26.80206,22.89852,26.8444,25.14392
17630,2014-07-04 03:45:00,0.0,27.59193,23.91348,26.80206,22.89852,26.8444
17631,2014-07-04 04:00:00,0.0,26.46084,27.59193,23.91348,26.80206,22.89852
17632,2014-07-04 04:15:00,0.0,26.17074,26.46084,27.59193,23.91348,26.80206
17633,2014-07-04 04:30:00,0.0,24.16304,26.17074,26.46084,27.59193,23.91348
17634,2014-07-04 04:45:00,0.0,25.32934,24.16304,26.17074,26.46084,27.59193
17635,2014-07-04 05:00:00,0.0,25.20647,25.32934,24.16304,26.17074,26.46084
17636,2014-07-04 05:15:00,0.0,26.46821,25.20647,25.32934,24.16304,26.17074
17637,2014-07-04 05:30:00,0.0,26.28203,26.46821,25.20647,25.32934,24.16304
17638,2014-07-04 05:45:00,0.0,27.21185,26.28203,26.46821,25.20647,25.32934
17639,2014-07-04 06:00:00,0.0,26.94924,27.21185,26.28203,26.46821,25.20647
17640,2014-07-04 06:15:00,0.0,24.94236,26.94924,27.21185,26.28203,26.46821
17641,2014-07-04 06:30:00,0.0,27.51099,24.94236,26.94924,27.21185,26.28203
17642,2014-07-04 06:45:00,0.0,25.82796,27.51099,24.94236,26.94924,27.21185
17643,2014-07-04 07:00:00,0.0,28.11758,25.82796,27.51099,24.94236,26.94924
17644,2014-07-04 07:15:00,0.0,27.84286,28.11758,25.82796,27.51099,24.94236
17645,2014-07-04 07:30:00,0.0,28.85795,27.84286,28.11758,25.82796,27.51099
17646,2014-07-04 07:45:00,0.0,28.31807,28.85795,27.84286,28.11758,25.82796
17647,2014-07-04 08:00:00,0.0,27.85907,28.31807,28.85795,27.84286,28.11758
17648,2014-07-04 08:15:00,0.0,25.11072,27.85907,28.31807,28.85795,27.84286
17649,2014-07-04 08:30:00,0.0,28.28492,25.11072,27.85907,28.31807,28.85795
17650,2014-07-04 08:45:00,0.0,25.1211,28.28492,25.11072,27.85907,28.31807
17651,2014-07-04 09:00:00,0.0,26.08125,25.1211,28.28492,25.11072,27.85907
17652,2014-07-04 09:15:00,0.0,25.67745,26.08125,25.1211,28.28492,25.11072
17653,2014-07-04 09:30:00,0.0,26.09833,25.67745,26.08125,25.1211,28.28492
17654,2014-07-04 09:45:00,0.0,29.36144,26.09833,25.67745,26.08125,25.1211
17655,2014-07-04 10:00:00,0.0,28.10954,29.36144,26.09833,25.67745,26.08125
17656,2014-07-04 10:15:00,0.0,27.42108,28.10954,29.36144,26.09833,25.67745
17657,2014-07-04 10:30:00,0.0,26.48998,27.42108,28.10954,29.36144,26.09833
17658,2014-07-04 10:45:00,0.0,29.72989,26.48998,27.42108,28.10954,29.36144
17659,2014-07-04 11:00:00,0.0,28.36168,29.72989,26.48998,27.42108,28.10954
17660,2014-07-04 11:15:00,0.0,29.8301,28.36168,29.72989,26.48998,27.42108
17661,2014-07-04 11:30:00,0.0,28.00979,29.8301,28.36168,29.72989,26.48998
17662,2014-07-04 11:45:00,0.0,32.55071,28.00979,29.8301,28.36168,29.72989
17663,2014-07-04 12:00:00,0.0,29.83313,32.55071,28.00979,29.8301,28.36168
17664,2014-07-04 12:15:00,0.0,30.23814,29.83313,32.55071,28.00979,29.8301
17665,2014-07-04 12:30:00,0.0,29.7489,30.23814,29.83313,32.55071,28.00979
17666,2014-07-04 12:45:00,0.0,30.28472,29.7489,30.23814,29.83313,32.55071
17667,2014-07-04 13:00:00,0.0,29.35907,30.28472,29.7489,30.23814,29.83313
17668,2014-07-04 13:15:00,0.0,28.86244,29.35907,30.28472,29.7489,30.23814
17669,2014-07-04 13:30:00,0.0,30.18883,28.86244,29.35907,30.28472,29.7489
17670,2014-07-04 13:45:00,0.0,31.30245,30.18883,28.86244,29.35907,30.28472
17671,2014-07-04 14:00:00,0.0,31.96973,31.30245,30.18883,28.86244,29.35907
17672,2014-07-04 14:15:00,0.0,32.909,31.96973,31.30245,30.18883,28.86244
17673,2014-07-04 14:30:00,0.0,30.74459,32.909,31.96973,31.30245,30.18883
17674,2014-07-04 14:45:00,0.0,30.92984,30.74459,32.909,31.96973,31.30245
17675,2014-07-04 15:00:00,0.0,29.69933,30.92984,30.74459,32.909,31.96973
17676,2014-07-04 15:15:00,0.0,31.40404,29.69933,30.92984,30.74459,32.909
17677,2014-07-04 15:30:00,0.0,31.34633,31.40404,29.69933,30.92984,30.74459
17678,2014-07-04 15:45:00,0.0,30.6517,31.34633,31.40404,29.69933,30.92984
17679,2014-07-04 16:00:00,0.0,28.33078,30.6517,31.34633,31.40404,29.69933
17680,2014-07-04 16:15:00,0.0,30.64834,28.33078,30.6517,31.34633,31.40404
17681,2014-07-04 16:30:00,0.0,29.97214,30.64834,28.33078,30.6517,31.34633
17682,2014-07-04 16:45:00,0.0,28.99058,29.97214,30.64834,28.33078,30.6517
17683,2014-07-04 17:00:00,0.0,28.82337,28.99058,29.97214,30.64834,28.33078
17684,2014-07-04 17:15:00,0.0,30.15121,28.82337,28.99058,29.97214,30.64834
17685,2014-07-04 17:30:00,0.0,32.16422,30.15121,28.82337,28.99058,29.97214
17686,2014-07-04 17:45:00,0.0,29.43616,32.16422,30.15121,28.82337,28.99058
17687,2014-07-04 18:00:00,0.0,29.70778,29.43616,32.16422,30.15121,28.82337
17688,2014-07-04 18:15:00,0.0,27.39485,29.70778,29.43616,32.16422,30.15121
17689,2014-07-04 18:30:00,0.0,28.46112,27.39485,29.70778,29.43616,32.16422
17690,2014-07-04 18:45:00,0.0,27.60989,28.46112,27.39485,29.70778,29.43616
17691,2014-07-04 19:00:00,0.0,27.23177,27.60989,28.46112,27.39485,29.70778
17692,2014-07-04 19:15:00,0.0,26.45343,27.23177,27.60989,28.46112,27.39485
17693,2014-07-04 19:30:00,0.0,26.30376,26.45343,27.23177,27.60989,28.46112
17694,2014-07-04 19:45:00,0.0,25.91029,26.30376,26.45343,27.23177,27.60989
17695,2014-07-04 20:00:00,0.0,26.50123,25.91029,26.30376,26.45343,27.23177
17696,2014-07-04 20:15:00,0.0,25.94282,26.50123,25.91029,26.30376,26.45343
17697,2014-07-04 20:30:00,0.0,25.59995,25.94282,26.50123,25.91029,26.30376
17698,2014-07-04 20:45:00,0.0,24.4909,25.59995,25.94282,26.50123,25.91029
17699,2014-07-04 21:00:00,0.0,27.13737,24.4909,25.59995,25.94282,26.50123
17700,2014-07-04 21:15:00,0.0,26.84935,27.13737,24.4909,25.59995,25.94282
17701,2014-07-04 21:30:00,0.0,26.30509,26.84935,27.13737,24.4909,25.59995
17702,2014-07-04 21:45:00,0.0,25.61463,26.30509,26.84935,27.13737,24.4909
17703,2014-07-04 22:00:00,0.0,27.90435,25.61463,26.30509,26.84935,27.13737
17704,2014-07-04 22:15:00,0.0,25.37871,27.90435,25.61463,26.30509,26.84935
17705,2014-07-04 22:30:00,0.0,26.111,25.37871,27.90435,25.61463,26.30509
17706,2014-07-04 22:45:00,0.0,27.26656,26.111,25.37871,27.90435,25.61463
17707,2014-07-04 23:00:00,0.0,27.36829,27.26656,26.111,25.37871,27.90435
17708,2014-07-04 23:15:00,0.0,25.28768,27.36829,27.26656,26.111,25.37871
17709,2014-07-04 23:30:00,0.0,25.74847,25.28768,27.36829,27.26656,26.111
17710,2014-07-04 23:45:00,0.0,25.66644,25.74847,25.28768,27.36829,27.26656
17711,2014-07-05 00:00:00,0.0,25.91612,25.66644,25.74847,25.28768,27.36829
17712,2014-07-05 00:15:00,0.0,23.31939,25.91612,25.66644,25.74847,25.28768
17713,2014-07-05 00:30:00,0.0,27.16517,23.31939,25.91612,25.66644,25.74847
17714,2014-07-05 00:45:00,0.0,25.57619,27.16517,23.31939,25.91612,25.66644
17715,2014-07-05 01:00:00,0.0,25.1477,25.57619,27.16517,23.31939,25.91612
17716,2014-07-05 01:15:00,0.0,25.28087,25.1477,25.57619,27.16517,23.31939
17717,2014-07-05 01:30:00,0.0,23.86571,25.28087,25.1477,25.57619,27.16517
17718,2014-07-05 01:45:00,0.0,26.77161,23.86571,25.28087,25.1477,25.57619
17719,2014-07-05 02:00:00,0.0,25.61359,26.77161,23.86571,25.28087,25.1477
17720,2014-07-05 02:15:00,0.0,25.95609,25.61359,26.77161,23.86571,25.28087
17721,2014-07-05 02:30:00,0.0,26.59742,25.95609,25.61359,26.77161,23.86571
17722,2014-07-05 02:45:00,0.0,27.42378,26.59742,25.95609,25.61359,26.77161
17723,2014-07-05 03:00:00,0.0,24.01561,27.42378,26.59742,25.95609,25.61359
17724,2014-07-05 03:15:00,0.0,26.30184,24.01561,27.42378,26.59742,25.95609
17725,2014-07-05 03:30:00,0.0,24.33023,26.30184,24.01561,27.42378,26.59742
17726,2014-07-05 03:45:00,0.0,27.1073,24.33023,26.30184,24.01561,27.42378
17727,2014-07-05 04:00:00,0.0,24.56823,27.1073,24.33023,26.30184,24.01561
17728,2014-07-05 04:15:00,0.0,25.92914,24.56823,27.1073,24.33023,26.30184
17729,2014-07-05 04:30:00,0.0,23.66919,25.92914,24.56823,27.1073,24.33023
17730,2014-07-05 04:45:00,0.0,26.49026,23.66919,25.92914,24.56823,27.1073
17731,2014-07-05 05:00:00,0.0,26.94505,26.49026,23.66919,25.92914,24.56823
17732,2014-07-05 05:15:00,0.0,26.86538,26.94505,26.49026,23.66919,25.92914
17733,2014-07-05 05:30:00,0.0,27.04131,26.86538,26.94505,26.49026,23.66919
17734,2014-07-05 05:45:00,0.0,25.69421,27.04131,26.86538,26.94505,26.49026
17735,2014-07-05 06:00:00,0.0,26.59021,25.69421,27.04131,26.86538,26.94505
17736,2014-07-05 06:15:00,0.0,24.28417,26.59021,25.69421,27.04131,26.86538
17737,2014-07-05 06:30:00,0.0,25.25454,24.28417,26.59021,25.69421,27.04131
17738,2014-07-05 06:45:00,0.0,25.62943,25.25454,24.28417,26.59021,25.69421
17739,2014-07-05 07:00:00,0.0,27.06454,25.62943,25.25454,24.28417,26.59021
17740,2014-07-05 07:15:00,0.0,25.65852,27.06454,25.62943,25.25454,24.28417
17741,2014-07-05 07:30:00,0.0,25.89575,25.65852,27.06454,25.62943,25.25454
17742,2014-07-05 07:45:00,0.0,26.69027,25.89575,25.65852,27.06454,25.62943
17743,2014-07-05 08:00:00,0.0,27.41036,26.69027,25.89575,25.65852,27.06454
17744,2014-07-05 08:15:00,0.0,25.76239,27.41036,26.69027,25.89575,25.65852
17745,2014-07-05 08:30:00,0.0,26.39725,25.76239,27.41036,26.69027,25.89575
17746,2014-07-05 08:45:00,0.0,27.5905,26.39725,25.76239,27.41036,26.69027
17747,2014-07-05 09:00:00,0.0,25.36191,27.5905,26.39725,25.76239,27.41036
17748,2014-07-05 09:15:00,0.0,24.2619,25.36191,27.5905,26.39725,25.76239
17749,2014-07-05 09:30:00,0.0,26.17046,24.2619,25.36191,27.5905,26.39725
17750,2014-07-05 09:45:00,0.0,25.6708,26.17046,24.2619,25.36191,27.5905
17751,2014-07-05 10:00:00,0.0,25.43187,25.6708,26.17046,24.2619,25.36191
17752,2014-07-05 10:15:00,0.0,28.8186,25.43187,25.6708,26.17046,24.2619
17753,2014-07-05 10:30:00,0.0,30.1258,28.8186,25.43187,25.6708,26.17046
17754,2014-07-05 10:45:00,0.0,32.37205,30.1258,28.8186,25.43187,25.6708
17755,2014-07-05 11:00:00,0.0,28.48685,32.37205,30.1258,28.8186,25.43187
17756,2014-07-05 11:15:00,0.0,31.27691,28.48685,32.37205,30.1258,28.8186
17757,2014-07-05 11:30:00,0.0,28.82023,31.27691,28.48685,32.37205,30.1258
17758,2014-07-05 11:45:00,0.0,28.62698,28.82023,31.27691,28.48685,32.37205
17759,2014-07-05 12:00:00,0.0,30.24272,28.62698,28.82023,31.27691,28.48685
17760,2014-07-05 12:15:00,0.0,33.30405,30.24272,28.62698,28.82023,31.27691
17761,2014-07-05 12:30:00,0.0,30.53195,33.30405,30.24272,28.62698,28.82023
17762,2014-07-05 12:45:00,0.0,31.96749,30.53195,33.30405,30.24272,28.62698
17763,2014-07-05 13:00:00,0.0,31.8519,31.96749,30.53195,33.30405,30.24272
17764,2014-07-05 13:15:00,0.0,31.12183,31.8519,31.96749,30.53195,33.30405
17765,2014-07-05 13:30:00,0.0,32.26842,31.12183,31.8519,31.96749,30.53195
17766,2014-07-05 13:45:00,0.0,31.05654,32.26842,31.12183,31.8519,31.96749
17767,2014-07-05 14:00:00,0.0,29.40544,31.05654,32.26842,31.12183,31.8519
17768,2014-07-05 14:15:00,0.0,29.66532,29.40544,31.05654,32.26842,31.12183
17769,2014-07-05 14:30:00,0.0,33.01827,29.66532,29.40544,31.05654,32.26842
17770,2014-07-05 14:45:00,0.0,33.05447,33.01827,29.66532,29.40544,31.05654
17771,2014-07-05 15:00:00,0.0,30.60988,33.05447,33.01827,29.66532,29.40544
17772,2014-07-05 15:15:00,0.0,32.7041,30.60988,33.05447,33.01827,29.66532
17773,2014-07-05 15:30:00,0.0,32.41884,32.7041,30.60988,33.05447,33.01827
17774,2014-07-05 15:45:00,0.0,32.33087,32.41884,32.7041,30.60988,33.05447
17775,2014-07-05 16:00:00,0.0,33.6545,32.33087,32.41884,32.7041,30.60988
17776,2014-07-05 16:15:00,0.0,31.94192,33.6545,32.33087,32.41884,32.7041
17777,2014-07-05 16:30:00,0.0,32.61035,31.94192,33.6545,32.33087,32.41884
17778,2014-07-05 16:45:00,0.0,33.04619,32.61035,31.94192,33.6545,32.33087
17779,2014-07-05 17:00:00,0.0,30.83872,33.04619,32.61035,31.94192,33.6545
17780,2014-07-05 17:15:00,0.0,30.98102,30.83872,33.04619,32.61035,31.94192
17781,2014-07-05 17:30:00,0.0,34.07014,30.98102,30.83872,33.04619,32.61035
17782,2014-07-05 17:45:00,0.0,34.1987,34.07014,30.98102,30.83872,33.04619
17783,2014-07-05 18:00:00,0.0,31.84832,34.1987,34.07014,30.98102,30.83872
17784,2014-07-05 18:15:00,0.0,31.08626,31.84832,34.1987,34.07014,30.98102
17785,2014-07-05 18:30:00,0.0,28.90673,31.08626,31.84832,34.1987,34.07014
17786,2014-07-05 18:45:00,0.0,29.15934,28.90673,31.08626,31.84832,34.1987
17787,2014-07-05 19:00:00,0.0,29.52849,29.15934,28.90673,31.08626,31.84832
17788,2014-07-05 19:15:00,0.0,28.65583,29.52849,29.15934,28.90673,31.08626
17789,2014-07-05 19:30:00,0.0,27.27939,28.65583,29.52849,29.15934,28.90673
17790,2014-07-05 19:45:00,0.0,24.46226,27.27939,28.65583,29.52849,29.15934
17791,2014-07-05 20:00:00,0.0,26.91141,24.46226,27.27939,28.65583,29.52849
17792,2014-07-05 20:15:00,0.0,25.10043,26.91141,24.46226,27.27939,28.65583
17793,2014-07-05 20:30:00,0.0,26.57937,25.10043,26.91141,24.46226,27.27939
17794,2014-07-05 20:45:00,0.0,27.61187,26.57937,25.10043,26.91141,24.46226
17795,2014-07-05 21:00:00,0.0,27.23712,27.61187,26.57937,25.10043,26.91141
17796,2014-07-05 21:15:00,0.0,25.42188,27.23712,27.61187,26.57937,25.10043
17797,2014-07-05 21:30:00,0.0,25.8667,25.42188,27.23712,27.61187,26.57937
17798,2014-07-05 21:45:00,0.0,24.41544,25.8667,25.42188,27.23712,27.61187
17799,2014-07-05 22:00:00,0.0,27.02031,24.41544,25.8667,25.42188,27.23712
17800,2014-07-05 22:15:00,0.0,25.84225,27.02031,24.41544,25.8667,25.42188
17801,2014-07-05 22:30:00,0.0,27.81208,25.84225,27.02031,24.41544,25.8667
17802,2014-07-05 22:45:00,0.0,25.48089,27.81208,25.84225,27.02031,24.41544
17803,2014-07-05 23:00:00,0.0,27.32387,25.48089,27.81208,25.84225,27.02031
17804,2014-07-05 23:15:00,0.0,25.65703,27.32387,25.48089,27.81208,25.84225
17805,2014-07-05 23:30:00,0.0,23.83612,25.65703,27.32387,25.48089,27.81208
17806,2014-07-05 23:45:00,0.0,25.38587,23.83612,25.65703,27.32387,25.48089
17807,2014-07-06 00:00:00,0.0,24.94142,25.38587,23.83612,25.65703,27.32387
17808,2014-07-06 00:15:00,0.0,24.74281,24.94142,25.38587,23.83612,25.65703
17809,2014-07-06 00:30:00,0.0,23.3957,24.74281,24.94142,25.38587,23.83612
17810,2014-07-06 00:45:00,0.0,27.04547,23.3957,24.74281,24.94142,25.38587
17811,2014-07-06 01:00:00,0.0,25.29906,27.04547,23.3957,24.74281,24.94142
17812,2014-07-06 01:15:00,0.0,25.48284,25.29906,27.04547,23.3957,24.74281
17813,2014-07-06 01:30:00,0.0,24.32487,25.48284,25.29906,27.04547,23.3957
17814,2014-07-06 01:45:00,0.0,26.18571,24.32487,25.48284,25.29906,27.04547
17815,2014-07-06 02:00:00,0.0,24.45559,26.18571,24.32487,25.48284,25.29906
17816,2014-07-06 02:15:00,0.0,25.72249,24.45559,26.18571,24.32487,25.48284
17817,2014-07-06 02:30:00,0.0,25.25173,25.72249,24.45559,26.18571,24.32487
17818,2014-07-06 02:45:00,0.0,26.37008,25.25173,25.72249,24.45559,26.18571
17819,2014-07-06 03:00:00,0.0,25.90464,26.37008,25.25173,25.72249,24.45559
17820,2014-07-06 03:15:00,0.0,24.58061,25.90464,26.37008,25.25173,25.72249
17821,2014-07-06 03:30:00,0.0,25.10452,24.58061,25.90464,26.37008,25.25173
17822,2014-07-06 03:45:00,0.0,25.63148,25.10452,24.58061,25.90464,26.37008
17823,2014-07-06 04:00:00,0.0,26.14194,25.63148,25.10452,24.58061,25.90464
17824,2014-07-06 04:15:00,0.0,25.79535,26.14194,25.63148,25.10452,24.58061
17825,2014-07-06 04:30:00,0.0,25.4994,25.79535,26.14194,25.63148,25.10452
17826,2014-07-06 04:45:00,0.0,26.53306,25.4994,25.79535,26.14194,25.63148
17827,2014-07-06 05:00:00,0.0,23.23895,26.53306,25.4994,25.79535,26.14194
17828,2014-07-06 05:15:00,0.0,25.03945,23.23895,26.53306,25.4994,25.79535
17829,2014-07-06 05:30:00,0.0,24.83347,25.03945,23.23895,26.53306,25.4994
17830,2014-07-06 05:45:00,0.0,25.1839,24.83347,25.03945,23.23895,26.53306
17831,2014-07-06 06:00:00,0.0,23.94893,25.1839,24.83347,25.03945,23.23895
17832,2014-07-06 06:15:00,0.0,25.05689,23.94893,25.1839,24.83347,25.03945
17833,2014-07-06 06:30:00,0.0,23.74712,25.05689,23.94893,25.1839,24.83347
17834,2014-07-06 06:45:00,0.0,25.11353,23.74712,25.05689,23.94893,25.1839
17835,2014-07-06 07:00:00,0.0,24.29503,25.11353,23.74712,25.05689,23.94893
17836,2014-07-06 07:15:00,0.0,27.52847,24.29503,25.11353,23.74712,25.05689
17837,2014-07-06 07:30:00,0.0,27.11862,27.52847,24.29503,25.11353,23.74712
17838,2014-07-06 07:45:00,0.0,25.76261,27.11862,27.52847,24.29503,25.11353
17839,2014-07-06 08:00:00,0.0,27.50466,25.76261,27.11862,27.52847,24.29503
17840,2014-07-06 08:15:00,0.0,27.51817,27.50466,25.76261,27.11862,27.52847
17841,2014-07-06 08:30:00,0.0,27.88536,27.51817,27.50466,25.76261,27.11862
17842,2014-07-06 08:45:00,0.0,24.92492,27.88536,27.51817,27.50466,25.76261
17843,2014-07-06 09:00:00,0.0,27.62167,24.92492,27.88536,27.51817,27.50466
17844,2014-07-06 09:15:00,0.0,24.54072,27.62167,24.92492,27.88536,27.51817
17845,2014-07-06 09:30:00,0.0,24.77373,24.54072,27.62167,24.92492,27.88536
17846,2014-07-06 09:45:00,0.0,24.80324,24.77373,24.54072,27.62167,24.92492
17847,2014-07-06 10:00:00,0.0,28.16345,24.80324,24.77373,24.54072,27.62167
17848,2014-07-06 10:15:00,0.0,28.94066,28.16345,24.80324,24.77373,24.54072
17849,2014-07-06 10:30:00,0.0,29.97827,28.94066,28.16345,24.80324,24.77373
17850,2014-07-06 10:45:00,0.0,27.46105,29.97827,28.94066,28.16345,24.80324
17851,2014-07-06 11:00:00,0.0,29.92947,27.46105,29.97827,28.94066,28.16345
17852,2014-07-06 11:15:00,0.0,29.462,29.92947,27.46105,29.97827,28.94066
17853,2014-07-06 11:30:00,0.0,30.43691,29.462,29.92947,27.46105,29.97827
17854,2014-07-06 11:45:00,0.0,32.83892,30.43691,29.462,29.92947,27.46105
17855,2014-07-06 12:00:00,0.0,32.14648,32.83892,30.43691,29.462,29.92947
17856,2014-07-06 12:15:00,0.0,30.92533,32.14648,32.83892,30.43691,29.462
17857,2014-07-06 12:30:00,0.0,31.09828,30.92533,32.14648,32.83892,30.43691
17858,2014-07-06 12:45:00,0.0,30.613,31.09828,30.92533,32.14648,32.83892
17859,2014-07-06 13:00:00,0.0,30.36057,30.613,31.09828,30.92533,32.14648
17860,2014-07-06 13:15:00,0.0,31.9635,30.36057,30.613,31.09828,30.92533
17861,2014-07-06 13:30:00,0.0,32.68807,31.9635,30.36057,30.613,31.09828
17862,2014-07-06 13:45:00,0.0,33.52039,32.68807,31.9635,30.36057,30.613
17863,2014-07-06 14:00:00,0.0,32.87072,33.52039,32.68807,31.9635,30.36057
17864,2014-07-06 14:15:00,0.0,31.56085,32.87072,33.52039,32.68807,31.9635
17865,2014-07-06 14:30:00,0.0,33.62898,31.56085,32.87072,33.52039,32.68807
17866,2014-07-06 14:45:00,0.0,35.25612,33.62898,31.56085,32.87072,33.52039
17867,2014-07-06 15:00:00,0.0,30.23992,35.25612,33.62898,31.56085,32.87072
17868,2014-07-06 15:15:00,0.0,33.83197,30.23992,35.25612,33.62898,31.56085
17869,2014-07-06 15:30:00,0.0,33.87424,33.83197,30.23992,35.25612,33.62898
17870,2014-07-06 15:45:00,0.0,33.5222,33.87424,33.83197,30.23992,35.25612
17871,2014-07-06 16:00:00,0.0,31.21533,33.5222,33.87424,33.83197,30.23992
17872,2014-07-06 16:15:00,0.0,30.73009,31.21533,33.5222,33.87424,33.83197
17873,2014-07-06 16:30:00,0.0,32.14199,30.73009,31.21533,33.5222,33.87424
17874,2014-07-06 16:45:00,0.0,30.27719,32.14199,30.73009,31.21533,33.5222
17875,2014-07-06 17:00:00,0.0,31.67876,30.27719,32.14199,30.73009,31.21533
17876,2014-07-06 17:15:00,0.0,30.6746,31.67876,30.27719,32.14199,30.73009
17877,2014-07-06 17:30:00,0.0,28.55939,30.6746,31.67876,30.27719,32.14199
17878,2014-07-06 17:45:00,0.0,30.64229,28.55939,30.6746,31.67876,30.27719
17879,2014-07-06 18:00:00,0.0,31.32513,30.64229,28.55939,30.6746,31.67876
17880,2014-07-06 18:15:00,0.0,29.95237,31.32513,30.64229,28.55939,30.6746
17881,2014-07-06 18:30:00,0.0,33.40671,29.95237,31.32513,30.64229,28.55939
17882,2014-07-06 18:45:00,0.0,30.85625,33.40671,29.95237,31.32513,30.64229
17883,2014-07-06 19:00:00,0.0,31.61781,30.85625,33.40671,29.95237,31.32513
17884,2014-07-06 19:15:00,0.0,29.73083,31.61781,30.85625,33.40671,29.95237
17885,2014-07-06 19:30:00,0.0,32.29441,29.73083,31.61781,30.85625,33.40671
17886,2014-07-06 19:45:00,0.0,31.3745,32.29441,29.73083,31.61781,30.85625
17887,2014-07-06 20:00:00,0.0,28.65792,31.3745,32.29441,29.73083,31.61781
17888,2014-07-06 20:15:00,0.0,27.87903,28.65792,31.3745,32.29441,29.73083
17889,2014-07-06 20:30:00,0.0,27.54252,27.87903,28.65792,31.3745,32.29441
17890,2014-07-06 20:45:00,0.0,27.8691,27.54252,27.87903,28.65792,31.3745
17891,2014-07-06 21:00:00,0.0,26.93832,27.8691,27.54252,27.87903,28.65792
17892,2014-07-06 21:15:00,0.0,26.22149,26.93832,27.8691,27.54252,27.87903
17893,2014-07-06 21:30:00,0.0,26.59631,26.22149,26.93832,27.8691,27.54252
17894,2014-07-06 21:45:00,0.0,27.40842,26.59631,26.22149,26.93832,27.8691
17895,2014-07-06 22:00:00,0.0,25.51288,27.40842,26.59631,26.22149,26.93832
17896,2014-07-06 22:15:00,0.0,26.44372,25.51288,27.40842,26.59631,26.22149
17897,2014-07-06 22:30:00,0.0,28.30755,26.44372,25.51288,27.40842,26.59631
17898,2014-07-06 22:45:00,0.0,27.97463,28.30755,26.44372,25.51288,27.40842
17899,2014-07-06 23:00:00,0.0,27.73101,27.97463,28.30755,26.44372,25.51288
17900,2014-07-06 23:15:00,0.0,22.57072,27.73101,27.97463,28.30755,26.44372
17901,2014-07-06 23:30:00,0.0,25.55297,22.57072,27.73101,27.97463,28.30755
17902,2014-07-06 23:45:00,0.0,25.23359,25.55297,22.57072,27.73101,27.97463
17903,2014-07-07 00:00:00,0.0,25.20427,25.23359,25.55297,22.57072,27.73101
17904,2014-07-07 00:15:00,0.0,26.537,25.20427,25.23359,25.55297,22.57072
17905,2014-07-07 00:30:00,0.0,26.50079,26.537,25.20427,25.23359,25.55297
17906,2014-07-07 00:45:00,0.0,26.31085,26.50079,26.537,25.20427,25.23359
17907,2014-07-07 01:00:00,0.0,24.75229,26.31085,26.50079,26.537,25.20427
17908,2014-07-07 01:15:00,0.0,26.63197,24.75229,26.31085,26.50079,26.537
17909,2014-07-07 01:30:00,0.0,25.54704,26.63197,24.75229,26.31085,26.50079
17910,2014-07-07 01:45:00,0.0,26.1188,25.54704,26.63197,24.75229,26.31085
17911,2014-07-07 02:00:00,0.0,25.95127,26.1188,25.54704,26.63197,24.75229
17912,2014-07-07 02:15:00,0.0,26.40201,25.95127,26.1188,25.54704,26.63197
17913,2014-07-07 02:30:00,0.0,23.48448,26.40201,25.95127,26.1188,25.54704
17914,2014-07-07 02:45:00,0.0,26.5948,23.48448,26.40201,25.95127,26.1188
17915,2014-07-07 03:00:00,0.0,26.62903,26.5948,23.48448,26.40201,25.95127
17916,2014-07-07 03:15:00,0.0,25.41697,26.62903,26.5948,23.48448,26.40201
17917,2014-07-07 03:30:00,0.0,27.40706,25.41697,26.62903,26.5948,23.48448
17918,2014-07-07 03:45:00,0.0,26.21963,27.40706,25.41697,26.62903,26.5948
17919,2014-07-07 04:00:00,0.0,27.37197,26.21963,27.40706,25.41697,26.62903
17920,2014-07-07 04:15:00,0.0,26.5693,27.37197,26.21963,27.40706,25.41697
17921,2014-07-07 04:30:00,0.0,25.92581,26.5693,27.37197,26.21963,27.40706
17922,2014-07-07 04:45:00,0.0,27.66047,25.92581,26.5693,27.37197,26.21963
17923,2014-07-07 05:00:00,0.0,25.83755,27.66047,25.92581,26.5693,27.37197
17924,2014-07-07 05:15:00,0.0,26.45902,25.83755,27.66047,25.92581,26.5693
17925,2014-07-07 05:30:00,0.0,26.32717,26.45902,25.83755,27.66047,25.92581
17926,2014-07-07 05:45:00,0.0,27.77083,26.32717,26.45902,25.83755,27.66047
17927,2014-07-07 06:00:00,0.0,26.96522,27.77083,26.32717,26.45902,25.83755
17928,2014-07-07 06:15:00,0.0,27.45253,26.96522,27.77083,26.32717,26.45902
17929,2014-07-07 06:30:00,0.0,28.09785,27.45253,26.96522,27.77083,26.32717
17930,2014-07-07 06:45:00,0.0,29.39367,28.09785,27.45253,26.96522,27.77083
17931,2014-07-07 07:00:00,0.0,30.06867,29.39367,28.09785,27.45253,26.96522
17932,2014-07-07 07:15:00,0.0,30.67018,30.06867,29.39367,28.09785,27.45253
17933,2014-07-07 07:30:00,0.0,27.72215,30.67018,30.06867,29.39367,28.09785
17934,2014-07-07 07:45:00,0.0,29.98893,27.72215,30.67018,30.06867,29.39367
17935,2014-07-07 08:00:00,0.0,29.4732,29.98893,27.72215,30.67018,30.06867
17936,2014-07-07 08:15:00,0.0,29.99358,29.4732,29.98893,27.72215,30.67018
17937,2014-07-07 08:30:00,0.0,29.90417,29.99358,29.4732,29.98893,27.72215
17938,2014-07-07 08:45:00,0.0,31.32331,29.90417,29.99358,29.4732,29.98893
17939,2014-07-07 09:00:00,0.0,30.36643,31.32331,29.90417,29.99358,29.4732
17940,2014-07-07 09:15:00,0.0,30.93825,30.36643,31.32331,29.90417,29.99358
17941,2014-07-07 09:30:00,0.0,34.31146,30.93825,30.36643,31.32331,29.90417
17942,2014-07-07 09:45:00,0.0,35.25563,34.31146,30.93825,30.36643,31.32331
17943,2014-07-07 10:00:00,0.0,34.54619,35.25563,34.31146,30.93825,30.36643
17944,2014-07-07 10:15:00,0.0,29.46314,34.54619,35.25563,34.31146,30.93825
17945,2014-07-07 10:30:00,0.0,36.6031,29.46314,34.54619,35.25563,34.31146
17946,2014-07-07 10:45:00,0.0,37.63099,36.6031,29.46314,34.54619,35.25563
17947,2014-07-07 11:00:00,0.0,38.87389,37.63099,36.6031,29.46314,34.54619
17948,2014-07-07 11:15:00,0.0,37.03755,38.87389,37.63099,36.6031,29.46314
17949,2014-07-07 11:30:00,0.0,39.49935,37.03755,38.87389,37.63099,36.6031
17950,2014-07-07 11:45:00,0.0,38.38666,39.49935,37.03755,38.87389,37.63099
17951,2014-07-07 12:00:00,0.0,37.69963,38.38666,39.49935,37.03755,38.87389
17952,2014-07-07 12:15:00,0.0,36.4161,37.69963,38.38666,39.49935,37.03755
17953,2014-07-07 12:30:00,0.0,38.73885,36.4161,37.69963,38.38666,39.49935
17954,2014-07-07 12:45:00,0.0,40.29335,38.73885,36.4161,37.69963,38.38666
17955,2014-07-07 13:00:00,0.0,34.52108,40.29335,38.73885,36.4161,37.69963
17956,2014-07-07 13:15:00,0.0,39.89446,34.52108,40.29335,38.73885,36.4161
17957,2014-07-07 13:30:00,0.0,37.19776,39.89446,34.52108,40.29335,38.73885
17958,2014-07-07 13:45:00,0.0,36.2819,37.19776,39.89446,34.52108,40.29335
17959,2014-07-07 14:00:00,0.0,36.02814,36.2819,37.19776,39.89446,34.52108
17960,2014-07-07 14:15:00,0.0,35.54978,36.02814,36.2819,37.19776,39.89446
17961,2014-07-07 14:30:00,0.0,41.50259,35.54978,36.02814,36.2819,37.19776
17962,2014-07-07 14:45:00,0.0,40.52054,41.50259,35.54978,36.02814,36.2819
17963,2014-07-07 15:00:00,0.0,45.27553,40.52054,41.50259,35.54978,36.02814
17964,2014-07-07 15:15:00,0.0,45.24927,45.27553,40.52054,41.50259,35.54978
17965,2014-07-07 15:30:00,0.0,43.93978,45.24927,45.27553,40.52054,41.50259
17966,2014-07-07 15:45:00,0.0,44.07997,43.93978,45.24927,45.27553,40.52054
17967,2014-07-07 16:00:00,0.0,46.36986,44.07997,43.93978,45.24927,45.27553
17968,2014-07-07 16:15:00,0.0,44.11335,46.36986,44.07997,43.93978,45.24927
17969,2014-07-07 16:30:00,0.0,44.93611,44.11335,46.36986,44.07997,43.93978
17970,2014-07-07 16:45:00,0.0,43.23811,44.93611,44.11335,46.36986,44.07997
17971,2014-07-07 17:00:00,0.0,41.23916,43.23811,44.93611,44.11335,46.36986
17972,2014-07-07 17:15:00,0.0,41.86009,41.23916,43.23811,44.93611,44.11335
17973,2014-07-07 17:30:00,0.0,42.01737,41.86009,41.23916,43.23811,44.93611
17974,2014-07-07 17:45:00,0.0,39.65531,42.01737,41.86009,41.23916,43.23811
17975,2014-07-07 18:00:00,0.0,37.26335,39.65531,42.01737,41.86009,41.23916
17976,2014-07-07 18:15:00,0.0,35.2445,37.26335,39.65531,42.01737,41.86009
17977,2014-07-07 18:30:00,0.0,34.78363,35.2445,37.26335,39.65531,42.01737
17978,2014-07-07 18:45:00,0.0,34.23916,34.78363,35.2445,37.26335,39.65531
17979,2014-07-07 19:00:00,0.0,32.3931,34.23916,34.78363,35.2445,37.26335
17980,2014-07-07 19:15:00,0.0,34.34215,32.3931,34.23916,34.78363,35.2445
17981,2014-07-07 19:30:00,0.0,31.78958,34.34215,32.3931,34.23916,34.78363
17982,2014-07-07 19:45:00,0.0,31.76138,31.78958,34.34215,32.3931,34.23916
17983,2014-07-07 20:00:00,0.0,29.01143,31.76138,31.78958,34.34215,32.3931
17984,2014-07-07 20:15:00,0.0,28.04499,29.01143,31.76138,31.78958,34.34215
17985,2014-07-07 20:30:00,0.0,28.84696,28.04499,29.01143,31.76138,31.78958
17986,2014-07-07 20:45:00,0.0,30.01113,28.84696,28.04499,29.01143,31.76138
17987,2014-07-07 21:00:00,0.0,29.2628,30.01113,28.84696,28.04499,29.01143
17988,2014-07-07 21:15:00,0.0,30.48134,29.2628,30.01113,28.84696,28.04499
17989,2014-07-07 21:30:00,0.0,27.74817,30.48134,29.2628,30.01113,28.84696
17990,2014-07-07 21:45:00,0.0,29.74662,27.74817,30.48134,29.2628,30.01113
17991,2014-07-07 22:00:00,0.0,28.87002,29.74662,27.74817,30.48134,29.2628
17992,2014-07-07 22:15:00,0.0,28.3528,28.87002,29.74662,27.74817,30.48134
17993,2014-07-07 22:30:00,0.0,28.55148,28.3528,28.87002,29.74662,27.74817
17994,2014-07-07 22:45:00,0.0,27.74933,28.55148,28.3528,28.87002,29.74662
17995,2014-07-07 23:00:00,0.0,26.81613,27.74933,28.55148,28.3528,28.87002
17996,2014-07-07 23:15:00,0.0,27.16025,26.81613,27.74933,28.55148,28.3528
17997,2014-07-07 23:30:00,0.0,26.304,27.16025,26.81613,27.74933,28.55148
17998,2014-07-07 23:45:00,0.0,26.55584,26.304,27.16025,26.81613,27.74933
17999,2014-07-08 00:00:00,0.0,26.60133,26.55584,26.304,27.16025,26.81613
18000,2014-07-08 00:15:00,0.0,23.70885,26.60133,26.55584,26.304,27.16025
18001,2014-07-08 00:30:00,0.0,26.99621,23.70885,26.60133,26.55584,26.304
18002,2014-07-08 00:45:00,0.0,26.75656,26.99621,23.70885,26.60133,26.55584
18003,2014-07-08 01:00:00,0.0,24.83075,26.75656,26.99621,23.70885,26.60133
18004,2014-07-08 01:15:00,0.0,26.16222,24.83075,26.75656,26.99621,23.70885
18005,2014-07-08 01:30:00,0.0,24.72692,26.16222,24.83075,26.75656,26.99621
18006,2014-07-08 01:45:00,0.0,26.97925,24.72692,26.16222,24.83075,26.75656
18007,2014-07-08 02:00:00,0.0,24.63454,26.97925,24.72692,26.16222,24.83075
18008,2014-07-08 02:15:00,0.0,25.02381,24.63454,26.97925,24.72692,26.16222
18009,2014-07-08 02:30:00,0.0,25.97463,25.02381,24.63454,26.97925,24.72692
18010,2014-07-08 02:45:00,0.0,27.29101,25.97463,25.02381,24.63454,26.97925
18011,2014-07-08 03:00:00,0.0,26.67067,27.29101,25.97463,25.02381,24.63454
18012,2014-07-08 03:15:00,0.0,25.57542,26.67067,27.29101,25.97463,25.02381
18013,2014-07-08 03:30:00,0.0,22.97424,25.57542,26.67067,27.29101,25.97463
18014,2014-07-08 03:45:00,0.0,26.35545,22.97424,25.57542,26.67067,27.29101
18015,2014-07-08 04:00:00,0.0,25.98078,26.35545,22.97424,25.57542,26.67067
18016,2014-07-08 04:15:00,0.0,25.25055,25.98078,26.35545,22.97424,25.57542
18017,2014-07-08 04:30:00,0.0,28.25015,25.25055,25.98078,26.35545,22.97424
18018,2014-07-08 04:45:00,0.0,27.22345,28.25015,25.25055,25.98078,26.35545
18019,2014-07-08 05:00:00,0.0,28.00862,27.22345,28.25015,25.25055,25.98078
18020,2014-07-08 05:15:00,0.0,24.08736,28.00862,27.22345,28.25015,25.25055
18021,2014-07-08 05:30:00,0.0,25.65671,24.08736,28.00862,27.22345,28.25015
18022,2014-07-08 05:45:00,0.0,26.43684,25.65671,24.08736,28.00862,27.22345
18023,2014-07-08 06:00:00,0.0,28.69443,26.43684,25.65671,24.08736,28.00862
18024,2014-07-08 06:15:00,0.0,25.45286,28.69443,26.43684,25.65671,24.08736
18025,2014-07-08 06:30:00,0.0,28.32958,25.45286,28.69443,26.43684,25.65671
18026,2014-07-08 06:45:00,0.0,28.7337,28.32958,25.45286,28.69443,26.43684
18027,2014-07-08 07:00:00,0.0,30.82752,28.7337,28.32958,25.45286,28.69443
18028,2014-07-08 07:15:00,0.0,30.66593,30.82752,28.7337,28.32958,25.45286
18029,2014-07-08 07:30:00,0.0,30.96752,30.66593,30.82752,28.7337,28.32958
18030,2014-07-08 07:45:00,0.0,31.27707,30.96752,30.66593,30.82752,28.7337
18031,2014-07-08 08:00:00,0.0,31.88649,31.27707,30.96752,30.66593,30.82752
18032,2014-07-08 08:15:00,0.0,30.88499,31.88649,31.27707,30.96752,30.66593
18033,2014-07-08 08:30:00,0.0,33.70673,30.88499,31.88649,31.27707,30.96752
18034,2014-07-08 08:45:00,0.0,30.77795,33.70673,30.88499,31.88649,31.27707
18035,2014-07-08 09:00:00,0.0,32.77685,30.77795,33.70673,30.88499,31.88649
18036,2014-07-08 09:15:00,0.0,31.09109,32.77685,30.77795,33.70673,30.88499
18037,2014-07-08 09:30:00,0.0,34.55788,31.09109,32.77685,30.77795,33.70673
18038,2014-07-08 09:45:00,0.0,34.38156,34.55788,31.09109,32.77685,30.77795
18039,2014-07-08 10:00:00,0.0,37.90889,34.38156,34.55788,31.09109,32.77685
18040,2014-07-08 10:15:00,0.0,38.7127,37.90889,34.38156,34.55788,31.09109
18041,2014-07-08 10:30:00,0.0,36.07509,38.7127,37.90889,34.38156,34.55788
18042,2014-07-08 10:45:00,0.0,38.47504,36.07509,38.7127,37.90889,34.38156
18043,2014-07-08 11:00:00,0.0,37.64187,38.47504,36.07509,38.7127,37.90889
18044,2014-07-08 11:15:00,0.0,37.87875,37.64187,38.47504,36.07509,38.7127
18045,2014-07-08 11:30:00,0.0,39.68613,37.87875,37.64187,38.47504,36.07509
18046,2014-07-08 11:45:00,0.0,42.19042,39.68613,37.87875,37.64187,38.47504
18047,2014-07-08 12:00:00,0.0,39.19304,42.19042,39.68613,37.87875,37.64187
18048,2014-07-08 12:15:00,0.0,37.38728,39.19304,42.19042,39.68613,37.87875
18049,2014-07-08 12:30:00,0.0,38.53496,37.38728,39.19304,42.19042,39.68613
18050,2014-07-08 12:45:00,0.0,39.99256,38.53496,37.38728,39.19304,42.19042
18051,2014-07-08 13:00:00,0.0,36.54302,39.99256,38.53496,37.38728,39.19304
18052,2014-07-08 13:15:00,0.0,37.25134,36.54302,39.99256,38.53496,37.38728
18053,2014-07-08 13:30:00,0.0,38.23627,37.25134,36.54302,39.99256,38.53496
18054,2014-07-08 13:45:00,0.0,37.84437,38.23627,37.25134,36.54302,39.99256
18055,2014-07-08 14:00:00,0.0,36.66271,37.84437,38.23627,37.25134,36.54302
18056,2014-07-08 14:15:00,0.0,38.60245,36.66271,37.84437,38.23627,37.25134
18057,2014-07-08 14:30:00,0.0,36.44496,38.60245,36.66271,37.84437,38.23627
18058,2014-07-08 14:45:00,0.0,38.65919,36.44496,38.60245,36.66271,37.84437
18059,2014-07-08 15:00:00,0.0,37.02376,38.65919,36.44496,38.60245,36.66271
18060,2014-07-08 15:15:00,0.0,39.10607,37.02376,38.65919,36.44496,38.60245
18061,2014-07-08 15:30:00,0.0,38.70108,39.10607,37.02376,38.65919,36.44496
18062,2014-07-08 15:45:00,0.0,39.3653,38.70108,39.10607,37.02376,38.65919
18063,2014-07-08 16:00:00,0.0,37.99524,39.3653,38.70108,39.10607,37.02376
18064,2014-07-08 16:15:00,0.0,40.17354,37.99524,39.3653,38.70108,39.10607
18065,2014-07-08 16:30:00,0.0,36.32731,40.17354,37.99524,39.3653,38.70108
18066,2014-07-08 16:45:00,0.0,38.12295,36.32731,40.17354,37.99524,39.3653
18067,2014-07-08 17:00:00,0.0,37.07012,38.12295,36.32731,40.17354,37.99524
18068,2014-07-08 17:15:00,0.0,35.82869,37.07012,38.12295,36.32731,40.17354
18069,2014-07-08 17:30:00,0.0,37.71506,35.82869,37.07012,38.12295,36.32731
18070,2014-07-08 17:45:00,0.0,34.88107,37.71506,35.82869,37.07012,38.12295
18071,2014-07-08 18:00:00,0.0,30.16227,34.88107,37.71506,35.82869,37.07012
18072,2014-07-08 18:15:00,0.0,32.12655,30.16227,34.88107,37.71506,35.82869
18073,2014-07-08 18:30:00,0.0,29.77709,32.12655,30.16227,34.88107,37.71506
18074,2014-07-08 18:45:00,0.0,31.54922,29.77709,32.12655,30.16227,34.88107
18075,2014-07-08 19:00:00,0.0,30.70107,31.54922,29.77709,32.12655,30.16227
18076,2014-07-08 19:15:00,0.0,29.11337,30.70107,31.54922,29.77709,32.12655
18077,2014-07-08 19:30:00,0.0,29.05201,29.11337,30.70107,31.54922,29.77709
18078,2014-07-08 19:45:00,0.0,30.22788,29.05201,29.11337,30.70107,31.54922
18079,2014-07-08 20:00:00,0.0,28.38192,30.22788,29.05201,29.11337,30.70107
18080,2014-07-08 20:15:00,0.0,30.11649,28.38192,30.22788,29.05201,29.11337
18081,2014-07-08 20:30:00,0.0,28.0788,30.11649,28.38192,30.22788,29.05201
18082,2014-07-08 20:45:00,0.0,29.9144,28.0788,30.11649,28.38192,30.22788
18083,2014-07-08 21:00:00,0.0,30.0779,29.9144,28.0788,30.11649,28.38192
18084,2014-07-08 21:15:00,0.0,27.96503,30.0779,29.9144,28.0788,30.11649
18085,2014-07-08 21:30:00,0.0,29.1016,27.96503,30.0779,29.9144,28.0788
18086,2014-07-08 21:45:00,0.0,28.70734,29.1016,27.96503,30.0779,29.9144
18087,2014-07-08 22:00:00,0.0,29.51319,28.70734,29.1016,27.96503,30.0779
18088,2014-07-08 22:15:00,0.0,28.86132,29.51319,28.70734,29.1016,27.96503
18089,2014-07-08 22:30:00,0.0,28.94619,28.86132,29.51319,28.70734,29.1016
18090,2014-07-08 22:45:00,0.0,28.63756,28.94619,28.86132,29.51319,28.70734
18091,2014-07-08 23:00:00,0.0,30.77785,28.63756,28.94619,28.86132,29.51319
18092,2014-07-08 23:15:00,0.0,25.21882,30.77785,28.63756,28.94619,28.86132
18093,2014-07-08 23:30:00,0.0,26.90699,25.21882,30.77785,28.63756,28.94619
18094,2014-07-08 23:45:00,0.0,26.30064,26.90699,25.21882,30.77785,28.63756
18095,2014-07-09 00:00:00,0.0,25.92455,26.30064,26.90699,25.21882,30.77785
18096,2014-07-09 00:15:00,0.0,24.04771,25.92455,26.30064,26.90699,25.21882
18097,2014-07-09 00:30:00,0.0,27.27663,24.04771,25.92455,26.30064,26.90699
18098,2014-07-09 00:45:00,0.0,25.55317,27.27663,24.04771,25.92455,26.30064
18099,2014-07-09 01:00:00,0.0,24.55757,25.55317,27.27663,24.04771,25.92455
18100,2014-07-09 01:15:00,0.0,25.8388,24.55757,25.55317,27.27663,24.04771
18101,2014-07-09 01:30:00,0.0,25.99523,25.8388,24.55757,25.55317,27.27663
18102,2014-07-09 01:45:00,0.0,24.36102,25.99523,25.8388,24.55757,25.55317
18103,2014-07-09 02:00:00,0.0,25.82417,24.36102,25.99523,25.8388,24.55757
18104,2014-07-09 02:15:00,0.0,24.49451,25.82417,24.36102,25.99523,25.8388
18105,2014-07-09 02:30:00,0.0,24.54997,24.49451,25.82417,24.36102,25.99523
18106,2014-07-09 02:45:00,0.0,24.80192,24.54997,24.49451,25.82417,24.36102
18107,2014-07-09 03:00:00,0.0,25.75255,24.80192,24.54997,24.49451,25.82417
18108,2014-07-09 03:15:00,0.0,22.83152,25.75255,24.80192,24.54997,24.49451
18109,2014-07-09 03:30:00,0.0,25.00978,22.83152,25.75255,24.80192,24.54997
18110,2014-07-09 03:45:00,0.0,24.50413,25.00978,22.83152,25.75255,24.80192
18111,2014-07-09 04:00:00,0.0,27.62893,24.50413,25.00978,22.83152,25.75255
18112,2014-07-09 04:15:00,0.0,25.52763,27.62893,24.50413,25.00978,22.83152
18113,2014-07-09 04:30:00,0.0,27.22904,25.52763,27.62893,24.50413,25.00978
18114,2014-07-09 04:45:00,0.0,26.60646,27.22904,25.52763,27.62893,24.50413
18115,2014-07-09 05:00:00,0.0,26.39214,26.60646,27.22904,25.52763,27.62893
18116,2014-07-09 05:15:00,0.0,26.65319,26.39214,26.60646,27.22904,25.52763
18117,2014-07-09 05:30:00,0.0,27.84913,26.65319,26.39214,26.60646,27.22904
18118,2014-07-09 05:45:00,0.0,26.0161,27.84913,26.65319,26.39214,26.60646
18119,2014-07-09 06:00:00,0.0,28.36773,26.0161,27.84913,26.65319,26.39214
18120,2014-07-09 06:15:00,0.0,29.20912,28.36773,26.0161,27.84913,26.65319
18121,2014-07-09 06:30:00,0.0,28.23421,29.20912,28.36773,26.0161,27.84913
18122,2014-07-09 06:45:00,0.0,28.50414,28.23421,29.20912,28.36773,26.0161
18123,2014-07-09 07:00:00,0.0,28.82563,28.50414,28.23421,29.20912,28.36773
18124,2014-07-09 07:15:00,0.0,32.03113,28.82563,28.50414,28.23421,29.20912
18125,2014-07-09 07:30:00,0.0,31.3412,32.03113,28.82563,28.50414,28.23421
18126,2014-07-09 07:45:00,0.0,32.7135,31.3412,32.03113,28.82563,28.50414
18127,2014-07-09 08:00:00,0.0,31.02756,32.7135,31.3412,32.03113,28.82563
18128,2014-07-09 08:15:00,0.0,31.49623,31.02756,32.7135,31.3412,32.03113
18129,2014-07-09 08:30:00,0.0,30.72825,31.49623,31.02756,32.7135,31.3412
18130,2014-07-09 08:45:00,0.0,32.11767,30.72825,31.49623,31.02756,32.7135
18131,2014-07-09 09:00:00,0.0,30.13265,32.11767,30.72825,31.49623,31.02756
18132,2014-07-09 09:15:00,0.0,33.79738,30.13265,32.11767,30.72825,31.49623
18133,2014-07-09 09:30:00,0.0,31.1345,33.79738,30.13265,32.11767,30.72825
18134,2014-07-09 09:45:00,0.0,36.30728,31.1345,33.79738,30.13265,32.11767
18135,2014-07-09 10:00:00,0.0,34.34109,36.30728,31.1345,33.79738,30.13265
18136,2014-07-09 10:15:00,0.0,34.3476,34.34109,36.30728,31.1345,33.79738
18137,2014-07-09 10:30:00,0.0,31.28558,34.3476,34.34109,36.30728,31.1345
18138,2014-07-09 10:45:00,0.0,34.76655,31.28558,34.3476,34.34109,36.30728
18139,2014-07-09 11:00:00,0.0,34.73024,34.76655,31.28558,34.3476,34.34109
18140,2014-07-09 11:15:00,0.0,35.77766,34.73024,34.76655,31.28558,34.3476
18141,2014-07-09 11:30:00,0.0,33.6828,35.77766,34.73024,34.76655,31.28558
18142,2014-07-09 11:45:00,0.0,34.53677,33.6828,35.77766,34.73024,34.76655
18143,2014-07-09 12:00:00,0.0,34.04942,34.53677,33.6828,35.77766,34.73024
18144,2014-07-09 12:15:00,0.0,33.06043,34.04942,34.53677,33.6828,35.77766
18145,2014-07-09 12:30:00,0.0,34.20762,33.06043,34.04942,34.53677,33.6828
18146,2014-07-09 12:45:00,0.0,37.297,34.20762,33.06043,34.04942,34.53677
18147,2014-07-09 13:00:00,0.0,36.59157,37.297,34.20762,33.06043,34.04942
18148,2014-07-09 13:15:00,0.0,38.70636,36.59157,37.297,34.20762,33.06043
18149,2014-07-09 13:30:00,0.0,36.09878,38.70636,36.59157,37.297,34.20762
18150,2014-07-09 13:45:00,0.0,39.72482,36.09878,38.70636,36.59157,37.297
18151,2014-07-09 14:00:00,0.0,38.25051,39.72482,36.09878,38.70636,36.59157
18152,2014-07-09 14:15:00,0.0,35.48333,38.25051,39.72482,36.09878,38.70636
18153,2014-07-09 14:30:00,0.0,38.7485,35.48333,38.25051,39.72482,36.09878
18154,2014-07-09 14:45:00,0.0,38.36373,38.7485,35.48333,38.25051,39.72482
18155,2014-07-09 15:00:00,0.0,39.32144,38.36373,38.7485,35.48333,38.25051
18156,2014-07-09 15:15:00,0.0,37.17019,39.32144,38.36373,38.7485,35.48333
18157,2014-07-09 15:30:00,0.0,37.58177,37.17019,39.32144,38.36373,38.7485
18158,2014-07-09 15:45:00,0.0,38.15727,37.58177,37.17019,39.32144,38.36373
18159,2014-07-09 16:00:00,0.0,37.46814,38.15727,37.58177,37.17019,39.32144
18160,2014-07-09 16:15:00,0.0,34.23425,37.46814,38.15727,37.58177,37.17019
18161,2014-07-09 16:30:00,0.0,34.31728,34.23425,37.46814,38.15727,37.58177
18162,2014-07-09 16:45:00,0.0,37.21992,34.31728,34.23425,37.46814,38.15727
18163,2014-07-09 17:00:00,0.0,33.27952,37.21992,34.31728,34.23425,37.46814
18164,2014-07-09 17:15:00,0.0,35.56778,33.27952,37.21992,34.31728,34.23425
18165,2014-07-09 17:30:00,0.0,33.38014,35.56778,33.27952,37.21992,34.31728
18166,2014-07-09 17:45:00,0.0,34.21314,33.38014,35.56778,33.27952,37.21992
18167,2014-07-09 18:00:00,0.0,32.17306,34.21314,33.38014,35.56778,33.27952
18168,2014-07-09 18:15:00,0.0,31.84797,32.17306,34.21314,33.38014,35.56778
18169,2014-07-09 18:30:00,0.0,30.48494,31.84797,32.17306,34.21314,33.38014
18170,2014-07-09 18:45:00,0.0,32.32557,30.48494,31.84797,32.17306,34.21314
18171,2014-07-09 19:00:00,0.0,31.10636,32.32557,30.48494,31.84797,32.17306
18172,2014-07-09 19:15:00,0.0,30.19406,31.10636,32.32557,30.48494,31.84797
18173,2014-07-09 19:30:00,0.0,30.1538,30.19406,31.10636,32.32557,30.48494
18174,2014-07-09 19:45:00,0.0,29.3847,30.1538,30.19406,31.10636,32.32557
18175,2014-07-09 20:00:00,0.0,29.11906,29.3847,30.1538,30.19406,31.10636
18176,2014-07-09 20:15:00,0.0,29.66867,29.11906,29.3847,30.1538,30.19406
18177,2014-07-09 20:30:00,0.0,30.37361,29.66867,29.11906,29.3847,30.1538
18178,2014-07-09 20:45:00,0.0,31.4119,30.37361,29.66867,29.11906,29.3847
18179,2014-07-09 21:00:00,0.0,29.51259,31.4119,30.37361,29.66867,29.11906
18180,2014-07-09 21:15:00,0.0,28.51348,29.51259,31.4119,30.37361,29.66867
18181,2014-07-09 21:30:00,0.0,28.1415,28.51348,29.51259,31.4119,30.37361
18182,2014-07-09 21:45:00,0.0,27.40516,28.1415,28.51348,29.51259,31.4119
18183,2014-07-09 22:00:00,0.0,29.83722,27.40516,28.1415,28.51348,29.51259
18184,2014-07-09 22:15:00,0.0,28.81648,29.83722,27.40516,28.1415,28.51348
18185,2014-07-09 22:30:00,0.0,29.42126,28.81648,29.83722,27.40516,28.1415
18186,2014-07-09 22:45:00,0.0,28.99478,29.42126,28.81648,29.83722,27.40516
18187,2014-07-09 23:00:00,0.0,28.99538,28.99478,29.42126,28.81648,29.83722
18188,2014-07-09 23:15:00,0.0,24.03942,28.99538,28.99478,29.42126,28.81648
18189,2014-07-09 23:30:00,0.0,26.78816,24.03942,28.99538,28.99478,29.42126
18190,2014-07-09 23:45:00,0.0,27.46172,26.78816,24.03942,28.99538,28.99478
18191,2014-07-10 00:00:00,0.0,27.13964,27.46172,26.78816,24.03942,28.99538
18192,2014-07-10 00:15:00,0.0,28.76997,27.13964,27.46172,26.78816,24.03942
18193,2014-07-10 00:30:00,0.0,26.49656,28.76997,27.13964,27.46172,26.78816
18194,2014-07-10 00:45:00,0.0,27.01474,26.49656,28.76997,27.13964,27.46172
18195,2014-07-10 01:00:00,0.0,25.65237,27.01474,26.49656,28.76997,27.13964
18196,2014-07-10 01:15:00,0.0,25.12528,25.65237,27.01474,26.49656,28.76997
18197,2014-07-10 01:30:00,0.0,25.48948,25.12528,25.65237,27.01474,26.49656
18198,2014-07-10 01:45:00,0.0,25.63764,25.48948,25.12528,25.65237,27.01474
18199,2014-07-10 02:00:00,0.0,26.04554,25.63764,25.48948,25.12528,25.65237
18200,2014-07-10 02:15:00,0.0,25.90719,26.04554,25.63764,25.48948,25.12528
18201,2014-07-10 02:30:00,0.0,25.50312,25.90719,26.04554,25.63764,25.48948
18202,2014-07-10 02:45:00,0.0,26.19835,25.50312,25.90719,26.04554,25.63764
18203,2014-07-10 03:00:00,0.0,24.29492,26.19835,25.50312,25.90719,26.04554
18204,2014-07-10 03:15:00,0.0,24.14613,24.29492,26.19835,25.50312,25.90719
18205,2014-07-10 03:30:00,0.0,26.28527,24.14613,24.29492,26.19835,25.50312
18206,2014-07-10 03:45:00,0.0,27.93207,26.28527,24.14613,24.29492,26.19835
18207,2014-07-10 04:00:00,0.0,24.63256,27.93207,26.28527,24.14613,24.29492
18208,2014-07-10 04:15:00,0.0,25.76282,24.63256,27.93207,26.28527,24.14613
18209,2014-07-10 04:30:00,0.0,25.74898,25.76282,24.63256,27.93207,26.28527
18210,2014-07-10 04:45:00,0.0,26.47659,25.74898,25.76282,24.63256,27.93207
18211,2014-07-10 05:00:00,0.0,24.12449,26.47659,25.74898,25.76282,24.63256
18212,2014-07-10 05:15:00,0.0,25.16699,24.12449,26.47659,25.74898,25.76282
18213,2014-07-10 05:30:00,0.0,27.27064,25.16699,24.12449,26.47659,25.74898
18214,2014-07-10 05:45:00,0.0,28.64501,27.27064,25.16699,24.12449,26.47659
18215,2014-07-10 06:00:00,0.0,25.59364,28.64501,27.27064,25.16699,24.12449
18216,2014-07-10 06:15:00,0.0,28.44439,25.59364,28.64501,27.27064,25.16699
18217,2014-07-10 06:30:00,0.0,29.60424,28.44439,25.59364,28.64501,27.27064
18218,2014-07-10 06:45:00,0.0,28.80142,29.60424,28.44439,25.59364,28.64501
18219,2014-07-10 07:00:00,0.0,26.96063,28.80142,29.60424,28.44439,25.59364
18220,2014-07-10 07:15:00,0.0,31.82382,26.96063,28.80142,29.60424,28.44439
18221,2014-07-10 07:30:00,0.0,29.17689,31.82382,26.96063,28.80142,29.60424
18222,2014-07-10 07:45:00,0.0,30.9219,29.17689,31.82382,26.96063,28.80142
18223,2014-07-10 08:00:00,0.0,30.13476,30.9219,29.17689,31.82382,26.96063
18224,2014-07-10 08:15:00,0.0,30.75858,30.13476,30.9219,29.17689,31.82382
18225,2014-07-10 08:30:00,0.0,32.18174,30.75858,30.13476,30.9219,29.17689
18226,2014-07-10 08:45:00,0.0,32.58284,32.18174,30.75858,30.13476,30.9219
18227,2014-07-10 09:00:00,0.0,33.74444,32.58284,32.18174,30.75858,30.13476
18228,2014-07-10 09:15:00,0.0,31.22728,33.74444,32.58284,32.18174,30.75858
18229,2014-07-10 09:30:00,0.0,32.22323,31.22728,33.74444,32.58284,32.18174
18230,2014-07-10 09:45:00,0.0,33.61303,32.22323,31.22728,33.74444,32.58284
18231,2014-07-10 10:00:00,0.0,32.45413,33.61303,32.22323,31.22728,33.74444
18232,2014-07-10 10:15:00,0.0,34.16976,32.45413,33.61303,32.22323,31.22728
18233,2014-07-10 10:30:00,0.0,31.99288,34.16976,32.45413,33.61303,32.22323
18234,2014-07-10 10:45:00,0.0,34.84582,31.99288,34.16976,32.45413,33.61303
18235,2014-07-10 11:00:00,0.0,37.09558,34.84582,31.99288,34.16976,32.45413
18236,2014-07-10 11:15:00,0.0,35.87316,37.09558,34.84582,31.99288,34.16976
18237,2014-07-10 11:30:00,0.0,34.91189,35.87316,37.09558,34.84582,31.99288
18238,2014-07-10 11:45:00,0.0,38.0237,34.91189,35.87316,37.09558,34.84582
18239,2014-07-10 12:00:00,0.0,40.37382,38.0237,34.91189,35.87316,37.09558
18240,2014-07-10 12:15:00,0.0,37.87998,40.37382,38.0237,34.91189,35.87316
18241,2014-07-10 12:30:00,0.0,38.17028,37.87998,40.37382,38.0237,34.91189
18242,2014-07-10 12:45:00,0.0,37.02233,38.17028,37.87998,40.37382,38.0237
18243,2014-07-10 13:00:00,0.0,37.78707,37.02233,38.17028,37.87998,40.37382
18244,2014-07-10 13:15:00,0.0,36.75939,37.78707,37.02233,38.17028,37.87998
18245,2014-07-10 13:30:00,0.0,37.86261,36.75939,37.78707,37.02233,38.17028
18246,2014-07-10 13:45:00,0.0,38.57012,37.86261,36.75939,37.78707,37.02233
18247,2014-07-10 14:00:00,0.0,34.3773,38.57012,37.86261,36.75939,37.78707
18248,2014-07-10 14:15:00,0.0,34.73545,34.3773,38.57012,37.86261,36.75939
18249,2014-07-10 14:30:00,0.0,37.76871,34.73545,34.3773,38.57012,37.86261
18250,2014-07-10 14:45:00,0.0,40.0436,37.76871,34.73545,34.3773,38.57012
18251,2014-07-10 15:00:00,0.0,39.27044,40.0436,37.76871,34.73545,34.3773
18252,2014-07-10 15:15:00,0.0,38.92648,39.27044,40.0436,37.76871,34.73545
18253,2014-07-10 15:30:00,0.0,35.46256,38.92648,39.27044,40.0436,37.76871
18254,2014-07-10 15:45:00,0.0,40.10739,35.46256,38.92648,39.27044,40.0436
18255,2014-07-10 16:00:00,0.0,39.07675,40.10739,35.46256,38.92648,39.27044
18256,2014-07-10 16:15:00,0.0,39.89439,39.07675,40.10739,35.46256,38.92648
18257,2014-07-10 16:30:00,0.0,35.71682,39.89439,39.07675,40.10739,35.46256
18258,2014-07-10 16:45:00,0.0,35.45746,35.71682,39.89439,39.07675,40.10739
18259,2014-07-10 17:00:00,0.0,36.12926,35.45746,35.71682,39.89439,39.07675
18260,2014-07-10 17:15:00,0.0,33.55689,36.12926,35.45746,35.71682,39.89439
18261,2014-07-10 17:30:00,0.0,36.65785,33.55689,36.12926,35.45746,35.71682
18262,2014-07-10 17:45:00,0.0,32.88605,36.65785,33.55689,36.12926,35.45746
18263,2014-07-10 18:00:00,0.0,35.49278,32.88605,36.65785,33.55689,36.12926
18264,2014-07-10 18:15:00,0.0,33.34952,35.49278,32.88605,36.65785,33.55689
18265,2014-07-10 18:30:00,0.0,33.23772,33.34952,35.49278,32.88605,36.65785
18266,2014-07-10 18:45:00,0.0,30.8356,33.23772,33.34952,35.49278,32.88605
18267,2014-07-10 19:00:00,0.0,30.77371,30.8356,33.23772,33.34952,35.49278
18268,2014-07-10 19:15:00,0.0,29.92565,30.77371,30.8356,33.23772,33.34952
18269,2014-07-10 19:30:00,0.0,30.22659,29.92565,30.77371,30.8356,33.23772
18270,2014-07-10 19:45:00,0.0,30.87636,30.22659,29.92565,30.77371,30.8356
18271,2014-07-10 20:00:00,0.0,28.57003,30.87636,30.22659,29.92565,30.77371
18272,2014-07-10 20:15:00,0.0,28.05905,28.57003,30.87636,30.22659,29.92565
18273,2014-07-10 20:30:00,0.0,28.69394,28.05905,28.57003,30.87636,30.22659
18274,2014-07-10 20:45:00,0.0,29.90314,28.69394,28.05905,28.57003,30.87636
18275,2014-07-10 21:00:00,0.0,28.85721,29.90314,28.69394,28.05905,28.57003
18276,2014-07-10 21:15:00,0.0,29.37667,28.85721,29.90314,28.69394,28.05905
18277,2014-07-10 21:30:00,0.0,27.62151,29.37667,28.85721,29.90314,28.69394
18278,2014-07-10 21:45:00,0.0,28.01568,27.62151,29.37667,28.85721,29.90314
18279,2014-07-10 22:00:00,0.0,30.15447,28.01568,27.62151,29.37667,28.85721
18280,2014-07-10 22:15:00,0.0,30.08542,30.15447,28.01568,27.62151,29.37667
18281,2014-07-10 22:30:00,0.0,28.35737,30.08542,30.15447,28.01568,27.62151
18282,2014-07-10 22:45:00,0.0,27.39869,28.35737,30.08542,30.15447,28.01568
18283,2014-07-10 23:00:00,0.0,30.04618,27.39869,28.35737,30.08542,30.15447
18284,2014-07-10 23:15:00,0.0,25.4371,30.04618,27.39869,28.35737,30.08542
18285,2014-07-10 23:30:00,0.0,26.791,25.4371,30.04618,27.39869,28.35737
18286,2014-07-10 23:45:00,0.0,26.34543,26.791,25.4371,30.04618,27.39869
18287,2014-07-11 00:00:00,0.0,27.7205,26.34543,26.791,25.4371,30.04618
18288,2014-07-11 00:15:00,0.0,25.97349,27.7205,26.34543,26.791,25.4371
18289,2014-07-11 00:30:00,0.0,26.1482,25.97349,27.7205,26.34543,26.791
18290,2014-07-11 00:45:00,0.0,24.07027,26.1482,25.97349,27.7205,26.34543
18291,2014-07-11 01:00:00,0.0,27.16646,24.07027,26.1482,25.97349,27.7205
18292,2014-07-11 01:15:00,0.0,25.22188,27.16646,24.07027,26.1482,25.97349
18293,2014-07-11 01:30:00,0.0,26.62775,25.22188,27.16646,24.07027,26.1482
18294,2014-07-11 01:45:00,0.0,26.78416,26.62775,25.22188,27.16646,24.07027
18295,2014-07-11 02:00:00,0.0,27.21571,26.78416,26.62775,25.22188,27.16646
18296,2014-07-11 02:15:00,0.0,25.30246,27.21571,26.78416,26.62775,25.22188
18297,2014-07-11 02:30:00,0.0,26.46439,25.30246,27.21571,26.78416,26.62775
18298,2014-07-11 02:45:00,0.0,24.97709,26.46439,25.30246,27.21571,26.78416
18299,2014-07-11 03:00:00,0.0,23.81613,24.97709,26.46439,25.30246,27.21571
18300,2014-07-11 03:15:00,0.0,26.24163,23.81613,24.97709,26.46439,25.30246
18301,2014-07-11 03:30:00,0.0,27.21826,26.24163,23.81613,24.97709,26.46439
18302,2014-07-11 03:45:00,0.0,25.6848,27.21826,26.24163,23.81613,24.97709
18303,2014-07-11 04:00:00,0.0,24.69373,25.6848,27.21826,26.24163,23.81613
18304,2014-07-11 04:15:00,0.0,26.6029,24.69373,25.6848,27.21826,26.24163
18305,2014-07-11 04:30:00,0.0,26.52913,26.6029,24.69373,25.6848,27.21826
18306,2014-07-11 04:45:00,0.0,26.81374,26.52913,26.6029,24.69373,25.6848
18307,2014-07-11 05:00:00,0.0,27.42957,26.81374,26.52913,26.6029,24.69373
18308,2014-07-11 05:15:00,0.0,27.40444,27.42957,26.81374,26.52913,26.6029
18309,2014-07-11 05:30:00,0.0,26.22448,27.40444,27.42957,26.81374,26.52913
18310,2014-07-11 05:45:00,0.0,27.14712,26.22448,27.40444,27.42957,26.81374
18311,2014-07-11 06:00:00,0.0,27.70646,27.14712,26.22448,27.40444,27.42957
18312,2014-07-11 06:15:00,0.0,29.13083,27.70646,27.14712,26.22448,27.40444
18313,2014-07-11 06:30:00,0.0,29.91309,29.13083,27.70646,27.14712,26.22448
18314,2014-07-11 06:45:00,0.0,29.599,29.91309,29.13083,27.70646,27.14712
18315,2014-07-11 07:00:00,0.0,31.03732,29.599,29.91309,29.13083,27.70646
18316,2014-07-11 07:15:00,0.0,30.09703,31.03732,29.599,29.91309,29.13083
18317,2014-07-11 07:30:00,0.0,31.36806,30.09703,31.03732,29.599,29.91309
18318,2014-07-11 07:45:00,0.0,29.36246,31.36806,30.09703,31.03732,29.599
18319,2014-07-11 08:00:00,0.0,32.01004,29.36246,31.36806,30.09703,31.03732
18320,2014-07-11 08:15:00,0.0,32.6787,32.01004,29.36246,31.36806,30.09703
18321,2014-07-11 08:30:00,0.0,29.99291,32.6787,32.01004,29.36246,31.36806
18322,2014-07-11 08:45:00,0.0,34.75982,29.99291,32.6787,32.01004,29.36246
18323,2014-07-11 09:00:00,0.0,34.10663,34.75982,29.99291,32.6787,32.01004
18324,2014-07-11 09:15:00,0.0,31.91996,34.10663,34.75982,29.99291,32.6787
18325,2014-07-11 09:30:00,0.0,33.27126,31.91996,34.10663,34.75982,29.99291
18326,2014-07-11 09:45:00,0.0,34.09023,33.27126,31.91996,34.10663,34.75982
18327,2014-07-11 10:00:00,0.0,33.73893,34.09023,33.27126,31.91996,34.10663
18328,2014-07-11 10:15:00,0.0,33.00819,33.73893,34.09023,33.27126,31.91996
18329,2014-07-11 10:30:00,0.0,35.35766,33.00819,33.73893,34.09023,33.27126
18330,2014-07-11 10:45:00,0.0,33.7505,35.35766,33.00819,33.73893,34.09023
18331,2014-07-11 11:00:00,0.0,34.56118,33.7505,35.35766,33.00819,33.73893
18332,2014-07-11 11:15:00,0.0,34.89556,34.56118,33.7505,35.35766,33.00819
18333,2014-07-11 11:30:00,0.0,34.30761,34.89556,34.56118,33.7505,35.35766
18334,2014-07-11 11:45:00,0.0,32.73,34.30761,34.89556,34.56118,33.7505
18335,2014-07-11 12:00:00,0.0,37.23137,32.73,34.30761,34.89556,34.56118
18336,2014-07-11 12:15:00,0.0,36.78121,37.23137,32.73,34.30761,34.89556
18337,2014-07-11 12:30:00,0.0,36.673,36.78121,37.23137,32.73,34.30761
18338,2014-07-11 12:45:00,0.0,35.40788,36.673,36.78121,37.23137,32.73
18339,2014-07-11 13:00:00,0.0,37.71484,35.40788,36.673,36.78121,37.23137
18340,2014-07-11 13:15:00,0.0,37.1174,37.71484,35.40788,36.673,36.78121
18341,2014-07-11 13:30:00,0.0,36.78499,37.1174,37.71484,35.40788,36.673
18342,2014-07-11 13:45:00,0.0,36.29308,36.78499,37.1174,37.71484,35.40788
18343,2014-07-11 14:00:00,0.0,39.6797,36.29308,36.78499,37.1174,37.71484
18344,2014-07-11 14:15:00,0.0,37.34472,39.6797,36.29308,36.78499,37.1174
18345,2014-07-11 14:30:00,0.0,38.3445,37.34472,39.6797,36.29308,36.78499
18346,2014-07-11 14:45:00,0.0,40.75605,38.3445,37.34472,39.6797,36.29308
18347,2014-07-11 15:00:00,0.0,37.86061,40.75605,38.3445,37.34472,39.6797
18348,2014-07-11 15:15:00,0.0,40.21715,37.86061,40.75605,38.3445,37.34472
18349,2014-07-11 15:30:00,0.0,35.45959,40.21715,37.86061,40.75605,38.3445
18350,2014-07-11 15:45:00,0.0,36.08622,35.45959,40.21715,37.86061,40.75605
18351,2014-07-11 16:00:00,0.0,36.22284,36.08622,35.45959,40.21715,37.86061
18352,2014-07-11 16:15:00,0.0,37.56009,36.22284,36.08622,35.45959,40.21715
18353,2014-07-11 16:30:00,0.0,35.06521,37.56009,36.22284,36.08622,35.45959
18354,2014-07-11 16:45:00,0.0,37.07129,35.06521,37.56009,36.22284,36.08622
18355,2014-07-11 17:00:00,0.0,38.02209,37.07129,35.06521,37.56009,36.22284
18356,2014-07-11 17:15:00,0.0,36.96679,38.02209,37.07129,35.06521,37.56009
18357,2014-07-11 17:30:00,0.0,35.47479,36.96679,38.02209,37.07129,35.06521
18358,2014-07-11 17:45:00,0.0,36.64134,35.47479,36.96679,38.02209,37.07129
18359,2014-07-11 18:00:00,0.0,35.5334,36.64134,35.47479,36.96679,38.02209
18360,2014-07-11 18:15:00,0.0,31.20033,35.5334,36.64134,35.47479,36.96679
18361,2014-07-11 18:30:00,0.0,30.89598,31.20033,35.5334,36.64134,35.47479
18362,2014-07-11 18:45:00,0.0,32.58753,30.89598,31.20033,35.5334,36.64134
18363,2014-07-11 19:00:00,0.0,30.94414,32.58753,30.89598,31.20033,35.5334
18364,2014-07-11 19:15:00,0.0,27.43783,30.94414,32.58753,30.89598,31.20033
18365,2014-07-11 19:30:00,0.0,27.41095,27.43783,30.94414,32.58753,30.89598
18366,2014-07-11 19:45:00,0.0,27.90593,27.41095,27.43783,30.94414,32.58753
18367,2014-07-11 20:00:00,0.0,28.26115,27.90593,27.41095,27.43783,30.94414
18368,2014-07-11 20:15:00,0.0,27.35995,28.26115,27.90593,27.41095,27.43783
18369,2014-07-11 20:30:00,0.0,27.70217,27.35995,28.26115,27.90593,27.41095
18370,2014-07-11 20:45:00,0.0,29.39261,27.70217,27.35995,28.26115,27.90593
18371,2014-07-11 21:00:00,0.0,29.46729,29.39261,27.70217,27.35995,28.26115
18372,2014-07-11 21:15:00,0.0,26.21693,29.46729,29.39261,27.70217,27.35995
18373,2014-07-11 21:30:00,0.0,27.39881,26.21693,29.46729,29.39261,27.70217
18374,2014-07-11 21:45:00,0.0,28.51049,27.39881,26.21693,29.46729,29.39261
18375,2014-07-11 22:00:00,0.0,24.90356,28.51049,27.39881,26.21693,29.46729
18376,2014-07-11 22:15:00,0.0,25.8566,24.90356,28.51049,27.39881,26.21693
18377,2014-07-11 22:30:00,0.0,28.49241,25.8566,24.90356,28.51049,27.39881
18378,2014-07-11 22:45:00,0.0,29.54694,28.49241,25.8566,24.90356,28.51049
18379,2014-07-11 23:00:00,0.0,27.63365,29.54694,28.49241,25.8566,24.90356
18380,2014-07-11 23:15:00,0.0,26.64695,27.63365,29.54694,28.49241,25.8566
18381,2014-07-11 23:30:00,0.0,24.68267,26.64695,27.63365,29.54694,28.49241
18382,2014-07-11 23:45:00,0.0,24.3529,24.68267,26.64695,27.63365,29.54694
18383,2014-07-12 00:00:00,0.0,25.2052,24.3529,24.68267,26.64695,27.63365
18384,2014-07-12 00:15:00,0.0,25.93688,25.2052,24.3529,24.68267,26.64695
18385,2014-07-12 00:30:00,0.0,24.80311,25.93688,25.2052,24.3529,24.68267
18386,2014-07-12 00:45:00,0.0,26.07768,24.80311,25.93688,25.2052,24.3529
18387,2014-07-12 01:00:00,0.0,25.11985,26.07768,24.80311,25.93688,25.2052
18388,2014-07-12 01:15:00,0.0,25.74284,25.11985,26.07768,24.80311,25.93688
18389,2014-07-12 01:30:00,0.0,24.50108,25.74284,25.11985,26.07768,24.80311
18390,2014-07-12 01:45:00,0.0,24.24744,24.50108,25.74284,25.11985,26.07768
18391,2014-07-12 02:00:00,0.0,26.42967,24.24744,24.50108,25.74284,25.11985
18392,2014-07-12 02:15:00,0.0,25.78833,26.42967,24.24744,24.50108,25.74284
18393,2014-07-12 02:30:00,0.0,27.06165,25.78833,26.42967,24.24744,24.50108
18394,2014-07-12 02:45:00,0.0,24.78179,27.06165,25.78833,26.42967,24.24744
18395,2014-07-12 03:00:00,0.0,25.30326,24.78179,27.06165,25.78833,26.42967
18396,2014-07-12 03:15:00,0.0,25.14091,25.30326,24.78179,27.06165,25.78833
18397,2014-07-12 03:30:00,0.0,25.47114,25.14091,25.30326,24.78179,27.06165
18398,2014-07-12 03:45:00,0.0,26.65373,25.47114,25.14091,25.30326,24.78179
18399,2014-07-12 04:00:00,0.0,27.21781,26.65373,25.47114,25.14091,25.30326
18400,2014-07-12 04:15:00,0.0,25.00677,27.21781,26.65373,25.47114,25.14091
18401,2014-07-12 04:30:00,0.0,24.51253,25.00677,27.21781,26.65373,25.47114
18402,2014-07-12 04:45:00,0.0,25.62133,24.51253,25.00677,27.21781,26.65373
18403,2014-07-12 05:00:00,0.0,25.11661,25.62133,24.51253,25.00677,27.21781
18404,2014-07-12 05:15:00,0.0,24.86507,25.11661,25.62133,24.51253,25.00677
18405,2014-07-12 05:30:00,0.0,25.57925,24.86507,25.11661,25.62133,24.51253
18406,2014-07-12 05:45:00,0.0,27.39395,25.57925,24.86507,25.11661,25.62133
18407,2014-07-12 06:00:00,0.0,27.40117,27.39395,25.57925,24.86507,25.11661
18408,2014-07-12 06:15:00,0.0,22.24843,27.40117,27.39395,25.57925,24.86507
18409,2014-07-12 06:30:00,0.0,23.98605,22.24843,27.40117,27.39395,25.57925
18410,2014-07-12 06:45:00,0.0,24.78273,23.98605,22.24843,27.40117,27.39395
18411,2014-07-12 07:00:00,0.0,25.59814,24.78273,23.98605,22.24843,27.40117
18412,2014-07-12 07:15:00,0.0,26.62145,25.59814,24.78273,23.98605,22.24843
18413,2014-07-12 07:30:00,0.0,27.33379,26.62145,25.59814,24.78273,23.98605
18414,2014-07-12 07:45:00,0.0,27.91845,27.33379,26.62145,25.59814,24.78273
18415,2014-07-12 08:00:00,0.0,25.97485,27.91845,27.33379,26.62145,25.59814
18416,2014-07-12 08:15:00,0.0,25.55035,25.97485,27.91845,27.33379,26.62145
18417,2014-07-12 08:30:00,0.0,25.82343,25.55035,25.97485,27.91845,27.33379
18418,2014-07-12 08:45:00,0.0,27.505,25.82343,25.55035,25.97485,27.91845
18419,2014-07-12 09:00:00,0.0,25.35071,27.505,25.82343,25.55035,25.97485
18420,2014-07-12 09:15:00,0.0,26.40706,25.35071,27.505,25.82343,25.55035
18421,2014-07-12 09:30:00,0.0,25.82585,26.40706,25.35071,27.505,25.82343
18422,2014-07-12 09:45:00,0.0,27.34585,25.82585,26.40706,25.35071,27.505
18423,2014-07-12 10:00:00,0.0,26.03903,27.34585,25.82585,26.40706,25.35071
18424,2014-07-12 10:15:00,0.0,24.12915,26.03903,27.34585,25.82585,26.40706
18425,2014-07-12 10:30:00,0.0,26.19962,24.12915,26.03903,27.34585,25.82585
18426,2014-07-12 10:45:00,0.0,27.91514,26.19962,24.12915,26.03903,27.34585
18427,2014-07-12 11:00:00,0.0,28.13646,27.91514,26.19962,24.12915,26.03903
18428,2014-07-12 11:15:00,0.0,28.31844,28.13646,27.91514,26.19962,24.12915
18429,2014-07-12 11:30:00,0.0,28.80244,28.31844,28.13646,27.91514,26.19962
18430,2014-07-12 11:45:00,0.0,25.18678,28.80244,28.31844,28.13646,27.91514
18431,2014-07-12 12:00:00,0.0,26.74475,25.18678,28.80244,28.31844,28.13646
18432,2014-07-12 12:15:00,0.0,26.45178,26.74475,25.18678,28.80244,28.31844
18433,2014-07-12 12:30:00,0.0,27.23539,26.45178,26.74475,25.18678,28.80244
18434,2014-07-12 12:45:00,0.0,28.66336,27.23539,26.45178,26.74475,25.18678
18435,2014-07-12 13:00:00,0.0,27.9092,28.66336,27.23539,26.45178,26.74475
18436,2014-07-12 13:15:00,0.0,29.27311,27.9092,28.66336,27.23539,26.45178
18437,2014-07-12 13:30:00,0.0,28.77487,29.27311,27.9092,28.66336,27.23539
18438,2014-07-12 13:45:00,0.0,29.37806,28.77487,29.27311,27.9092,28.66336
18439,2014-07-12 14:00:00,0.0,31.25847,29.37806,28.77487,29.27311,27.9092
18440,2014-07-12 14:15:00,0.0,28.18935,31.25847,29.37806,28.77487,29.27311
18441,2014-07-12 14:30:00,0.0,28.36142,28.18935,31.25847,29.37806,28.77487
18442,2014-07-12 14:45:00,0.0,28.80576,28.36142,28.18935,31.25847,29.37806
18443,2014-07-12 15:00:00,0.0,28.66571,28.80576,28.36142,28.18935,31.25847
18444,2014-07-12 15:15:00,0.0,28.88398,28.66571,28.80576,28.36142,28.18935
18445,2014-07-12 15:30:00,0.0,31.74831,28.88398,28.66571,28.80576,28.36142
18446,2014-07-12 15:45:00,0.0,28.14504,31.74831,28.88398,28.66571,28.80576
18447,2014-07-12 16:00:00,0.0,28.42252,28.14504,31.74831,28.88398,28.66571
18448,2014-07-12 16:15:00,0.0,29.81875,28.42252,28.14504,31.74831,28.88398
18449,2014-07-12 16:30:00,0.0,30.33108,29.81875,28.42252,28.14504,31.74831
18450,2014-07-12 16:45:00,0.0,28.29033,30.33108,29.81875,28.42252,28.14504
18451,2014-07-12 17:00:00,0.0,30.74437,28.29033,30.33108,29.81875,28.42252
18452,2014-07-12 17:15:00,0.0,29.68463,30.74437,28.29033,30.33108,29.81875
18453,2014-07-12 17:30:00,0.0,26.9357,29.68463,30.74437,28.29033,30.33108
18454,2014-07-12 17:45:00,0.0,28.6985,26.9357,29.68463,30.74437,28.29033
18455,2014-07-12 18:00:00,0.0,24.9018,28.6985,26.9357,29.68463,30.74437
18456,2014-07-12 18:15:00,0.0,27.9467,24.9018,28.6985,26.9357,29.68463
18457,2014-07-12 18:30:00,0.0,25.50927,27.9467,24.9018,28.6985,26.9357
18458,2014-07-12 18:45:00,0.0,27.43924,25.50927,27.9467,24.9018,28.6985
18459,2014-07-12 19:00:00,0.0,27.1465,27.43924,25.50927,27.9467,24.9018
18460,2014-07-12 19:15:00,0.0,28.1062,27.1465,27.43924,25.50927,27.9467
18461,2014-07-12 19:30:00,0.0,24.87074,28.1062,27.1465,27.43924,25.50927
18462,2014-07-12 19:45:00,0.0,25.91006,24.87074,28.1062,27.1465,27.43924
18463,2014-07-12 20:00:00,0.0,26.65449,25.91006,24.87074,28.1062,27.1465
18464,2014-07-12 20:15:00,0.0,23.69481,26.65449,25.91006,24.87074,28.1062
18465,2014-07-12 20:30:00,0.0,25.78807,23.69481,26.65449,25.91006,24.87074
18466,2014-07-12 20:45:00,0.0,26.54809,25.78807,23.69481,26.65449,25.91006
18467,2014-07-12 21:00:00,0.0,27.9188,26.54809,25.78807,23.69481,26.65449
18468,2014-07-12 21:15:00,0.0,26.11669,27.9188,26.54809,25.78807,23.69481
18469,2014-07-12 21:30:00,0.0,26.93785,26.11669,27.9188,26.54809,25.78807
18470,2014-07-12 21:45:00,0.0,26.9282,26.93785,26.11669,27.9188,26.54809
18471,2014-07-12 22:00:00,0.0,27.47521,26.9282,26.93785,26.11669,27.9188
18472,2014-07-12 22:15:00,0.0,24.61584,27.47521,26.9282,26.93785,26.11669
18473,2014-07-12 22:30:00,0.0,27.65087,24.61584,27.47521,26.9282,26.93785
18474,2014-07-12 22:45:00,0.0,28.31489,27.65087,24.61584,27.47521,26.9282
18475,2014-07-12 23:00:00,0.0,26.73289,28.31489,27.65087,24.61584,27.47521
18476,2014-07-12 23:15:00,0.0,25.12289,26.73289,28.31489,27.65087,24.61584
18477,2014-07-12 23:30:00,0.0,24.86207,25.12289,26.73289,28.31489,27.65087
18478,2014-07-12 23:45:00,0.0,26.87234,24.86207,25.12289,26.73289,28.31489
18479,2014-07-13 00:00:00,0.0,22.53318,26.87234,24.86207,25.12289,26.73289
18480,2014-07-13 00:15:00,0.0,24.38171,22.53318,26.87234,24.86207,25.12289
18481,2014-07-13 00:30:00,0.0,25.17056,24.38171,22.53318,26.87234,24.86207
18482,2014-07-13 00:45:00,0.0,26.81931,25.17056,24.38171,22.53318,26.87234
18483,2014-07-13 01:00:00,0.0,23.81089,26.81931,25.17056,24.38171,22.53318
18484,2014-07-13 01:15:00,0.0,22.76233,23.81089,26.81931,25.17056,24.38171
18485,2014-07-13 01:30:00,0.0,25.48937,22.76233,23.81089,26.81931,25.17056
18486,2014-07-13 01:45:00,0.0,25.70768,25.48937,22.76233,23.81089,26.81931
18487,2014-07-13 02:00:00,0.0,26.45753,25.70768,25.48937,22.76233,23.81089
18488,2014-07-13 02:15:00,0.0,26.5345,26.45753,25.70768,25.48937,22.76233
18489,2014-07-13 02:30:00,0.0,25.32553,26.5345,26.45753,25.70768,25.48937
18490,2014-07-13 02:45:00,0.0,27.19643,25.32553,26.5345,26.45753,25.70768
18491,2014-07-13 03:00:00,0.0,25.11519,27.19643,25.32553,26.5345,26.45753
18492,2014-07-13 03:15:00,0.0,27.05737,25.11519,27.19643,25.32553,26.5345
18493,2014-07-13 03:30:00,0.0,26.25446,27.05737,25.11519,27.19643,25.32553
18494,2014-07-13 03:45:00,0.0,25.8184,26.25446,27.05737,25.11519,27.19643
18495,2014-07-13 04:00:00,0.0,26.18505,25.8184,26.25446,27.05737,25.11519
18496,2014-07-13 04:15:00,0.0,25.22407,26.18505,25.8184,26.25446,27.05737
18497,2014-07-13 04:30:00,0.0,26.06577,25.22407,26.18505,25.8184,26.25446
18498,2014-07-13 04:45:00,0.0,25.59921,26.06577,25.22407,26.18505,25.8184
18499,2014-07-13 05:00:00,0.0,27.33365,25.59921,26.06577,25.22407,26.18505
18500,2014-07-13 05:15:00,0.0,25.57305,27.33365,25.59921,26.06577,25.22407
18501,2014-07-13 05:30:00,0.0,26.707,25.57305,27.33365,25.59921,26.06577
18502,2014-07-13 05:45:00,0.0,23.68015,26.707,25.57305,27.33365,25.59921
18503,2014-07-13 06:00:00,0.0,25.08087,23.68015,26.707,25.57305,27.33365
18504,2014-07-13 06:15:00,0.0,25.08244,25.08087,23.68015,26.707,25.57305
18505,2014-07-13 06:30:00,0.0,25.86189,25.08244,25.08087,23.68015,26.707
18506,2014-07-13 06:45:00,0.0,26.74299,25.86189,25.08244,25.08087,23.68015
18507,2014-07-13 07:00:00,0.0,25.58223,26.74299,25.86189,25.08244,25.08087
18508,2014-07-13 07:15:00,0.0,26.09765,25.58223,26.74299,25.86189,25.08244
18509,2014-07-13 07:30:00,0.0,25.82651,26.09765,25.58223,26.74299,25.86189
18510,2014-07-13 07:45:00,0.0,25.95353,25.82651,26.09765,25.58223,26.74299
18511,2014-07-13 08:00:00,0.0,25.79436,25.95353,25.82651,26.09765,25.58223
18512,2014-07-13 08:15:00,0.0,25.8102,25.79436,25.95353,25.82651,26.09765
18513,2014-07-13 08:30:00,0.0,26.77879,25.8102,25.79436,25.95353,25.82651
18514,2014-07-13 08:45:00,0.0,27.31451,26.77879,25.8102,25.79436,25.95353
18515,2014-07-13 09:00:00,0.0,25.96243,27.31451,26.77879,25.8102,25.79436
18516,2014-07-13 09:15:00,0.0,24.99967,25.96243,27.31451,26.77879,25.8102
18517,2014-07-13 09:30:00,0.0,24.4747,24.99967,25.96243,27.31451,26.77879
18518,2014-07-13 09:45:00,0.0,27.22053,24.4747,24.99967,25.96243,27.31451
18519,2014-07-13 10:00:00,0.0,23.93633,27.22053,24.4747,24.99967,25.96243
18520,2014-07-13 10:15:00,0.0,25.8726,23.93633,27.22053,24.4747,24.99967
18521,2014-07-13 10:30:00,0.0,28.94622,25.8726,23.93633,27.22053,24.4747
18522,2014-07-13 10:45:00,0.0,27.47048,28.94622,25.8726,23.93633,27.22053
18523,2014-07-13 11:00:00,0.0,27.14031,27.47048,28.94622,25.8726,23.93633
18524,2014-07-13 11:15:00,0.0,26.55171,27.14031,27.47048,28.94622,25.8726
18525,2014-07-13 11:30:00,0.0,25.6842,26.55171,27.14031,27.47048,28.94622
18526,2014-07-13 11:45:00,0.0,26.96195,25.6842,26.55171,27.14031,27.47048
18527,2014-07-13 12:00:00,0.0,28.79759,26.96195,25.6842,26.55171,27.14031
18528,2014-07-13 12:15:00,0.0,29.18353,28.79759,26.96195,25.6842,26.55171
18529,2014-07-13 12:30:00,0.0,28.61759,29.18353,28.79759,26.96195,25.6842
18530,2014-07-13 12:45:00,0.0,28.0184,28.61759,29.18353,28.79759,26.96195
18531,2014-07-13 13:00:00,0.0,28.91311,28.0184,28.61759,29.18353,28.79759
18532,2014-07-13 13:15:00,0.0,27.73892,28.91311,28.0184,28.61759,29.18353
18533,2014-07-13 13:30:00,0.0,28.30788,27.73892,28.91311,28.0184,28.61759
18534,2014-07-13 13:45:00,0.0,29.21701,28.30788,27.73892,28.91311,28.0184
18535,2014-07-13 14:00:00,0.0,31.80996,29.21701,28.30788,27.73892,28.91311
18536,2014-07-13 14:15:00,0.0,30.97083,31.80996,29.21701,28.30788,27.73892
18537,2014-07-13 14:30:00,0.0,33.26485,30.97083,31.80996,29.21701,28.30788
18538,2014-07-13 14:45:00,0.0,33.29399,33.26485,30.97083,31.80996,29.21701
18539,2014-07-13 15:00:00,0.0,32.01279,33.29399,33.26485,30.97083,31.80996
18540,2014-07-13 15:15:00,0.0,33.62947,32.01279,33.29399,33.26485,30.97083
18541,2014-07-13 15:30:00,0.0,34.19405,33.62947,32.01279,33.29399,33.26485
18542,2014-07-13 15:45:00,0.0,34.21075,34.19405,33.62947,32.01279,33.29399
18543,2014-07-13 16:00:00,0.0,35.67943,34.21075,34.19405,33.62947,32.01279
18544,2014-07-13 16:15:00,0.0,36.38071,35.67943,34.21075,34.19405,33.62947
18545,2014-07-13 16:30:00,0.0,32.75706,36.38071,35.67943,34.21075,34.19405
18546,2014-07-13 16:45:00,0.0,33.10692,32.75706,36.38071,35.67943,34.21075
18547,2014-07-13 17:00:00,0.0,33.16325,33.10692,32.75706,36.38071,35.67943
18548,2014-07-13 17:15:00,0.0,32.62497,33.16325,33.10692,32.75706,36.38071
18549,2014-07-13 17:30:00,0.0,32.40156,32.62497,33.16325,33.10692,32.75706
18550,2014-07-13 17:45:00,0.0,31.24875,32.40156,32.62497,33.16325,33.10692
18551,2014-07-13 18:00:00,0.0,33.10036,31.24875,32.40156,32.62497,33.16325
18552,2014-07-13 18:15:00,0.0,33.12412,33.10036,31.24875,32.40156,32.62497
18553,2014-07-13 18:30:00,0.0,37.47387,33.12412,33.10036,31.24875,32.40156
18554,2014-07-13 18:45:00,0.0,37.55579,37.47387,33.12412,33.10036,31.24875
18555,2014-07-13 19:00:00,0.0,35.90694,37.55579,37.47387,33.12412,33.10036
18556,2014-07-13 19:15:00,0.0,35.03702,35.90694,37.55579,37.47387,33.12412
18557,2014-07-13 19:30:00,0.0,32.78751,35.03702,35.90694,37.55579,37.47387
18558,2014-07-13 19:45:00,0.0,33.04919,32.78751,35.03702,35.90694,37.55579
18559,2014-07-13 20:00:00,0.0,31.34509,33.04919,32.78751,35.03702,35.90694
18560,2014-07-13 20:15:00,0.0,29.00125,31.34509,33.04919,32.78751,35.03702
18561,2014-07-13 20:30:00,0.0,29.96696,29.00125,31.34509,33.04919,32.78751
18562,2014-07-13 20:45:00,0.0,31.96207,29.96696,29.00125,31.34509,33.04919
18563,2014-07-13 21:00:00,0.0,27.96367,31.96207,29.96696,29.00125,31.34509
18564,2014-07-13 21:15:00,0.0,29.70041,27.96367,31.96207,29.96696,29.00125
18565,2014-07-13 21:30:00,0.0,30.76193,29.70041,27.96367,31.96207,29.96696
18566,2014-07-13 21:45:00,0.0,28.27505,30.76193,29.70041,27.96367,31.96207
18567,2014-07-13 22:00:00,0.0,27.15732,28.27505,30.76193,29.70041,27.96367
18568,2014-07-13 22:15:00,0.0,28.36013,27.15732,28.27505,30.76193,29.70041
18569,2014-07-13 22:30:00,0.0,26.4446,28.36013,27.15732,28.27505,30.76193
18570,2014-07-13 22:45:00,0.0,29.99789,26.4446,28.36013,27.15732,28.27505
18571,2014-07-13 23:00:00,0.0,29.81105,29.99789,26.4446,28.36013,27.15732
18572,2014-07-13 23:15:00,0.0,29.13507,29.81105,29.99789,26.4446,28.36013
18573,2014-07-13 23:30:00,0.0,27.59033,29.13507,29.81105,29.99789,26.4446
18574,2014-07-13 23:45:00,0.0,25.61141,27.59033,29.13507,29.81105,29.99789
18575,2014-07-14 00:00:00,0.0,24.19348,25.61141,27.59033,29.13507,29.81105
18576,2014-07-14 00:15:00,0.0,27.31012,24.19348,25.61141,27.59033,29.13507
18577,2014-07-14 00:30:00,0.0,25.09969,27.31012,24.19348,25.61141,27.59033
18578,2014-07-14 00:45:00,0.0,28.67172,25.09969,27.31012,24.19348,25.61141
18579,2014-07-14 01:00:00,0.0,27.3482,28.67172,25.09969,27.31012,24.19348
18580,2014-07-14 01:15:00,0.0,29.07199,27.3482,28.67172,25.09969,27.31012
18581,2014-07-14 01:30:00,0.0,29.90588,29.07199,27.3482,28.67172,25.09969
18582,2014-07-14 01:45:00,0.0,27.59057,29.90588,29.07199,27.3482,28.67172
18583,2014-07-14 02:00:00,0.0,27.26478,27.59057,29.90588,29.07199,27.3482
18584,2014-07-14 02:15:00,0.0,29.3465,27.26478,27.59057,29.90588,29.07199
18585,2014-07-14 02:30:00,0.0,27.49295,29.3465,27.26478,27.59057,29.90588
18586,2014-07-14 02:45:00,0.0,29.65734,27.49295,29.3465,27.26478,27.59057
18587,2014-07-14 03:00:00,0.0,27.03966,29.65734,27.49295,29.3465,27.26478
18588,2014-07-14 03:15:00,0.0,30.03393,27.03966,29.65734,27.49295,29.3465
18589,2014-07-14 03:30:00,0.0,26.0791,30.03393,27.03966,29.65734,27.49295
18590,2014-07-14 03:45:00,0.0,31.35314,26.0791,30.03393,27.03966,29.65734
18591,2014-07-14 04:00:00,0.0,32.11329,31.35314,26.0791,30.03393,27.03966
18592,2014-07-14 04:15:00,0.0,31.18819,32.11329,31.35314,26.0791,30.03393
18593,2014-07-14 04:30:00,0.0,30.00243,31.18819,32.11329,31.35314,26.0791
18594,2014-07-14 04:45:00,0.0,32.99301,30.00243,31.18819,32.11329,31.35314
18595,2014-07-14 05:00:00,0.0,30.05601,32.99301,30.00243,31.18819,32.11329
18596,2014-07-14 05:15:00,0.0,32.744,30.05601,32.99301,30.00243,31.18819
18597,2014-07-14 05:30:00,0.0,30.0442,32.744,30.05601,32.99301,30.00243
18598,2014-07-14 05:45:00,0.0,28.94555,30.0442,32.744,30.05601,32.99301
18599,2014-07-14 06:00:00,0.0,31.04776,28.94555,30.0442,32.744,30.05601
18600,2014-07-14 06:15:00,0.0,29.8576,31.04776,28.94555,30.0442,32.744
18601,2014-07-14 06:30:00,0.0,31.97627,29.8576,31.04776,28.94555,30.0442
18602,2014-07-14 06:45:00,0.0,29.10577,31.97627,29.8576,31.04776,28.94555
18603,2014-07-14 07:00:00,0.0,32.79694,29.10577,31.97627,29.8576,31.04776
18604,2014-07-14 07:15:00,0.0,32.16461,32.79694,29.10577,31.97627,29.8576
18605,2014-07-14 07:30:00,0.0,31.37576,32.16461,32.79694,29.10577,31.97627
18606,2014-07-14 07:45:00,0.0,32.47631,31.37576,32.16461,32.79694,29.10577
18607,2014-07-14 08:00:00,0.0,33.03523,32.47631,31.37576,32.16461,32.79694
18608,2014-07-14 08:15:00,0.0,32.22159,33.03523,32.47631,31.37576,32.16461
18609,2014-07-14 08:30:00,0.0,34.59257,32.22159,33.03523,32.47631,31.37576
18610,2014-07-14 08:45:00,0.0,35.40608,34.59257,32.22159,33.03523,32.47631
18611,2014-07-14 09:00:00,0.0,39.77776,35.40608,34.59257,32.22159,33.03523
18612,2014-07-14 09:15:00,0.0,39.14403,39.77776,35.40608,34.59257,32.22159
18613,2014-07-14 09:30:00,0.0,39.03777,39.14403,39.77776,35.40608,34.59257
18614,2014-07-14 09:45:00,0.0,42.42084,39.03777,39.14403,39.77776,35.40608
18615,2014-07-14 10:00:00,0.0,44.03531,42.42084,39.03777,39.14403,39.77776
18616,2014-07-14 10:15:00,0.0,39.3384,44.03531,42.42084,39.03777,39.14403
18617,2014-07-14 10:30:00,0.0,43.98345,39.3384,44.03531,42.42084,39.03777
18618,2014-07-14 10:45:00,0.0,43.94652,43.98345,39.3384,44.03531,42.42084
18619,2014-07-14 11:00:00,0.0,45.41235,43.94652,43.98345,39.3384,44.03531
18620,2014-07-14 11:15:00,0.0,43.22468,45.41235,43.94652,43.98345,39.3384
18621,2014-07-14 11:30:00,0.0,41.2527,43.22468,45.41235,43.94652,43.98345
18622,2014-07-14 11:45:00,0.0,45.8143,41.2527,43.22468,45.41235,43.94652
18623,2014-07-14 12:00:00,0.0,43.60081,45.8143,41.2527,43.22468,45.41235
18624,2014-07-14 12:15:00,0.0,42.53791,43.60081,45.8143,41.2527,43.22468
18625,2014-07-14 12:30:00,0.0,43.54512,42.53791,43.60081,45.8143,41.2527
18626,2014-07-14 12:45:00,0.0,43.17043,43.54512,42.53791,43.60081,45.8143
18627,2014-07-14 13:00:00,0.0,40.40666,43.17043,43.54512,42.53791,43.60081
18628,2014-07-14 13:15:00,0.0,44.08699,40.40666,43.17043,43.54512,42.53791
18629,2014-07-14 13:30:00,0.0,43.18973,44.08699,40.40666,43.17043,43.54512
18630,2014-07-14 13:45:00,0.0,47.22755,43.18973,44.08699,40.40666,43.17043
18631,2014-07-14 14:00:00,0.0,48.95649,47.22755,43.18973,44.08699,40.40666
18632,2014-07-14 14:15:00,0.0,46.18952,48.95649,47.22755,43.18973,44.08699
18633,2014-07-14 14:30:00,0.0,48.323,46.18952,48.95649,47.22755,43.18973
18634,2014-07-14 14:45:00,0.0,44.01368,48.323,46.18952,48.95649,47.22755
18635,2014-07-14 15:00:00,0.0,41.91223,44.01368,48.323,46.18952,48.95649
18636,2014-07-14 15:15:00,0.0,47.94954,41.91223,44.01368,48.323,46.18952
18637,2014-07-14 15:30:00,0.0,43.93677,47.94954,41.91223,44.01368,48.323
18638,2014-07-14 15:45:00,0.0,42.11973,43.93677,47.94954,41.91223,44.01368
18639,2014-07-14 16:00:00,0.0,47.54543,42.11973,43.93677,47.94954,41.91223
18640,2014-07-14 16:15:00,0.0,46.61362,47.54543,42.11973,43.93677,47.94954
18641,2014-07-14 16:30:00,0.0,45.53313,46.61362,47.54543,42.11973,43.93677
18642,2014-07-14 16:45:00,0.0,44.91416,45.53313,46.61362,47.54543,42.11973
18643,2014-07-14 17:00:00,0.0,42.92263,44.91416,45.53313,46.61362,47.54543
18644,2014-07-14 17:15:00,0.0,40.13026,42.92263,44.91416,45.53313,46.61362
18645,2014-07-14 17:30:00,0.0,41.22078,40.13026,42.92263,44.91416,45.53313
18646,2014-07-14 17:45:00,0.0,39.26616,41.22078,40.13026,42.92263,44.91416
18647,2014-07-14 18:00:00,0.0,38.39661,39.26616,41.22078,40.13026,42.92263
18648,2014-07-14 18:15:00,0.0,34.23754,38.39661,39.26616,41.22078,40.13026
18649,2014-07-14 18:30:00,0.0,35.04923,34.23754,38.39661,39.26616,41.22078
18650,2014-07-14 18:45:00,0.0,33.46775,35.04923,34.23754,38.39661,39.26616
18651,2014-07-14 19:00:00,0.0,33.21038,33.46775,35.04923,34.23754,38.39661
18652,2014-07-14 19:15:00,0.0,33.00913,33.21038,33.46775,35.04923,34.23754
18653,2014-07-14 19:30:00,0.0,31.22205,33.00913,33.21038,33.46775,35.04923
18654,2014-07-14 19:45:00,0.0,33.06116,31.22205,33.00913,33.21038,33.46775
18655,2014-07-14 20:00:00,0.0,32.93844,33.06116,31.22205,33.00913,33.21038
18656,2014-07-14 20:15:00,0.0,30.94408,32.93844,33.06116,31.22205,33.00913
18657,2014-07-14 20:30:00,0.0,28.78092,30.94408,32.93844,33.06116,31.22205
18658,2014-07-14 20:45:00,0.0,30.48144,28.78092,30.94408,32.93844,33.06116
18659,2014-07-14 21:00:00,0.0,28.80565,30.48144,28.78092,30.94408,32.93844
18660,2014-07-14 21:15:00,0.0,27.10182,28.80565,30.48144,28.78092,30.94408
18661,2014-07-14 21:30:00,0.0,28.90731,27.10182,28.80565,30.48144,28.78092
18662,2014-07-14 21:45:00,0.0,29.52168,28.90731,27.10182,28.80565,30.48144
18663,2014-07-14 22:00:00,0.0,27.63822,29.52168,28.90731,27.10182,28.80565
18664,2014-07-14 22:15:00,0.0,29.65948,27.63822,29.52168,28.90731,27.10182
18665,2014-07-14 22:30:00,0.0,29.19911,29.65948,27.63822,29.52168,28.90731
18666,2014-07-14 22:45:00,0.0,29.41202,29.19911,29.65948,27.63822,29.52168
18667,2014-07-14 23:00:00,0.0,27.74815,29.41202,29.19911,29.65948,27.63822
18668,2014-07-14 23:15:00,0.0,28.22011,27.74815,29.41202,29.19911,29.65948
18669,2014-07-14 23:30:00,0.0,25.04501,28.22011,27.74815,29.41202,29.19911
18670,2014-07-14 23:45:00,0.0,26.86148,25.04501,28.22011,27.74815,29.41202
18671,2014-07-15 00:00:00,0.0,23.20067,26.86148,25.04501,28.22011,27.74815
18672,2014-07-15 00:15:00,0.0,26.75333,23.20067,26.86148,25.04501,28.22011
18673,2014-07-15 00:30:00,0.0,26.41457,26.75333,23.20067,26.86148,25.04501
18674,2014-07-15 00:45:00,0.0,26.83143,26.41457,26.75333,23.20067,26.86148
18675,2014-07-15 01:00:00,0.0,23.84884,26.83143,26.41457,26.75333,23.20067
18676,2014-07-15 01:15:00,0.0,26.33937,23.84884,26.83143,26.41457,26.75333
18677,2014-07-15 01:30:00,0.0,25.77844,26.33937,23.84884,26.83143,26.41457
18678,2014-07-15 01:45:00,0.0,27.18047,25.77844,26.33937,23.84884,26.83143
18679,2014-07-15 02:00:00,0.0,25.36422,27.18047,25.77844,26.33937,23.84884
18680,2014-07-15 02:15:00,0.0,26.92491,25.36422,27.18047,25.77844,26.33937
18681,2014-07-15 02:30:00,0.0,27.07076,26.92491,25.36422,27.18047,25.77844
18682,2014-07-15 02:45:00,0.0,25.85065,27.07076,26.92491,25.36422,27.18047
18683,2014-07-15 03:00:00,0.0,25.40145,25.85065,27.07076,26.92491,25.36422
18684,2014-07-15 03:15:00,0.0,26.46102,25.40145,25.85065,27.07076,26.92491
18685,2014-07-15 03:30:00,0.0,24.08678,26.46102,25.40145,25.85065,27.07076
18686,2014-07-15 03:45:00,0.0,26.4321,24.08678,26.46102,25.40145,25.85065
18687,2014-07-15 04:00:00,0.0,25.60041,26.4321,24.08678,26.46102,25.40145
18688,2014-07-15 04:15:00,0.0,26.35067,25.60041,26.4321,24.08678,26.46102
18689,2014-07-15 04:30:00,0.0,28.47209,26.35067,25.60041,26.4321,24.08678
18690,2014-07-15 04:45:00,0.0,27.27326,28.47209,26.35067,25.60041,26.4321
18691,2014-07-15 05:00:00,0.0,28.61729,27.27326,28.47209,26.35067,25.60041
18692,2014-07-15 05:15:00,0.0,27.2404,28.61729,27.27326,28.47209,26.35067
18693,2014-07-15 05:30:00,0.0,27.13162,27.2404,28.61729,27.27326,28.47209
18694,2014-07-15 05:45:00,0.0,27.39932,27.13162,27.2404,28.61729,27.27326
18695,2014-07-15 06:00:00,0.0,27.76395,27.39932,27.13162,27.2404,28.61729
18696,2014-07-15 06:15:00,0.0,29.04472,27.76395,27.39932,27.13162,27.2404
18697,2014-07-15 06:30:00,0.0,29.70975,29.04472,27.76395,27.39932,27.13162
18698,2014-07-15 06:45:00,0.0,29.58432,29.70975,29.04472,27.76395,27.39932
18699,2014-07-15 07:00:00,0.0,25.60749,29.58432,29.70975,29.04472,27.76395
18700,2014-07-15 07:15:00,0.0,30.12223,25.60749,29.58432,29.70975,29.04472
18701,2014-07-15 07:30:00,0.0,29.06924,30.12223,25.60749,29.58432,29.70975
18702,2014-07-15 07:45:00,0.0,31.97851,29.06924,30.12223,25.60749,29.58432
18703,2014-07-15 08:00:00,0.0,30.78823,31.97851,29.06924,30.12223,25.60749
18704,2014-07-15 08:15:00,0.0,31.01569,30.78823,31.97851,29.06924,30.12223
18705,2014-07-15 08:30:00,0.0,31.75022,31.01569,30.78823,31.97851,29.06924
18706,2014-07-15 08:45:00,0.0,32.21222,31.75022,31.01569,30.78823,31.97851
18707,2014-07-15 09:00:00,0.0,32.47161,32.21222,31.75022,31.01569,30.78823
18708,2014-07-15 09:15:00,0.0,31.86838,32.47161,32.21222,31.75022,31.01569
18709,2014-07-15 09:30:00,0.0,34.24426,31.86838,32.47161,32.21222,31.75022
18710,2014-07-15 09:45:00,0.0,33.77811,34.24426,31.86838,32.47161,32.21222
18711,2014-07-15 10:00:00,0.0,37.49358,33.77811,34.24426,31.86838,32.47161
18712,2014-07-15 10:15:00,0.0,39.44866,37.49358,33.77811,34.24426,31.86838
18713,2014-07-15 10:30:00,0.0,40.41838,39.44866,37.49358,33.77811,34.24426
18714,2014-07-15 10:45:00,0.0,42.62288,40.41838,39.44866,37.49358,33.77811
18715,2014-07-15 11:00:00,0.0,41.61332,42.62288,40.41838,39.44866,37.49358
18716,2014-07-15 11:15:00,0.0,38.92314,41.61332,42.62288,40.41838,39.44866
18717,2014-07-15 11:30:00,0.0,38.39281,38.92314,41.61332,42.62288,40.41838
18718,2014-07-15 11:45:00,0.0,41.30776,38.39281,38.92314,41.61332,42.62288
18719,2014-07-15 12:00:00,0.0,45.29536,41.30776,38.39281,38.92314,41.61332
18720,2014-07-15 12:15:00,0.0,42.00675,45.29536,41.30776,38.39281,38.92314
18721,2014-07-15 12:30:00,0.0,41.4188,42.00675,45.29536,41.30776,38.39281
18722,2014-07-15 12:45:00,0.0,43.46504,41.4188,42.00675,45.29536,41.30776
18723,2014-07-15 13:00:00,0.0,41.95431,43.46504,41.4188,42.00675,45.29536
18724,2014-07-15 13:15:00,0.0,42.59759,41.95431,43.46504,41.4188,42.00675
18725,2014-07-15 13:30:00,0.0,43.58607,42.59759,41.95431,43.46504,41.4188
18726,2014-07-15 13:45:00,0.0,44.41065,43.58607,42.59759,41.95431,43.46504
18727,2014-07-15 14:00:00,0.0,41.81494,44.41065,43.58607,42.59759,41.95431
18728,2014-07-15 14:15:00,0.0,47.12445,41.81494,44.41065,43.58607,42.59759
18729,2014-07-15 14:30:00,0.0,46.10074,47.12445,41.81494,44.41065,43.58607
18730,2014-07-15 14:45:00,0.0,48.60652,46.10074,47.12445,41.81494,44.41065
18731,2014-07-15 15:00:00,0.0,45.6621,48.60652,46.10074,47.12445,41.81494
18732,2014-07-15 15:15:00,0.0,44.37884,45.6621,48.60652,46.10074,47.12445
18733,2014-07-15 15:30:00,0.0,43.52416,44.37884,45.6621,48.60652,46.10074
18734,2014-07-15 15:45:00,0.0,42.4116,43.52416,44.37884,45.6621,48.60652
18735,2014-07-15 16:00:00,0.0,44.4023,42.4116,43.52416,44.37884,45.6621
18736,2014-07-15 16:15:00,0.0,42.25774,44.4023,42.4116,43.52416,44.37884
18737,2014-07-15 16:30:00,0.0,41.05726,42.25774,44.4023,42.4116,43.52416
18738,2014-07-15 16:45:00,0.0,43.90855,41.05726,42.25774,44.4023,42.4116
18739,2014-07-15 17:00:00,0.0,39.68801,43.90855,41.05726,42.25774,44.4023
18740,2014-07-15 17:15:00,0.0,39.9092,39.68801,43.90855,41.05726,42.25774
18741,2014-07-15 17:30:00,0.0,40.82174,39.9092,39.68801,43.90855,41.05726
18742,2014-07-15 17:45:00,0.0,40.13315,40.82174,39.9092,39.68801,43.90855
18743,2014-07-15 18:00:00,0.0,39.41306,40.13315,40.82174,39.9092,39.68801
18744,2014-07-15 18:15:00,0.0,35.60751,39.41306,40.13315,40.82174,39.9092
18745,2014-07-15 18:30:00,0.0,35.75404,35.60751,39.41306,40.13315,40.82174
18746,2014-07-15 18:45:00,0.0,33.86022,35.75404,35.60751,39.41306,40.13315
18747,2014-07-15 19:00:00,0.0,34.33719,33.86022,35.75404,35.60751,39.41306
18748,2014-07-15 19:15:00,0.0,33.14735,34.33719,33.86022,35.75404,35.60751
18749,2014-07-15 19:30:00,0.0,31.70505,33.14735,34.33719,33.86022,35.75404
18750,2014-07-15 19:45:00,0.0,32.11312,31.70505,33.14735,34.33719,33.86022
18751,2014-07-15 20:00:00,0.0,31.21018,32.11312,31.70505,33.14735,34.33719
18752,2014-07-15 20:15:00,0.0,30.53192,31.21018,32.11312,31.70505,33.14735
18753,2014-07-15 20:30:00,0.0,31.73056,30.53192,31.21018,32.11312,31.70505
18754,2014-07-15 20:45:00,0.0,30.19755,31.73056,30.53192,31.21018,32.11312
18755,2014-07-15 21:00:00,0.0,29.93183,30.19755,31.73056,30.53192,31.21018
18756,2014-07-15 21:15:00,0.0,29.6277,29.93183,30.19755,31.73056,30.53192
18757,2014-07-15 21:30:00,0.0,26.79924,29.6277,29.93183,30.19755,31.73056
18758,2014-07-15 21:45:00,0.0,31.69572,26.79924,29.6277,29.93183,30.19755
18759,2014-07-15 22:00:00,0.0,29.16923,31.69572,26.79924,29.6277,29.93183
18760,2014-07-15 22:15:00,0.0,31.68634,29.16923,31.69572,26.79924,29.6277
18761,2014-07-15 22:30:00,0.0,28.7179,31.68634,29.16923,31.69572,26.79924
18762,2014-07-15 22:45:00,0.0,30.93266,28.7179,31.68634,29.16923,31.69572
18763,2014-07-15 23:00:00,0.0,28.79874,30.93266,28.7179,31.68634,29.16923
18764,2014-07-15 23:15:00,0.0,26.38176,28.79874,30.93266,28.7179,31.68634
18765,2014-07-15 23:30:00,0.0,25.65892,26.38176,28.79874,30.93266,28.7179
18766,2014-07-15 23:45:00,0.0,27.24868,25.65892,26.38176,28.79874,30.93266
18767,2014-07-16 00:00:00,0.0,27.95023,27.24868,25.65892,26.38176,28.79874
18768,2014-07-16 00:15:00,0.0,25.49645,27.95023,27.24868,25.65892,26.38176
18769,2014-07-16 00:30:00,0.0,26.0456,25.49645,27.95023,27.24868,25.65892
18770,2014-07-16 00:45:00,0.0,24.88381,26.0456,25.49645,27.95023,27.24868
18771,2014-07-16 01:00:00,0.0,25.06094,24.88381,26.0456,25.49645,27.95023
18772,2014-07-16 01:15:00,0.0,24.74866,25.06094,24.88381,26.0456,25.49645
18773,2014-07-16 01:30:00,0.0,25.89647,24.74866,25.06094,24.88381,26.0456
18774,2014-07-16 01:45:00,0.0,26.85183,25.89647,24.74866,25.06094,24.88381
18775,2014-07-16 02:00:00,0.0,26.98677,26.85183,25.89647,24.74866,25.06094
18776,2014-07-16 02:15:00,0.0,24.78546,26.98677,26.85183,25.89647,24.74866
18777,2014-07-16 02:30:00,0.0,25.69428,24.78546,26.98677,26.85183,25.89647
18778,2014-07-16 02:45:00,0.0,24.43282,25.69428,24.78546,26.98677,26.85183
18779,2014-07-16 03:00:00,0.0,24.59184,24.43282,25.69428,24.78546,26.98677
18780,2014-07-16 03:15:00,0.0,24.62022,24.59184,24.43282,25.69428,24.78546
18781,2014-07-16 03:30:00,0.0,24.92693,24.62022,24.59184,24.43282,25.69428
18782,2014-07-16 03:45:00,0.0,24.55642,24.92693,24.62022,24.59184,24.43282
18783,2014-07-16 04:00:00,0.0,25.75136,24.55642,24.92693,24.62022,24.59184
18784,2014-07-16 04:15:00,0.0,26.18117,25.75136,24.55642,24.92693,24.62022
18785,2014-07-16 04:30:00,0.0,25.55289,26.18117,25.75136,24.55642,24.92693
18786,2014-07-16 04:45:00,0.0,22.20029,25.55289,26.18117,25.75136,24.55642
18787,2014-07-16 05:00:00,0.0,28.04621,22.20029,25.55289,26.18117,25.75136
18788,2014-07-16 05:15:00,0.0,24.46401,28.04621,22.20029,25.55289,26.18117
18789,2014-07-16 05:30:00,0.0,27.61719,24.46401,28.04621,22.20029,25.55289
18790,2014-07-16 05:45:00,0.0,26.95825,27.61719,24.46401,28.04621,22.20029
18791,2014-07-16 06:00:00,0.0,25.98939,26.95825,27.61719,24.46401,28.04621
18792,2014-07-16 06:15:00,0.0,26.85317,25.98939,26.95825,27.61719,24.46401
18793,2014-07-16 06:30:00,0.0,29.08587,26.85317,25.98939,26.95825,27.61719
18794,2014-07-16 06:45:00,0.0,28.08319,29.08587,26.85317,25.98939,26.95825
18795,2014-07-16 07:00:00,0.0,30.25369,28.08319,29.08587,26.85317,25.98939
18796,2014-07-16 07:15:00,0.0,29.88445,30.25369,28.08319,29.08587,26.85317
18797,2014-07-16 07:30:00,0.0,30.50145,29.88445,30.25369,28.08319,29.08587
18798,2014-07-16 07:45:00,0.0,26.41574,30.50145,29.88445,30.25369,28.08319
18799,2014-07-16 08:00:00,0.0,30.71019,26.41574,30.50145,29.88445,30.25369
18800,2014-07-16 08:15:00,0.0,30.52202,30.71019,26.41574,30.50145,29.88445
18801,2014-07-16 08:30:00,0.0,28.9045,30.52202,30.71019,26.41574,30.50145
18802,2014-07-16 08:45:00,0.0,32.16522,28.9045,30.52202,30.71019,26.41574
18803,2014-07-16 09:00:00,0.0,32.47712,32.16522,28.9045,30.52202,30.71019
18804,2014-07-16 09:15:00,0.0,32.47852,32.47712,32.16522,28.9045,30.52202
18805,2014-07-16 09:30:00,0.0,31.95471,32.47852,32.47712,32.16522,28.9045
18806,2014-07-16 09:45:00,0.0,33.33806,31.95471,32.47852,32.47712,32.16522
18807,2014-07-16 10:00:00,0.0,33.87523,33.33806,31.95471,32.47852,32.47712
18808,2014-07-16 10:15:00,0.0,33.37718,33.87523,33.33806,31.95471,32.47852
18809,2014-07-16 10:30:00,0.0,34.96788,33.37718,33.87523,33.33806,31.95471
18810,2014-07-16 10:45:00,0.0,36.11219,34.96788,33.37718,33.87523,33.33806
18811,2014-07-16 11:00:00,0.0,34.74611,36.11219,34.96788,33.37718,33.87523
18812,2014-07-16 11:15:00,0.0,34.59434,34.74611,36.11219,34.96788,33.37718
18813,2014-07-16 11:30:00,0.0,35.15482,34.59434,34.74611,36.11219,34.96788
18814,2014-07-16 11:45:00,0.0,34.65187,35.15482,34.59434,34.74611,36.11219
18815,2014-07-16 12:00:00,0.0,36.90111,34.65187,35.15482,34.59434,34.74611
18816,2014-07-16 12:15:00,0.0,37.7004,36.90111,34.65187,35.15482,34.59434
18817,2014-07-16 12:30:00,0.0,39.5489,37.7004,36.90111,34.65187,35.15482
18818,2014-07-16 12:45:00,0.0,37.57075,39.5489,37.7004,36.90111,34.65187
18819,2014-07-16 13:00:00,0.0,38.77344,37.57075,39.5489,37.7004,36.90111
18820,2014-07-16 13:15:00,0.0,38.77272,38.77344,37.57075,39.5489,37.7004
18821,2014-07-16 13:30:00,0.0,39.30725,38.77272,38.77344,37.57075,39.5489
18822,2014-07-16 13:45:00,0.0,40.25842,39.30725,38.77272,38.77344,37.57075
18823,2014-07-16 14:00:00,0.0,38.80787,40.25842,39.30725,38.77272,38.77344
18824,2014-07-16 14:15:00,0.0,40.41684,38.80787,40.25842,39.30725,38.77272
18825,2014-07-16 14:30:00,0.0,41.52486,40.41684,38.80787,40.25842,39.30725
18826,2014-07-16 14:45:00,0.0,41.08518,41.52486,40.41684,38.80787,40.25842
18827,2014-07-16 15:00:00,0.0,42.57629,41.08518,41.52486,40.41684,38.80787
18828,2014-07-16 15:15:00,0.0,39.79888,42.57629,41.08518,41.52486,40.41684
18829,2014-07-16 15:30:00,0.0,39.26274,39.79888,42.57629,41.08518,41.52486
18830,2014-07-16 15:45:00,0.0,39.41275,39.26274,39.79888,42.57629,41.08518
18831,2014-07-16 16:00:00,0.0,40.04565,39.41275,39.26274,39.79888,42.57629
18832,2014-07-16 16:15:00,0.0,37.12181,40.04565,39.41275,39.26274,39.79888
18833,2014-07-16 16:30:00,0.0,36.92247,37.12181,40.04565,39.41275,39.26274
18834,2014-07-16 16:45:00,0.0,36.64096,36.92247,37.12181,40.04565,39.41275
18835,2014-07-16 17:00:00,0.0,36.77733,36.64096,36.92247,37.12181,40.04565
18836,2014-07-16 17:15:00,0.0,35.0812,36.77733,36.64096,36.92247,37.12181
18837,2014-07-16 17:30:00,0.0,34.24772,35.0812,36.77733,36.64096,36.92247
18838,2014-07-16 17:45:00,0.0,34.93702,34.24772,35.0812,36.77733,36.64096
18839,2014-07-16 18:00:00,0.0,33.34115,34.93702,34.24772,35.0812,36.77733
18840,2014-07-16 18:15:00,0.0,31.534,33.34115,34.93702,34.24772,35.0812
18841,2014-07-16 18:30:00,0.0,32.15505,31.534,33.34115,34.93702,34.24772
18842,2014-07-16 18:45:00,0.0,32.19123,32.15505,31.534,33.34115,34.93702
18843,2014-07-16 19:00:00,0.0,29.98266,32.19123,32.15505,31.534,33.34115
18844,2014-07-16 19:15:00,0.0,28.28893,29.98266,32.19123,32.15505,31.534
18845,2014-07-16 19:30:00,0.0,29.5109,28.28893,29.98266,32.19123,32.15505
18846,2014-07-16 19:45:00,0.0,30.61294,29.5109,28.28893,29.98266,32.19123
18847,2014-07-16 20:00:00,0.0,31.01531,30.61294,29.5109,28.28893,29.98266
18848,2014-07-16 20:15:00,0.0,30.51401,31.01531,30.61294,29.5109,28.28893
18849,2014-07-16 20:30:00,0.0,30.01166,30.51401,31.01531,30.61294,29.5109
18850,2014-07-16 20:45:00,0.0,28.98243,30.01166,30.51401,31.01531,30.61294
18851,2014-07-16 21:00:00,0.0,29.40401,28.98243,30.01166,30.51401,31.01531
18852,2014-07-16 21:15:00,0.0,29.00007,29.40401,28.98243,30.01166,30.51401
18853,2014-07-16 21:30:00,0.0,28.47862,29.00007,29.40401,28.98243,30.01166
18854,2014-07-16 21:45:00,0.0,30.18227,28.47862,29.00007,29.40401,28.98243
18855,2014-07-16 22:00:00,0.0,30.42851,30.18227,28.47862,29.00007,29.40401
18856,2014-07-16 22:15:00,0.0,27.94671,30.42851,30.18227,28.47862,29.00007
18857,2014-07-16 22:30:00,0.0,28.05721,27.94671,30.42851,30.18227,28.47862
18858,2014-07-16 22:45:00,0.0,29.2406,28.05721,27.94671,30.42851,30.18227
18859,2014-07-16 23:00:00,0.0,27.87899,29.2406,28.05721,27.94671,30.42851
18860,2014-07-16 23:15:00,0.0,26.78338,27.87899,29.2406,28.05721,27.94671
18861,2014-07-16 23:30:00,0.0,25.85645,26.78338,27.87899,29.2406,28.05721
18862,2014-07-16 23:45:00,0.0,27.94403,25.85645,26.78338,27.87899,29.2406
18863,2014-07-17 00:00:00,0.0,26.71658,27.94403,25.85645,26.78338,27.87899
18864,2014-07-17 00:15:00,0.0,26.35596,26.71658,27.94403,25.85645,26.78338
18865,2014-07-17 00:30:00,0.0,23.57002,26.35596,26.71658,27.94403,25.85645
18866,2014-07-17 00:45:00,0.0,27.24631,23.57002,26.35596,26.71658,27.94403
18867,2014-07-17 01:00:00,0.0,25.74684,27.24631,23.57002,26.35596,26.71658
18868,2014-07-17 01:15:00,0.0,26.07354,25.74684,27.24631,23.57002,26.35596
18869,2014-07-17 01:30:00,0.0,26.10482,26.07354,25.74684,27.24631,23.57002
18870,2014-07-17 01:45:00,0.0,26.94747,26.10482,26.07354,25.74684,27.24631
18871,2014-07-17 02:00:00,0.0,25.72042,26.94747,26.10482,26.07354,25.74684
18872,2014-07-17 02:15:00,0.0,22.60442,25.72042,26.94747,26.10482,26.07354
18873,2014-07-17 02:30:00,0.0,25.64639,22.60442,25.72042,26.94747,26.10482
18874,2014-07-17 02:45:00,0.0,25.7905,25.64639,22.60442,25.72042,26.94747
18875,2014-07-17 03:00:00,0.0,25.48479,25.7905,25.64639,22.60442,25.72042
18876,2014-07-17 03:15:00,0.0,26.00647,25.48479,25.7905,25.64639,22.60442
18877,2014-07-17 03:30:00,0.0,26.64824,26.00647,25.48479,25.7905,25.64639
18878,2014-07-17 03:45:00,0.0,27.16875,26.64824,26.00647,25.48479,25.7905
18879,2014-07-17 04:00:00,0.0,25.701,27.16875,26.64824,26.00647,25.48479
18880,2014-07-17 04:15:00,0.0,26.56418,25.701,27.16875,26.64824,26.00647
18881,2014-07-17 04:30:00,0.0,26.96306,26.56418,25.701,27.16875,26.64824
18882,2014-07-17 04:45:00,0.0,26.58877,26.96306,26.56418,25.701,27.16875
18883,2014-07-17 05:00:00,0.0,24.15693,26.58877,26.96306,26.56418,25.701
18884,2014-07-17 05:15:00,0.0,25.67993,24.15693,26.58877,26.96306,26.56418
18885,2014-07-17 05:30:00,0.0,27.59812,25.67993,24.15693,26.58877,26.96306
18886,2014-07-17 05:45:00,0.0,28.47795,27.59812,25.67993,24.15693,26.58877
18887,2014-07-17 06:00:00,0.0,25.99833,28.47795,27.59812,25.67993,24.15693
18888,2014-07-17 06:15:00,0.0,28.18706,25.99833,28.47795,27.59812,25.67993
18889,2014-07-17 06:30:00,0.0,30.10755,28.18706,25.99833,28.47795,27.59812
18890,2014-07-17 06:45:00,0.0,27.63809,30.10755,28.18706,25.99833,28.47795
18891,2014-07-17 07:00:00,0.0,29.65397,27.63809,30.10755,28.18706,25.99833
18892,2014-07-17 07:15:00,0.0,26.34336,29.65397,27.63809,30.10755,28.18706
18893,2014-07-17 07:30:00,0.0,31.1759,26.34336,29.65397,27.63809,30.10755
18894,2014-07-17 07:45:00,0.0,30.84702,31.1759,26.34336,29.65397,27.63809
18895,2014-07-17 08:00:00,0.0,31.84425,30.84702,31.1759,26.34336,29.65397
18896,2014-07-17 08:15:00,0.0,27.85089,31.84425,30.84702,31.1759,26.34336
18897,2014-07-17 08:30:00,0.0,32.69156,27.85089,31.84425,30.84702,31.1759
18898,2014-07-17 08:45:00,0.0,31.8403,32.69156,27.85089,31.84425,30.84702
18899,2014-07-17 09:00:00,0.0,32.91737,31.8403,32.69156,27.85089,31.84425
18900,2014-07-17 09:15:00,0.0,32.13999,32.91737,31.8403,32.69156,27.85089
18901,2014-07-17 09:30:00,0.0,33.40174,32.13999,32.91737,31.8403,32.69156
18902,2014-07-17 09:45:00,0.0,35.60459,33.40174,32.13999,32.91737,31.8403
18903,2014-07-17 10:00:00,0.0,35.22946,35.60459,33.40174,32.13999,32.91737
18904,2014-07-17 10:15:00,0.0,32.85721,35.22946,35.60459,33.40174,32.13999
18905,2014-07-17 10:30:00,0.0,33.49379,32.85721,35.22946,35.60459,33.40174
18906,2014-07-17 10:45:00,0.0,35.06983,33.49379,32.85721,35.22946,35.60459
18907,2014-07-17 11:00:00,0.0,32.97048,35.06983,33.49379,32.85721,35.22946
18908,2014-07-17 11:15:00,0.0,34.73459,32.97048,35.06983,33.49379,32.85721
18909,2014-07-17 11:30:00,0.0,33.47505,34.73459,32.97048,35.06983,33.49379
18910,2014-07-17 11:45:00,0.0,34.48881,33.47505,34.73459,32.97048,35.06983
18911,2014-07-17 12:00:00,0.0,37.71209,34.48881,33.47505,34.73459,32.97048
18912,2014-07-17 12:15:00,0.0,36.54689,37.71209,34.48881,33.47505,34.73459
18913,2014-07-17 12:30:00,0.0,36.81934,36.54689,37.71209,34.48881,33.47505
18914,2014-07-17 12:45:00,0.0,35.55065,36.81934,36.54689,37.71209,34.48881
18915,2014-07-17 13:00:00,0.0,37.25588,35.55065,36.81934,36.54689,37.71209
18916,2014-07-17 13:15:00,0.0,34.24674,37.25588,35.55065,36.81934,36.54689
18917,2014-07-17 13:30:00,0.0,36.18598,34.24674,37.25588,35.55065,36.81934
18918,2014-07-17 13:45:00,0.0,34.25301,36.18598,34.24674,37.25588,35.55065
18919,2014-07-17 14:00:00,0.0,38.57019,34.25301,36.18598,34.24674,37.25588
18920,2014-07-17 14:15:00,0.0,38.16697,38.57019,34.25301,36.18598,34.24674
18921,2014-07-17 14:30:00,0.0,36.16019,38.16697,38.57019,34.25301,36.18598
18922,2014-07-17 14:45:00,0.0,35.72239,36.16019,38.16697,38.57019,34.25301
18923,2014-07-17 15:00:00,0.0,36.38422,35.72239,36.16019,38.16697,38.57019
18924,2014-07-17 15:15:00,0.0,37.4295,36.38422,35.72239,36.16019,38.16697
18925,2014-07-17 15:30:00,0.0,37.98542,37.4295,36.38422,35.72239,36.16019
18926,2014-07-17 15:45:00,0.0,37.75959,37.98542,37.4295,36.38422,35.72239
18927,2014-07-17 16:00:00,0.0,37.55721,37.75959,37.98542,37.4295,36.38422
18928,2014-07-17 16:15:00,0.0,36.97389,37.55721,37.75959,37.98542,37.4295
18929,2014-07-17 16:30:00,0.0,35.88168,36.97389,37.55721,37.75959,37.98542
18930,2014-07-17 16:45:00,0.0,37.28124,35.88168,36.97389,37.55721,37.75959
18931,2014-07-17 17:00:00,0.0,34.84771,37.28124,35.88168,36.97389,37.55721
18932,2014-07-17 17:15:00,0.0,32.76326,34.84771,37.28124,35.88168,36.97389
18933,2014-07-17 17:30:00,0.0,34.90404,32.76326,34.84771,37.28124,35.88168
18934,2014-07-17 17:45:00,0.0,34.53431,34.90404,32.76326,34.84771,37.28124
18935,2014-07-17 18:00:00,0.0,33.3686,34.53431,34.90404,32.76326,34.84771
18936,2014-07-17 18:15:00,0.0,31.70706,33.3686,34.53431,34.90404,32.76326
18937,2014-07-17 18:30:00,0.0,30.59431,31.70706,33.3686,34.53431,34.90404
18938,2014-07-17 18:45:00,0.0,31.72361,30.59431,31.70706,33.3686,34.53431
18939,2014-07-17 19:00:00,0.0,30.60107,31.72361,30.59431,31.70706,33.3686
18940,2014-07-17 19:15:00,0.0,28.47148,30.60107,31.72361,30.59431,31.70706
18941,2014-07-17 19:30:00,0.0,31.41488,28.47148,30.60107,31.72361,30.59431
18942,2014-07-17 19:45:00,0.0,29.8342,31.41488,28.47148,30.60107,31.72361
18943,2014-07-17 20:00:00,0.0,30.59975,29.8342,31.41488,28.47148,30.60107
18944,2014-07-17 20:15:00,0.0,28.44205,30.59975,29.8342,31.41488,28.47148
18945,2014-07-17 20:45:00,0.0,59.50409,28.44205,30.59975,29.8342,31.41488
18946,2014-07-17 21:00:00,0.0,28.32778,59.50409,28.44205,30.59975,29.8342
18947,2014-07-17 21:15:00,0.0,28.92908,28.32778,59.50409,28.44205,30.59975
18948,2014-07-17 21:30:00,0.0,29.37497,28.92908,28.32778,59.50409,28.44205
18949,2014-07-17 21:45:00,0.0,29.17228,29.37497,28.92908,28.32778,59.50409
18950,2014-07-17 22:00:00,0.0,28.84508,29.17228,29.37497,28.92908,28.32778
18951,2014-07-17 22:15:00,0.0,28.42609,28.84508,29.17228,29.37497,28.92908
18952,2014-07-17 22:30:00,0.0,25.31275,28.42609,28.84508,29.17228,29.37497
18953,2014-07-17 22:45:00,0.0,26.3415,25.31275,28.42609,28.84508,29.17228
18954,2014-07-17 23:00:00,0.0,28.69121,26.3415,25.31275,28.42609,28.84508
18955,2014-07-17 23:15:00,0.0,26.0114,28.69121,26.3415,25.31275,28.42609
18956,2014-07-17 23:30:00,0.0,26.17817,26.0114,28.69121,26.3415,25.31275
18957,2014-07-17 23:45:00,0.0,25.65629,26.17817,26.0114,28.69121,26.3415
18958,2014-07-18 00:00:00,0.0,25.16761,25.65629,26.17817,26.0114,28.69121
18959,2014-07-18 00:15:00,0.0,24.24984,25.16761,25.65629,26.17817,26.0114
18960,2014-07-18 00:30:00,0.0,26.02799,24.24984,25.16761,25.65629,26.17817
18961,2014-07-18 00:45:00,0.0,26.10356,26.02799,24.24984,25.16761,25.65629
18962,2014-07-18 01:00:00,0.0,27.49973,26.10356,26.02799,24.24984,25.16761
18963,2014-07-18 01:15:00,0.0,23.50284,27.49973,26.10356,26.02799,24.24984
18964,2014-07-18 01:30:00,0.0,25.50931,23.50284,27.49973,26.10356,26.02799
18965,2014-07-18 01:45:00,0.0,25.72716,25.50931,23.50284,27.49973,26.10356
18966,2014-07-18 02:00:00,0.0,25.85999,25.72716,25.50931,23.50284,27.49973
18967,2014-07-18 02:15:00,0.0,24.85361,25.85999,25.72716,25.50931,23.50284
18968,2014-07-18 02:30:00,0.0,26.20853,24.85361,25.85999,25.72716,25.50931
18969,2014-07-18 02:45:00,0.0,26.87833,26.20853,24.85361,25.85999,25.72716
18970,2014-07-18 03:00:00,0.0,26.61098,26.87833,26.20853,24.85361,25.85999
18971,2014-07-18 03:15:00,0.0,25.12245,26.61098,26.87833,26.20853,24.85361
18972,2014-07-18 03:30:00,0.0,24.48087,25.12245,26.61098,26.87833,26.20853
18973,2014-07-18 03:45:00,0.0,25.40758,24.48087,25.12245,26.61098,26.87833
18974,2014-07-18 04:00:00,0.0,24.49063,25.40758,24.48087,25.12245,26.61098
18975,2014-07-18 04:15:00,0.0,26.60168,24.49063,25.40758,24.48087,25.12245
18976,2014-07-18 04:30:00,0.0,26.04817,26.60168,24.49063,25.40758,24.48087
18977,2014-07-18 04:45:00,0.0,28.01871,26.04817,26.60168,24.49063,25.40758
18978,2014-07-18 05:00:00,0.0,26.47987,28.01871,26.04817,26.60168,24.49063
18979,2014-07-18 05:15:00,0.0,25.77499,26.47987,28.01871,26.04817,26.60168
18980,2014-07-18 05:30:00,0.0,25.80833,25.77499,26.47987,28.01871,26.04817
18981,2014-07-18 05:45:00,0.0,28.2338,25.80833,25.77499,26.47987,28.01871
18982,2014-07-18 06:00:00,0.0,26.79063,28.2338,25.80833,25.77499,26.47987
18983,2014-07-18 06:15:00,0.0,29.7925,26.79063,28.2338,25.80833,25.77499
18984,2014-07-18 06:30:00,0.0,27.30213,29.7925,26.79063,28.2338,25.80833
18985,2014-07-18 06:45:00,0.0,29.92474,27.30213,29.7925,26.79063,28.2338
18986,2014-07-18 07:00:00,0.0,27.86329,29.92474,27.30213,29.7925,26.79063
18987,2014-07-18 07:15:00,0.0,31.9194,27.86329,29.92474,27.30213,29.7925
18988,2014-07-18 07:30:00,0.0,29.40297,31.9194,27.86329,29.92474,27.30213
18989,2014-07-18 07:45:00,0.0,31.6149,29.40297,31.9194,27.86329,29.92474
18990,2014-07-18 08:00:00,0.0,31.38391,31.6149,29.40297,31.9194,27.86329
18991,2014-07-18 08:15:00,0.0,32.05425,31.38391,31.6149,29.40297,31.9194
18992,2014-07-18 08:30:00,0.0,31.08937,32.05425,31.38391,31.6149,29.40297
18993,2014-07-18 08:45:00,0.0,30.76131,31.08937,32.05425,31.38391,31.6149
18994,2014-07-18 09:00:00,0.0,31.91378,30.76131,31.08937,32.05425,31.38391
18995,2014-07-18 09:15:00,0.0,31.67478,31.91378,30.76131,31.08937,32.05425
18996,2014-07-18 09:30:00,0.0,31.01157,31.67478,31.91378,30.76131,31.08937
18997,2014-07-18 09:45:00,0.0,34.54236,31.01157,31.67478,31.91378,30.76131
18998,2014-07-18 10:00:00,0.0,32.03854,34.54236,31.01157,31.67478,31.91378
18999,2014-07-18 10:15:00,0.0,33.5909,32.03854,34.54236,31.01157,31.67478
19000,2014-07-18 10:30:00,0.0,34.5027,33.5909,32.03854,34.54236,31.01157
19001,2014-07-18 10:45:00,0.0,34.25953,34.5027,33.5909,32.03854,34.54236
19002,2014-07-18 11:00:00,0.0,34.33602,34.25953,34.5027,33.5909,32.03854
19003,2014-07-18 11:15:00,0.0,32.90675,34.33602,34.25953,34.5027,33.5909
19004,2014-07-18 11:30:00,0.0,34.68218,32.90675,34.33602,34.25953,34.5027
19005,2014-07-18 11:45:00,0.0,35.45325,34.68218,32.90675,34.33602,34.25953
19006,2014-07-18 12:00:00,0.0,35.20189,35.45325,34.68218,32.90675,34.33602
19007,2014-07-18 12:15:00,0.0,34.83604,35.20189,35.45325,34.68218,32.90675
19008,2014-07-18 12:30:00,0.0,34.08588,34.83604,35.20189,35.45325,34.68218
19009,2014-07-18 12:45:00,0.0,34.335,34.08588,34.83604,35.20189,35.45325
19010,2014-07-18 13:00:00,0.0,34.85794,34.335,34.08588,34.83604,35.20189
19011,2014-07-18 13:15:00,0.0,34.34596,34.85794,34.335,34.08588,34.83604
19012,2014-07-18 13:30:00,0.0,35.54986,34.34596,34.85794,34.335,34.08588
19013,2014-07-18 13:45:00,0.0,38.26126,35.54986,34.34596,34.85794,34.335
19014,2014-07-18 14:00:00,0.0,35.91696,38.26126,35.54986,34.34596,34.85794
19015,2014-07-18 14:15:00,0.0,36.11365,35.91696,38.26126,35.54986,34.34596
19016,2014-07-18 14:30:00,0.0,37.63464,36.11365,35.91696,38.26126,35.54986
19017,2014-07-18 14:45:00,0.0,37.22682,37.63464,36.11365,35.91696,38.26126
19018,2014-07-18 15:00:00,0.0,35.68948,37.22682,37.63464,36.11365,35.91696
19019,2014-07-18 15:15:00,0.0,36.48176,35.68948,37.22682,37.63464,36.11365
19020,2014-07-18 15:30:00,0.0,36.18194,36.48176,35.68948,37.22682,37.63464
19021,2014-07-18 15:45:00,0.0,38.07817,36.18194,36.48176,35.68948,37.22682
19022,2014-07-18 16:00:00,0.0,37.67557,38.07817,36.18194,36.48176,35.68948
19023,2014-07-18 16:15:00,0.0,36.34631,37.67557,38.07817,36.18194,36.48176
19024,2014-07-18 16:30:00,0.0,35.47046,36.34631,37.67557,38.07817,36.18194
19025,2014-07-18 16:45:00,0.0,38.02564,35.47046,36.34631,37.67557,38.07817
19026,2014-07-18 17:00:00,0.0,38.3655,38.02564,35.47046,36.34631,37.67557
19027,2014-07-18 17:15:00,0.0,35.7804,38.3655,38.02564,35.47046,36.34631
19028,2014-07-18 17:30:00,0.0,38.56152,35.7804,38.3655,38.02564,35.47046
19029,2014-07-18 17:45:00,0.0,34.08465,38.56152,35.7804,38.3655,38.02564
19030,2014-07-18 18:00:00,0.0,33.73651,34.08465,38.56152,35.7804,38.3655
19031,2014-07-18 18:15:00,0.0,33.44302,33.73651,34.08465,38.56152,35.7804
19032,2014-07-18 18:30:00,0.0,27.93663,33.44302,33.73651,34.08465,38.56152
19033,2014-07-18 18:45:00,0.0,32.23541,27.93663,33.44302,33.73651,34.08465
19034,2014-07-18 19:00:00,0.0,28.49379,32.23541,27.93663,33.44302,33.73651
19035,2014-07-18 19:15:00,0.0,30.22286,28.49379,32.23541,27.93663,33.44302
19036,2014-07-18 19:30:00,0.0,29.22352,30.22286,28.49379,32.23541,27.93663
19037,2014-07-18 19:45:00,0.0,29.57928,29.22352,30.22286,28.49379,32.23541
19038,2014-07-18 20:00:00,0.0,26.93371,29.57928,29.22352,30.22286,28.49379
19039,2014-07-18 20:15:00,0.0,26.79662,26.93371,29.57928,29.22352,30.22286
19040,2014-07-18 20:30:00,0.0,27.23265,26.79662,26.93371,29.57928,29.22352
19041,2014-07-18 20:45:00,0.0,29.12364,27.23265,26.79662,26.93371,29.57928
19042,2014-07-18 21:00:00,0.0,27.8491,29.12364,27.23265,26.79662,26.93371
19043,2014-07-18 21:15:00,0.0,28.51624,27.8491,29.12364,27.23265,26.79662
19044,2014-07-18 21:30:00,0.0,27.75388,28.51624,27.8491,29.12364,27.23265
19045,2014-07-18 21:45:00,0.0,27.23954,27.75388,28.51624,27.8491,29.12364
19046,2014-07-18 22:00:00,0.0,26.53964,27.23954,27.75388,28.51624,27.8491
19047,2014-07-18 22:15:00,0.0,26.98689,26.53964,27.23954,27.75388,28.51624
19048,2014-07-18 22:30:00,0.0,26.44661,26.98689,26.53964,27.23954,27.75388
19049,2014-07-18 22:45:00,0.0,28.56508,26.44661,26.98689,26.53964,27.23954
19050,2014-07-18 23:00:00,0.0,27.90575,28.56508,26.44661,26.98689,26.53964
19051,2014-07-18 23:15:00,0.0,25.73007,27.90575,28.56508,26.44661,26.98689
19052,2014-07-18 23:30:00,0.0,24.79116,25.73007,27.90575,28.56508,26.44661
19053,2014-07-18 23:45:00,0.0,26.04282,24.79116,25.73007,27.90575,28.56508
19054,2014-07-19 00:00:00,0.0,23.43875,26.04282,24.79116,25.73007,27.90575
19055,2014-07-19 00:15:00,0.0,23.40807,23.43875,26.04282,24.79116,25.73007
19056,2014-07-19 00:30:00,0.0,24.68185,23.40807,23.43875,26.04282,24.79116
19057,2014-07-19 00:45:00,0.0,28.02886,24.68185,23.40807,23.43875,26.04282
19058,2014-07-19 01:00:00,0.0,24.72264,28.02886,24.68185,23.40807,23.43875
19059,2014-07-19 01:15:00,0.0,24.42475,24.72264,28.02886,24.68185,23.40807
19060,2014-07-19 01:30:00,0.0,24.89425,24.42475,24.72264,28.02886,24.68185
19061,2014-07-19 01:45:00,0.0,24.53983,24.89425,24.42475,24.72264,28.02886
19062,2014-07-19 02:00:00,0.0,23.81321,24.53983,24.89425,24.42475,24.72264
19063,2014-07-19 02:15:00,0.0,25.99055,23.81321,24.53983,24.89425,24.42475
19064,2014-07-19 02:30:00,0.0,25.07449,25.99055,23.81321,24.53983,24.89425
19065,2014-07-19 02:45:00,0.0,24.84311,25.07449,25.99055,23.81321,24.53983
19066,2014-07-19 03:00:00,0.0,25.85988,24.84311,25.07449,25.99055,23.81321
19067,2014-07-19 03:15:00,0.0,25.2599,25.85988,24.84311,25.07449,25.99055
19068,2014-07-19 03:30:00,0.0,23.0958,25.2599,25.85988,24.84311,25.07449
19069,2014-07-19 03:45:00,0.0,24.17348,23.0958,25.2599,25.85988,24.84311
19070,2014-07-19 04:00:00,0.0,26.57042,24.17348,23.0958,25.2599,25.85988
19071,2014-07-19 04:15:00,0.0,25.70523,26.57042,24.17348,23.0958,25.2599
19072,2014-07-19 04:30:00,0.0,24.0054,25.70523,26.57042,24.17348,23.0958
19073,2014-07-19 04:45:00,0.0,26.48353,24.0054,25.70523,26.57042,24.17348
19074,2014-07-19 05:00:00,0.0,24.7481,26.48353,24.0054,25.70523,26.57042
19075,2014-07-19 05:15:00,0.0,25.75718,24.7481,26.48353,24.0054,25.70523
19076,2014-07-19 05:30:00,0.0,23.57815,25.75718,24.7481,26.48353,24.0054
19077,2014-07-19 05:45:00,0.0,23.96293,23.57815,25.75718,24.7481,26.48353
19078,2014-07-19 06:00:00,0.0,24.86476,23.96293,23.57815,25.75718,24.7481
19079,2014-07-19 06:15:00,0.0,26.0286,24.86476,23.96293,23.57815,25.75718
19080,2014-07-19 06:30:00,0.0,24.89945,26.0286,24.86476,23.96293,23.57815
19081,2014-07-19 06:45:00,0.0,26.65818,24.89945,26.0286,24.86476,23.96293
19082,2014-07-19 07:00:00,0.0,23.71618,26.65818,24.89945,26.0286,24.86476
19083,2014-07-19 07:15:00,0.0,25.10289,23.71618,26.65818,24.89945,26.0286
19084,2014-07-19 07:30:00,0.0,25.76434,25.10289,23.71618,26.65818,24.89945
19085,2014-07-19 07:45:00,0.0,27.16398,25.76434,25.10289,23.71618,26.65818
19086,2014-07-19 08:00:00,0.0,25.98298,27.16398,25.76434,25.10289,23.71618
19087,2014-07-19 08:15:00,0.0,26.11229,25.98298,27.16398,25.76434,25.10289
19088,2014-07-19 08:30:00,0.0,25.84593,26.11229,25.98298,27.16398,25.76434
19089,2014-07-19 08:45:00,0.0,24.7966,25.84593,26.11229,25.98298,27.16398
19090,2014-07-19 09:00:00,0.0,27.95156,24.7966,25.84593,26.11229,25.98298
19091,2014-07-19 09:15:00,0.0,25.56765,27.95156,24.7966,25.84593,26.11229
19092,2014-07-19 09:30:00,0.0,26.80975,25.56765,27.95156,24.7966,25.84593
19093,2014-07-19 09:45:00,0.0,25.30648,26.80975,25.56765,27.95156,24.7966
19094,2014-07-19 10:00:00,0.0,28.11332,25.30648,26.80975,25.56765,27.95156
19095,2014-07-19 10:15:00,0.0,25.94208,28.11332,25.30648,26.80975,25.56765
19096,2014-07-19 10:30:00,0.0,24.13925,25.94208,28.11332,25.30648,26.80975
19097,2014-07-19 10:45:00,0.0,25.89868,24.13925,25.94208,28.11332,25.30648
19098,2014-07-19 11:00:00,0.0,27.65446,25.89868,24.13925,25.94208,28.11332
19099,2014-07-19 11:15:00,0.0,29.53806,27.65446,25.89868,24.13925,25.94208
19100,2014-07-19 11:30:00,0.0,29.21853,29.53806,27.65446,25.89868,24.13925
19101,2014-07-19 11:45:00,0.0,28.36222,29.21853,29.53806,27.65446,25.89868
19102,2014-07-19 12:00:00,0.0,28.2517,28.36222,29.21853,29.53806,27.65446
19103,2014-07-19 12:15:00,0.0,28.88369,28.2517,28.36222,29.21853,29.53806
19104,2014-07-19 12:30:00,0.0,29.57872,28.88369,28.2517,28.36222,29.21853
19105,2014-07-19 12:45:00,0.0,29.95305,29.57872,28.88369,28.2517,28.36222
19106,2014-07-19 13:00:00,0.0,29.22819,29.95305,29.57872,28.88369,28.2517
19107,2014-07-19 13:15:00,0.0,29.36775,29.22819,29.95305,29.57872,28.88369
19108,2014-07-19 13:30:00,0.0,30.24957,29.36775,29.22819,29.95305,29.57872
19109,2014-07-19 13:45:00,0.0,30.98149,30.24957,29.36775,29.22819,29.95305
19110,2014-07-19 14:00:00,0.0,28.77755,30.98149,30.24957,29.36775,29.22819
19111,2014-07-19 14:15:00,0.0,30.45207,28.77755,30.98149,30.24957,29.36775
19112,2014-07-19 14:30:00,0.0,28.31211,30.45207,28.77755,30.98149,30.24957
19113,2014-07-19 14:45:00,0.0,31.29123,28.31211,30.45207,28.77755,30.98149
19114,2014-07-19 15:00:00,0.0,27.86681,31.29123,28.31211,30.45207,28.77755
19115,2014-07-19 15:15:00,0.0,29.39721,27.86681,31.29123,28.31211,30.45207
19116,2014-07-19 15:30:00,0.0,31.51304,29.39721,27.86681,31.29123,28.31211
19117,2014-07-19 15:45:00,0.0,31.55862,31.51304,29.39721,27.86681,31.29123
19118,2014-07-19 16:00:00,0.0,29.58199,31.55862,31.51304,29.39721,27.86681
19119,2014-07-19 16:15:00,0.0,27.18473,29.58199,31.55862,31.51304,29.39721
19120,2014-07-19 16:30:00,0.0,30.56837,27.18473,29.58199,31.55862,31.51304
19121,2014-07-19 16:45:00,0.0,29.14636,30.56837,27.18473,29.58199,31.55862
19122,2014-07-19 17:00:00,0.0,28.57194,29.14636,30.56837,27.18473,29.58199
19123,2014-07-19 17:15:00,0.0,28.36952,28.57194,29.14636,30.56837,27.18473
19124,2014-07-19 17:30:00,0.0,27.9205,28.36952,28.57194,29.14636,30.56837
19125,2014-07-19 17:45:00,0.0,30.34282,27.9205,28.36952,28.57194,29.14636
19126,2014-07-19 18:00:00,0.0,29.15688,30.34282,27.9205,28.36952,28.57194
19127,2014-07-19 18:15:00,0.0,28.90532,29.15688,30.34282,27.9205,28.36952
19128,2014-07-19 18:30:00,0.0,28.06821,28.90532,29.15688,30.34282,27.9205
19129,2014-07-19 18:45:00,0.0,26.13879,28.06821,28.90532,29.15688,30.34282
19130,2014-07-19 19:00:00,0.0,26.1432,26.13879,28.06821,28.90532,29.15688
19131,2014-07-19 19:15:00,0.0,26.21507,26.1432,26.13879,28.06821,28.90532
19132,2014-07-19 19:30:00,0.0,27.93001,26.21507,26.1432,26.13879,28.06821
19133,2014-07-19 19:45:00,0.0,26.52617,27.93001,26.21507,26.1432,26.13879
19134,2014-07-19 20:00:00,0.0,26.9094,26.52617,27.93001,26.21507,26.1432
19135,2014-07-19 20:15:00,0.0,25.28482,26.9094,26.52617,27.93001,26.21507
19136,2014-07-19 20:30:00,0.0,26.18492,25.28482,26.9094,26.52617,27.93001
19137,2014-07-19 20:45:00,0.0,27.06025,26.18492,25.28482,26.9094,26.52617
19138,2014-07-19 21:00:00,0.0,26.72976,27.06025,26.18492,25.28482,26.9094
19139,2014-07-19 21:15:00,0.0,27.06555,26.72976,27.06025,26.18492,25.28482
19140,2014-07-19 21:30:00,0.0,27.7674,27.06555,26.72976,27.06025,26.18492
19141,2014-07-19 21:45:00,0.0,26.56122,27.7674,27.06555,26.72976,27.06025
19142,2014-07-19 22:00:00,0.0,27.7156,26.56122,27.7674,27.06555,26.72976
19143,2014-07-19 22:15:00,0.0,27.05744,27.7156,26.56122,27.7674,27.06555
19144,2014-07-19 22:30:00,0.0,27.19131,27.05744,27.7156,26.56122,27.7674
19145,2014-07-19 22:45:00,0.0,25.50396,27.19131,27.05744,27.7156,26.56122
19146,2014-07-19 23:00:00,0.0,27.43851,25.50396,27.19131,27.05744,27.7156
19147,2014-07-19 23:15:00,0.0,26.10055,27.43851,25.50396,27.19131,27.05744
19148,2014-07-19 23:30:00,0.0,25.65718,26.10055,27.43851,25.50396,27.19131
19149,2014-07-19 23:45:00,0.0,24.80787,25.65718,26.10055,27.43851,25.50396
19150,2014-07-20 00:00:00,0.0,26.33963,24.80787,25.65718,26.10055,27.43851
19151,2014-07-20 00:15:00,0.0,23.6665,26.33963,24.80787,25.65718,26.10055
19152,2014-07-20 00:30:00,0.0,25.22047,23.6665,26.33963,24.80787,25.65718
19153,2014-07-20 00:45:00,0.0,26.66632,25.22047,23.6665,26.33963,24.80787
19154,2014-07-20 01:00:00,0.0,26.27655,26.66632,25.22047,23.6665,26.33963
19155,2014-07-20 01:15:00,0.0,24.79421,26.27655,26.66632,25.22047,23.6665
19156,2014-07-20 01:30:00,0.0,25.40848,24.79421,26.27655,26.66632,25.22047
19157,2014-07-20 01:45:00,0.0,25.31221,25.40848,24.79421,26.27655,26.66632
19158,2014-07-20 02:00:00,0.0,24.37062,25.31221,25.40848,24.79421,26.27655
19159,2014-07-20 02:15:00,0.0,22.83032,24.37062,25.31221,25.40848,24.79421
19160,2014-07-20 02:30:00,0.0,26.05182,22.83032,24.37062,25.31221,25.40848
19161,2014-07-20 02:45:00,0.0,27.25882,26.05182,22.83032,24.37062,25.31221
19162,2014-07-20 03:00:00,0.0,25.88439,27.25882,26.05182,22.83032,24.37062
19163,2014-07-20 03:15:00,0.0,25.29673,25.88439,27.25882,26.05182,22.83032
19164,2014-07-20 03:30:00,0.0,24.34637,25.29673,25.88439,27.25882,26.05182
19165,2014-07-20 03:45:00,0.0,26.36168,24.34637,25.29673,25.88439,27.25882
19166,2014-07-20 04:00:00,0.0,25.10638,26.36168,24.34637,25.29673,25.88439
19167,2014-07-20 04:15:00,0.0,26.16859,25.10638,26.36168,24.34637,25.29673
19168,2014-07-20 04:30:00,0.0,25.51391,26.16859,25.10638,26.36168,24.34637
19169,2014-07-20 04:45:00,0.0,28.05844,25.51391,26.16859,25.10638,26.36168
19170,2014-07-20 05:00:00,0.0,25.138,28.05844,25.51391,26.16859,25.10638
19171,2014-07-20 05:15:00,0.0,25.86458,25.138,28.05844,25.51391,26.16859
19172,2014-07-20 05:30:00,0.0,25.13716,25.86458,25.138,28.05844,25.51391
19173,2014-07-20 05:45:00,0.0,25.21198,25.13716,25.86458,25.138,28.05844
19174,2014-07-20 06:00:00,0.0,25.18883,25.21198,25.13716,25.86458,25.138
19175,2014-07-20 06:15:00,0.0,26.81312,25.18883,25.21198,25.13716,25.86458
19176,2014-07-20 06:30:00,0.0,25.03606,26.81312,25.18883,25.21198,25.13716
19177,2014-07-20 06:45:00,0.0,25.35111,25.03606,26.81312,25.18883,25.21198
19178,2014-07-20 07:00:00,0.0,25.33274,25.35111,25.03606,26.81312,25.18883
19179,2014-07-20 07:15:00,0.0,24.30706,25.33274,25.35111,25.03606,26.81312
19180,2014-07-20 07:30:00,0.0,25.84218,24.30706,25.33274,25.35111,25.03606
19181,2014-07-20 07:45:00,0.0,27.2848,25.84218,24.30706,25.33274,25.35111
19182,2014-07-20 08:00:00,0.0,28.21485,27.2848,25.84218,24.30706,25.33274
19183,2014-07-20 08:15:00,0.0,25.80451,28.21485,27.2848,25.84218,24.30706
19184,2014-07-20 08:30:00,0.0,26.0395,25.80451,28.21485,27.2848,25.84218
19185,2014-07-20 08:45:00,0.0,27.73509,26.0395,25.80451,28.21485,27.2848
19186,2014-07-20 09:00:00,0.0,24.66361,27.73509,26.0395,25.80451,28.21485
19187,2014-07-20 09:15:00,0.0,26.12841,24.66361,27.73509,26.0395,25.80451
19188,2014-07-20 09:30:00,0.0,26.84024,26.12841,24.66361,27.73509,26.0395
19189,2014-07-20 09:45:00,0.0,27.3698,26.84024,26.12841,24.66361,27.73509
19190,2014-07-20 10:00:00,0.0,27.80883,27.3698,26.84024,26.12841,24.66361
19191,2014-07-20 10:15:00,0.0,26.61857,27.80883,27.3698,26.84024,26.12841
19192,2014-07-20 10:30:00,0.0,25.8281,26.61857,27.80883,27.3698,26.84024
19193,2014-07-20 10:45:00,0.0,27.07749,25.8281,26.61857,27.80883,27.3698
19194,2014-07-20 11:00:00,0.0,27.31127,27.07749,25.8281,26.61857,27.80883
19195,2014-07-20 11:15:00,0.0,26.00149,27.31127,27.07749,25.8281,26.61857
19196,2014-07-20 11:30:00,0.0,25.6581,26.00149,27.31127,27.07749,25.8281
19197,2014-07-20 11:45:00,0.0,28.27213,25.6581,26.00149,27.31127,27.07749
19198,2014-07-20 12:00:00,0.0,28.0744,28.27213,25.6581,26.00149,27.31127
19199,2014-07-20 12:15:00,0.0,26.21084,28.0744,28.27213,25.6581,26.00149
19200,2014-07-20 12:30:00,0.0,26.92383,26.21084,28.0744,28.27213,25.6581
19201,2014-07-20 12:45:00,0.0,26.2305,26.92383,26.21084,28.0744,28.27213
19202,2014-07-20 13:00:00,0.0,27.01891,26.2305,26.92383,26.21084,28.0744
19203,2014-07-20 13:15:00,0.0,28.27478,27.01891,26.2305,26.92383,26.21084
19204,2014-07-20 13:30:00,0.0,27.34873,28.27478,27.01891,26.2305,26.92383
19205,2014-07-20 13:45:00,0.0,30.01918,27.34873,28.27478,27.01891,26.2305
19206,2014-07-20 14:00:00,0.0,28.60698,30.01918,27.34873,28.27478,27.01891
19207,2014-07-20 14:15:00,0.0,27.98293,28.60698,30.01918,27.34873,28.27478
19208,2014-07-20 14:30:00,0.0,28.72671,27.98293,28.60698,30.01918,27.34873
19209,2014-07-20 14:45:00,0.0,26.48789,28.72671,27.98293,28.60698,30.01918
19210,2014-07-20 15:00:00,0.0,27.5932,26.48789,28.72671,27.98293,28.60698
19211,2014-07-20 15:15:00,0.0,29.35208,27.5932,26.48789,28.72671,27.98293
19212,2014-07-20 15:30:00,0.0,30.0732,29.35208,27.5932,26.48789,28.72671
19213,2014-07-20 15:45:00,0.0,28.68907,30.0732,29.35208,27.5932,26.48789
19214,2014-07-20 16:00:00,0.0,26.58985,28.68907,30.0732,29.35208,27.5932
19215,2014-07-20 16:15:00,0.0,30.32028,26.58985,28.68907,30.0732,29.35208
19216,2014-07-20 16:30:00,0.0,28.72847,30.32028,26.58985,28.68907,30.0732
19217,2014-07-20 16:45:00,0.0,31.44787,28.72847,30.32028,26.58985,28.68907
19218,2014-07-20 17:00:00,0.0,28.01675,31.44787,28.72847,30.32028,26.58985
19219,2014-07-20 17:15:00,0.0,28.19427,28.01675,31.44787,28.72847,30.32028
19220,2014-07-20 17:30:00,0.0,28.2283,28.19427,28.01675,31.44787,28.72847
19221,2014-07-20 17:45:00,0.0,29.50467,28.2283,28.19427,28.01675,31.44787
19222,2014-07-20 18:00:00,0.0,27.62598,29.50467,28.2283,28.19427,28.01675
19223,2014-07-20 18:15:00,0.0,28.29249,27.62598,29.50467,28.2283,28.19427
19224,2014-07-20 18:30:00,0.0,27.29489,28.29249,27.62598,29.50467,28.2283
19225,2014-07-20 18:45:00,0.0,26.60565,27.29489,28.29249,27.62598,29.50467
19226,2014-07-20 19:00:00,0.0,26.46094,26.60565,27.29489,28.29249,27.62598
19227,2014-07-20 19:15:00,0.0,29.15045,26.46094,26.60565,27.29489,28.29249
19228,2014-07-20 19:30:00,0.0,26.50921,29.15045,26.46094,26.60565,27.29489
19229,2014-07-20 19:45:00,0.0,25.31638,26.50921,29.15045,26.46094,26.60565
19230,2014-07-20 20:00:00,0.0,25.595,25.31638,26.50921,29.15045,26.46094
19231,2014-07-20 20:15:00,0.0,25.14376,25.595,25.31638,26.50921,29.15045
19232,2014-07-20 20:30:00,0.0,26.20277,25.14376,25.595,25.31638,26.50921
19233,2014-07-20 20:45:00,0.0,25.56445,26.20277,25.14376,25.595,25.31638
19234,2014-07-20 21:00:00,0.0,27.24377,25.56445,26.20277,25.14376,25.595
19235,2014-07-20 21:15:00,0.0,25.13989,27.24377,25.56445,26.20277,25.14376
19236,2014-07-20 21:30:00,0.0,27.29583,25.13989,27.24377,25.56445,26.20277
19237,2014-07-20 21:45:00,0.0,27.19614,27.29583,25.13989,27.24377,25.56445
19238,2014-07-20 22:00:00,0.0,27.06904,27.19614,27.29583,25.13989,27.24377
19239,2014-07-20 22:15:00,0.0,26.69253,27.06904,27.19614,27.29583,25.13989
19240,2014-07-20 22:30:00,0.0,25.61035,26.69253,27.06904,27.19614,27.29583
19241,2014-07-20 22:45:00,0.0,27.94055,25.61035,26.69253,27.06904,27.19614
19242,2014-07-20 23:00:00,0.0,28.1254,27.94055,25.61035,26.69253,27.06904
19243,2014-07-20 23:15:00,0.0,24.6762,28.1254,27.94055,25.61035,26.69253
19244,2014-07-20 23:30:00,0.0,25.37791,24.6762,28.1254,27.94055,25.61035
19245,2014-07-20 23:45:00,0.0,22.52265,25.37791,24.6762,28.1254,27.94055
19246,2014-07-21 00:00:00,0.0,25.68552,22.52265,25.37791,24.6762,28.1254
19247,2014-07-21 00:15:00,0.0,22.94414,25.68552,22.52265,25.37791,24.6762
19248,2014-07-21 00:30:00,0.0,26.1491,22.94414,25.68552,22.52265,25.37791
19249,2014-07-21 00:45:00,0.0,25.28312,26.1491,22.94414,25.68552,22.52265
19250,2014-07-21 01:00:00,0.0,25.46317,25.28312,26.1491,22.94414,25.68552
19251,2014-07-21 01:15:00,0.0,21.54606,25.46317,25.28312,26.1491,22.94414
19252,2014-07-21 01:30:00,0.0,25.64536,21.54606,25.46317,25.28312,26.1491
19253,2014-07-21 01:45:00,0.0,25.15997,25.64536,21.54606,25.46317,25.28312
19254,2014-07-21 02:00:00,0.0,25.81955,25.15997,25.64536,21.54606,25.46317
19255,2014-07-21 02:15:00,0.0,25.79455,25.81955,25.15997,25.64536,21.54606
19256,2014-07-21 02:30:00,0.0,24.25016,25.79455,25.81955,25.15997,25.64536
19257,2014-07-21 02:45:00,0.0,26.50962,24.25016,25.79455,25.81955,25.15997
19258,2014-07-21 03:00:00,0.0,23.09089,26.50962,24.25016,25.79455,25.81955
19259,2014-07-21 03:15:00,0.0,25.15428,23.09089,26.50962,24.25016,25.79455
19260,2014-07-21 03:30:00,0.0,23.93796,25.15428,23.09089,26.50962,24.25016
19261,2014-07-21 03:45:00,0.0,26.65067,23.93796,25.15428,23.09089,26.50962
19262,2014-07-21 04:00:00,0.0,24.31274,26.65067,23.93796,25.15428,23.09089
19263,2014-07-21 04:15:00,0.0,27.02717,24.31274,26.65067,23.93796,25.15428
19264,2014-07-21 04:30:00,0.0,27.45834,27.02717,24.31274,26.65067,23.93796
19265,2014-07-21 04:45:00,0.0,26.58141,27.45834,27.02717,24.31274,26.65067
19266,2014-07-21 05:00:00,0.0,27.47078,26.58141,27.45834,27.02717,24.31274
19267,2014-07-21 05:15:00,0.0,25.76966,27.47078,26.58141,27.45834,27.02717
19268,2014-07-21 05:30:00,0.0,24.43666,25.76966,27.47078,26.58141,27.45834
19269,2014-07-21 05:45:00,0.0,27.87019,24.43666,25.76966,27.47078,26.58141
19270,2014-07-21 06:00:00,0.0,27.49049,27.87019,24.43666,25.76966,27.47078
19271,2014-07-21 06:15:00,0.0,26.57193,27.49049,27.87019,24.43666,25.76966
19272,2014-07-21 06:30:00,0.0,28.51442,26.57193,27.49049,27.87019,24.43666
19273,2014-07-21 06:45:00,0.0,25.25457,28.51442,26.57193,27.49049,27.87019
19274,2014-07-21 07:00:00,0.0,28.74503,25.25457,28.51442,26.57193,27.49049
19275,2014-07-21 07:15:00,0.0,26.36394,28.74503,25.25457,28.51442,26.57193
19276,2014-07-21 07:30:00,0.0,28.8871,26.36394,28.74503,25.25457,28.51442
19277,2014-07-21 07:45:00,0.0,31.03821,28.8871,26.36394,28.74503,25.25457
19278,2014-07-21 08:00:00,0.0,30.33873,31.03821,28.8871,26.36394,28.74503
19279,2014-07-21 08:15:00,0.0,29.80254,30.33873,31.03821,28.8871,26.36394
19280,2014-07-21 08:30:00,0.0,30.3013,29.80254,30.33873,31.03821,28.8871
19281,2014-07-21 08:45:00,0.0,29.14766,30.3013,29.80254,30.33873,31.03821
19282,2014-07-21 09:00:00,0.0,31.33056,29.14766,30.3013,29.80254,30.33873
19283,2014-07-21 09:15:00,0.0,29.15356,31.33056,29.14766,30.3013,29.80254
19284,2014-07-21 09:30:00,0.0,32.3052,29.15356,31.33056,29.14766,30.3013
19285,2014-07-21 09:45:00,0.0,31.91758,32.3052,29.15356,31.33056,29.14766
19286,2014-07-21 10:00:00,0.0,35.85955,31.91758,32.3052,29.15356,31.33056
19287,2014-07-21 10:15:00,0.0,33.47867,35.85955,31.91758,32.3052,29.15356
19288,2014-07-21 10:30:00,0.0,30.61711,33.47867,35.85955,31.91758,32.3052
19289,2014-07-21 10:45:00,0.0,34.00233,30.61711,33.47867,35.85955,31.91758
19290,2014-07-21 11:00:00,0.0,39.24832,34.00233,30.61711,33.47867,35.85955
19291,2014-07-21 11:15:00,0.0,37.35065,39.24832,34.00233,30.61711,33.47867
19292,2014-07-21 11:30:00,0.0,36.98311,37.35065,39.24832,34.00233,30.61711
19293,2014-07-21 11:45:00,0.0,38.30237,36.98311,37.35065,39.24832,34.00233
19294,2014-07-21 12:00:00,0.0,38.17097,38.30237,36.98311,37.35065,39.24832
19295,2014-07-21 12:15:00,0.0,36.83241,38.17097,38.30237,36.98311,37.35065
19296,2014-07-21 12:30:00,0.0,31.81953,36.83241,38.17097,38.30237,36.98311
19297,2014-07-21 12:45:00,0.0,37.73825,31.81953,36.83241,38.17097,38.30237
19298,2014-07-21 13:00:00,0.0,36.282,37.73825,31.81953,36.83241,38.17097
19299,2014-07-21 13:15:00,0.0,33.33616,36.282,37.73825,31.81953,36.83241
19300,2014-07-21 13:30:00,0.0,34.2104,33.33616,36.282,37.73825,31.81953
19301,2014-07-21 13:45:00,0.0,36.5325,34.2104,33.33616,36.282,37.73825
19302,2014-07-21 14:00:00,0.0,38.64125,36.5325,34.2104,33.33616,36.282
19303,2014-07-21 14:15:00,0.0,37.5059,38.64125,36.5325,34.2104,33.33616
19304,2014-07-21 14:30:00,0.0,37.15606,37.5059,38.64125,36.5325,34.2104
19305,2014-07-21 14:45:00,0.0,36.95008,37.15606,37.5059,38.64125,36.5325
19306,2014-07-21 15:00:00,0.0,39.84101,36.95008,37.15606,37.5059,38.64125
19307,2014-07-21 15:15:00,0.0,39.47808,39.84101,36.95008,37.15606,37.5059
19308,2014-07-21 15:30:00,0.0,40.55479,39.47808,39.84101,36.95008,37.15606
19309,2014-07-21 15:45:00,0.0,39.63277,40.55479,39.47808,39.84101,36.95008
19310,2014-07-21 16:00:00,0.0,39.2081,39.63277,40.55479,39.47808,39.84101
19311,2014-07-21 16:15:00,0.0,39.25607,39.2081,39.63277,40.55479,39.47808
19312,2014-07-21 16:30:00,0.0,39.57944,39.25607,39.2081,39.63277,40.55479
19313,2014-07-21 16:45:00,0.0,38.62759,39.57944,39.25607,39.2081,39.63277
19314,2014-07-21 17:00:00,0.0,37.33544,38.62759,39.57944,39.25607,39.2081
19315,2014-07-21 17:15:00,0.0,34.54826,37.33544,38.62759,39.57944,39.25607
19316,2014-07-21 17:30:00,0.0,38.8428,34.54826,37.33544,38.62759,39.57944
19317,2014-07-21 17:45:00,0.0,37.62703,38.8428,34.54826,37.33544,38.62759
19318,2014-07-21 18:00:00,0.0,34.15635,37.62703,38.8428,34.54826,37.33544
19319,2014-07-21 18:15:00,0.0,32.44909,34.15635,37.62703,38.8428,34.54826
19320,2014-07-21 18:30:00,0.0,33.71439,32.44909,34.15635,37.62703,38.8428
19321,2014-07-21 18:45:00,0.0,30.64036,33.71439,32.44909,34.15635,37.62703
19322,2014-07-21 19:00:00,0.0,31.77312,30.64036,33.71439,32.44909,34.15635
19323,2014-07-21 19:15:00,0.0,32.00383,31.77312,30.64036,33.71439,32.44909
19324,2014-07-21 19:30:00,0.0,30.53766,32.00383,31.77312,30.64036,33.71439
19325,2014-07-21 19:45:00,0.0,30.69054,30.53766,32.00383,31.77312,30.64036
19326,2014-07-21 20:00:00,0.0,29.4181,30.69054,30.53766,32.00383,31.77312
19327,2014-07-21 20:15:00,0.0,28.75062,29.4181,30.69054,30.53766,32.00383
19328,2014-07-21 20:30:00,0.0,28.45393,28.75062,29.4181,30.69054,30.53766
19329,2014-07-21 20:45:00,0.0,29.39494,28.45393,28.75062,29.4181,30.69054
19330,2014-07-21 21:00:00,0.0,29.47889,29.39494,28.45393,28.75062,29.4181
19331,2014-07-21 21:15:00,0.0,28.18849,29.47889,29.39494,28.45393,28.75062
19332,2014-07-21 21:30:00,0.0,29.31821,28.18849,29.47889,29.39494,28.45393
19333,2014-07-21 21:45:00,0.0,29.15187,29.31821,28.18849,29.47889,29.39494
19334,2014-07-21 22:00:00,0.0,28.20354,29.15187,29.31821,28.18849,29.47889
19335,2014-07-21 22:15:00,0.0,28.31351,28.20354,29.15187,29.31821,28.18849
19336,2014-07-21 22:30:00,0.0,25.65769,28.31351,28.20354,29.15187,29.31821
19337,2014-07-21 22:45:00,0.0,28.56306,25.65769,28.31351,28.20354,29.15187
19338,2014-07-21 23:00:00,0.0,28.47978,28.56306,25.65769,28.31351,28.20354
19339,2014-07-21 23:15:00,0.0,27.52653,28.47978,28.56306,25.65769,28.31351
19340,2014-07-21 23:30:00,0.0,25.15002,27.52653,28.47978,28.56306,25.65769
19341,2014-07-21 23:45:00,0.0,24.64307,25.15002,27.52653,28.47978,28.56306
19342,2014-07-22 00:00:00,0.0,25.92921,24.64307,25.15002,27.52653,28.47978
19343,2014-07-22 00:15:00,0.0,23.99746,25.92921,24.64307,25.15002,27.52653
19344,2014-07-22 00:30:00,0.0,26.21543,23.99746,25.92921,24.64307,25.15002
19345,2014-07-22 00:45:00,0.0,25.79005,26.21543,23.99746,25.92921,24.64307
19346,2014-07-22 01:00:00,0.0,27.56622,25.79005,26.21543,23.99746,25.92921
19347,2014-07-22 01:15:00,0.0,23.84539,27.56622,25.79005,26.21543,23.99746
19348,2014-07-22 01:30:00,0.0,26.08993,23.84539,27.56622,25.79005,26.21543
19349,2014-07-22 01:45:00,0.0,24.70244,26.08993,23.84539,27.56622,25.79005
19350,2014-07-22 02:00:00,0.0,26.54145,24.70244,26.08993,23.84539,27.56622
19351,2014-07-22 02:15:00,0.0,24.759,26.54145,24.70244,26.08993,23.84539
19352,2014-07-22 02:30:00,0.0,25.54819,24.759,26.54145,24.70244,26.08993
19353,2014-07-22 02:45:00,0.0,26.78568,25.54819,24.759,26.54145,24.70244
19354,2014-07-22 03:00:00,0.0,22.94839,26.78568,25.54819,24.759,26.54145
19355,2014-07-22 03:15:00,0.0,25.56139,22.94839,26.78568,25.54819,24.759
19356,2014-07-22 03:30:00,0.0,25.60321,25.56139,22.94839,26.78568,25.54819
19357,2014-07-22 03:45:00,0.0,26.99883,25.60321,25.56139,22.94839,26.78568
19358,2014-07-22 04:00:00,0.0,26.192,26.99883,25.60321,25.56139,22.94839
19359,2014-07-22 04:15:00,0.0,25.51221,26.192,26.99883,25.60321,25.56139
19360,2014-07-22 04:30:00,0.0,27.00918,25.51221,26.192,26.99883,25.60321
19361,2014-07-22 04:45:00,0.0,28.83583,27.00918,25.51221,26.192,26.99883
19362,2014-07-22 05:00:00,0.0,25.62187,28.83583,27.00918,25.51221,26.192
19363,2014-07-22 05:15:00,0.0,25.32493,25.62187,28.83583,27.00918,25.51221
19364,2014-07-22 05:30:00,0.0,27.48925,25.32493,25.62187,28.83583,27.00918
19365,2014-07-22 05:45:00,0.0,27.66213,27.48925,25.32493,25.62187,28.83583
19366,2014-07-22 06:00:00,0.0,26.16323,27.66213,27.48925,25.32493,25.62187
19367,2014-07-22 06:15:00,0.0,28.97157,26.16323,27.66213,27.48925,25.32493
19368,2014-07-22 06:30:00,0.0,26.80694,28.97157,26.16323,27.66213,27.48925
19369,2014-07-22 06:45:00,0.0,28.12768,26.80694,28.97157,26.16323,27.66213
19370,2014-07-22 07:00:00,0.0,28.36626,28.12768,26.80694,28.97157,26.16323
19371,2014-07-22 07:15:00,0.0,29.75564,28.36626,28.12768,26.80694,28.97157
19372,2014-07-22 07:30:00,0.0,28.7723,29.75564,28.36626,28.12768,26.80694
19373,2014-07-22 07:45:00,0.0,29.97693,28.7723,29.75564,28.36626,28.12768
19374,2014-07-22 08:00:00,0.0,32.18652,29.97693,28.7723,29.75564,28.36626
19375,2014-07-22 08:15:00,0.0,31.49355,32.18652,29.97693,28.7723,29.75564
19376,2014-07-22 08:30:00,0.0,31.57015,31.49355,32.18652,29.97693,28.7723
19377,2014-07-22 08:45:00,0.0,33.07528,31.57015,31.49355,32.18652,29.97693
19378,2014-07-22 09:00:00,0.0,29.6437,33.07528,31.57015,31.49355,32.18652
19379,2014-07-22 09:15:00,0.0,32.94102,29.6437,33.07528,31.57015,31.49355
19380,2014-07-22 09:30:00,0.0,33.53118,32.94102,29.6437,33.07528,31.57015
19381,2014-07-22 09:45:00,0.0,36.79369,33.53118,32.94102,29.6437,33.07528
19382,2014-07-22 10:00:00,0.0,34.65965,36.79369,33.53118,32.94102,29.6437
19383,2014-07-22 10:15:00,0.0,36.08004,34.65965,36.79369,33.53118,32.94102
19384,2014-07-22 10:30:00,0.0,37.22596,36.08004,34.65965,36.79369,33.53118
19385,2014-07-22 10:45:00,0.0,35.16189,37.22596,36.08004,34.65965,36.79369
19386,2014-07-22 11:00:00,0.0,37.35092,35.16189,37.22596,36.08004,34.65965
19387,2014-07-22 11:15:00,0.0,34.19664,37.35092,35.16189,37.22596,36.08004
19388,2014-07-22 11:30:00,0.0,39.23961,34.19664,37.35092,35.16189,37.22596
19389,2014-07-22 11:45:00,0.0,39.21868,39.23961,34.19664,37.35092,35.16189
19390,2014-07-22 12:00:00,0.0,38.84325,39.21868,39.23961,34.19664,37.35092
19391,2014-07-22 12:15:00,0.0,43.1756,38.84325,39.21868,39.23961,34.19664
19392,2014-07-22 12:30:00,0.0,40.46575,43.1756,38.84325,39.21868,39.23961
19393,2014-07-22 12:45:00,0.0,42.0007,40.46575,43.1756,38.84325,39.21868
19394,2014-07-22 13:00:00,0.0,40.47469,42.0007,40.46575,43.1756,38.84325
19395,2014-07-22 13:15:00,0.0,41.18653,40.47469,42.0007,40.46575,43.1756
19396,2014-07-22 13:30:00,0.0,40.96995,41.18653,40.47469,42.0007,40.46575
19397,2014-07-22 13:45:00,0.0,41.09232,40.96995,41.18653,40.47469,42.0007
19398,2014-07-22 14:00:00,0.0,43.93751,41.09232,40.96995,41.18653,40.47469
19399,2014-07-22 14:15:00,0.0,42.20902,43.93751,41.09232,40.96995,41.18653
19400,2014-07-22 14:30:00,0.0,40.45956,42.20902,43.93751,41.09232,40.96995
19401,2014-07-22 14:45:00,0.0,42.53513,40.45956,42.20902,43.93751,41.09232
19402,2014-07-22 15:00:00,0.0,42.699,42.53513,40.45956,42.20902,43.93751
19403,2014-07-22 15:15:00,0.0,38.44198,42.699,42.53513,40.45956,42.20902
19404,2014-07-22 15:30:00,0.0,45.10764,38.44198,42.699,42.53513,40.45956
19405,2014-07-22 15:45:00,0.0,38.95707,45.10764,38.44198,42.699,42.53513
19406,2014-07-22 16:00:00,0.0,42.6658,38.95707,45.10764,38.44198,42.699
19407,2014-07-22 16:15:00,0.0,40.71453,42.6658,38.95707,45.10764,38.44198
19408,2014-07-22 16:30:00,0.0,41.14731,40.71453,42.6658,38.95707,45.10764
19409,2014-07-22 16:45:00,0.0,41.209,41.14731,40.71453,42.6658,38.95707
19410,2014-07-22 17:00:00,0.0,40.06591,41.209,41.14731,40.71453,42.6658
19411,2014-07-22 17:15:00,0.0,38.32041,40.06591,41.209,41.14731,40.71453
19412,2014-07-22 17:30:00,0.0,37.8185,38.32041,40.06591,41.209,41.14731
19413,2014-07-22 17:45:00,0.0,35.62618,37.8185,38.32041,40.06591,41.209
19414,2014-07-22 18:00:00,0.0,35.42212,35.62618,37.8185,38.32041,40.06591
19415,2014-07-22 18:15:00,0.0,35.30307,35.42212,35.62618,37.8185,38.32041
19416,2014-07-22 18:30:00,0.0,32.45455,35.30307,35.42212,35.62618,37.8185
19417,2014-07-22 18:45:00,0.0,33.47652,32.45455,35.30307,35.42212,35.62618
19418,2014-07-22 19:00:00,0.0,30.39085,33.47652,32.45455,35.30307,35.42212
19419,2014-07-22 19:15:00,0.0,32.11945,30.39085,33.47652,32.45455,35.30307
19420,2014-07-22 19:30:00,0.0,28.34204,32.11945,30.39085,33.47652,32.45455
19421,2014-07-22 19:45:00,0.0,31.49539,28.34204,32.11945,30.39085,33.47652
19422,2014-07-22 20:00:00,0.0,31.00674,31.49539,28.34204,32.11945,30.39085
19423,2014-07-22 20:15:00,0.0,30.00955,31.00674,31.49539,28.34204,32.11945
19424,2014-07-22 20:30:00,0.0,29.18047,30.00955,31.00674,31.49539,28.34204
19425,2014-07-22 20:45:00,0.0,28.64095,29.18047,30.00955,31.00674,31.49539
19426,2014-07-22 21:00:00,0.0,29.93467,28.64095,29.18047,30.00955,31.00674
19427,2014-07-22 21:15:00,0.0,28.68577,29.93467,28.64095,29.18047,30.00955
19428,2014-07-22 21:30:00,0.0,29.92223,28.68577,29.93467,28.64095,29.18047
19429,2014-07-22 21:45:00,0.0,28.98525,29.92223,28.68577,29.93467,28.64095
19430,2014-07-22 22:00:00,0.0,31.06091,28.98525,29.92223,28.68577,29.93467
19431,2014-07-22 22:15:00,0.0,26.69101,31.06091,28.98525,29.92223,28.68577
19432,2014-07-22 22:30:00,0.0,29.17163,26.69101,31.06091,28.98525,29.92223
19433,2014-07-22 22:45:00,0.0,29.98737,29.17163,26.69101,31.06091,28.98525
19434,2014-07-22 23:00:00,0.0,29.28652,29.98737,29.17163,26.69101,31.06091
19435,2014-07-22 23:15:00,0.0,27.50973,29.28652,29.98737,29.17163,26.69101
19436,2014-07-22 23:30:00,0.0,25.54339,27.50973,29.28652,29.98737,29.17163
19437,2014-07-22 23:45:00,0.0,29.39331,25.54339,27.50973,29.28652,29.98737
19438,2014-07-23 00:00:00,0.0,26.33076,29.39331,25.54339,27.50973,29.28652
19439,2014-07-23 00:15:00,0.0,24.09133,26.33076,29.39331,25.54339,27.50973
19440,2014-07-23 00:30:00,0.0,27.1876,24.09133,26.33076,29.39331,25.54339
19441,2014-07-23 00:45:00,0.0,27.42383,27.1876,24.09133,26.33076,29.39331
19442,2014-07-23 01:00:00,0.0,26.62731,27.42383,27.1876,24.09133,26.33076
19443,2014-07-23 01:15:00,0.0,26.8926,26.62731,27.42383,27.1876,24.09133
19444,2014-07-23 01:30:00,0.0,27.20177,26.8926,26.62731,27.42383,27.1876
19445,2014-07-23 01:45:00,0.0,26.79162,27.20177,26.8926,26.62731,27.42383
19446,2014-07-23 02:00:00,0.0,26.4315,26.79162,27.20177,26.8926,26.62731
19447,2014-07-23 02:15:00,0.0,26.32736,26.4315,26.79162,27.20177,26.8926
19448,2014-07-23 02:30:00,0.0,27.06352,26.32736,26.4315,26.79162,27.20177
19449,2014-07-23 02:45:00,0.0,27.25355,27.06352,26.32736,26.4315,26.79162
19450,2014-07-23 03:00:00,0.0,24.21469,27.25355,27.06352,26.32736,26.4315
19451,2014-07-23 03:15:00,0.0,28.0806,24.21469,27.25355,27.06352,26.32736
19452,2014-07-23 03:30:00,0.0,25.25874,28.0806,24.21469,27.25355,27.06352
19453,2014-07-23 03:45:00,0.0,28.43595,25.25874,28.0806,24.21469,27.25355
19454,2014-07-23 04:00:00,0.0,25.92708,28.43595,25.25874,28.0806,24.21469
19455,2014-07-23 04:15:00,0.0,26.69638,25.92708,28.43595,25.25874,28.0806
19456,2014-07-23 04:30:00,0.0,26.6186,26.69638,25.92708,28.43595,25.25874
19457,2014-07-23 04:45:00,0.0,29.03968,26.6186,26.69638,25.92708,28.43595
19458,2014-07-23 05:00:00,0.0,28.16461,29.03968,26.6186,26.69638,25.92708
19459,2014-07-23 05:15:00,0.0,28.55799,28.16461,29.03968,26.6186,26.69638
19460,2014-07-23 05:30:00,0.0,29.49372,28.55799,28.16461,29.03968,26.6186
19461,2014-07-23 05:45:00,0.0,28.97212,29.49372,28.55799,28.16461,29.03968
19462,2014-07-23 06:00:00,0.0,27.07324,28.97212,29.49372,28.55799,28.16461
19463,2014-07-23 06:15:00,0.0,26.77903,27.07324,28.97212,29.49372,28.55799
19464,2014-07-23 06:30:00,0.0,28.51589,26.77903,27.07324,28.97212,29.49372
19465,2014-07-23 06:45:00,0.0,29.09025,28.51589,26.77903,27.07324,28.97212
19466,2014-07-23 07:00:00,0.0,28.19878,29.09025,28.51589,26.77903,27.07324
19467,2014-07-23 07:15:00,0.0,31.44688,28.19878,29.09025,28.51589,26.77903
19468,2014-07-23 07:30:00,0.0,29.96368,31.44688,28.19878,29.09025,28.51589
19469,2014-07-23 07:45:00,0.0,29.58576,29.96368,31.44688,28.19878,29.09025
19470,2014-07-23 08:00:00,0.0,32.99917,29.58576,29.96368,31.44688,28.19878
19471,2014-07-23 08:15:00,0.0,31.07235,32.99917,29.58576,29.96368,31.44688
19472,2014-07-23 08:30:00,0.0,32.53015,31.07235,32.99917,29.58576,29.96368
19473,2014-07-23 08:45:00,0.0,33.56311,32.53015,31.07235,32.99917,29.58576
19474,2014-07-23 09:00:00,0.0,33.35323,33.56311,32.53015,31.07235,32.99917
19475,2014-07-23 09:15:00,0.0,34.23285,33.35323,33.56311,32.53015,31.07235
19476,2014-07-23 09:30:00,0.0,35.90471,34.23285,33.35323,33.56311,32.53015
19477,2014-07-23 09:45:00,0.0,36.54998,35.90471,34.23285,33.35323,33.56311
19478,2014-07-23 10:00:00,0.0,37.28091,36.54998,35.90471,34.23285,33.35323
19479,2014-07-23 10:15:00,0.0,40.4327,37.28091,36.54998,35.90471,34.23285
19480,2014-07-23 10:30:00,0.0,39.54698,40.4327,37.28091,36.54998,35.90471
19481,2014-07-23 10:45:00,0.0,40.34256,39.54698,40.4327,37.28091,36.54998
19482,2014-07-23 11:00:00,0.0,41.30709,40.34256,39.54698,40.4327,37.28091
19483,2014-07-23 11:15:00,0.0,39.82379,41.30709,40.34256,39.54698,40.4327
19484,2014-07-23 11:30:00,0.0,43.38669,39.82379,41.30709,40.34256,39.54698
19485,2014-07-23 11:45:00,0.0,44.38161,43.38669,39.82379,41.30709,40.34256
19486,2014-07-23 12:00:00,0.0,40.46746,44.38161,43.38669,39.82379,41.30709
19487,2014-07-23 12:15:00,0.0,42.21205,40.46746,44.38161,43.38669,39.82379
19488,2014-07-23 12:30:00,0.0,39.49343,42.21205,40.46746,44.38161,43.38669
19489,2014-07-23 12:45:00,0.0,40.93896,39.49343,42.21205,40.46746,44.38161
19490,2014-07-23 13:00:00,0.0,41.11658,40.93896,39.49343,42.21205,40.46746
19491,2014-07-23 13:15:00,0.0,41.57166,41.11658,40.93896,39.49343,42.21205
19492,2014-07-23 13:30:00,0.0,47.38542,41.57166,41.11658,40.93896,39.49343
19493,2014-07-23 13:45:00,0.0,46.45449,47.38542,41.57166,41.11658,40.93896
19494,2014-07-23 14:00:00,0.0,40.4761,46.45449,47.38542,41.57166,41.11658
19495,2014-07-23 14:15:00,0.0,46.66374,40.4761,46.45449,47.38542,41.57166
19496,2014-07-23 14:30:00,0.0,40.69087,46.66374,40.4761,46.45449,47.38542
19497,2014-07-23 14:45:00,0.0,46.35008,40.69087,46.66374,40.4761,46.45449
19498,2014-07-23 15:00:00,0.0,47.19663,46.35008,40.69087,46.66374,40.4761
19499,2014-07-23 15:15:00,0.0,49.08613,47.19663,46.35008,40.69087,46.66374
19500,2014-07-23 15:30:00,0.0,51.12904,49.08613,47.19663,46.35008,40.69087
19501,2014-07-23 15:45:00,0.0,48.53414,51.12904,49.08613,47.19663,46.35008
19502,2014-07-23 16:00:00,0.0,47.07921,48.53414,51.12904,49.08613,47.19663
19503,2014-07-23 16:15:00,0.0,42.12408,47.07921,48.53414,51.12904,49.08613
19504,2014-07-23 16:30:00,0.0,42.91202,42.12408,47.07921,48.53414,51.12904
19505,2014-07-23 16:45:00,0.0,45.44166,42.91202,42.12408,47.07921,48.53414
19506,2014-07-23 17:00:00,0.0,44.70593,45.44166,42.91202,42.12408,47.07921
19507,2014-07-23 17:15:00,0.0,42.56114,44.70593,45.44166,42.91202,42.12408
19508,2014-07-23 17:30:00,0.0,41.27801,42.56114,44.70593,45.44166,42.91202
19509,2014-07-23 17:45:00,0.0,41.96432,41.27801,42.56114,44.70593,45.44166
19510,2014-07-23 18:00:00,0.0,41.54264,41.96432,41.27801,42.56114,44.70593
19511,2014-07-23 18:15:00,0.0,35.27675,41.54264,41.96432,41.27801,42.56114
19512,2014-07-23 18:30:00,0.0,35.62776,35.27675,41.54264,41.96432,41.27801
19513,2014-07-23 18:45:00,0.0,34.56202,35.62776,35.27675,41.54264,41.96432
19514,2014-07-23 19:00:00,0.0,33.96698,34.56202,35.62776,35.27675,41.54264
19515,2014-07-23 19:15:00,0.0,34.39281,33.96698,34.56202,35.62776,35.27675
19516,2014-07-23 19:30:00,0.0,31.09664,34.39281,33.96698,34.56202,35.62776
19517,2014-07-23 19:45:00,0.0,34.27228,31.09664,34.39281,33.96698,34.56202
19518,2014-07-23 20:00:00,0.0,34.97908,34.27228,31.09664,34.39281,33.96698
19519,2014-07-23 20:15:00,0.0,31.36383,34.97908,34.27228,31.09664,34.39281
19520,2014-07-23 20:30:00,0.0,33.59179,31.36383,34.97908,34.27228,31.09664
19521,2014-07-23 20:45:00,0.0,31.77709,33.59179,31.36383,34.97908,34.27228
19522,2014-07-23 21:00:00,0.0,34.23585,31.77709,33.59179,31.36383,34.97908
19523,2014-07-23 21:15:00,0.0,31.01851,34.23585,31.77709,33.59179,31.36383
19524,2014-07-23 21:30:00,0.0,29.62914,31.01851,34.23585,31.77709,33.59179
19525,2014-07-23 21:45:00,0.0,28.71406,29.62914,31.01851,34.23585,31.77709
19526,2014-07-23 22:00:00,0.0,30.28533,28.71406,29.62914,31.01851,34.23585
19527,2014-07-23 22:15:00,0.0,29.16377,30.28533,28.71406,29.62914,31.01851
19528,2014-07-23 22:30:00,0.0,30.57159,29.16377,30.28533,28.71406,29.62914
19529,2014-07-23 22:45:00,0.0,31.23733,30.57159,29.16377,30.28533,28.71406
19530,2014-07-23 23:00:00,0.0,31.18129,31.23733,30.57159,29.16377,30.28533
19531,2014-07-23 23:15:00,0.0,27.6969,31.18129,31.23733,30.57159,29.16377
19532,2014-07-23 23:30:00,0.0,27.08828,27.6969,31.18129,31.23733,30.57159
19533,2014-07-23 23:45:00,0.0,27.26919,27.08828,27.6969,31.18129,31.23733
19534,2014-07-24 00:00:00,0.0,25.07883,27.26919,27.08828,27.6969,31.18129
19535,2014-07-24 00:15:00,0.0,27.39373,25.07883,27.26919,27.08828,27.6969
19536,2014-07-24 00:30:00,0.0,27.32332,27.39373,25.07883,27.26919,27.08828
19537,2014-07-24 00:45:00,0.0,28.6371,27.32332,27.39373,25.07883,27.26919
19538,2014-07-24 01:00:00,0.0,27.98712,28.6371,27.32332,27.39373,25.07883
19539,2014-07-24 01:15:00,0.0,27.56814,27.98712,28.6371,27.32332,27.39373
19540,2014-07-24 01:30:00,0.0,25.26797,27.56814,27.98712,28.6371,27.32332
19541,2014-07-24 01:45:00,0.0,24.96479,25.26797,27.56814,27.98712,28.6371
19542,2014-07-24 02:00:00,0.0,22.55309,24.96479,25.26797,27.56814,27.98712
19543,2014-07-24 02:15:00,0.0,24.51083,22.55309,24.96479,25.26797,27.56814
19544,2014-07-24 02:30:00,0.0,25.58478,24.51083,22.55309,24.96479,25.26797
19545,2014-07-24 02:45:00,0.0,25.51667,25.58478,24.51083,22.55309,24.96479
19546,2014-07-24 03:00:00,0.0,26.80112,25.51667,25.58478,24.51083,22.55309
19547,2014-07-24 03:15:00,0.0,26.16625,26.80112,25.51667,25.58478,24.51083
19548,2014-07-24 03:30:00,0.0,23.5566,26.16625,26.80112,25.51667,25.58478
19549,2014-07-24 03:45:00,0.0,24.7159,23.5566,26.16625,26.80112,25.51667
19550,2014-07-24 04:00:00,0.0,26.02818,24.7159,23.5566,26.16625,26.80112
19551,2014-07-24 04:15:00,0.0,25.72432,26.02818,24.7159,23.5566,26.16625
19552,2014-07-24 04:30:00,0.0,23.62654,25.72432,26.02818,24.7159,23.5566
19553,2014-07-24 04:45:00,0.0,27.18819,23.62654,25.72432,26.02818,24.7159
19554,2014-07-24 05:00:00,0.0,27.99872,27.18819,23.62654,25.72432,26.02818
19555,2014-07-24 05:15:00,0.0,27.23143,27.99872,27.18819,23.62654,25.72432
19556,2014-07-24 05:30:00,0.0,28.63522,27.23143,27.99872,27.18819,23.62654
19557,2014-07-24 05:45:00,0.0,26.52237,28.63522,27.23143,27.99872,27.18819
19558,2014-07-24 06:00:00,0.0,27.79628,26.52237,28.63522,27.23143,27.99872
19559,2014-07-24 06:15:00,0.0,24.90243,27.79628,26.52237,28.63522,27.23143
19560,2014-07-24 06:30:00,0.0,27.9617,24.90243,27.79628,26.52237,28.63522
19561,2014-07-24 06:45:00,0.0,31.29073,27.9617,24.90243,27.79628,26.52237
19562,2014-07-24 07:00:00,0.0,30.93048,31.29073,27.9617,24.90243,27.79628
19563,2014-07-24 07:15:00,0.0,30.38724,30.93048,31.29073,27.9617,24.90243
19564,2014-07-24 07:30:00,0.0,28.30198,30.38724,30.93048,31.29073,27.9617
19565,2014-07-24 07:45:00,0.0,32.59722,28.30198,30.38724,30.93048,31.29073
19566,2014-07-24 08:00:00,0.0,31.32586,32.59722,28.30198,30.38724,30.93048
19567,2014-07-24 08:15:00,0.0,31.75589,31.32586,32.59722,28.30198,30.38724
19568,2014-07-24 08:30:00,0.0,33.16083,31.75589,31.32586,32.59722,28.30198
19569,2014-07-24 08:45:00,0.0,31.98513,33.16083,31.75589,31.32586,32.59722
19570,2014-07-24 09:00:00,0.0,34.67195,31.98513,33.16083,31.75589,31.32586
19571,2014-07-24 09:15:00,0.0,33.03848,34.67195,31.98513,33.16083,31.75589
19572,2014-07-24 09:30:00,0.0,37.67274,33.03848,34.67195,31.98513,33.16083
19573,2014-07-24 09:45:00,0.0,38.94938,37.67274,33.03848,34.67195,31.98513
19574,2014-07-24 10:00:00,0.0,39.49902,38.94938,37.67274,33.03848,34.67195
19575,2014-07-24 10:15:00,0.0,40.34205,39.49902,38.94938,37.67274,33.03848
19576,2014-07-24 10:30:00,0.0,40.97677,40.34205,39.49902,38.94938,37.67274
19577,2014-07-24 10:45:00,0.0,43.95929,40.97677,40.34205,39.49902,38.94938
19578,2014-07-24 11:00:00,0.0,41.17723,43.95929,40.97677,40.34205,39.49902
19579,2014-07-24 11:15:00,0.0,44.21135,41.17723,43.95929,40.97677,40.34205
19580,2014-07-24 11:30:00,0.0,42.02468,44.21135,41.17723,43.95929,40.97677
19581,2014-07-24 11:45:00,0.0,43.62667,42.02468,44.21135,41.17723,43.95929
19582,2014-07-24 12:00:00,0.0,47.4583,43.62667,42.02468,44.21135,41.17723
19583,2014-07-24 12:15:00,0.0,43.46973,47.4583,43.62667,42.02468,44.21135
19584,2014-07-24 12:30:00,0.0,45.67116,43.46973,47.4583,43.62667,42.02468
19585,2014-07-24 12:45:00,0.0,49.54719,45.67116,43.46973,47.4583,43.62667
19586,2014-07-24 13:00:00,0.0,45.04798,49.54719,45.67116,43.46973,47.4583
19587,2014-07-24 13:15:00,0.0,47.01138,45.04798,49.54719,45.67116,43.46973
19588,2014-07-24 13:30:00,0.0,49.24769,47.01138,45.04798,49.54719,45.67116
19589,2014-07-24 13:45:00,0.0,47.38068,49.24769,47.01138,45.04798,49.54719
19590,2014-07-24 14:00:00,0.0,42.24682,47.38068,49.24769,47.01138,45.04798
19591,2014-07-24 14:15:00,0.0,47.73874,42.24682,47.38068,49.24769,47.01138
19592,2014-07-24 14:30:00,0.0,47.22214,47.73874,42.24682,47.38068,49.24769
19593,2014-07-24 14:45:00,0.0,46.21012,47.22214,47.73874,42.24682,47.38068
19594,2014-07-24 15:00:00,0.0,46.51237,46.21012,47.22214,47.73874,42.24682
19595,2014-07-24 15:15:00,0.0,52.21472,46.51237,46.21012,47.22214,47.73874
19596,2014-07-24 15:30:00,0.0,50.71342,52.21472,46.51237,46.21012,47.22214
19597,2014-07-24 15:45:00,0.0,46.92993,50.71342,52.21472,46.51237,46.21012
19598,2014-07-24 16:00:00,0.0,51.49743,46.92993,50.71342,52.21472,46.51237
19599,2014-07-24 16:15:00,0.0,45.93036,51.49743,46.92993,50.71342,52.21472
19600,2014-07-24 16:30:00,0.0,43.63471,45.93036,51.49743,46.92993,50.71342
19601,2014-07-24 16:45:00,0.0,48.79111,43.63471,45.93036,51.49743,46.92993
19602,2014-07-24 17:00:00,0.0,45.85164,48.79111,43.63471,45.93036,51.49743
19603,2014-07-24 17:15:00,0.0,43.29561,45.85164,48.79111,43.63471,45.93036
19604,2014-07-24 17:30:00,0.0,45.77305,43.29561,45.85164,48.79111,43.63471
19605,2014-07-24 17:45:00,0.0,44.28166,45.77305,43.29561,45.85164,48.79111
19606,2014-07-24 18:00:00,0.0,45.10502,44.28166,45.77305,43.29561,45.85164
19607,2014-07-24 18:15:00,0.0,43.23065,45.10502,44.28166,45.77305,43.29561
19608,2014-07-24 18:30:00,0.0,44.39705,43.23065,45.10502,44.28166,45.77305
19609,2014-07-24 18:45:00,0.0,40.54606,44.39705,43.23065,45.10502,44.28166
19610,2014-07-24 19:00:00,0.0,43.8739,40.54606,44.39705,43.23065,45.10502
19611,2014-07-24 19:15:00,0.0,42.90553,43.8739,40.54606,44.39705,43.23065
19612,2014-07-24 19:30:00,0.0,42.30953,42.90553,43.8739,40.54606,44.39705
19613,2014-07-24 19:45:00,0.0,42.02082,42.30953,42.90553,43.8739,40.54606
19614,2014-07-24 20:00:00,0.0,38.88496,42.02082,42.30953,42.90553,43.8739
19615,2014-07-24 20:15:00,0.0,37.7814,38.88496,42.02082,42.30953,42.90553
19616,2014-07-24 20:30:00,0.0,34.39944,37.7814,38.88496,42.02082,42.30953
19617,2014-07-24 20:45:00,0.0,34.6187,34.39944,37.7814,38.88496,42.02082
19618,2014-07-24 21:00:00,0.0,35.92665,34.6187,34.39944,37.7814,38.88496
19619,2014-07-24 21:15:00,0.0,31.67638,35.92665,34.6187,34.39944,37.7814
19620,2014-07-24 21:30:00,0.0,33.79733,31.67638,35.92665,34.6187,34.39944
19621,2014-07-24 21:45:00,0.0,31.89729,33.79733,31.67638,35.92665,34.6187
19622,2014-07-24 22:00:00,0.0,34.14232,31.89729,33.79733,31.67638,35.92665
19623,2014-07-24 22:15:00,0.0,31.38199,34.14232,31.89729,33.79733,31.67638
19624,2014-07-24 22:30:00,0.0,33.83572,31.38199,34.14232,31.89729,33.79733
19625,2014-07-24 22:45:00,0.0,31.15217,33.83572,31.38199,34.14232,31.89729
19626,2014-07-24 23:00:00,0.0,31.24768,31.15217,33.83572,31.38199,34.14232
19627,2014-07-24 23:15:00,0.0,29.6705,31.24768,31.15217,33.83572,31.38199
19628,2014-07-24 23:30:00,0.0,27.96844,29.6705,31.24768,31.15217,33.83572
19629,2014-07-24 23:45:00,0.0,28.18286,27.96844,29.6705,31.24768,31.15217
19630,2014-07-25 00:00:00,0.0,28.85418,28.18286,27.96844,29.6705,31.24768
19631,2014-07-25 00:15:00,0.0,28.76537,28.85418,28.18286,27.96844,29.6705
19632,2014-07-25 00:30:00,0.0,30.18045,28.76537,28.85418,28.18286,27.96844
19633,2014-07-25 00:45:00,0.0,27.10911,30.18045,28.76537,28.85418,28.18286
19634,2014-07-25 01:00:00,0.0,27.57672,27.10911,30.18045,28.76537,28.85418
19635,2014-07-25 01:15:00,0.0,28.86347,27.57672,27.10911,30.18045,28.76537
19636,2014-07-25 01:30:00,0.0,27.13851,28.86347,27.57672,27.10911,30.18045
19637,2014-07-25 01:45:00,0.0,30.01508,27.13851,28.86347,27.57672,27.10911
19638,2014-07-25 02:00:00,0.0,26.78532,30.01508,27.13851,28.86347,27.57672
19639,2014-07-25 02:15:00,0.0,28.32919,26.78532,30.01508,27.13851,28.86347
19640,2014-07-25 02:30:00,0.0,28.90747,28.32919,26.78532,30.01508,27.13851
19641,2014-07-25 02:45:00,0.0,27.64289,28.90747,28.32919,26.78532,30.01508
19642,2014-07-25 03:00:00,0.0,25.91123,27.64289,28.90747,28.32919,26.78532
19643,2014-07-25 03:15:00,0.0,28.46879,25.91123,27.64289,28.90747,28.32919
19644,2014-07-25 03:30:00,0.0,26.16289,28.46879,25.91123,27.64289,28.90747
19645,2014-07-25 03:45:00,0.0,29.96686,26.16289,28.46879,25.91123,27.64289
19646,2014-07-25 04:00:00,0.0,29.3869,29.96686,26.16289,28.46879,25.91123
19647,2014-07-25 04:15:00,0.0,28.97502,29.3869,29.96686,26.16289,28.46879
19648,2014-07-25 04:30:00,0.0,30.11453,28.97502,29.3869,29.96686,26.16289
19649,2014-07-25 04:45:00,0.0,28.39651,30.11453,28.97502,29.3869,29.96686
19650,2014-07-25 05:00:00,0.0,30.44209,28.39651,30.11453,28.97502,29.3869
19651,2014-07-25 05:15:00,0.0,27.89594,30.44209,28.39651,30.11453,28.97502
19652,2014-07-25 05:30:00,0.0,26.30366,27.89594,30.44209,28.39651,30.11453
19653,2014-07-25 05:45:00,0.0,29.90761,26.30366,27.89594,30.44209,28.39651
19654,2014-07-25 06:00:00,0.0,31.99943,29.90761,26.30366,27.89594,30.44209
19655,2014-07-25 06:15:00,0.0,29.97364,31.99943,29.90761,26.30366,27.89594
19656,2014-07-25 06:30:00,0.0,31.18983,29.97364,31.99943,29.90761,26.30366
19657,2014-07-25 06:45:00,0.0,29.5056,31.18983,29.97364,31.99943,29.90761
19658,2014-07-25 07:00:00,0.0,34.0154,29.5056,31.18983,29.97364,31.99943
19659,2014-07-25 07:15:00,0.0,34.28328,34.0154,29.5056,31.18983,29.97364
19660,2014-07-25 07:30:00,0.0,33.57008,34.28328,34.0154,29.5056,31.18983
19661,2014-07-25 07:45:00,0.0,32.77652,33.57008,34.28328,34.0154,29.5056
19662,2014-07-25 08:00:00,0.0,33.72727,32.77652,33.57008,34.28328,34.0154
19663,2014-07-25 08:15:00,0.0,36.29551,33.72727,32.77652,33.57008,34.28328
19664,2014-07-25 08:30:00,0.0,38.03146,36.29551,33.72727,32.77652,33.57008
19665,2014-07-25 08:45:00,0.0,38.97836,38.03146,36.29551,33.72727,32.77652
19666,2014-07-25 09:00:00,0.0,40.55275,38.97836,38.03146,36.29551,33.72727
19667,2014-07-25 09:15:00,0.0,38.56583,40.55275,38.97836,38.03146,36.29551
19668,2014-07-25 09:30:00,0.0,39.18379,38.56583,40.55275,38.97836,38.03146
19669,2014-07-25 09:45:00,0.0,42.81128,39.18379,38.56583,40.55275,38.97836
19670,2014-07-25 10:00:00,0.0,42.31027,42.81128,39.18379,38.56583,40.55275
19671,2014-07-25 10:15:00,0.0,46.81039,42.31027,42.81128,39.18379,38.56583
19672,2014-07-25 10:30:00,0.0,46.73806,46.81039,42.31027,42.81128,39.18379
19673,2014-07-25 10:45:00,0.0,48.82544,46.73806,46.81039,42.31027,42.81128
19674,2014-07-25 11:00:00,0.0,47.6289,48.82544,46.73806,46.81039,42.31027
19675,2014-07-25 11:15:00,0.0,47.57117,47.6289,48.82544,46.73806,46.81039
19676,2014-07-25 11:30:00,0.0,44.19947,47.57117,47.6289,48.82544,46.73806
19677,2014-07-25 11:45:00,0.0,44.50125,44.19947,47.57117,47.6289,48.82544
19678,2014-07-25 12:00:00,0.0,49.86716,44.50125,44.19947,47.57117,47.6289
19679,2014-07-25 12:15:00,0.0,56.56131,49.86716,44.50125,44.19947,47.57117
19680,2014-07-25 12:30:00,0.0,54.98562,56.56131,49.86716,44.50125,44.19947
19681,2014-07-25 12:45:00,0.0,51.50196,54.98562,56.56131,49.86716,44.50125
19682,2014-07-25 13:00:00,0.0,45.97928,51.50196,54.98562,56.56131,49.86716
19683,2014-07-25 13:15:00,0.0,51.36591,45.97928,51.50196,54.98562,56.56131
19684,2014-07-25 13:30:00,0.0,52.69079,51.36591,45.97928,51.50196,54.98562
19685,2014-07-25 13:45:00,0.0,49.93707,52.69079,51.36591,45.97928,51.50196
19686,2014-07-25 14:00:00,0.0,51.54236,49.93707,52.69079,51.36591,45.97928
19687,2014-07-25 14:15:00,0.0,54.00029,51.54236,49.93707,52.69079,51.36591
19688,2014-07-25 14:30:00,0.0,54.09496,54.00029,51.54236,49.93707,52.69079
19689,2014-07-25 14:45:00,0.0,53.39675,54.09496,54.00029,51.54236,49.93707
19690,2014-07-25 15:00:00,0.0,54.26279,53.39675,54.09496,54.00029,51.54236
19691,2014-07-25 15:15:00,0.0,56.08582,54.26279,53.39675,54.09496,54.00029
19692,2014-07-25 15:30:00,0.0,54.54492,56.08582,54.26279,53.39675,54.09496
19693,2014-07-25 15:45:00,0.0,54.08053,54.54492,56.08582,54.26279,53.39675
19694,2014-07-25 16:00:00,0.0,53.02557,54.08053,54.54492,56.08582,54.26279
19695,2014-07-25 16:15:00,0.0,50.54078,53.02557,54.08053,54.54492,56.08582
19696,2014-07-25 16:30:00,0.0,50.27043,50.54078,53.02557,54.08053,54.54492
19697,2014-07-25 16:45:00,0.0,45.85158,50.27043,50.54078,53.02557,54.08053
19698,2014-07-25 17:00:00,0.0,44.87727,45.85158,50.27043,50.54078,53.02557
19699,2014-07-25 17:15:00,0.0,49.35165,44.87727,45.85158,50.27043,50.54078
19700,2014-07-25 17:30:00,0.0,42.55585,49.35165,44.87727,45.85158,50.27043
19701,2014-07-25 17:45:00,0.0,44.15057,42.55585,49.35165,44.87727,45.85158
19702,2014-07-25 18:00:00,0.0,43.76622,44.15057,42.55585,49.35165,44.87727
19703,2014-07-25 18:15:00,0.0,40.70524,43.76622,44.15057,42.55585,49.35165
19704,2014-07-25 18:30:00,0.0,42.07601,40.70524,43.76622,44.15057,42.55585
19705,2014-07-25 18:45:00,0.0,39.41922,42.07601,40.70524,43.76622,44.15057
19706,2014-07-25 19:00:00,0.0,39.4483,39.41922,42.07601,40.70524,43.76622
19707,2014-07-25 19:15:00,0.0,38.20136,39.4483,39.41922,42.07601,40.70524
19708,2014-07-25 19:30:00,0.0,37.28478,38.20136,39.4483,39.41922,42.07601
19709,2014-07-25 19:45:00,0.0,37.96065,37.28478,38.20136,39.4483,39.41922
19710,2014-07-25 20:00:00,0.0,37.60833,37.96065,37.28478,38.20136,39.4483
19711,2014-07-25 20:15:00,0.0,37.76633,37.60833,37.96065,37.28478,38.20136
19712,2014-07-25 20:30:00,0.0,37.66059,37.76633,37.60833,37.96065,37.28478
19713,2014-07-25 20:45:00,0.0,36.3931,37.66059,37.76633,37.60833,37.96065
19714,2014-07-25 21:00:00,0.0,37.67029,36.3931,37.66059,37.76633,37.60833
19715,2014-07-25 21:15:00,0.0,32.22127,37.67029,36.3931,37.66059,37.76633
19716,2014-07-25 21:30:00,0.0,36.25681,32.22127,37.67029,36.3931,37.66059
19717,2014-07-25 21:45:00,0.0,31.05024,36.25681,32.22127,37.67029,36.3931
19718,2014-07-25 22:00:00,0.0,31.83857,31.05024,36.25681,32.22127,37.67029
19719,2014-07-25 22:15:00,0.0,32.86932,31.83857,31.05024,36.25681,32.22127
19720,2014-07-25 22:30:00,0.0,33.55689,32.86932,31.83857,31.05024,36.25681
19721,2014-07-25 22:45:00,0.0,31.76634,33.55689,32.86932,31.83857,31.05024
19722,2014-07-25 23:00:00,0.0,31.03445,31.76634,33.55689,32.86932,31.83857
19723,2014-07-25 23:15:00,0.0,31.7384,31.03445,31.76634,33.55689,32.86932
19724,2014-07-25 23:30:00,0.0,28.23604,31.7384,31.03445,31.76634,33.55689
19725,2014-07-25 23:45:00,0.0,30.05383,28.23604,31.7384,31.03445,31.76634
19726,2014-07-26 00:00:00,0.0,29.99018,30.05383,28.23604,31.7384,31.03445
19727,2014-07-26 00:15:00,0.0,30.83303,29.99018,30.05383,28.23604,31.7384
19728,2014-07-26 00:30:00,0.0,29.6383,30.83303,29.99018,30.05383,28.23604
19729,2014-07-26 00:45:00,0.0,29.70926,29.6383,30.83303,29.99018,30.05383
19730,2014-07-26 01:00:00,0.0,32.4239,29.70926,29.6383,30.83303,29.99018
19731,2014-07-26 01:15:00,0.0,31.15999,32.4239,29.70926,29.6383,30.83303
19732,2014-07-26 01:30:00,0.0,28.96844,31.15999,32.4239,29.70926,29.6383
19733,2014-07-26 01:45:00,0.0,34.72134,28.96844,31.15999,32.4239,29.70926
19734,2014-07-26 02:00:00,0.0,29.54456,34.72134,28.96844,31.15999,32.4239
19735,2014-07-26 02:15:00,0.0,29.82332,29.54456,34.72134,28.96844,31.15999
19736,2014-07-26 02:30:00,0.0,31.53818,29.82332,29.54456,34.72134,28.96844
19737,2014-07-26 02:45:00,0.0,28.86567,31.53818,29.82332,29.54456,34.72134
19738,2014-07-26 03:00:00,0.0,29.11575,28.86567,31.53818,29.82332,29.54456
19739,2014-07-26 03:15:00,0.0,28.47607,29.11575,28.86567,31.53818,29.82332
19740,2014-07-26 03:30:00,0.0,27.63913,28.47607,29.11575,28.86567,31.53818
19741,2014-07-26 03:45:00,0.0,28.18274,27.63913,28.47607,29.11575,28.86567
19742,2014-07-26 04:00:00,0.0,30.19957,28.18274,27.63913,28.47607,29.11575
19743,2014-07-26 04:15:00,0.0,26.48451,30.19957,28.18274,27.63913,28.47607
19744,2014-07-26 04:30:00,0.0,26.83601,26.48451,30.19957,28.18274,27.63913
19745,2014-07-26 04:45:00,0.0,28.6211,26.83601,26.48451,30.19957,28.18274
19746,2014-07-26 05:00:00,0.0,26.71793,28.6211,26.83601,26.48451,30.19957
19747,2014-07-26 05:15:00,0.0,25.77443,26.71793,28.6211,26.83601,26.48451
19748,2014-07-26 05:30:00,0.0,25.35498,25.77443,26.71793,28.6211,26.83601
19749,2014-07-26 05:45:00,0.0,23.89941,25.35498,25.77443,26.71793,28.6211
19750,2014-07-26 06:00:00,0.0,25.60883,23.89941,25.35498,25.77443,26.71793
19751,2014-07-26 06:15:00,0.0,26.63833,25.60883,23.89941,25.35498,25.77443
19752,2014-07-26 06:30:00,0.0,26.49185,26.63833,25.60883,23.89941,25.35498
19753,2014-07-26 06:45:00,0.0,24.33161,26.49185,26.63833,25.60883,23.89941
19754,2014-07-26 07:00:00,0.0,26.13324,24.33161,26.49185,26.63833,25.60883
19755,2014-07-26 07:15:00,0.0,27.03146,26.13324,24.33161,26.49185,26.63833
19756,2014-07-26 07:30:00,0.0,26.16612,27.03146,26.13324,24.33161,26.49185
19757,2014-07-26 07:45:00,0.0,27.38379,26.16612,27.03146,26.13324,24.33161
19758,2014-07-26 08:00:00,0.0,27.6921,27.38379,26.16612,27.03146,26.13324
19759,2014-07-26 08:15:00,0.0,28.04379,27.6921,27.38379,26.16612,27.03146
19760,2014-07-26 08:30:00,0.0,27.99412,28.04379,27.6921,27.38379,26.16612
19761,2014-07-26 08:45:00,0.0,30.53432,27.99412,28.04379,27.6921,27.38379
19762,2014-07-26 09:00:00,0.0,28.49026,30.53432,27.99412,28.04379,27.6921
19763,2014-07-26 09:15:00,0.0,28.68399,28.49026,30.53432,27.99412,28.04379
19764,2014-07-26 09:30:00,0.0,30.39477,28.68399,28.49026,30.53432,27.99412
19765,2014-07-26 09:45:00,0.0,32.44719,30.39477,28.68399,28.49026,30.53432
19766,2014-07-26 10:00:00,0.0,31.77337,32.44719,30.39477,28.68399,28.49026
19767,2014-07-26 10:15:00,0.0,32.12276,31.77337,32.44719,30.39477,28.68399
19768,2014-07-26 10:30:00,0.0,34.22723,32.12276,31.77337,32.44719,30.39477
19769,2014-07-26 10:45:00,0.0,35.69591,34.22723,32.12276,31.77337,32.44719
19770,2014-07-26 11:00:00,0.0,33.36263,35.69591,34.22723,32.12276,31.77337
19771,2014-07-26 11:15:00,0.0,36.20725,33.36263,35.69591,34.22723,32.12276
19772,2014-07-26 11:30:00,0.0,33.29845,36.20725,33.36263,35.69591,34.22723
19773,2014-07-26 11:45:00,0.0,34.63897,33.29845,36.20725,33.36263,35.69591
19774,2014-07-26 12:00:00,0.0,37.33344,34.63897,33.29845,36.20725,33.36263
19775,2014-07-26 12:15:00,0.0,36.4967,37.33344,34.63897,33.29845,36.20725
19776,2014-07-26 12:30:00,0.0,34.53622,36.4967,37.33344,34.63897,33.29845
19777,2014-07-26 12:45:00,0.0,36.48125,34.53622,36.4967,37.33344,34.63897
19778,2014-07-26 13:00:00,0.0,36.67975,36.48125,34.53622,36.4967,37.33344
19779,2014-07-26 13:15:00,0.0,32.63016,36.67975,36.48125,34.53622,36.4967
19780,2014-07-26 13:30:00,0.0,34.95181,32.63016,36.67975,36.48125,34.53622
19781,2014-07-26 13:45:00,0.0,34.90234,34.95181,32.63016,36.67975,36.48125
19782,2014-07-26 14:00:00,0.0,30.53865,34.90234,34.95181,32.63016,36.67975
19783,2014-07-26 14:15:00,0.0,32.99029,30.53865,34.90234,34.95181,32.63016
19784,2014-07-26 14:30:00,0.0,30.49651,32.99029,30.53865,34.90234,34.95181
19785,2014-07-26 14:45:00,0.0,33.41893,30.49651,32.99029,30.53865,34.90234
19786,2014-07-26 15:00:00,0.0,38.30541,33.41893,30.49651,32.99029,30.53865
19787,2014-07-26 15:15:00,0.0,33.44221,38.30541,33.41893,30.49651,32.99029
19788,2014-07-26 15:30:00,0.0,36.25911,33.44221,38.30541,33.41893,30.49651
19789,2014-07-26 15:45:00,0.0,32.10491,36.25911,33.44221,38.30541,33.41893
19790,2014-07-26 16:00:00,0.0,30.48938,32.10491,36.25911,33.44221,38.30541
19791,2014-07-26 16:15:00,0.0,35.13479,30.48938,32.10491,36.25911,33.44221
19792,2014-07-26 16:30:00,0.0,33.66237,35.13479,30.48938,32.10491,36.25911
19793,2014-07-26 16:45:00,0.0,33.70342,33.66237,35.13479,30.48938,32.10491
19794,2014-07-26 17:00:00,0.0,36.17732,33.70342,33.66237,35.13479,30.48938
19795,2014-07-26 17:15:00,0.0,36.46457,36.17732,33.70342,33.66237,35.13479
19796,2014-07-26 17:30:00,0.0,36.70071,36.46457,36.17732,33.70342,33.66237
19797,2014-07-26 17:45:00,0.0,35.65395,36.70071,36.46457,36.17732,33.70342
19798,2014-07-26 18:00:00,0.0,34.65304,35.65395,36.70071,36.46457,36.17732
19799,2014-07-26 18:15:00,0.0,35.64304,34.65304,35.65395,36.70071,36.46457
19800,2014-07-26 18:30:00,0.0,35.03314,35.64304,34.65304,35.65395,36.70071
19801,2014-07-26 18:45:00,0.0,35.32028,35.03314,35.64304,34.65304,35.65395
19802,2014-07-26 19:00:00,0.0,34.44751,35.32028,35.03314,35.64304,34.65304
19803,2014-07-26 19:15:00,0.0,32.78025,34.44751,35.32028,35.03314,35.64304
19804,2014-07-26 19:30:00,0.0,30.30445,32.78025,34.44751,35.32028,35.03314
19805,2014-07-26 19:45:00,0.0,32.22852,30.30445,32.78025,34.44751,35.32028
19806,2014-07-26 20:00:00,0.0,30.29684,32.22852,30.30445,32.78025,34.44751
19807,2014-07-26 20:15:00,0.0,27.73018,30.29684,32.22852,30.30445,32.78025
19808,2014-07-26 20:30:00,0.0,28.81249,27.73018,30.29684,32.22852,30.30445
19809,2014-07-26 20:45:00,0.0,26.80649,28.81249,27.73018,30.29684,32.22852
19810,2014-07-26 21:00:00,0.0,26.21254,26.80649,28.81249,27.73018,30.29684
19811,2014-07-26 21:15:00,0.0,29.38414,26.21254,26.80649,28.81249,27.73018
19812,2014-07-26 21:30:00,0.0,26.65474,29.38414,26.21254,26.80649,28.81249
19813,2014-07-26 21:45:00,0.0,26.91118,26.65474,29.38414,26.21254,26.80649
19814,2014-07-26 22:00:00,0.0,27.8407,26.91118,26.65474,29.38414,26.21254
19815,2014-07-26 22:15:00,0.0,27.93437,27.8407,26.91118,26.65474,29.38414
19816,2014-07-26 22:30:00,0.0,26.66259,27.93437,27.8407,26.91118,26.65474
19817,2014-07-26 22:45:00,0.0,28.73161,26.66259,27.93437,27.8407,26.91118
19818,2014-07-26 23:00:00,0.0,26.13885,28.73161,26.66259,27.93437,27.8407
19819,2014-07-26 23:15:00,0.0,25.76755,26.13885,28.73161,26.66259,27.93437
19820,2014-07-26 23:30:00,0.0,24.4435,25.76755,26.13885,28.73161,26.66259
19821,2014-07-26 23:45:00,0.0,23.90295,24.4435,25.76755,26.13885,28.73161
19822,2014-07-27 00:00:00,0.0,25.83414,23.90295,24.4435,25.76755,26.13885
19823,2014-07-27 00:15:00,0.0,24.36031,25.83414,23.90295,24.4435,25.76755
19824,2014-07-27 00:30:00,0.0,24.67335,24.36031,25.83414,23.90295,24.4435
19825,2014-07-27 00:45:00,0.0,26.81369,24.67335,24.36031,25.83414,23.90295
19826,2014-07-27 01:00:00,0.0,24.58054,26.81369,24.67335,24.36031,25.83414
19827,2014-07-27 01:15:00,0.0,24.91907,24.58054,26.81369,24.67335,24.36031
19828,2014-07-27 01:30:00,0.0,24.67412,24.91907,24.58054,26.81369,24.67335
19829,2014-07-27 01:45:00,0.0,24.78344,24.67412,24.91907,24.58054,26.81369
19830,2014-07-27 02:00:00,0.0,27.66783,24.78344,24.67412,24.91907,24.58054
19831,2014-07-27 02:15:00,0.0,23.94997,27.66783,24.78344,24.67412,24.91907
19832,2014-07-27 02:30:00,0.0,23.67267,23.94997,27.66783,24.78344,24.67412
19833,2014-07-27 02:45:00,0.0,25.55108,23.67267,23.94997,27.66783,24.78344
19834,2014-07-27 03:00:00,0.0,25.76793,25.55108,23.67267,23.94997,27.66783
19835,2014-07-27 03:15:00,0.0,23.01772,25.76793,25.55108,23.67267,23.94997
19836,2014-07-27 03:30:00,0.0,24.51922,23.01772,25.76793,25.55108,23.67267
19837,2014-07-27 03:45:00,0.0,25.09242,24.51922,23.01772,25.76793,25.55108
19838,2014-07-27 04:00:00,0.0,25.35242,25.09242,24.51922,23.01772,25.76793
19839,2014-07-27 04:15:00,0.0,21.15898,25.35242,25.09242,24.51922,23.01772
19840,2014-07-27 04:30:00,0.0,25.7582,21.15898,25.35242,25.09242,24.51922
19841,2014-07-27 04:45:00,0.0,26.89008,25.7582,21.15898,25.35242,25.09242
19842,2014-07-27 05:00:00,0.0,24.39505,26.89008,25.7582,21.15898,25.35242
19843,2014-07-27 05:15:00,0.0,26.19942,24.39505,26.89008,25.7582,21.15898
19844,2014-07-27 05:30:00,0.0,23.53476,26.19942,24.39505,26.89008,25.7582
19845,2014-07-27 05:45:00,0.0,24.67986,23.53476,26.19942,24.39505,26.89008
19846,2014-07-27 06:00:00,0.0,24.32489,24.67986,23.53476,26.19942,24.39505
19847,2014-07-27 06:15:00,0.0,25.28395,24.32489,24.67986,23.53476,26.19942
19848,2014-07-27 06:30:00,0.0,25.7479,25.28395,24.32489,24.67986,23.53476
19849,2014-07-27 06:45:00,0.0,25.91268,25.7479,25.28395,24.32489,24.67986
19850,2014-07-27 07:00:00,0.0,22.50225,25.91268,25.7479,25.28395,24.32489
19851,2014-07-27 07:15:00,0.0,25.7986,22.50225,25.91268,25.7479,25.28395
19852,2014-07-27 07:30:00,0.0,27.00384,25.7986,22.50225,25.91268,25.7479
19853,2014-07-27 07:45:00,0.0,25.51331,27.00384,25.7986,22.50225,25.91268
19854,2014-07-27 08:00:00,0.0,27.02322,25.51331,27.00384,25.7986,22.50225
19855,2014-07-27 08:15:00,0.0,26.93934,27.02322,25.51331,27.00384,25.7986
19856,2014-07-27 08:30:00,0.0,27.80725,26.93934,27.02322,25.51331,27.00384
19857,2014-07-27 08:45:00,0.0,22.13405,27.80725,26.93934,27.02322,25.51331
19858,2014-07-27 09:00:00,0.0,27.34687,22.13405,27.80725,26.93934,27.02322
19859,2014-07-27 09:15:00,0.0,26.31001,27.34687,22.13405,27.80725,26.93934
19860,2014-07-27 09:30:00,0.0,25.45659,26.31001,27.34687,22.13405,27.80725
19861,2014-07-27 09:45:00,0.0,26.65564,25.45659,26.31001,27.34687,22.13405
19862,2014-07-27 10:00:00,0.0,27.43298,26.65564,25.45659,26.31001,27.34687
19863,2014-07-27 10:15:00,0.0,28.94061,27.43298,26.65564,25.45659,26.31001
19864,2014-07-27 10:30:00,0.0,29.48763,28.94061,27.43298,26.65564,25.45659
19865,2014-07-27 10:45:00,0.0,30.21717,29.48763,28.94061,27.43298,26.65564
19866,2014-07-27 11:00:00,0.0,35.55942,30.21717,29.48763,28.94061,27.43298
19867,2014-07-27 11:15:00,0.0,31.92306,35.55942,30.21717,29.48763,28.94061
19868,2014-07-27 11:30:00,0.0,33.56917,31.92306,35.55942,30.21717,29.48763
19869,2014-07-27 11:45:00,0.0,35.24885,33.56917,31.92306,35.55942,30.21717
19870,2014-07-27 12:00:00,0.0,34.74126,35.24885,33.56917,31.92306,35.55942
19871,2014-07-27 12:15:00,0.0,35.22474,34.74126,35.24885,33.56917,31.92306
19872,2014-07-27 12:30:00,0.0,37.33869,35.22474,34.74126,35.24885,33.56917
19873,2014-07-27 12:45:00,0.0,35.69492,37.33869,35.22474,34.74126,35.24885
19874,2014-07-27 13:00:00,0.0,40.36133,35.69492,37.33869,35.22474,34.74126
19875,2014-07-27 13:15:00,0.0,38.21933,40.36133,35.69492,37.33869,35.22474
19876,2014-07-27 13:30:00,0.0,34.18599,38.21933,40.36133,35.69492,37.33869
19877,2014-07-27 13:45:00,0.0,33.40619,34.18599,38.21933,40.36133,35.69492
19878,2014-07-27 14:00:00,0.0,34.36062,33.40619,34.18599,38.21933,40.36133
19879,2014-07-27 14:15:00,0.0,30.96356,34.36062,33.40619,34.18599,38.21933
19880,2014-07-27 14:30:00,0.0,32.08013,30.96356,34.36062,33.40619,34.18599
19881,2014-07-27 14:45:00,0.0,31.73487,32.08013,30.96356,34.36062,33.40619
19882,2014-07-27 15:00:00,0.0,38.52706,31.73487,32.08013,30.96356,34.36062
19883,2014-07-27 15:15:00,0.0,30.07527,38.52706,31.73487,32.08013,30.96356
19884,2014-07-27 15:30:00,0.0,31.19313,30.07527,38.52706,31.73487,32.08013
19885,2014-07-27 15:45:00,0.0,38.99357,31.19313,30.07527,38.52706,31.73487
19886,2014-07-27 16:00:00,0.0,34.41828,38.99357,31.19313,30.07527,38.52706
19887,2014-07-27 16:15:00,0.0,35.29438,34.41828,38.99357,31.19313,30.07527
19888,2014-07-27 16:30:00,0.0,30.19725,35.29438,34.41828,38.99357,31.19313
19889,2014-07-27 16:45:00,0.0,34.82166,30.19725,35.29438,34.41828,38.99357
19890,2014-07-27 17:00:00,0.0,33.08346,34.82166,30.19725,35.29438,34.41828
19891,2014-07-27 17:15:00,0.0,30.98736,33.08346,34.82166,30.19725,35.29438
19892,2014-07-27 17:30:00,0.0,33.90035,30.98736,33.08346,34.82166,30.19725
19893,2014-07-27 17:45:00,0.0,35.66822,33.90035,30.98736,33.08346,34.82166
19894,2014-07-27 18:00:00,0.0,39.80212,35.66822,33.90035,30.98736,33.08346
19895,2014-07-27 18:15:00,0.0,35.8909,39.80212,35.66822,33.90035,30.98736
19896,2014-07-27 18:30:00,0.0,30.01395,35.8909,39.80212,35.66822,33.90035
19897,2014-07-27 18:45:00,0.0,28.25733,30.01395,35.8909,39.80212,35.66822
19898,2014-07-27 19:00:00,0.0,32.56117,28.25733,30.01395,35.8909,39.80212
19899,2014-07-27 19:15:00,0.0,28.99479,32.56117,28.25733,30.01395,35.8909
19900,2014-07-27 19:30:00,0.0,28.21323,28.99479,32.56117,28.25733,30.01395
19901,2014-07-27 19:45:00,0.0,28.20167,28.21323,28.99479,32.56117,28.25733
19902,2014-07-27 20:00:00,0.0,27.12614,28.20167,28.21323,28.99479,32.56117
19903,2014-07-27 20:15:00,0.0,24.6544,27.12614,28.20167,28.21323,28.99479
19904,2014-07-27 20:30:00,0.0,23.6695,24.6544,27.12614,28.20167,28.21323
19905,2014-07-27 20:45:00,0.0,26.68413,23.6695,24.6544,27.12614,28.20167
19906,2014-07-27 21:00:00,0.0,26.64765,26.68413,23.6695,24.6544,27.12614
19907,2014-07-27 21:15:00,0.0,28.62777,26.64765,26.68413,23.6695,24.6544
19908,2014-07-27 21:30:00,0.0,25.6254,28.62777,26.64765,26.68413,23.6695
19909,2014-07-27 21:45:00,0.0,27.86246,25.6254,28.62777,26.64765,26.68413
19910,2014-07-27 22:00:00,0.0,25.76485,27.86246,25.6254,28.62777,26.64765
19911,2014-07-27 22:15:00,0.0,26.51819,25.76485,27.86246,25.6254,28.62777
19912,2014-07-27 22:30:00,0.0,25.73289,26.51819,25.76485,27.86246,25.6254
19913,2014-07-27 22:45:00,0.0,28.26916,25.73289,26.51819,25.76485,27.86246
19914,2014-07-27 23:00:00,0.0,25.11829,28.26916,25.73289,26.51819,25.76485
19915,2014-07-27 23:15:00,0.0,26.4942,25.11829,28.26916,25.73289,26.51819
19916,2014-07-27 23:30:00,0.0,25.1406,26.4942,25.11829,28.26916,25.73289
19917,2014-07-27 23:45:00,0.0,25.3185,25.1406,26.4942,25.11829,28.26916
19918,2014-07-28 00:00:00,0.0,26.38434,25.3185,25.1406,26.4942,25.11829
19919,2014-07-28 00:15:00,0.0,23.55796,26.38434,25.3185,25.1406,26.4942
19920,2014-07-28 00:30:00,0.0,25.96927,23.55796,26.38434,25.3185,25.1406
19921,2014-07-28 00:45:00,0.0,25.76365,25.96927,23.55796,26.38434,25.3185
19922,2014-07-28 01:00:00,0.0,25.47057,25.76365,25.96927,23.55796,26.38434
19923,2014-07-28 01:15:00,0.0,25.11426,25.47057,25.76365,25.96927,23.55796
19924,2014-07-28 01:30:00,0.0,24.6256,25.11426,25.47057,25.76365,25.96927
19925,2014-07-28 01:45:00,0.0,24.86528,24.6256,25.11426,25.47057,25.76365
19926,2014-07-28 02:00:00,0.0,24.93651,24.86528,24.6256,25.11426,25.47057
19927,2014-07-28 02:15:00,0.0,25.58021,24.93651,24.86528,24.6256,25.11426
19928,2014-07-28 02:30:00,0.0,25.321,25.58021,24.93651,24.86528,24.6256
19929,2014-07-28 02:45:00,0.0,26.01279,25.321,25.58021,24.93651,24.86528
19930,2014-07-28 03:00:00,0.0,25.61049,26.01279,25.321,25.58021,24.93651
19931,2014-07-28 03:15:00,0.0,24.25455,25.61049,26.01279,25.321,25.58021
19932,2014-07-28 03:30:00,0.0,24.85875,24.25455,25.61049,26.01279,25.321
19933,2014-07-28 03:45:00,0.0,25.34853,24.85875,24.25455,25.61049,26.01279
19934,2014-07-28 04:00:00,0.0,26.68731,25.34853,24.85875,24.25455,25.61049
19935,2014-07-28 04:15:00,0.0,28.13935,26.68731,25.34853,24.85875,24.25455
19936,2014-07-28 04:30:00,0.0,28.21026,28.13935,26.68731,25.34853,24.85875
19937,2014-07-28 04:45:00,0.0,29.6649,28.21026,28.13935,26.68731,25.34853
19938,2014-07-28 05:00:00,0.0,26.07664,29.6649,28.21026,28.13935,26.68731
19939,2014-07-28 05:15:00,0.0,27.93991,26.07664,29.6649,28.21026,28.13935
19940,2014-07-28 05:30:00,0.0,25.8818,27.93991,26.07664,29.6649,28.21026
19941,2014-07-28 05:45:00,0.0,30.06819,25.8818,27.93991,26.07664,29.6649
19942,2014-07-28 06:00:00,0.0,26.44607,30.06819,25.8818,27.93991,26.07664
19943,2014-07-28 06:15:00,0.0,27.84107,26.44607,30.06819,25.8818,27.93991
19944,2014-07-28 06:30:00,0.0,29.35626,27.84107,26.44607,30.06819,25.8818
19945,2014-07-28 06:45:00,0.0,25.96282,29.35626,27.84107,26.44607,30.06819
19946,2014-07-28 07:00:00,0.0,28.65969,25.96282,29.35626,27.84107,26.44607
19947,2014-07-28 07:15:00,0.0,29.46104,28.65969,25.96282,29.35626,27.84107
19948,2014-07-28 07:30:00,0.0,28.14916,29.46104,28.65969,25.96282,29.35626
19949,2014-07-28 07:45:00,0.0,30.93752,28.14916,29.46104,28.65969,25.96282
19950,2014-07-28 08:00:00,0.0,29.5712,30.93752,28.14916,29.46104,28.65969
19951,2014-07-28 08:15:00,0.0,31.94075,29.5712,30.93752,28.14916,29.46104
19952,2014-07-28 08:30:00,0.0,30.13992,31.94075,29.5712,30.93752,28.14916
19953,2014-07-28 08:45:00,0.0,32.9422,30.13992,31.94075,29.5712,30.93752
19954,2014-07-28 09:00:00,0.0,33.18327,32.9422,30.13992,31.94075,29.5712
19955,2014-07-28 09:15:00,0.0,32.56947,33.18327,32.9422,30.13992,31.94075
19956,2014-07-28 09:30:00,0.0,34.95922,32.56947,33.18327,32.9422,30.13992
19957,2014-07-28 09:45:00,0.0,35.99647,34.95922,32.56947,33.18327,32.9422
19958,2014-07-28 10:00:00,0.0,40.27091,35.99647,34.95922,32.56947,33.18327
19959,2014-07-28 10:15:00,0.0,37.81152,40.27091,35.99647,34.95922,32.56947
19960,2014-07-28 10:30:00,0.0,39.31476,37.81152,40.27091,35.99647,34.95922
19961,2014-07-28 10:45:00,0.0,38.3486,39.31476,37.81152,40.27091,35.99647
19962,2014-07-28 11:00:00,0.0,39.49222,38.3486,39.31476,37.81152,40.27091
19963,2014-07-28 11:15:00,0.0,42.76587,39.49222,38.3486,39.31476,37.81152
19964,2014-07-28 11:30:00,0.0,42.42549,42.76587,39.49222,38.3486,39.31476
19965,2014-07-28 11:45:00,0.0,46.14831,42.42549,42.76587,39.49222,38.3486
19966,2014-07-28 12:00:00,0.0,44.51117,46.14831,42.42549,42.76587,39.49222
19967,2014-07-28 12:15:00,0.0,41.25155,44.51117,46.14831,42.42549,42.76587
19968,2014-07-28 12:30:00,0.0,40.4519,41.25155,44.51117,46.14831,42.42549
19969,2014-07-28 12:45:00,0.0,42.78797,40.4519,41.25155,44.51117,46.14831
19970,2014-07-28 13:00:00,0.0,40.62933,42.78797,40.4519,41.25155,44.51117
19971,2014-07-28 13:15:00,0.0,43.66516,40.62933,42.78797,40.4519,41.25155
19972,2014-07-28 13:30:00,0.0,42.34012,43.66516,40.62933,42.78797,40.4519
19973,2014-07-28 13:45:00,0.0,44.42089,42.34012,43.66516,40.62933,42.78797
19974,2014-07-28 14:00:00,0.0,46.41699,44.42089,42.34012,43.66516,40.62933
19975,2014-07-28 14:15:00,0.0,43.73483,46.41699,44.42089,42.34012,43.66516
19976,2014-07-28 14:30:00,0.0,43.21521,43.73483,46.41699,44.42089,42.34012
19977,2014-07-28 14:45:00,0.0,45.86382,43.21521,43.73483,46.41699,44.42089
19978,2014-07-28 15:00:00,0.0,42.98709,45.86382,43.21521,43.73483,46.41699
19979,2014-07-28 15:15:00,0.0,40.47767,42.98709,45.86382,43.21521,43.73483
19980,2014-07-28 15:30:00,0.0,43.3332,40.47767,42.98709,45.86382,43.21521
19981,2014-07-28 15:45:00,0.0,43.65413,43.3332,40.47767,42.98709,45.86382
19982,2014-07-28 16:00:00,0.0,46.68383,43.65413,43.3332,40.47767,42.98709
19983,2014-07-28 16:15:00,0.0,42.53528,46.68383,43.65413,43.3332,40.47767
19984,2014-07-28 16:30:00,0.0,43.25281,42.53528,46.68383,43.65413,43.3332
19985,2014-07-28 16:45:00,0.0,42.27963,43.25281,42.53528,46.68383,43.65413
19986,2014-07-28 17:00:00,0.0,44.76695,42.27963,43.25281,42.53528,46.68383
19987,2014-07-28 17:15:00,0.0,39.84519,44.76695,42.27963,43.25281,42.53528
19988,2014-07-28 17:30:00,0.0,41.90935,39.84519,44.76695,42.27963,43.25281
19989,2014-07-28 17:45:00,0.0,40.67546,41.90935,39.84519,44.76695,42.27963
19990,2014-07-28 18:00:00,0.0,39.18281,40.67546,41.90935,39.84519,44.76695
19991,2014-07-28 18:15:00,0.0,36.43192,39.18281,40.67546,41.90935,39.84519
19992,2014-07-28 18:30:00,0.0,34.19441,36.43192,39.18281,40.67546,41.90935
19993,2014-07-28 18:45:00,0.0,33.66468,34.19441,36.43192,39.18281,40.67546
19994,2014-07-28 19:00:00,0.0,30.56578,33.66468,34.19441,36.43192,39.18281
19995,2014-07-28 19:15:00,0.0,31.38178,30.56578,33.66468,34.19441,36.43192
19996,2014-07-28 19:30:00,0.0,31.16946,31.38178,30.56578,33.66468,34.19441
19997,2014-07-28 19:45:00,0.0,32.66172,31.16946,31.38178,30.56578,33.66468
19998,2014-07-28 20:00:00,0.0,31.8003,32.66172,31.16946,31.38178,30.56578
19999,2014-07-28 20:15:00,0.0,31.1647,31.8003,32.66172,31.16946,31.38178
20000,2014-07-28 20:30:00,31.36030357943904,28.94591,31.1647,31.8003,32.66172,31.16946
20001,2014-07-28 20:45:00,30.878840785362105,29.75076,28.94591,31.1647,31.8003,32.66172
20002,2014-07-28 21:00:00,30.32190984132078,29.75218,29.75076,28.94591,31.1647,31.8003
20003,2014-07-28 21:15:00,29.949063291161945,27.95182,29.75218,29.75076,28.94591,31.1647
20004,2014-07-28 21:30:00,29.32812318178877,27.35447,27.95182,29.75218,29.75076,28.94591
20005,2014-07-28 21:45:00,28.986968212162488,29.59502,27.35447,27.95182,29.75218,29.75076
20006,2014-07-28 22:00:00,28.989533649534096,28.20251,29.59502,27.35447,27.95182,29.75218
20007,2014-07-28 22:15:00,28.7144598525303,28.294,28.20251,29.59502,27.35447,27.95182
20008,2014-07-28 22:30:00,28.769381850676503,27.14079,28.294,28.20251,29.59502,27.35447
20009,2014-07-28 22:45:00,28.689802122056108,27.92562,27.14079,28.294,28.20251,29.59502
20010,2014-07-28 23:00:00,28.385521960895645,25.47803,27.92562,27.14079,28.294,28.20251
20011,2014-07-28 23:15:00,27.834744505127098,24.44906,25.47803,27.92562,27.14079,28.294
20012,2014-07-28 23:30:00,27.068380153150308,26.96583,24.44906,25.47803,27.92562,27.14079
20013,2014-07-28 23:45:00,27.059954245479865,26.05318,26.96583,24.44906,25.47803,27.92562
20014,2014-07-29 00:00:00,26.741219645331103,26.47669,26.05318,26.96583,24.44906,25.47803
20015,2014-07-29 00:15:00,26.93607634406131,24.41437,26.47669,26.05318,26.96583,24.44906
20016,2014-07-29 00:30:00,26.876031725704188,24.44233,24.41437,26.47669,26.05318,26.96583
20017,2014-07-29 00:45:00,26.381264840917595,25.90302,24.44233,24.41437,26.47669,26.05318
20018,2014-07-29 01:00:00,26.375015255341914,25.74297,25.90302,24.44233,24.41437,26.47669
20019,2014-07-29 01:15:00,26.269149003221028,24.94817,25.74297,25.90302,24.44233,24.41437
20020,2014-07-29 01:30:00,26.354202705587056,25.12004,24.94817,25.74297,25.90302,24.44233
20021,2014-07-29 01:45:00,26.46307635315235,27.57393,25.12004,24.94817,25.74297,25.90302
20022,2014-07-29 02:00:00,26.826431016409067,24.81384,27.57393,25.12004,24.94817,25.74297
20023,2014-07-29 02:15:00,26.638624398679735,25.68387,24.81384,27.57393,25.12004,24.94817
20024,2014-07-29 02:30:00,26.75840913597232,25.26711,25.68387,24.81384,27.57393,25.12004
20025,2014-07-29 02:45:00,26.767681878951485,23.70779,25.26711,25.68387,24.81384,27.57393
20026,2014-07-29 03:00:00,26.026881180032603,25.80263,23.70779,25.26711,25.68387,24.81384
20027,2014-07-29 03:15:00,26.224484532883352,25.81187,25.80263,23.70779,25.26711,25.68387
20028,2014-07-29 03:30:00,26.277994904083045,24.5866,25.81187,25.80263,23.70779,25.26711
20029,2014-07-29 03:45:00,26.141457277482594,27.09578,24.5866,25.81187,25.80263,23.70779
20030,2014-07-29 04:00:00,26.794317277016205,23.83705,27.09578,24.5866,25.81187,25.80263
20031,2014-07-29 04:15:00,26.394786504249986,26.92449,23.83705,27.09578,24.5866,25.81187
20032,2014-07-29 04:30:00,26.63134730061019,25.29881,26.92449,23.83705,27.09578,24.5866
20033,2014-07-29 04:45:00,26.752899325969864,25.90346,25.29881,26.92449,23.83705,27.09578
20034,2014-07-29 05:00:00,26.546777463381343,27.2593,25.90346,25.29881,26.92449,23.83705
20035,2014-07-29 05:15:00,27.199218387815336,27.5231,27.2593,25.90346,25.29881,26.92449
20036,2014-07-29 05:30:00,27.348217633654905,27.13868,27.5231,27.2593,25.90346,25.29881
20037,2014-07-29 05:45:00,27.688080352194806,26.66166,27.13868,27.5231,27.2593,25.90346
20038,2014-07-29 06:00:00,27.80672381562011,26.39838,26.66166,27.13868,27.5231,27.2593
20039,2014-07-29 06:15:00,27.630766365042362,28.78144,26.39838,26.66166,27.13868,27.5231
20040,2014-07-29 06:30:00,27.911388945257812,25.03759,28.78144,26.39838,26.66166,27.13868
20041,2014-07-29 06:45:00,27.48044925953091,30.89719,25.03759,28.78144,26.39838,26.66166
20042,2014-07-29 07:00:00,28.34327770255532,30.40666,30.89719,25.03759,28.78144,26.39838
20043,2014-07-29 07:15:00,29.14431800527212,30.60611,30.40666,30.89719,25.03759,28.78144
20044,2014-07-29 07:30:00,29.521097281656246,30.89105,30.60611,30.40666,30.89719,25.03759
20045,2014-07-29 07:45:00,30.58606639044047,30.88235,30.89105,30.60611,30.40666,30.89719
20046,2014-07-29 08:00:00,30.590915554494835,30.54941,30.88235,30.89105,30.60611,30.40666
20047,2014-07-29 08:15:00,30.610252297505987,31.04867,30.54941,30.88235,30.89105,30.60611
20048,2014-07-29 08:30:00,30.696349183141265,30.75762,31.04867,30.54941,30.88235,30.89105
20049,2014-07-29 08:45:00,30.672068873815988,32.73419,30.75762,31.04867,30.54941,30.88235
20050,2014-07-29 09:00:00,31.057273684788804,33.53719,32.73419,30.75762,31.04867,30.54941
20051,2014-07-29 09:15:00,31.657285405191082,32.87465,33.53719,32.73419,30.75762,31.04867
20052,2014-07-29 09:30:00,32.004131288234966,35.70586,32.87465,33.53719,32.73419,30.75762
20053,2014-07-29 09:45:00,32.966300190193294,40.50271,35.70586,32.87465,33.53719,32.73419
20054,2014-07-29 10:00:00,34.55039891319863,40.31586,40.50271,35.70586,32.87465,33.53719
20055,2014-07-29 10:15:00,35.896191642581556,41.61738,40.31586,40.50271,35.70586,32.87465
20056,2014-07-29 10:30:00,37.54900750275129,42.03158,41.61738,40.31586,40.50271,35.70586
20057,2014-07-29 10:45:00,38.72857898383712,44.61043,42.03158,41.61738,40.31586,40.50271
20058,2014-07-29 11:00:00,39.5592627339723,40.72071,44.61043,42.03158,41.61738,40.31586
20059,2014-07-29 11:15:00,39.587378482450305,46.9224,40.72071,44.61043,42.03158,41.61738
20060,2014-07-29 11:30:00,40.65116931910104,45.64308,46.9224,40.72071,44.61043,42.03158
20061,2014-07-29 11:45:00,41.36554240207215,47.1045,45.64308,46.9224,40.72071,44.61043
20062,2014-07-29 12:00:00,41.883124041745816,46.26228,47.1045,45.64308,46.9224,40.72071
20063,2014-07-29 12:15:00,42.8814192090071,45.24643,46.26228,47.1045,45.64308,46.9224
20064,2014-07-29 12:30:00,42.54703823640654,48.31676,45.24643,46.26228,47.1045,45.64308
20065,2014-07-29 12:45:00,43.08250598463897,48.45796,48.31676,45.24643,46.26228,47.1045
20066,2014-07-29 13:00:00,43.386252401830674,45.74137,48.45796,48.31676,45.24643,46.26228
20067,2014-07-29 13:15:00,43.25055108155193,46.33674,45.74137,48.45796,48.31676,45.24643
20068,2014-07-29 13:30:00,43.40748146358318,43.4177,46.33674,45.74137,48.45796,48.31676
20069,2014-07-29 13:45:00,42.43344062488539,43.44629,43.4177,46.33674,45.74137,48.45796
20070,2014-07-29 14:00:00,41.472657107988354,46.82358,43.44629,43.4177,46.33674,45.74137
20071,2014-07-29 14:15:00,41.73216505775564,44.27243,46.82358,43.44629,43.4177,46.33674
20072,2014-07-29 14:30:00,41.36290605203032,44.57149,44.27243,46.82358,43.44629,43.4177
20073,2014-07-29 14:45:00,41.555731449895646,47.8486,44.57149,44.27243,46.82358,43.44629
20074,2014-07-29 15:00:00,42.42142102396698,46.98729,47.8486,44.57149,44.27243,46.82358
20075,2014-07-29 15:15:00,42.49972483702934,49.68541,46.98729,47.8486,44.57149,44.27243
20076,2014-07-29 15:30:00,43.560176033516576,50.07369,49.68541,46.98729,47.8486,44.57149
20077,2014-07-29 15:45:00,44.61360920479833,54.37586,50.07369,49.68541,46.98729,47.8486
20078,2014-07-29 16:00:00,45.938923459997525,50.61356,54.37586,50.07369,49.68541,46.98729
20079,2014-07-29 16:15:00,46.58843171894437,48.47083,50.61356,54.37586,50.07369,49.68541
20080,2014-07-29 16:30:00,46.27152819919853,47.89629,48.47083,50.61356,54.37586,50.07369
20081,2014-07-29 16:45:00,45.784430454983664,46.21173,47.89629,48.47083,50.61356,54.37586
20082,2014-07-29 17:00:00,44.23363838758311,46.74629,46.21173,47.89629,48.47083,50.61356
20083,2014-07-29 17:15:00,43.50853778777145,43.59633,46.74629,46.21173,47.89629,48.47083
20084,2014-07-29 17:30:00,42.54072916707197,44.96556,43.59633,46.74629,46.21173,47.89629
20085,2014-07-29 17:45:00,41.98600269987642,41.36625,44.96556,43.59633,46.74629,46.21173
20086,2014-07-29 18:00:00,41.01605002239632,40.79477,41.36625,44.96556,43.59633,46.74629
20087,2014-07-29 18:15:00,39.86217263451452,36.76544,40.79477,41.36625,44.96556,43.59633
20088,2014-07-29 18:30:00,38.47735017530428,41.943,36.76544,40.79477,41.36625,44.96556
20089,2014-07-29 18:45:00,37.97846127079186,37.41054,41.943,36.76544,40.79477,41.36625
20090,2014-07-29 19:00:00,37.21677387745217,37.50554,37.41054,41.943,36.76544,40.79477
20091,2014-07-29 19:15:00,36.575824737332894,35.61047,37.50554,37.41054,41.943,36.76544
20092,2014-07-29 19:30:00,36.27868857839451,37.74094,35.61047,37.50554,37.41054,41.943
20093,2014-07-29 19:45:00,35.536848912470006,36.98686,37.74094,35.61047,37.50554,37.41054
20094,2014-07-29 20:00:00,35.468250869022775,31.86866,36.98686,37.74094,35.61047,37.50554
20095,2014-07-29 20:15:00,34.317493784299366,34.18569,31.86866,36.98686,37.74094,35.61047
20096,2014-07-29 20:30:00,34.00712094068173,30.86704,34.18569,31.86866,36.98686,37.74094
20097,2014-07-29 20:45:00,32.68050009158564,32.37799,30.86704,34.18569,31.86866,36.98686
20098,2014-07-29 21:00:00,31.83862852052048,32.48887,32.37799,30.86704,34.18569,31.86866
20099,2014-07-29 21:15:00,31.955842400891775,30.83273,32.48887,32.37799,30.86704,34.18569
20100,2014-07-29 21:30:00,31.32198878929577,29.78751,30.83273,32.48887,32.37799,30.86704
20101,2014-07-29 21:45:00,31.06548184650884,32.37108,29.78751,30.83273,32.48887,32.37799
20102,2014-07-29 22:00:00,31.095885662763187,27.86764,32.37108,29.78751,30.83273,32.48887
20103,2014-07-29 22:15:00,30.186768952806695,29.16665,27.86764,32.37108,29.78751,30.83273
20104,2014-07-29 22:30:00,29.848474912302166,27.91524,29.16665,27.86764,32.37108,29.78751
20105,2014-07-29 22:45:00,29.464317000008876,29.47846,27.91524,29.16665,27.86764,32.37108
20106,2014-07-29 23:00:00,28.96829512326422,28.48694,29.47846,27.91524,29.16665,27.86764
20107,2014-07-29 23:15:00,29.075670536860812,29.76053,28.48694,29.47846,27.91524,29.16665
20108,2014-07-29 23:30:00,29.209739276347413,26.6085,29.76053,28.48694,29.47846,27.91524
20109,2014-07-29 23:45:00,28.908191411589392,28.15106,26.6085,29.76053,28.48694,29.47846
20110,2014-07-30 00:00:00,28.65427116657401,25.01368,28.15106,26.6085,29.76053,28.48694
20111,2014-07-30 00:15:00,27.948094332520732,26.66041,25.01368,28.15106,26.6085,29.76053
20112,2014-07-30 00:30:00,27.379334673971037,24.72191,26.66041,25.01368,28.15106,26.6085
20113,2014-07-30 00:45:00,26.993871191612833,26.54075,24.72191,26.66041,25.01368,28.15106
20114,2014-07-30 01:00:00,26.724957731752767,23.41982,26.54075,24.72191,26.66041,25.01368
20115,2014-07-30 01:15:00,26.375386505933836,26.88005,23.41982,26.54075,24.72191,26.66041
20116,2014-07-30 01:30:00,26.45721878302237,25.18388,26.88005,23.41982,26.54075,24.72191
20117,2014-07-30 01:45:00,26.540750475655603,25.29854,25.18388,26.88005,23.41982,26.54075
20118,2014-07-30 02:00:00,26.314487953010754,25.77625,25.29854,25.18388,26.88005,23.41982
20119,2014-07-30 02:15:00,26.740205358425886,26.07315,25.77625,25.29854,25.18388,26.88005
20120,2014-07-30 02:30:00,26.613324665353936,25.66297,26.07315,25.77625,25.29854,25.18388
20121,2014-07-30 02:45:00,26.69952338557529,25.99941,25.66297,26.07315,25.77625,25.29854
20122,2014-07-30 03:00:00,26.829080522119156,26.87412,25.99941,25.66297,26.07315,25.77625
20123,2014-07-30 03:15:00,27.054002421814268,26.4044,26.87412,25.99941,25.66297,26.07315
20124,2014-07-30 03:30:00,27.12279680960233,26.33744,26.4044,26.87412,25.99941,25.66297
20125,2014-07-30 03:45:00,27.240801967130004,26.29572,26.33744,26.4044,26.87412,25.99941
20126,2014-07-30 04:00:00,27.287650339939994,25.15534,26.29572,26.33744,26.4044,26.87412
20127,2014-07-30 04:15:00,26.945461503609703,27.22559,25.15534,26.29572,26.33744,26.4044
20128,2014-07-30 04:30:00,27.124270199458824,27.34807,27.22559,25.15534,26.29572,26.33744
20129,2014-07-30 04:45:00,27.34346027843881,28.25182,27.34807,27.22559,25.15534,26.29572
20130,2014-07-30 05:00:00,27.741786358005957,28.60701,28.25182,27.34807,27.22559,25.15534
20131,2014-07-30 05:15:00,28.39490761733695,27.51175,28.60701,28.25182,27.34807,27.22559
20132,2014-07-30 05:30:00,28.433139615163135,26.17148,27.51175,28.60701,28.25182,27.34807
20133,2014-07-30 05:45:00,28.165247658171417,27.99461,26.17148,27.51175,28.60701,28.25182
20134,2014-07-30 06:00:00,28.12910180067243,25.87484,27.99461,26.17148,27.51175,28.60701
20135,2014-07-30 06:15:00,27.605756451262103,28.9674,25.87484,27.99461,26.17148,27.51175
20136,2014-07-30 06:30:00,27.922256801145437,28.17447,28.9674,25.87484,27.99461,26.17148
20137,2014-07-30 06:45:00,28.309296157175666,28.04668,28.17447,28.9674,25.87484,27.99461
20138,2014-07-30 07:00:00,28.3261763059772,30.30013,28.04668,28.17447,28.9674,25.87484
20139,2014-07-30 07:15:00,29.175611945835627,30.34089,30.30013,28.04668,28.17447,28.9674
20140,2014-07-30 07:30:00,29.47105871349701,30.56349,30.34089,30.30013,28.04668,28.17447
20141,2014-07-30 07:45:00,29.929499038248974,30.72085,30.56349,30.34089,30.30013,28.04668
20142,2014-07-30 08:00:00,30.42187081339663,30.99384,30.72085,30.56349,30.34089,30.30013
20143,2014-07-30 08:15:00,30.55971829002831,32.08969,30.99384,30.72085,30.56349,30.34089
20144,2014-07-30 08:30:00,30.911816125017193,31.06162,32.08969,30.99384,30.72085,30.56349
20145,2014-07-30 08:45:00,31.00007365038258,34.43919,31.06162,32.08969,30.99384,30.72085
20146,2014-07-30 09:00:00,31.74940269943186,34.08881,34.43919,31.06162,32.08969,30.99384
20147,2014-07-30 09:15:00,32.361147798416425,32.45616,34.08881,34.43919,31.06162,32.08969
20148,2014-07-30 09:30:00,32.40685809244958,34.63426,32.45616,34.08881,34.43919,31.06162
20149,2014-07-30 09:45:00,33.072564694880256,37.21529,34.63426,32.45616,34.08881,34.43919
20150,2014-07-30 10:00:00,33.67366413732846,36.53632,37.21529,34.63426,32.45616,34.08881
20151,2014-07-30 10:15:00,34.17152106684949,37.35459,36.53632,37.21529,34.63426,32.45616
20152,2014-07-30 10:30:00,35.08691320616621,37.47991,37.35459,36.53632,37.21529,34.63426
20153,2014-07-30 10:45:00,35.61553221983516,41.46517,37.47991,37.35459,36.53632,37.21529
20154,2014-07-30 11:00:00,36.498737804849554,38.97644,41.46517,37.47991,37.35459,36.53632
20155,2014-07-30 11:15:00,36.95862517263971,41.25357,38.97644,41.46517,37.47991,37.35459
20156,2014-07-30 11:30:00,37.706498947364906,40.27445,41.25357,38.97644,41.46517,37.47991
20157,2014-07-30 11:45:00,38.211216810231704,47.73495,40.27445,41.25357,38.97644,41.46517
20158,2014-07-30 12:00:00,39.54108535278627,45.05602,47.73495,40.27445,41.25357,38.97644
20159,2014-07-30 12:15:00,40.716706316899604,45.10681,45.05602,47.73495,40.27445,41.25357
20160,2014-07-30 12:30:00,41.424341106981714,46.92282,45.10681,45.05602,47.73495,40.27445
20161,2014-07-30 12:45:00,42.65084574859885,49.16636,46.92282,45.10681,45.05602,47.73495
20162,2014-07-30 13:00:00,43.00742707706132,41.0166,49.16636,46.92282,45.10681,45.05602
20163,2014-07-30 13:15:00,42.12528397561522,47.52612,41.0166,49.16636,46.92282,45.10681
20164,2014-07-30 13:30:00,42.58334489381056,41.75724,47.52612,41.0166,49.16636,46.92282
20165,2014-07-30 13:45:00,41.56167824826581,48.60278,41.75724,47.52612,41.0166,49.16636
20166,2014-07-30 14:00:00,41.57764846205478,46.6709,48.60278,41.75724,47.52612,41.0166
20167,2014-07-30 14:15:00,42.6406625464688,48.13011,46.6709,48.60278,41.75724,47.52612
20168,2014-07-30 14:30:00,42.808703512903676,51.13726,48.13011,46.6709,48.60278,41.75724
20169,2014-07-30 14:45:00,44.59650849007757,51.51397,51.13726,48.13011,46.6709,48.60278
20170,2014-07-30 15:00:00,45.20862676972409,49.17087,51.51397,51.13726,48.13011,46.6709
20171,2014-07-30 15:15:00,45.63300485546105,49.1549,49.17087,51.51397,51.13726,48.13011
20172,2014-07-30 15:30:00,45.771866761331516,47.92728,49.1549,49.17087,51.51397,51.13726
20173,2014-07-30 15:45:00,45.13823219085169,48.74985,47.92728,49.1549,49.17087,51.51397
20174,2014-07-30 16:00:00,44.63463679608398,46.50447,48.74985,47.92728,49.1549,49.17087
20175,2014-07-30 16:15:00,44.09983333334489,46.01445,46.50447,48.74985,47.92728,49.1549
20176,2014-07-30 16:30:00,43.47959749451985,47.90487,46.01445,46.50447,48.74985,47.92728
20177,2014-07-30 16:45:00,43.495286914087416,48.51195,47.90487,46.01445,46.50447,48.74985
20178,2014-07-30 17:00:00,43.5037190678213,47.35289,48.51195,47.90487,46.01445,46.50447
20179,2014-07-30 17:15:00,43.655921978660714,48.31788,47.35289,48.51195,47.90487,46.01445
20180,2014-07-30 17:30:00,44.07868357938091,46.12464,48.31788,47.35289,48.51195,47.90487
20181,2014-07-30 17:45:00,43.708974876518184,50.30106,46.12464,48.31788,47.35289,48.51195
20182,2014-07-30 18:00:00,44.10521919344969,42.27244,50.30106,46.12464,48.31788,47.35289
20183,2014-07-30 18:15:00,43.04312881198891,41.40013,42.27244,50.30106,46.12464,48.31788
20184,2014-07-30 18:30:00,41.63863194556734,41.33394,41.40013,42.27244,50.30106,46.12464
20185,2014-07-30 18:45:00,40.681547218604166,39.23418,41.33394,41.40013,42.27244,50.30106
20186,2014-07-30 19:00:00,38.61728345123221,37.66951,39.23418,41.33394,41.40013,42.27244
20187,2014-07-30 19:15:00,37.69953105297845,36.40328,37.66951,39.23418,41.33394,41.40013
20188,2014-07-30 19:30:00,36.71165098869388,33.56547,36.40328,37.66951,39.23418,41.33394
20189,2014-07-30 19:45:00,35.19245014600505,34.41111,33.56547,36.40328,37.66951,39.23418
20190,2014-07-30 20:00:00,34.272502562118184,34.70593,34.41111,33.56547,36.40328,37.66951
20191,2014-07-30 20:15:00,33.73736203718764,32.91599,34.70593,34.41111,33.56547,36.40328
20192,2014-07-30 20:30:00,33.07364399770175,32.41239,32.91599,34.70593,34.41111,33.56547
20193,2014-07-30 20:45:00,32.81700104491536,29.32669,32.41239,32.91599,34.70593,34.41111
20194,2014-07-30 21:00:00,31.79021574636389,29.99491,29.32669,32.41239,32.91599,34.70593
20195,2014-07-30 21:15:00,30.887396423774753,29.04056,29.99491,29.32669,32.41239,32.91599
20196,2014-07-30 21:30:00,30.14852508658474,29.35674,29.04056,29.99491,29.32669,32.41239
20197,2014-07-30 21:45:00,29.590687862647492,29.03816,29.35674,29.04056,29.99491,29.32669
20198,2014-07-30 22:00:00,29.528281409162325,30.10343,29.03816,29.35674,29.04056,29.99491
20199,2014-07-30 22:15:00,29.572188561143378,30.99421,30.10343,29.03816,29.35674,29.04056
20200,2014-07-30 22:30:00,29.968285024678174,29.72013,30.99421,30.10343,29.03816,29.35674
20201,2014-07-30 22:45:00,30.02842964783607,29.83563,29.72013,30.99421,30.10343,29.03816
20202,2014-07-30 23:00:00,30.156729331084556,28.6881,29.83563,29.72013,30.99421,30.10343
20203,2014-07-30 23:15:00,29.861743340478146,27.15777,28.6881,29.83563,29.72013,30.99421
20204,2014-07-30 23:30:00,29.105010714272264,24.95989,27.15777,28.6881,29.83563,29.72013
20205,2014-07-30 23:45:00,28.14442852150756,27.06125,24.95989,27.15777,28.6881,29.83563
20206,2014-07-31 00:00:00,27.63895185529443,26.21192,27.06125,24.95989,27.15777,28.6881
20207,2014-07-31 00:15:00,27.193682433507128,26.64074,26.21192,27.06125,24.95989,27.15777
20208,2014-07-31 00:30:00,27.112459084986583,26.90204,26.64074,26.21192,27.06125,24.95989
20209,2014-07-31 00:45:00,27.47173310607419,27.92495,26.90204,26.64074,26.21192,27.06125
20210,2014-07-31 01:00:00,27.664150588266263,25.85375,27.92495,26.90204,26.64074,26.21192
20211,2014-07-31 01:15:00,27.568460804098745,24.96859,25.85375,27.92495,26.90204,26.64074
20212,2014-07-31 01:30:00,27.208506615703577,25.3444,24.96859,25.85375,27.92495,26.90204
20213,2014-07-31 01:45:00,26.899991568819186,25.98661,25.3444,24.96859,25.85375,27.92495
20214,2014-07-31 02:00:00,26.566781410462184,25.45229,25.98661,25.3444,24.96859,25.85375
20215,2014-07-31 02:15:00,26.49694627800904,26.57556,25.45229,25.98661,25.3444,24.96859
20216,2014-07-31 02:30:00,26.81149600239889,25.57517,26.57556,25.45229,25.98661,25.3444
20217,2014-07-31 02:45:00,26.845573343695897,27.94921,25.57517,26.57556,25.45229,25.98661
20218,2014-07-31 03:00:00,27.251953390187015,25.32862,27.94921,25.57517,26.57556,25.45229
20219,2014-07-31 03:15:00,27.201261843776386,27.0795,25.32862,27.94921,25.57517,26.57556
20220,2014-07-31 03:30:00,27.304694035012915,25.78572,27.0795,25.32862,27.94921,25.57517
20221,2014-07-31 03:45:00,27.32198294134563,27.50602,25.78572,27.0795,25.32862,27.94921
20222,2014-07-31 04:00:00,27.275809801000612,26.49253,27.50602,25.78572,27.0795,25.32862
20223,2014-07-31 04:15:00,27.4839275080111,26.86811,26.49253,27.50602,25.78572,27.0795
20224,2014-07-31 04:30:00,27.44968017618652,26.06642,26.86811,26.49253,27.50602,25.78572
20225,2014-07-31 04:45:00,27.478064283543596,28.64636,26.06642,26.86811,26.49253,27.50602
20226,2014-07-31 05:00:00,27.738847973738558,28.09948,28.64636,26.06642,26.86811,26.49253
20227,2014-07-31 05:15:00,28.06179551462681,28.21219,28.09948,28.64636,26.06642,26.86811
20228,2014-07-31 05:30:00,28.319087499416348,26.075,28.21219,28.09948,28.64636,26.06642
20229,2014-07-31 05:45:00,28.261604624498748,28.79539,26.075,28.21219,28.09948,28.64636
20230,2014-07-31 06:00:00,28.316597496274056,28.29868,28.79539,26.075,28.21219,28.09948
20231,2014-07-31 06:15:00,28.377589667033398,28.71129,28.29868,28.79539,26.075,28.21219
20232,2014-07-31 06:30:00,28.492447249344835,28.22149,28.71129,28.29868,28.79539,26.075
20233,2014-07-31 06:45:00,28.87156864608486,28.37326,28.22149,28.71129,28.29868,28.79539
20234,2014-07-31 07:00:00,28.792693255292296,29.13442,28.37326,28.22149,28.71129,28.29868
20235,2014-07-31 07:15:00,28.96266160920709,31.39057,29.13442,28.37326,28.22149,28.71129
20236,2014-07-31 07:30:00,29.52377901522653,31.04949,31.39057,29.13442,28.37326,28.22149
20237,2014-07-31 07:45:00,30.07989090314027,31.44857,31.04949,31.39057,29.13442,28.37326
20238,2014-07-31 08:00:00,30.6590007588338,32.55436,31.44857,31.04949,31.39057,29.13442
20239,2014-07-31 08:15:00,31.311518555355455,30.37389,32.55436,31.44857,31.04949,31.39057
20240,2014-07-31 08:30:00,31.09692532621253,33.62644,30.37389,32.55436,31.44857,31.04949
20241,2014-07-31 08:45:00,31.612598117895473,34.24143,33.62644,30.37389,32.55436,31.44857
20242,2014-07-31 09:00:00,32.18241699467825,35.04807,34.24143,33.62644,30.37389,32.55436
20243,2014-07-31 09:15:00,32.69617455677543,33.04268,35.04807,34.24143,33.62644,30.37389
20244,2014-07-31 09:30:00,33.14774053105377,34.40792,33.04268,35.04807,34.24143,33.62644
20245,2014-07-31 09:45:00,33.290098449838155,33.7349,34.40792,33.04268,35.04807,34.24143
20246,2014-07-31 10:00:00,33.191617234868595,36.62245,33.7349,34.40792,33.04268,35.04807
20247,2014-07-31 10:15:00,33.5504679484073,37.27051,36.62245,33.7349,34.40792,33.04268
20248,2014-07-31 10:30:00,34.38617438475254,37.13319,37.27051,36.62245,33.7349,34.40792
20249,2014-07-31 10:45:00,34.914247038269025,37.31181,37.13319,37.27051,36.62245,33.7349
20250,2014-07-31 11:00:00,35.56812950781238,37.4744,37.31181,37.13319,37.27051,36.62245
20251,2014-07-31 11:15:00,35.72889219581436,39.02449,37.4744,37.31181,37.13319,37.27051
20252,2014-07-31 11:30:00,36.091811896779554,40.76025,39.02449,37.4744,37.31181,37.13319
20253,2014-07-31 11:45:00,36.827079271232385,40.33734,40.76025,39.02449,37.4744,37.31181
20254,2014-07-31 12:00:00,37.412801666579504,42.33365,40.33734,40.76025,39.02449,37.4744
20255,2014-07-31 12:15:00,38.350138036143754,42.20126,42.33365,40.33734,40.76025,39.02449
20256,2014-07-31 12:30:00,38.95879394654505,41.8665,42.20126,42.33365,40.33734,40.76025
20257,2014-07-31 12:45:00,39.16479369076214,41.93022,41.8665,42.20126,42.33365,40.33734
20258,2014-07-31 13:00:00,39.44607064185229,43.64123,41.93022,41.8665,42.20126,42.33365
20259,2014-07-31 13:15:00,39.725947373353804,42.66263,43.64123,41.93022,41.8665,42.20126
20260,2014-07-31 13:30:00,39.81993398508895,44.17421,42.66263,43.64123,41.93022,41.8665
20261,2014-07-31 13:45:00,40.271539879286934,43.16891,44.17421,42.66263,43.64123,41.93022
20262,2014-07-31 14:00:00,40.49180434136795,45.68711,43.16891,44.17421,42.66263,43.64123
20263,2014-07-31 14:15:00,40.920396205851006,41.73493,45.68711,43.16891,44.17421,42.66263
20264,2014-07-31 14:30:00,40.69219212156334,46.19223,41.73493,45.68711,43.16891,44.17421
20265,2014-07-31 14:45:00,41.11408991716674,43.04027,46.19223,41.73493,45.68711,43.16891
20266,2014-07-31 15:00:00,41.065952052685304,49.72041,43.04027,46.19223,41.73493,45.68711
20267,2014-07-31 15:15:00,41.94483498843965,48.41754,49.72041,43.04027,46.19223,41.73493
20268,2014-07-31 15:30:00,43.23008903316852,46.27461,48.41754,49.72041,43.04027,46.19223
20269,2014-07-31 15:45:00,43.220339852445484,49.0249,46.27461,48.41754,49.72041,43.04027
20270,2014-07-31 16:00:00,44.31778815589084,47.70546,49.0249,46.27461,48.41754,49.72041
20271,2014-07-31 16:15:00,43.95754009523379,48.78885,47.70546,49.0249,46.27461,48.41754
20272,2014-07-31 16:30:00,44.050034225740966,48.40571,48.78885,47.70546,49.0249,46.27461
20273,2014-07-31 16:45:00,44.43596992612905,46.79084,48.40571,48.78885,47.70546,49.0249
20274,2014-07-31 17:00:00,43.99118881985258,44.67551,46.79084,48.40571,48.78885,47.70546
20275,2014-07-31 17:15:00,43.35044356711233,43.18245,44.67551,46.79084,48.40571,48.78885
20276,2014-07-31 17:30:00,42.23917413004585,44.61286,43.18245,44.67551,46.79084,48.40571
20277,2014-07-31 17:45:00,41.54153449135173,46.08591,44.61286,43.18245,44.67551,46.79084
20278,2014-07-31 18:00:00,41.46990404839885,42.54306,46.08591,44.61286,43.18245,44.67551
20279,2014-07-31 18:15:00,41.03456395653902,38.61826,42.54306,46.08591,44.61286,43.18245
20280,2014-07-31 18:30:00,40.044752695222144,37.58889,38.61826,42.54306,46.08591,44.61286
20281,2014-07-31 18:45:00,38.634456074676486,39.23145,37.58889,38.61826,42.54306,46.08591
20282,2014-07-31 19:00:00,37.38290059361938,33.98639,39.23145,37.58889,38.61826,42.54306
20283,2014-07-31 19:15:00,35.72348029321425,33.52779,33.98639,39.23145,37.58889,38.61826
20284,2014-07-31 19:30:00,34.696019708790345,34.32708,33.52779,33.98639,39.23145,37.58889
20285,2014-07-31 19:45:00,34.07152428191302,36.14718,34.32708,33.52779,33.98639,39.23145
20286,2014-07-31 20:00:00,33.57511792772654,33.36583,36.14718,34.32708,33.52779,33.98639
20287,2014-07-31 20:15:00,33.4347676360976,34.10589,33.36583,36.14718,34.32708,33.52779
20288,2014-07-31 20:30:00,33.51655418397473,31.20016,34.10589,33.36583,36.14718,34.32708
20289,2014-07-31 20:45:00,32.865519932077135,31.57865,31.20016,34.10589,33.36583,36.14718
20290,2014-07-31 21:00:00,31.995625929460182,29.21729,31.57865,31.20016,34.10589,33.36583
20291,2014-07-31 21:15:00,31.165702812391675,28.72357,29.21729,31.57865,31.20016,34.10589
20292,2014-07-31 21:30:00,30.133920193116243,28.27847,28.72357,29.21729,31.57865,31.20016
20293,2014-07-31 21:45:00,29.5628747976223,28.45153,28.27847,28.72357,29.21729,31.57865
20294,2014-07-31 22:00:00,28.988700604510484,29.96386,28.45153,28.27847,28.72357,29.21729
20295,2014-07-31 22:15:00,29.16327365291658,29.80209,29.96386,28.45153,28.27847,28.72357
20296,2014-07-31 22:30:00,29.387173690349954,27.20483,29.80209,29.96386,28.45153,28.27847
20297,2014-07-31 22:45:00,29.13453663254169,30.30998,27.20483,29.80209,29.96386,28.45153
20298,2014-07-31 23:00:00,29.496458884124973,27.86069,30.30998,27.20483,29.80209,29.96386
20299,2014-07-31 23:15:00,29.09379634920431,27.6325,27.86069,30.30998,27.20483,29.80209
20300,2014-07-31 23:30:00,28.671923883814678,26.65991,27.6325,27.86069,30.30998,27.20483
20301,2014-07-31 23:45:00,28.521156401096505,27.19774,26.65991,27.6325,27.86069,30.30998
20302,2014-08-01 00:00:00,27.95060025333427,26.44999,27.19774,26.65991,27.6325,27.86069
20303,2014-08-01 00:15:00,27.67858114211974,25.5674,26.44999,27.19774,26.65991,27.6325
20304,2014-08-01 00:30:00,27.271185729966138,25.31812,25.5674,26.44999,27.19774,26.65991
20305,2014-08-01 00:45:00,26.996962097362314,25.26307,25.31812,25.5674,26.44999,27.19774
20306,2014-08-01 01:00:00,26.632860457072212,26.53361,25.26307,25.31812,25.5674,26.44999
20307,2014-08-01 01:15:00,26.678204961413606,25.27924,26.53361,25.26307,25.31812,25.5674
20308,2014-08-01 01:30:00,26.61916078877528,26.43209,25.27924,26.53361,25.26307,25.31812
20309,2014-08-01 01:45:00,26.835879676025044,26.3953,26.43209,25.27924,26.53361,25.26307
20310,2014-08-01 02:00:00,27.05253952989328,26.3756,26.3953,26.43209,25.27924,26.53361
20311,2014-08-01 02:15:00,27.032951884398734,27.78084,26.3756,26.3953,26.43209,25.27924
20312,2014-08-01 02:30:00,27.521374007350527,25.3417,27.78084,26.3756,26.3953,26.43209
20313,2014-08-01 02:45:00,27.28918582070103,29.41514,25.3417,27.78084,26.3756,26.3953
20314,2014-08-01 03:00:00,27.903824968699503,27.01299,29.41514,25.3417,27.78084,26.3756
20315,2014-08-01 03:15:00,28.019324111990908,28.89867,27.01299,29.41514,25.3417,27.78084
20316,2014-08-01 03:30:00,28.256947056792725,25.93957,28.89867,27.01299,29.41514,25.3417
20317,2014-08-01 03:45:00,28.30493887290351,28.6198,25.93957,28.89867,27.01299,29.41514
20318,2014-08-01 04:00:00,28.18674506525805,27.91451,28.6198,25.93957,28.89867,27.01299
20319,2014-08-01 04:15:00,28.360959574784395,24.65988,27.91451,28.6198,25.93957,28.89867
20320,2014-08-01 04:30:00,27.518023319574837,23.70632,24.65988,27.91451,28.6198,25.93957
20321,2014-08-01 04:45:00,27.01464331511298,29.00325,23.70632,24.65988,27.91451,28.6198
20322,2014-08-01 05:00:00,27.175060775169847,27.30974,29.00325,23.70632,24.65988,27.91451
20323,2014-08-01 05:15:00,27.12379199336286,27.94815,27.30974,29.00325,23.70632,24.65988
20324,2014-08-01 05:30:00,27.746348066162057,26.51913,27.94815,27.30974,29.00325,23.70632
20325,2014-08-01 05:45:00,28.21511192294805,27.95354,26.51913,27.94815,27.30974,29.00325
20326,2014-08-01 06:00:00,28.039052046730106,26.5679,27.95354,26.51913,27.94815,27.30974
20327,2014-08-01 06:15:00,27.885784257514004,24.73271,26.5679,27.95354,26.51913,27.94815
20328,2014-08-01 06:30:00,27.23992002054712,26.51848,24.73271,26.5679,27.95354,26.51913
20329,2014-08-01 06:45:00,27.236160217411033,27.91204,26.51848,24.73271,26.5679,27.95354
20330,2014-08-01 07:00:00,27.28671791409939,28.42144,27.91204,26.51848,24.73271,26.5679
20331,2014-08-01 07:15:00,27.68025491452838,31.58514,28.42144,27.91204,26.51848,24.73271
20332,2014-08-01 07:30:00,29.025143844858142,31.27227,31.58514,28.42144,27.91204,26.51848
20333,2014-08-01 07:45:00,29.94678139122741,31.1164,31.27227,31.58514,28.42144,27.91204
20334,2014-08-01 08:00:00,30.543193896817257,30.94965,31.1164,31.27227,31.58514,28.42144
20335,2014-08-01 08:15:00,30.98952259586906,30.93604,30.94965,31.1164,31.27227,31.58514
20336,2014-08-01 08:30:00,30.866993112299653,32.51698,30.93604,30.94965,31.1164,31.27227
20337,2014-08-01 08:45:00,31.131939657905306,32.43183,32.51698,30.93604,30.94965,31.1164
20338,2014-08-01 09:00:00,31.400452348838606,33.10021,32.43183,32.51698,30.93604,30.94965
20339,2014-08-01 09:15:00,31.818972195602047,37.1618,33.10021,32.43183,32.51698,30.93604
20340,2014-08-01 09:30:00,33.064571943179985,35.83599,37.1618,33.10021,32.43183,32.51698
20341,2014-08-01 09:45:00,33.72045531075365,38.82314,35.83599,37.1618,33.10021,32.43183
20342,2014-08-01 10:00:00,34.96253732613664,36.88321,38.82314,35.83599,37.1618,33.10021
20343,2014-08-01 10:15:00,35.645695821973234,40.46655,36.88321,38.82314,35.83599,37.1618
20344,2014-08-01 10:30:00,36.32340827709769,39.76518,40.46655,36.88321,38.82314,35.83599
20345,2014-08-01 10:45:00,37.07280676727667,41.4979,39.76518,40.46655,36.88321,38.82314
20346,2014-08-01 11:00:00,37.61906177468399,40.05099,41.4979,39.76518,40.46655,36.88321
20347,2014-08-01 11:15:00,38.18330486816577,43.21457,40.05099,41.4979,39.76518,40.46655
20348,2014-08-01 11:30:00,38.74852158654927,42.06394,43.21457,40.05099,41.4979,39.76518
20349,2014-08-01 11:45:00,39.187016156796304,43.77581,42.06394,43.21457,40.05099,41.4979
20350,2014-08-01 12:00:00,39.64784395713253,41.68953,43.77581,42.06394,43.21457,40.05099
20351,2014-08-01 12:15:00,39.91443532876323,40.06029,41.68953,43.77581,42.06394,43.21457
20352,2014-08-01 12:30:00,39.27281810671613,44.43921,40.06029,41.68953,43.77581,42.06394
20353,2014-08-01 12:45:00,39.765031926191526,46.11431,44.43921,40.06029,41.68953,43.77581
20354,2014-08-01 13:00:00,40.309368081089474,45.45529,46.11431,44.43921,40.06029,41.68953
20355,2014-08-01 13:15:00,41.046480283748124,45.48286,45.45529,46.11431,44.43921,40.06029
20356,2014-08-01 13:30:00,42.02801748421865,45.57613,45.48286,45.45529,46.11431,44.43921
20357,2014-08-01 13:45:00,42.23062045640879,44.35437,45.57613,45.48286,45.45529,46.11431
20358,2014-08-01 14:00:00,41.88251897858649,48.57156,44.35437,45.57613,45.48286,45.45529
20359,2014-08-01 14:15:00,42.53228852472671,47.62858,48.57156,44.35437,45.57613,45.48286
20360,2014-08-01 14:30:00,42.97276305962105,48.99017,47.62858,48.57156,44.35437,45.57613
20361,2014-08-01 14:45:00,43.643336458195854,48.12617,48.99017,47.62858,48.57156,44.35437
20362,2014-08-01 15:00:00,44.32218761837159,49.92314,48.12617,48.99017,47.62858,48.57156
20363,2014-08-01 15:15:00,44.60788840236526,45.30341,49.92314,48.12617,48.99017,47.62858
20364,2014-08-01 15:30:00,44.09563469147045,47.77808,45.30341,49.92314,48.12617,48.99017
20365,2014-08-01 15:45:00,43.86102725195242,48.02034,47.77808,45.30341,49.92314,48.12617
20366,2014-08-01 16:00:00,43.859207901272825,45.77435,48.02034,47.77808,45.30341,49.92314
20367,2014-08-01 16:15:00,43.077293296622216,45.45836,45.77435,48.02034,47.77808,45.30341
20368,2014-08-01 16:30:00,43.0518998071983,45.92512,45.45836,45.77435,48.02034,47.77808
20369,2014-08-01 16:45:00,42.70283496318284,46.43023,45.92512,45.45836,45.77435,48.02034
20370,2014-08-01 17:00:00,42.435890423395165,41.82686,46.43023,45.92512,45.45836,45.77435
20371,2014-08-01 17:15:00,41.61564590315834,43.56238,41.82686,46.43023,45.92512,45.45836
20372,2014-08-01 17:30:00,41.22677132810476,38.77559,43.56238,41.82686,46.43023,45.92512
20373,2014-08-01 17:45:00,39.803875178727935,40.74537,38.77559,43.56238,41.82686,46.43023
20374,2014-08-01 18:00:00,38.74371378307814,38.86263,40.74537,38.77559,43.56238,41.82686
20375,2014-08-01 18:15:00,38.157130896321796,37.77937,38.86263,40.74537,38.77559,43.56238
20376,2014-08-01 18:30:00,37.061567504228314,38.80612,37.77937,38.86263,40.74537,38.77559
20377,2014-08-01 18:45:00,37.054737748602754,35.50648,38.80612,37.77937,38.86263,40.74537
20378,2014-08-01 19:00:00,36.03282104186199,38.92632,35.50648,38.80612,37.77937,38.86263
20379,2014-08-01 19:15:00,36.07460685278769,34.79984,38.92632,35.50648,38.80612,37.77937
20380,2014-08-01 19:30:00,35.46959886897723,32.87315,34.79984,38.92632,35.50648,38.80612
20381,2014-08-01 19:45:00,34.290389962234386,36.3422,32.87315,34.79984,38.92632,35.50648
20382,2014-08-01 20:00:00,34.455969567117535,33.50051,36.3422,32.87315,34.79984,38.92632
20383,2014-08-01 20:15:00,33.45620162544691,31.40791,33.50051,36.3422,32.87315,34.79984
20384,2014-08-01 20:30:00,32.75914964928962,30.7914,31.40791,33.50051,36.3422,32.87315
20385,2014-08-01 20:45:00,32.297466614218635,30.04799,30.7914,31.40791,33.50051,36.3422
20386,2014-08-01 21:00:00,31.10899312443486,28.53756,30.04799,30.7914,31.40791,33.50051
20387,2014-08-01 21:15:00,30.15122697798959,29.48967,28.53756,30.04799,30.7914,31.40791
20388,2014-08-01 21:30:00,29.79147938812224,29.46807,29.48967,28.53756,30.04799,30.7914
20389,2014-08-01 21:45:00,29.55837448643388,29.80675,29.46807,29.48967,28.53756,30.04799
20390,2014-08-01 22:00:00,29.531762553248065,28.48885,29.80675,29.46807,29.48967,28.53756
20391,2014-08-01 22:15:00,29.495021811276864,28.23959,28.48885,29.80675,29.46807,29.48967
20392,2014-08-01 22:30:00,29.23788830295257,27.12333,28.23959,28.48885,29.80675,29.46807
20393,2014-08-01 22:45:00,28.767750360582905,29.19781,27.12333,28.23959,28.48885,29.80675
20394,2014-08-01 23:00:00,28.686935096148254,27.0095,29.19781,27.12333,28.23959,28.48885
20395,2014-08-01 23:15:00,28.395409928479623,27.23523,27.0095,29.19781,27.12333,28.23959
20396,2014-08-01 23:30:00,28.192393455658305,25.13508,27.23523,27.0095,29.19781,27.12333
20397,2014-08-01 23:45:00,27.76287490415274,26.72917,25.13508,27.23523,27.0095,29.19781
20398,2014-08-02 00:00:00,27.316895445673644,23.15088,26.72917,25.13508,27.23523,27.0095
20399,2014-08-02 00:15:00,26.53986813753464,26.54817,23.15088,26.72917,25.13508,27.23523
20400,2014-08-02 00:30:00,26.444604555151955,24.69079,26.54817,23.15088,26.72917,25.13508
20401,2014-08-02 00:45:00,26.35473739213129,24.48285,24.69079,26.54817,23.15088,26.72917
20402,2014-08-02 01:00:00,25.934571314219383,25.40171,24.48285,24.69079,26.54817,23.15088
20403,2014-08-02 01:15:00,26.344667189371833,24.88274,25.40171,24.48285,24.69079,26.54817
20404,2014-08-02 01:30:00,26.047482755047287,26.38339,24.88274,25.40171,24.48285,24.69079
20405,2014-08-02 01:45:00,26.390270686097402,25.14096,26.38339,24.88274,25.40171,24.48285
20406,2014-08-02 02:00:00,26.503222092337047,25.59816,25.14096,26.38339,24.88274,25.40171
20407,2014-08-02 02:15:00,26.53805874788369,22.97594,25.59816,25.14096,26.38339,24.88274
20408,2014-08-02 02:30:00,26.122723525091054,25.70797,22.97594,25.59816,25.14096,26.38339
20409,2014-08-02 02:45:00,26.021937005198424,26.19311,25.70797,22.97594,25.59816,25.14096
20410,2014-08-02 03:00:00,26.2589434882105,27.38446,26.19311,25.70797,22.97594,25.59816
20411,2014-08-02 03:15:00,26.647704351716214,22.45646,27.38446,26.19311,25.70797,22.97594
20412,2014-08-02 03:30:00,26.45282688280342,26.25953,22.45646,27.38446,26.19311,25.70797
20413,2014-08-02 03:45:00,26.560152995194198,25.60608,26.25953,22.45646,27.38446,26.19311
20414,2014-08-02 04:00:00,26.472861681000513,23.99868,25.60608,26.25953,22.45646,27.38446
20415,2014-08-02 04:15:00,25.83870026951083,24.78496,23.99868,25.60608,26.25953,22.45646
20416,2014-08-02 04:30:00,26.24063123402817,26.12853,24.78496,23.99868,25.60608,26.25953
20417,2014-08-02 04:45:00,26.254723754837855,25.89467,26.12853,24.78496,23.99868,25.60608
20418,2014-08-02 05:00:00,26.335901667492585,26.83663,25.89467,26.12853,24.78496,23.99868
20419,2014-08-02 05:15:00,26.88062059917736,24.76441,26.83663,25.89467,26.12853,24.78496
20420,2014-08-02 05:30:00,26.839799516993608,24.03852,24.76441,26.83663,25.89467,26.12853
20421,2014-08-02 05:45:00,26.407817936814197,23.27042,24.03852,24.76441,26.83663,25.89467
20422,2014-08-02 06:00:00,25.87966414879478,26.04605,23.27042,24.03852,24.76441,26.83663
20423,2014-08-02 06:15:00,25.787652354473344,23.90539,26.04605,23.27042,24.03852,24.76441
20424,2014-08-02 06:30:00,25.627296789061067,26.48123,23.90539,26.04605,23.27042,24.03852
20425,2014-08-02 06:45:00,26.11650494564878,26.28504,26.48123,23.90539,26.04605,23.27042
20426,2014-08-02 07:00:00,26.691070134111822,25.93507,26.28504,26.48123,23.90539,26.04605
20427,2014-08-02 07:15:00,26.68055312983541,24.3095,25.93507,26.28504,26.48123,23.90539
20428,2014-08-02 07:30:00,26.70146811967895,24.25309,24.3095,25.93507,26.28504,26.48123
20429,2014-08-02 07:45:00,26.260129932832623,27.38503,24.25309,24.3095,25.93507,26.28504
20430,2014-08-02 08:00:00,26.526080916175584,25.68388,27.38503,24.25309,24.3095,25.93507
20431,2014-08-02 08:15:00,26.500991693763968,26.22068,25.68388,27.38503,24.25309,24.3095
20432,2014-08-02 08:30:00,26.85262662139261,27.08954,26.22068,25.68388,27.38503,24.25309
20433,2014-08-02 08:45:00,27.384245888969264,27.63675,27.08954,26.22068,25.68388,27.38503
20434,2014-08-02 09:00:00,27.467231554455974,26.163,27.63675,27.08954,26.22068,25.68388
20435,2014-08-02 09:15:00,27.534039033332558,25.71474,26.163,27.63675,27.08954,26.22068
20436,2014-08-02 09:30:00,27.404673556122013,24.9141,25.71474,26.163,27.63675,27.08954
20437,2014-08-02 09:45:00,26.967906795894486,24.63831,24.9141,25.71474,26.163,27.63675
20438,2014-08-02 10:00:00,26.39804378893278,26.38915,24.63831,24.9141,25.71474,26.163
20439,2014-08-02 10:15:00,26.472303839495453,28.35428,26.38915,24.63831,24.9141,25.71474
20440,2014-08-02 10:30:00,27.035531168988012,27.48509,28.35428,26.38915,24.63831,24.9141
20441,2014-08-02 10:45:00,27.533926197382222,28.00688,27.48509,28.35428,26.38915,24.63831
20442,2014-08-02 11:00:00,28.155584493713075,27.42383,28.00688,27.48509,28.35428,26.38915
20443,2014-08-02 11:15:00,28.33033713183878,24.94375,27.42383,28.00688,27.48509,28.35428
20444,2014-08-02 11:30:00,27.640907407844818,25.40576,24.94375,27.42383,28.00688,27.48509
20445,2014-08-02 11:45:00,27.22014437207806,27.85608,25.40576,24.94375,27.42383,28.00688
20446,2014-08-02 12:00:00,27.24536084765802,27.53251,27.85608,25.40576,24.94375,27.42383
20447,2014-08-02 12:15:00,27.312026453667137,29.65052,27.53251,27.85608,25.40576,24.94375
20448,2014-08-02 12:30:00,28.233475802499694,29.39105,29.65052,27.53251,27.85608,25.40576
20449,2014-08-02 12:45:00,28.988294173264777,28.04257,29.39105,29.65052,27.53251,27.85608
20450,2014-08-02 13:00:00,28.999707835250206,31.02306,28.04257,29.39105,29.65052,27.53251
20451,2014-08-02 13:15:00,29.67858722327605,27.08512,31.02306,28.04257,29.39105,29.65052
20452,2014-08-02 13:30:00,29.161519034542216,28.20834,27.08512,31.02306,28.04257,29.39105
20453,2014-08-02 13:45:00,28.921321761117216,31.11847,28.20834,27.08512,31.02306,28.04257
20454,2014-08-02 14:00:00,29.542625244707622,31.98324,31.11847,28.20834,27.08512,31.02306
20455,2014-08-02 14:15:00,29.810118054011973,31.35339,31.98324,31.11847,28.20834,27.08512
20456,2014-08-02 14:30:00,30.60870504466198,29.74896,31.35339,31.98324,31.11847,28.20834
20457,2014-08-02 14:45:00,30.839082490684063,29.92137,29.74896,31.35339,31.98324,31.11847
20458,2014-08-02 15:00:00,30.58804033330492,32.06117,29.92137,29.74896,31.35339,31.98324
20459,2014-08-02 15:15:00,30.648075031763934,29.68558,32.06117,29.92137,29.74896,31.35339
20460,2014-08-02 15:30:00,30.33038091508765,28.43038,29.68558,32.06117,29.92137,29.74896
20461,2014-08-02 15:45:00,30.028061908219414,29.94496,28.43038,29.68558,32.06117,29.92137
20462,2014-08-02 16:00:00,30.024886349486962,31.77573,29.94496,28.43038,29.68558,32.06117
20463,2014-08-02 16:15:00,30.04239673184634,29.63029,31.77573,29.94496,28.43038,29.68558
20464,2014-08-02 16:30:00,30.027588956588,29.0402,29.63029,31.77573,29.94496,28.43038
20465,2014-08-02 16:45:00,30.093374404385365,30.55899,29.0402,29.63029,31.77573,29.94496
20466,2014-08-02 17:00:00,30.213011799862798,28.45568,30.55899,29.0402,29.63029,31.77573
20467,2014-08-02 17:15:00,29.58416322277182,29.21487,28.45568,30.55899,29.0402,29.63029
20468,2014-08-02 17:30:00,29.498510830900457,29.79029,29.21487,28.45568,30.55899,29.0402
20469,2014-08-02 17:45:00,29.646498030319197,29.11411,29.79029,29.21487,28.45568,30.55899
20470,2014-08-02 18:00:00,29.38639210729675,29.37381,29.11411,29.79029,29.21487,28.45568
20471,2014-08-02 18:15:00,29.5500631173327,29.95805,29.37381,29.11411,29.79029,29.21487
20472,2014-08-02 18:30:00,29.699237033830556,25.9666,29.95805,29.37381,29.11411,29.79029
20473,2014-08-02 18:45:00,28.917368567242196,28.09982,25.9666,29.95805,29.37381,29.11411
20474,2014-08-02 19:00:00,28.711878311639076,28.81373,28.09982,25.9666,29.95805,29.37381
20475,2014-08-02 19:15:00,28.63887732039766,25.50533,28.81373,28.09982,25.9666,29.95805
20476,2014-08-02 19:30:00,27.78081552931511,26.60467,25.50533,28.81373,28.09982,25.9666
20477,2014-08-02 19:45:00,27.86202825020779,26.8218,26.60467,25.50533,28.81373,28.09982
20478,2014-08-02 20:00:00,27.630523693990714,28.38925,26.8218,26.60467,25.50533,28.81373
20479,2014-08-02 20:15:00,27.60963431981751,27.02742,28.38925,26.8218,26.60467,25.50533
20480,2014-08-02 20:30:00,27.883483073781417,27.41355,27.02742,28.38925,26.8218,26.60467
20481,2014-08-02 20:45:00,28.025179499283233,26.14347,27.41355,27.02742,28.38925,26.8218
20482,2014-08-02 21:00:00,27.865018074130504,26.95999,26.14347,27.41355,27.02742,28.38925
20483,2014-08-02 21:15:00,27.605130573680825,27.71457,26.95999,26.14347,27.41355,27.02742
20484,2014-08-02 21:30:00,27.755101976363562,27.72458,27.71457,26.95999,26.14347,27.41355
20485,2014-08-02 21:45:00,27.834680473685324,26.12384,27.72458,27.71457,26.95999,26.14347
20486,2014-08-02 22:00:00,27.79571165951871,29.19588,26.12384,27.72458,27.71457,26.95999
20487,2014-08-02 22:15:00,28.247418055151574,26.93774,29.19588,26.12384,27.72458,27.71457
20488,2014-08-02 22:30:00,28.09762500455993,26.56735,26.93774,29.19588,26.12384,27.72458
20489,2014-08-02 22:45:00,27.858625703504774,26.91267,26.56735,26.93774,29.19588,26.12384
20490,2014-08-02 23:00:00,27.982416809006537,27.40397,26.91267,26.56735,26.93774,29.19588
20491,2014-08-02 23:15:00,27.675610387452213,25.03696,27.40397,26.91267,26.56735,26.93774
20492,2014-08-02 23:30:00,27.282955003867635,25.16077,25.03696,27.40397,26.91267,26.56735
20493,2014-08-02 23:45:00,26.986730953172405,25.86512,25.16077,25.03696,27.40397,26.91267
20494,2014-08-03 00:00:00,26.797636079452847,24.70406,25.86512,25.16077,25.03696,27.40397
20495,2014-08-03 00:15:00,26.295000586293057,24.65741,24.70406,25.86512,25.16077,25.03696
20496,2014-08-03 00:30:00,26.20706247377008,23.58703,24.65741,24.70406,25.86512,25.16077
20497,2014-08-03 00:45:00,25.883094608855593,25.58713,23.58703,24.65741,24.70406,25.86512
20498,2014-08-03 01:00:00,25.86287418883864,24.24297,25.58713,23.58703,24.65741,24.70406
20499,2014-08-03 01:15:00,25.776504714964915,25.20115,24.24297,25.58713,23.58703,24.65741
20500,2014-08-03 01:30:00,25.889648315853115,26.82552,25.20115,24.24297,25.58713,23.58703
20501,2014-08-03 01:45:00,26.525922671329784,26.07391,26.82552,25.20115,24.24297,25.58713
20502,2014-08-03 02:00:00,26.6366418921911,23.40833,26.07391,26.82552,25.20115,24.24297
20503,2014-08-03 02:15:00,26.413984880358818,23.86365,23.40833,26.07391,26.82552,25.20115
20504,2014-08-03 02:30:00,26.121682270805728,24.89222,23.86365,23.40833,26.07391,26.82552
20505,2014-08-03 02:45:00,25.785435176661338,25.09088,24.89222,23.86365,23.40833,26.07391
20506,2014-08-03 03:00:00,25.63873599313667,25.08123,25.09088,24.89222,23.86365,23.40833
20507,2014-08-03 03:15:00,25.95406456794222,25.30185,25.08123,25.09088,24.89222,23.86365
20508,2014-08-03 03:30:00,26.221319677315265,23.28851,25.30185,25.08123,25.09088,24.89222
20509,2014-08-03 03:45:00,25.882850263520794,24.55389,23.28851,25.30185,25.08123,25.09088
20510,2014-08-03 04:00:00,25.778964746589168,24.21656,24.55389,23.28851,25.30185,25.08123
20511,2014-08-03 04:15:00,25.622486157493075,27.18213,24.21656,24.55389,23.28851,25.30185
20512,2014-08-03 04:30:00,26.044835037051975,25.04296,27.18213,24.21656,24.55389,23.28851
20513,2014-08-03 04:45:00,26.364544013266496,27.8021,25.04296,27.18213,24.21656,24.55389
20514,2014-08-03 05:00:00,27.005860073862202,24.58128,27.8021,25.04296,27.18213,24.21656
20515,2014-08-03 05:15:00,27.02549286818607,25.58874,24.58128,27.8021,25.04296,27.18213
20516,2014-08-03 05:30:00,26.72112841448119,24.56367,25.58874,24.58128,27.8021,25.04296
20517,2014-08-03 05:45:00,26.599926984425448,26.69759,24.56367,25.58874,24.58128,27.8021
20518,2014-08-03 06:00:00,26.444239910207518,24.40891,26.69759,24.56367,25.58874,24.58128
20519,2014-08-03 06:15:00,26.388265157636038,26.76544,24.40891,26.69759,24.56367,25.58874
20520,2014-08-03 06:30:00,26.634110357407415,24.64205,26.76544,24.40891,26.69759,24.56367
20521,2014-08-03 06:45:00,26.62124947489437,26.86296,24.64205,26.76544,24.40891,26.69759
20522,2014-08-03 07:00:00,26.68623255166749,26.17163,26.86296,24.64205,26.76544,24.40891
20523,2014-08-03 07:15:00,27.014202815877006,28.57906,26.17163,26.86296,24.64205,26.76544
20524,2014-08-03 07:30:00,27.410805991757023,27.69763,28.57906,26.17163,26.86296,24.64205
20525,2014-08-03 07:45:00,27.983999944622244,28.38036,27.69763,28.57906,26.17163,26.86296
20526,2014-08-03 08:00:00,28.279123222804547,27.1769,28.38036,27.69763,28.57906,26.17163
20527,2014-08-03 08:15:00,28.435422380535186,26.84714,27.1769,28.38036,27.69763,28.57906
20528,2014-08-03 08:30:00,28.09456529578958,24.89871,26.84714,27.1769,28.38036,27.69763
20529,2014-08-03 08:45:00,27.519679044814332,28.24881,24.89871,26.84714,27.1769,28.38036
20530,2014-08-03 09:00:00,27.540664094044594,27.14848,28.24881,24.89871,26.84714,27.1769
20531,2014-08-03 09:15:00,27.559470772726787,27.63181,27.14848,28.24881,24.89871,26.84714
20532,2014-08-03 09:30:00,27.720716434425817,26.08814,27.63181,27.14848,28.24881,24.89871
20533,2014-08-03 09:45:00,27.89515343391636,28.97416,26.08814,27.63181,27.14848,28.24881
20534,2014-08-03 10:00:00,28.074423747728694,25.46925,28.97416,26.08814,27.63181,27.14848
20535,2014-08-03 10:15:00,27.725203035601318,28.84639,25.46925,28.97416,26.08814,27.63181
20536,2014-08-03 10:30:00,27.986029911545646,28.47769,28.84639,25.46925,28.97416,26.08814
20537,2014-08-03 10:45:00,28.44779198506035,27.05225,28.47769,28.84639,25.46925,28.97416
20538,2014-08-03 11:00:00,28.08512978222268,28.39299,27.05225,28.47769,28.84639,25.46925
20539,2014-08-03 11:15:00,28.615632186984953,28.72612,28.39299,27.05225,28.47769,28.84639
20540,2014-08-03 11:30:00,28.61820116059929,28.51057,28.72612,28.39299,27.05225,28.47769
20541,2014-08-03 11:45:00,28.637365786633154,28.72663,28.51057,28.72612,28.39299,27.05225
20542,2014-08-03 12:00:00,28.944043828489797,28.94837,28.72663,28.51057,28.72612,28.39299
20543,2014-08-03 12:15:00,29.052877524726867,29.02606,28.94837,28.72663,28.51057,28.72612
20544,2014-08-03 12:30:00,29.11570654098284,28.28413,29.02606,28.94837,28.72663,28.51057
20545,2014-08-03 12:45:00,29.058771474424084,27.65873,28.28413,29.02606,28.94837,28.72663
20546,2014-08-03 13:00:00,28.83438291090124,27.43042,27.65873,28.28413,29.02606,28.94837
20547,2014-08-03 13:15:00,28.53434044445325,24.46222,27.43042,27.65873,28.28413,29.02606
20548,2014-08-03 13:30:00,27.620865245984533,25.20646,24.46222,27.43042,27.65873,28.28413
20549,2014-08-03 13:45:00,27.020088620444326,27.29098,25.20646,24.46222,27.43042,27.65873
20550,2014-08-03 14:00:00,26.998016914035055,25.87884,27.29098,25.20646,24.46222,27.43042
20551,2014-08-03 14:15:00,26.73073542839193,24.02164,25.87884,27.29098,25.20646,24.46222
20552,2014-08-03 14:30:00,26.590878122202927,28.03182,24.02164,25.87884,27.29098,25.20646
20553,2014-08-03 14:45:00,27.155867809366725,30.25561,28.03182,24.02164,25.87884,27.29098
20554,2014-08-03 15:00:00,27.818073277365343,29.01994,30.25561,28.03182,24.02164,25.87884
20555,2014-08-03 15:15:00,28.435314482034677,27.7619,29.01994,30.25561,28.03182,24.02164
20556,2014-08-03 15:30:00,29.071648873112625,30.58782,27.7619,29.01994,30.25561,28.03182
20557,2014-08-03 15:45:00,29.570800393397903,31.66271,30.58782,27.7619,29.01994,30.25561
20558,2014-08-03 16:00:00,29.90164848683435,28.51561,31.66271,30.58782,27.7619,29.01994
20559,2014-08-03 16:15:00,29.77499601563838,30.12986,28.51561,31.66271,30.58782,27.7619
20560,2014-08-03 16:30:00,30.188986947447162,28.72812,30.12986,28.51561,31.66271,30.58782
20561,2014-08-03 16:45:00,29.821812262961117,30.44036,28.72812,30.12986,28.51561,31.66271
20562,2014-08-03 17:00:00,29.631163452432112,27.74445,30.44036,28.72812,30.12986,28.51561
20563,2014-08-03 17:15:00,29.44401658849457,28.65749,27.74445,30.44036,28.72812,30.12986
20564,2014-08-03 17:30:00,29.160734992251573,26.18199,28.65749,27.74445,30.44036,28.72812
20565,2014-08-03 17:45:00,28.63041332591522,29.82715,26.18199,28.65749,27.74445,30.44036
20566,2014-08-03 18:00:00,28.57215992711171,28.42626,29.82715,26.18199,28.65749,27.74445
20567,2014-08-03 18:15:00,28.71285046171673,26.24513,28.42626,29.82715,26.18199,28.65749
20568,2014-08-03 18:30:00,28.222282014577306,24.65772,26.24513,28.42626,29.82715,26.18199
20569,2014-08-03 18:45:00,27.846598365221297,26.5213,24.65772,26.24513,28.42626,29.82715
20570,2014-08-03 19:00:00,27.245841317085095,25.70665,26.5213,24.65772,26.24513,28.42626
20571,2014-08-03 19:15:00,26.757941486510056,25.76354,25.70665,26.5213,24.65772,26.24513
20572,2014-08-03 19:30:00,26.671895933819744,25.34079,25.76354,25.70665,26.5213,24.65772
20573,2014-08-03 19:45:00,26.778078153209115,26.62467,25.34079,25.76354,25.70665,26.5213
20574,2014-08-03 20:00:00,26.82234264616451,24.85546,26.62467,25.34079,25.76354,25.70665
20575,2014-08-03 20:15:00,26.64495997027488,24.28214,24.85546,26.62467,25.34079,25.76354
20576,2014-08-03 20:30:00,26.33638587719223,25.99397,24.28214,24.85546,26.62467,25.34079
20577,2014-08-03 20:45:00,26.471902724649745,26.55945,25.99397,24.28214,24.85546,26.62467
20578,2014-08-03 21:00:00,26.50594125950887,27.22719,26.55945,25.99397,24.28214,24.85546
20579,2014-08-03 21:15:00,26.979238720965977,26.11547,27.22719,26.55945,25.99397,24.28214
20580,2014-08-03 21:30:00,27.300135576518567,27.36584,26.11547,27.22719,26.55945,25.99397
20581,2014-08-03 21:45:00,27.56366610594878,26.51532,27.36584,26.11547,27.22719,26.55945
20582,2014-08-03 22:00:00,27.549572725988064,27.71862,26.51532,27.36584,26.11547,27.22719
20583,2014-08-03 22:15:00,27.663450525702935,27.01979,27.71862,26.51532,27.36584,26.11547
20584,2014-08-03 22:30:00,27.82607083525438,27.42737,27.01979,27.71862,26.51532,27.36584
20585,2014-08-03 22:45:00,27.843992766974985,27.66788,27.42737,27.01979,27.71862,26.51532
20586,2014-08-03 23:00:00,28.0609460671319,27.50521,27.66788,27.42737,27.01979,27.71862
20587,2014-08-03 23:15:00,28.026762592509755,24.38225,27.50521,27.66788,27.42737,27.01979
20588,2014-08-03 23:30:00,27.466320066646265,22.05772,24.38225,27.50521,27.66788,27.42737
20589,2014-08-03 23:45:00,26.367580859290662,25.73438,22.05772,24.38225,27.50521,27.66788
20590,2014-08-04 00:00:00,26.038877987545472,25.16477,25.73438,22.05772,24.38225,27.50521
20591,2014-08-04 00:15:00,25.657502479302913,25.04477,25.16477,25.73438,22.05772,24.38225
20592,2014-08-04 00:30:00,25.794772853871464,24.39609,25.04477,25.16477,25.73438,22.05772
20593,2014-08-04 00:45:00,26.192522144564343,25.17118,24.39609,25.04477,25.16477,25.73438
20594,2014-08-04 01:00:00,26.096571151209858,25.25995,25.17118,24.39609,25.04477,25.16477
20595,2014-08-04 01:15:00,26.126629815238406,26.50298,25.25995,25.17118,24.39609,25.04477
20596,2014-08-04 01:30:00,26.431742196519714,25.08169,26.50298,25.25995,25.17118,24.39609
20597,2014-08-04 01:45:00,26.544923131888723,24.75644,25.08169,26.50298,25.25995,25.17118
20598,2014-08-04 02:00:00,26.442581852935245,25.78233,24.75644,25.08169,26.50298,25.25995
20599,2014-08-04 02:15:00,26.544627032525455,24.2358,25.78233,24.75644,25.08169,26.50298
20600,2014-08-04 02:30:00,26.11274074079833,23.06917,24.2358,25.78233,24.75644,25.08169
20601,2014-08-04 02:45:00,25.694891852763504,23.31154,23.06917,24.2358,25.78233,24.75644
20602,2014-08-04 03:00:00,25.40197079432619,25.91953,23.31154,23.06917,24.2358,25.78233
20603,2014-08-04 03:15:00,25.490464088195832,25.40151,25.91953,23.31154,23.06917,24.2358
20604,2014-08-04 03:30:00,25.744328911571827,25.85186,25.40151,25.91953,23.31154,23.06917
20605,2014-08-04 03:45:00,26.271336983189652,25.70616,25.85186,25.40151,25.91953,23.31154
20606,2014-08-04 04:00:00,26.704996518621627,26.89469,25.70616,25.85186,25.40151,25.91953
20607,2014-08-04 04:15:00,26.913574710390392,25.8986,26.89469,25.70616,25.85186,25.40151
20608,2014-08-04 04:30:00,27.000712775528612,27.1888,25.8986,26.89469,25.70616,25.85186
20609,2014-08-04 04:45:00,27.266047978846508,27.41598,27.1888,25.8986,26.89469,25.70616
20610,2014-08-04 05:00:00,27.599233119558406,27.19672,27.41598,27.1888,25.8986,26.89469
20611,2014-08-04 05:15:00,27.66425420237988,24.49597,27.19672,27.41598,27.1888,25.8986
20612,2014-08-04 05:30:00,27.33679701737352,27.13227,24.49597,27.19672,27.41598,27.1888
20613,2014-08-04 05:45:00,27.33763174965314,27.50614,27.13227,24.49597,27.19672,27.41598
20614,2014-08-04 06:00:00,27.395172318044224,28.59565,27.50614,27.13227,24.49597,27.19672
20615,2014-08-04 06:15:00,27.70805975089344,27.27126,28.59565,27.50614,27.13227,24.49597
20616,2014-08-04 06:30:00,28.200680791301323,28.07487,27.27126,28.59565,27.50614,27.13227
20617,2014-08-04 06:45:00,28.374116411005883,29.39744,28.07487,27.27126,28.59565,27.50614
20618,2014-08-04 07:00:00,28.755924927042276,29.36002,29.39744,28.07487,27.27126,28.59565
20619,2014-08-04 07:15:00,28.927976407077576,28.19449,29.36002,29.39744,28.07487,27.27126
20620,2014-08-04 07:30:00,29.07493298468483,30.15773,28.19449,29.36002,29.39744,28.07487
20621,2014-08-04 07:45:00,29.478379698584618,31.0311,30.15773,28.19449,29.36002,29.39744
20622,2014-08-04 08:00:00,29.827530742300844,30.82803,31.0311,30.15773,28.19449,29.36002
20623,2014-08-04 08:15:00,30.12321287581616,27.58261,30.82803,31.0311,30.15773,28.19449
20624,2014-08-04 08:30:00,29.93030886615545,29.1646,27.58261,30.82803,31.0311,30.15773
20625,2014-08-04 08:45:00,29.722729351781688,31.38394,29.1646,27.58261,30.82803,31.0311
20626,2014-08-04 09:00:00,29.84955467784241,33.1618,31.38394,29.1646,27.58261,30.82803
20627,2014-08-04 09:15:00,30.37895090492762,32.75433,33.1618,31.38394,29.1646,27.58261
20628,2014-08-04 09:30:00,31.35969410946953,33.48186,32.75433,33.1618,31.38394,29.1646
20629,2014-08-04 09:45:00,32.16623886896731,33.00215,33.48186,32.75433,33.1618,31.38394
20630,2014-08-04 10:00:00,32.45758741912932,33.47377,33.00215,33.48186,32.75433,33.1618
20631,2014-08-04 10:15:00,32.522824069017105,33.32084,33.47377,33.00215,33.48186,32.75433
20632,2014-08-04 10:30:00,32.626776534236015,33.39086,33.32084,33.47377,33.00215,33.48186
20633,2014-08-04 10:45:00,32.613169499672125,35.74224,33.39086,33.32084,33.47377,33.00215
20634,2014-08-04 11:00:00,33.170562473491756,35.50831,35.74224,33.39086,33.32084,33.47377
20635,2014-08-04 11:15:00,33.58199858583838,35.33429,35.50831,35.74224,33.39086,33.32084
20636,2014-08-04 11:30:00,33.95718906338629,35.03577,35.33429,35.50831,35.74224,33.39086
20637,2014-08-04 11:45:00,34.24075801083025,36.56477,35.03577,35.33429,35.50831,35.74224
20638,2014-08-04 12:00:00,34.42200060324568,35.83849,36.56477,35.03577,35.33429,35.50831
20639,2014-08-04 12:15:00,34.49191217546815,34.16805,35.83849,36.56477,35.03577,35.33429
20640,2014-08-04 12:30:00,34.23535019525926,35.6622,34.16805,35.83849,36.56477,35.03577
20641,2014-08-04 12:45:00,34.346503920780606,35.64173,35.6622,34.16805,35.83849,36.56477
20642,2014-08-04 13:00:00,34.19571771130256,38.83317,35.64173,35.6622,34.16805,35.83849
20643,2014-08-04 13:15:00,34.8340838048213,37.65798,38.83317,35.64173,35.6622,34.16805
20644,2014-08-04 13:30:00,35.500424500669496,39.14626,37.65798,38.83317,35.64173,35.6622
20645,2014-08-04 13:45:00,36.17299699100835,39.62227,39.14626,37.65798,38.83317,35.64173
20646,2014-08-04 14:00:00,36.9256071264375,37.47841,39.62227,39.14626,37.65798,38.83317
20647,2014-08-04 14:15:00,36.647356383701315,37.53956,37.47841,39.62227,39.14626,37.65798
20648,2014-08-04 14:30:00,36.58677204657043,37.77754,37.53956,37.47841,39.62227,39.14626
20649,2014-08-04 14:45:00,36.327979698536666,38.09835,37.77754,37.53956,37.47841,39.62227
20650,2014-08-04 15:00:00,36.066667601167595,38.42216,38.09835,37.77754,37.53956,37.47841
20651,2014-08-04 15:15:00,36.254607487325856,36.64492,38.42216,38.09835,37.77754,37.53956
20652,2014-08-04 15:30:00,36.05560639255728,35.99559,36.64492,38.42216,38.09835,37.77754
20653,2014-08-04 15:45:00,35.682008663714655,38.50305,35.99559,36.64492,38.42216,38.09835
20654,2014-08-04 16:00:00,35.79200888546239,36.91143,38.50305,35.99559,36.64492,38.42216
20655,2014-08-04 16:15:00,35.52384873814829,40.14093,36.91143,38.50305,35.99559,36.64492
20656,2014-08-04 16:30:00,36.22980817083705,42.57266,40.14093,36.91143,38.50305,35.99559
20657,2014-08-04 16:45:00,37.53617241488284,42.46682,42.57266,40.14093,36.91143,38.50305
20658,2014-08-04 17:00:00,38.329365489514934,42.31421,42.46682,42.57266,40.14093,36.91143
20659,2014-08-04 17:15:00,39.320913356511646,38.31163,42.31421,42.46682,42.57266,40.14093
20660,2014-08-04 17:30:00,38.88036514834722,36.6072,38.31163,42.31421,42.46682,42.57266
20661,2014-08-04 17:45:00,37.67198813332601,37.5054,36.6072,38.31163,42.31421,42.46682
20662,2014-08-04 18:00:00,36.727902556606146,36.25655,37.5054,36.6072,38.31163,42.31421
20663,2014-08-04 18:15:00,35.6040740643014,34.4585,36.25655,37.5054,36.6072,38.31163
20664,2014-08-04 18:30:00,34.84207800323896,33.37271,34.4585,36.25655,37.5054,36.6072
20665,2014-08-04 18:45:00,34.18006152094934,34.22915,33.37271,34.4585,36.25655,37.5054
20666,2014-08-04 19:00:00,33.571956698352125,31.019,34.22915,33.37271,34.4585,36.25655
20667,2014-08-04 19:15:00,32.549048870554245,30.85565,31.019,34.22915,33.37271,34.4585
20668,2014-08-04 19:30:00,31.83394044848544,27.55263,30.85565,31.019,34.22915,33.37271
20669,2014-08-04 19:45:00,30.663001201486132,29.91962,27.55263,30.85565,31.019,34.22915
20670,2014-08-04 20:00:00,29.876122689141223,29.49911,29.91962,27.55263,30.85565,31.019
20671,2014-08-04 20:15:00,29.610729145159404,28.63278,29.49911,29.91962,27.55263,30.85565
20672,2014-08-04 20:30:00,29.19840504927999,28.76714,28.63278,29.49911,29.91962,27.55263
20673,2014-08-04 20:45:00,29.39945580263253,29.55948,28.76714,28.63278,29.49911,29.91962
20674,2014-08-04 21:00:00,29.350461646669075,29.13355,29.55948,28.76714,28.63278,29.49911
20675,2014-08-04 21:15:00,29.29098637828818,27.56743,29.13355,29.55948,28.76714,28.63278
20676,2014-08-04 21:30:00,29.055169615897242,29.47743,27.56743,29.13355,29.55948,28.76714
20677,2014-08-04 21:45:00,29.1973394129866,30.01178,29.47743,27.56743,29.13355,29.55948
20678,2014-08-04 22:00:00,29.31939157397383,29.42225,30.01178,29.47743,27.56743,29.13355
20679,2014-08-04 22:15:00,29.38417632542189,29.48897,29.42225,30.01178,29.47743,27.56743
20680,2014-08-04 22:30:00,29.725493852706272,26.22333,29.48897,29.42225,30.01178,29.47743
20681,2014-08-04 22:45:00,29.047311955937893,29.70769,26.22333,29.48897,29.42225,30.01178
20682,2014-08-04 23:00:00,29.01652785953476,27.83941,29.70769,26.22333,29.48897,29.42225
20683,2014-08-04 23:15:00,28.725269364659376,25.90329,27.83941,29.70769,26.22333,29.48897
20684,2014-08-04 23:30:00,28.017936585704796,25.72269,25.90329,27.83941,29.70769,26.22333
20685,2014-08-04 23:45:00,27.86540721149715,26.99729,25.72269,25.90329,27.83941,29.70769
20686,2014-08-05 00:00:00,27.388390986473304,25.27265,26.99729,25.72269,25.90329,27.83941
20687,2014-08-05 00:15:00,26.904176816862346,26.08975,25.27265,26.99729,25.72269,25.90329
20688,2014-08-05 00:30:00,26.9345873835557,25.32317,26.08975,25.27265,26.99729,25.72269
20689,2014-08-05 00:45:00,26.843947448471354,23.56112,25.32317,26.08975,25.27265,26.99729
20690,2014-08-05 01:00:00,26.167650723304945,23.4797,23.56112,25.32317,26.08975,25.27265
20691,2014-08-05 01:15:00,25.797707745505527,26.28884,23.4797,23.56112,25.32317,26.08975
20692,2014-08-05 01:30:00,25.890605115376495,25.17497,26.28884,23.4797,23.56112,25.32317
20693,2014-08-05 01:45:00,25.892655536053404,26.31273,25.17497,26.28884,23.4797,23.56112
20694,2014-08-05 02:00:00,26.42150362490139,25.16679,26.31273,25.17497,26.28884,23.4797
20695,2014-08-05 02:15:00,26.71000778333751,24.68976,25.16679,26.31273,25.17497,26.28884
20696,2014-08-05 02:30:00,26.394512838643113,23.91158,24.68976,25.16679,26.31273,25.17497
20697,2014-08-05 02:45:00,26.125441451853547,26.76531,23.91158,24.68976,25.16679,26.31273
20698,2014-08-05 03:00:00,26.26211227931965,25.74899,26.76531,23.91158,24.68976,25.16679
20699,2014-08-05 03:15:00,26.393450574013077,26.37743,25.74899,26.76531,23.91158,24.68976
20700,2014-08-05 03:30:00,26.719038492026133,26.29856,26.37743,25.74899,26.76531,23.91158
20701,2014-08-05 03:45:00,27.152394151448917,26.15848,26.29856,26.37743,25.74899,26.76531
20702,2014-08-05 04:00:00,27.0429799179999,26.72357,26.15848,26.29856,26.37743,25.74899
20703,2014-08-05 04:15:00,27.23037133816241,27.17519,26.72357,26.15848,26.29856,26.37743
20704,2014-08-05 04:30:00,27.397083594120694,26.8443,27.17519,26.72357,26.15848,26.29856
20705,2014-08-05 04:45:00,27.501449991779488,24.60253,26.8443,27.17519,26.72357,26.15848
20706,2014-08-05 05:00:00,27.158083872688252,25.23413,24.60253,26.8443,27.17519,26.72357
20707,2014-08-05 05:15:00,26.85563844234956,26.26707,25.23413,24.60253,26.8443,27.17519
20708,2014-08-05 05:30:00,26.712210450726406,26.01816,26.26707,25.23413,24.60253,26.8443
20709,2014-08-05 05:45:00,26.583678425574085,26.20679,26.01816,26.26707,25.23413,24.60253
20710,2014-08-05 06:00:00,26.882486165709707,26.48025,26.20679,26.01816,26.26707,25.23413
20711,2014-08-05 06:15:00,27.116618103266998,27.26023,26.48025,26.20679,26.01816,26.26707
20712,2014-08-05 06:30:00,27.324118874840245,26.93151,27.26023,26.48025,26.20679,26.01816
20713,2014-08-05 06:45:00,27.49926675362443,29.2025,26.93151,27.26023,26.48025,26.20679
20714,2014-08-05 07:00:00,28.100640632330865,29.17199,29.2025,26.93151,27.26023,26.48025
20715,2014-08-05 07:15:00,28.630964912833065,31.02829,29.17199,29.2025,26.93151,27.26023
20716,2014-08-05 07:30:00,29.380446308783775,29.06723,31.02829,29.17199,29.2025,26.93151
20717,2014-08-05 07:45:00,29.75317968491165,30.05284,29.06723,31.02829,29.17199,29.2025
20718,2014-08-05 08:00:00,29.908205791643454,30.3775,30.05284,29.06723,31.02829,29.17199
20719,2014-08-05 08:15:00,30.137867262523173,28.64585,30.3775,30.05284,29.06723,31.02829
20720,2014-08-05 08:30:00,29.677187907668987,31.61368,28.64585,30.3775,30.05284,29.06723
20721,2014-08-05 08:45:00,30.182298491173064,31.4828,31.61368,28.64585,30.3775,30.05284
20722,2014-08-05 09:00:00,30.48414835235479,32.91061,31.4828,31.61368,28.64585,30.3775
20723,2014-08-05 09:15:00,31.003253954635483,33.98025,32.91061,31.4828,31.61368,28.64585
20724,2014-08-05 09:30:00,32.02420320624161,30.78197,33.98025,32.91061,31.4828,31.61368
20725,2014-08-05 09:45:00,31.824497905478655,32.15766,30.78197,33.98025,32.91061,31.4828
20726,2014-08-05 10:00:00,31.925146332038405,32.93834,32.15766,30.78197,33.98025,32.91061
20727,2014-08-05 10:15:00,31.951258382398155,34.45426,32.93834,32.15766,30.78197,33.98025
20728,2014-08-05 10:30:00,32.105643335397396,33.92346,34.45426,32.93834,32.15766,30.78197
20729,2014-08-05 10:45:00,32.698000100138074,35.51878,33.92346,34.45426,32.93834,32.15766
20730,2014-08-05 11:00:00,33.34982396856376,35.29047,35.51878,33.92346,34.45426,32.93834
20731,2014-08-05 11:15:00,33.79756207045725,35.63316,35.29047,35.51878,33.92346,34.45426
20732,2014-08-05 11:30:00,34.02902674477188,35.22275,35.63316,35.29047,35.51878,33.92346
20733,2014-08-05 11:45:00,34.25809464805481,38.54967,35.22275,35.63316,35.29047,35.51878
20734,2014-08-05 12:00:00,34.88815149660056,40.19712,38.54967,35.22275,35.63316,35.29047
20735,2014-08-05 12:15:00,35.88451153169736,39.02994,40.19712,38.54967,35.22275,35.63316
20736,2014-08-05 12:30:00,36.53157429131947,39.4589,39.02994,40.19712,38.54967,35.22275
20737,2014-08-05 12:45:00,37.29844499555764,41.17693,39.4589,39.02994,40.19712,38.54967
20738,2014-08-05 13:00:00,37.81721577560744,44.27331,41.17693,39.4589,39.02994,40.19712
20739,2014-08-05 13:15:00,38.67552303748711,41.73049,44.27331,41.17693,39.4589,39.02994
20740,2014-08-05 13:30:00,39.17652830607304,44.58235,41.73049,44.27331,41.17693,39.4589
20741,2014-08-05 13:45:00,40.15179946453714,42.91372,44.58235,41.73049,44.27331,41.17693
20742,2014-08-05 14:00:00,40.45875614761208,44.79288,42.91372,44.58235,41.73049,44.27331
20743,2014-08-05 14:15:00,40.5926562179057,44.73172,44.79288,42.91372,44.58235,41.73049
20744,2014-08-05 14:30:00,41.157936708751805,46.4891,44.73172,44.79288,42.91372,44.58235
20745,2014-08-05 14:45:00,41.56436963835716,43.82303,46.4891,44.73172,44.79288,42.91372
20746,2014-08-05 15:00:00,41.69451407024614,45.81641,43.82303,46.4891,44.73172,44.79288
20747,2014-08-05 15:15:00,41.89179963016532,41.44422,45.81641,43.82303,46.4891,44.73172
20748,2014-08-05 15:30:00,41.20031536360168,42.82128,41.44422,45.81641,43.82303,46.4891
20749,2014-08-05 15:45:00,40.49991814147684,42.40548,42.82128,41.44422,45.81641,43.82303
20750,2014-08-05 16:00:00,40.22283128056116,46.26064,42.40548,42.82128,41.44422,45.81641
20751,2014-08-05 16:15:00,40.408591838815354,44.45355,46.26064,42.40548,42.82128,41.44422
20752,2014-08-05 16:30:00,40.98180891199005,44.10784,44.45355,46.26064,42.40548,42.82128
20753,2014-08-05 16:45:00,41.20144992498969,44.67006,44.10784,44.45355,46.26064,42.40548
20754,2014-08-05 17:00:00,41.60214876837955,45.21786,44.67006,44.10784,44.45355,46.26064
20755,2014-08-05 17:15:00,41.43696641045078,40.03712,45.21786,44.67006,44.10784,44.45355
20756,2014-08-05 17:30:00,40.518466329578764,41.6141,40.03712,45.21786,44.67006,44.10784
20757,2014-08-05 17:45:00,40.00564416493581,36.2748,41.6141,40.03712,45.21786,44.67006
20758,2014-08-05 18:00:00,38.33458632207518,34.37559,36.2748,41.6141,40.03712,45.21786
20759,2014-08-05 18:15:00,36.227216374990476,31.45405,34.37559,36.2748,41.6141,40.03712
20760,2014-08-05 18:30:00,34.51174118114987,34.00782,31.45405,34.37559,36.2748,41.6141
20761,2014-08-05 18:45:00,33.12671821624759,32.01255,34.00782,31.45405,34.37559,36.2748
20762,2014-08-05 19:00:00,32.33149410422275,33.71255,32.01255,34.00782,31.45405,34.37559
20763,2014-08-05 19:15:00,32.23746626088428,36.0967,33.71255,32.01255,34.00782,31.45405
20764,2014-08-05 19:30:00,33.1573361221419,33.51962,36.0967,33.71255,32.01255,34.00782
20765,2014-08-05 19:45:00,33.066167126205286,34.44223,33.51962,36.0967,33.71255,32.01255
20766,2014-08-05 20:00:00,33.49663606705324,38.82053,34.44223,33.51962,36.0967,33.71255
20767,2014-08-05 20:15:00,34.531826065062496,33.77786,38.82053,34.44223,33.51962,36.0967
20768,2014-08-05 20:30:00,34.07965262723895,33.89536,33.77786,38.82053,34.44223,33.51962
20769,2014-08-05 20:45:00,34.08365740983116,36.04228,33.89536,33.77786,38.82053,34.44223
20770,2014-08-05 21:00:00,34.38715752748449,37.32202,36.04228,33.89536,33.77786,38.82053
20771,2014-08-05 21:15:00,34.196409727464214,32.42701,37.32202,36.04228,33.89536,33.77786
20772,2014-08-05 21:30:00,33.8688328791444,32.0824,32.42701,37.32202,36.04228,33.89536
20773,2014-08-05 21:45:00,33.44069580882071,29.89824,32.0824,32.42701,37.32202,36.04228
20774,2014-08-05 22:00:00,32.22202452488128,33.36494,29.89824,32.0824,32.42701,37.32202
20775,2014-08-05 22:15:00,31.549811548709044,31.96617,33.36494,29.89824,32.0824,32.42701
20776,2014-08-05 22:30:00,31.482946291779044,29.07422,31.96617,33.36494,29.89824,32.0824
20777,2014-08-05 22:45:00,30.86437823980692,29.79614,29.07422,31.96617,33.36494,29.89824
20778,2014-08-05 23:00:00,30.79182765212274,30.95875,29.79614,29.07422,31.96617,33.36494
20779,2014-08-05 23:15:00,30.37727168876055,29.45348,30.95875,29.79614,29.07422,31.96617
20780,2014-08-05 23:30:00,29.91430597384283,28.40924,29.45348,30.95875,29.79614,29.07422
20781,2014-08-05 23:45:00,29.745251750495363,29.00413,28.40924,29.45348,30.95875,29.79614
20782,2014-08-06 00:00:00,29.58255876242686,27.60597,29.00413,28.40924,29.45348,30.95875
20783,2014-08-06 00:15:00,28.942999839087523,28.85216,27.60597,29.00413,28.40924,29.45348
20784,2014-08-06 00:30:00,28.843237326491824,27.19584,28.85216,27.60597,29.00413,28.40924
20785,2014-08-06 00:45:00,28.59392772978442,27.79687,27.19584,28.85216,27.60597,29.00413
20786,2014-08-06 01:00:00,28.36798734535673,27.09984,27.79687,27.19584,28.85216,27.60597
20787,2014-08-06 01:15:00,28.255993274942146,28.32472,27.09984,27.79687,27.19584,28.85216
20788,2014-08-06 01:30:00,28.18380036617028,27.42094,28.32472,27.09984,27.79687,27.19584
20789,2014-08-06 01:45:00,28.220096180371236,30.32868,27.42094,28.32472,27.09984,27.79687
20790,2014-08-06 02:00:00,28.746373061200458,24.57992,30.32868,27.42094,28.32472,27.09984
20791,2014-08-06 02:15:00,28.19204743113903,31.55564,24.57992,30.32868,27.42094,28.32472
20792,2014-08-06 02:30:00,28.865434202602458,26.2484,31.55564,24.57992,30.32868,27.42094
20793,2014-08-06 02:45:00,28.608596808045988,27.4836,26.2484,31.55564,24.57992,30.32868
20794,2014-08-06 03:00:00,28.077778029292748,31.38564,27.4836,26.2484,31.55564,24.57992
20795,2014-08-06 03:15:00,29.389397319682626,29.33325,31.38564,27.4836,26.2484,31.55564
20796,2014-08-06 03:30:00,29.02652871231986,29.54394,29.33325,31.38564,27.4836,26.2484
20797,2014-08-06 03:45:00,29.61913507454844,30.41444,29.54394,29.33325,31.38564,27.4836
20798,2014-08-06 04:00:00,30.157876277242703,30.10321,30.41444,29.54394,29.33325,31.38564
20799,2014-08-06 04:15:00,29.938095956263428,29.25591,30.10321,30.41444,29.54394,29.33325
20800,2014-08-06 04:30:00,29.902913443682152,31.71837,29.25591,30.10321,30.41444,29.54394
20801,2014-08-06 04:45:00,30.340361030969884,32.587,31.71837,29.25591,30.10321,30.41444
20802,2014-08-06 05:00:00,30.800074379511905,33.18552,32.587,31.71837,29.25591,30.10321
20803,2014-08-06 05:15:00,31.41297499958742,30.53174,33.18552,32.587,31.71837,29.25591
20804,2014-08-06 05:30:00,31.593592365994155,30.13477,30.53174,33.18552,32.587,31.71837
20805,2014-08-06 05:45:00,31.246536939413552,30.88546,30.13477,30.53174,33.18552,32.587
20806,2014-08-06 06:00:00,30.92701263976401,30.70791,30.88546,30.13477,30.53174,33.18552
20807,2014-08-06 06:15:00,30.486900317467025,27.61289,30.70791,30.88546,30.13477,30.53174
20808,2014-08-06 06:30:00,29.88059564846744,30.7049,27.61289,30.70791,30.88546,30.13477
20809,2014-08-06 06:45:00,29.998798426838356,31.32178,30.7049,27.61289,30.70791,30.88546
20810,2014-08-06 07:00:00,30.131378344826,30.54441,31.32178,30.7049,27.61289,30.70791
20811,2014-08-06 07:15:00,30.121739431180945,33.9374,30.54441,31.32178,30.7049,27.61289
20812,2014-08-06 07:30:00,31.34336605129999,30.59809,33.9374,30.54441,31.32178,30.7049
20813,2014-08-06 07:45:00,31.30009926501817,32.36836,30.59809,33.9374,30.54441,31.32178
20814,2014-08-06 08:00:00,31.49605369328125,37.09007,32.36836,30.59809,33.9374,30.54441
20815,2014-08-06 08:15:00,32.811116258825024,36.06927,37.09007,32.36836,30.59809,33.9374
20816,2014-08-06 08:30:00,33.284246198717774,35.68937,36.06927,37.09007,32.36836,30.59809
20817,2014-08-06 08:45:00,34.21464871217545,40.71983,35.68937,36.06927,37.09007,32.36836
20818,2014-08-06 09:00:00,35.83960551353757,44.81684,40.71983,35.68937,36.06927,37.09007
20819,2014-08-06 09:15:00,37.44636607111114,41.89028,44.81684,40.71983,35.68937,36.06927
20820,2014-08-06 09:30:00,38.55151524801862,40.33042,41.89028,44.81684,40.71983,35.68937
20821,2014-08-06 09:45:00,39.32376064461289,42.54808,40.33042,41.89028,44.81684,40.71983
20822,2014-08-06 10:00:00,39.65394848199098,42.57352,42.54808,40.33042,41.89028,44.81684
20823,2014-08-06 10:15:00,39.28201209354496,42.55706,42.57352,42.54808,40.33042,41.89028
20824,2014-08-06 10:30:00,39.422313362582344,43.48736,42.55706,42.57352,42.54808,40.33042
20825,2014-08-06 10:45:00,40.01720038877285,46.39435,43.48736,42.55706,42.57352,42.54808
20826,2014-08-06 11:00:00,40.8084437570553,44.62711,46.39435,43.48736,42.55706,42.57352
20827,2014-08-06 11:15:00,41.202086340824444,44.19124,44.62711,46.39435,43.48736,42.55706
20828,2014-08-06 11:30:00,41.474552730170075,48.09161,44.19124,44.62711,46.39435,43.48736
20829,2014-08-06 11:45:00,42.38474973429908,48.40562,48.09161,44.19124,44.62711,46.39435
20830,2014-08-06 12:00:00,42.83451867505275,45.46932,48.40562,48.09161,44.19124,44.62711
20831,2014-08-06 12:15:00,42.950308778205546,41.77704,45.46932,48.40562,48.09161,44.19124
20832,2014-08-06 12:30:00,42.357541567079885,41.94055,41.77704,45.46932,48.40562,48.09161
20833,2014-08-06 12:45:00,41.14679922389231,48.73435,41.94055,41.77704,45.46932,48.40562
20834,2014-08-06 13:00:00,41.35650242479028,41.16703,48.73435,41.94055,41.77704,45.46932
20835,2014-08-06 13:15:00,40.52316729901153,46.96373,41.16703,48.73435,41.94055,41.77704
20836,2014-08-06 13:30:00,41.51509815238943,47.03455,46.96373,41.16703,48.73435,41.94055
20837,2014-08-06 13:45:00,42.49182142363284,46.33598,47.03455,46.96373,41.16703,48.73435
20838,2014-08-06 14:00:00,42.093058669118946,42.96012,46.33598,47.03455,46.96373,41.16703
20839,2014-08-06 14:15:00,42.313685380782736,46.13286,42.96012,46.33598,47.03455,46.96373
20840,2014-08-06 14:30:00,42.17035549302402,43.59762,46.13286,42.96012,46.33598,47.03455
20841,2014-08-06 14:45:00,41.5189287246685,45.79184,43.59762,46.13286,42.96012,46.33598
20842,2014-08-06 15:00:00,41.45361968404049,47.29547,45.79184,43.59762,46.13286,42.96012
20843,2014-08-06 15:15:00,42.30025322935685,45.45407,47.29547,45.79184,43.59762,46.13286
20844,2014-08-06 15:30:00,42.18000734646847,50.51641,45.45407,47.29547,45.79184,43.59762
20845,2014-08-06 15:45:00,43.53870297852765,49.48664,50.51641,45.45407,47.29547,45.79184
20846,2014-08-06 16:00:00,44.26901334153829,50.33143,49.48664,50.51641,45.45407,47.29547
20847,2014-08-06 16:15:00,44.863299040661914,49.58899,50.33143,49.48664,50.51641,45.45407
20848,2014-08-06 16:30:00,45.59934497946574,46.93709,49.58899,50.33143,49.48664,50.51641
20849,2014-08-06 16:45:00,44.87439776582343,54.06107,46.93709,49.58899,50.33143,49.48664
20850,2014-08-06 17:00:00,45.827042429405935,50.13609,54.06107,46.93709,49.58899,50.33143
20851,2014-08-06 17:15:00,45.81399568461376,46.87696,50.13609,54.06107,46.93709,49.58899
20852,2014-08-06 17:30:00,45.21868477855633,40.54611,46.87696,50.13609,54.06107,46.93709
20853,2014-08-06 17:45:00,43.79310028397752,41.74144,40.54611,46.87696,50.13609,54.06107
20854,2014-08-06 18:00:00,41.43680838325067,37.92702,41.74144,40.54611,46.87696,50.13609
20855,2014-08-06 18:15:00,39.098759073029775,37.36185,37.92702,41.74144,40.54611,46.87696
20856,2014-08-06 18:30:00,37.2951118140172,36.49004,37.36185,37.92702,41.74144,40.54611
20857,2014-08-06 18:45:00,36.49339089319882,36.14607,36.49004,37.36185,37.92702,41.74144
20858,2014-08-06 19:00:00,35.449974941992544,33.78074,36.14607,36.49004,37.36185,37.92702
20859,2014-08-06 19:15:00,34.62327064068164,34.30884,33.78074,36.14607,36.49004,37.36185
20860,2014-08-06 19:30:00,34.032868739076974,34.63342,34.30884,33.78074,36.14607,36.49004
20861,2014-08-06 19:45:00,33.69605330395364,34.57451,34.63342,34.30884,33.78074,36.14607
20862,2014-08-06 20:00:00,33.42206204547972,31.42642,34.57451,34.63342,34.30884,33.78074
20863,2014-08-06 20:15:00,32.91505479911953,31.88104,31.42642,34.57451,34.63342,34.30884
20864,2014-08-06 20:30:00,32.42176310653062,29.43329,31.88104,31.42642,34.57451,34.63342
20865,2014-08-06 20:45:00,31.398996463821007,30.52111,29.43329,31.88104,31.42642,34.57451
20866,2014-08-06 21:00:00,30.648022965511544,31.63417,30.52111,29.43329,31.88104,31.42642
20867,2014-08-06 21:15:00,30.716082497566994,29.2505,31.63417,30.52111,29.43329,31.88104
20868,2014-08-06 21:30:00,30.21080094574345,29.58733,29.2505,31.63417,30.52111,29.43329
20869,2014-08-06 21:45:00,30.20736644784249,27.79659,29.58733,29.2505,31.63417,30.52111
20870,2014-08-06 22:00:00,29.65359954971496,28.36598,27.79659,29.58733,29.2505,31.63417
20871,2014-08-06 22:15:00,29.04353905387039,28.60345,28.36598,27.79659,29.58733,29.2505
20872,2014-08-06 22:30:00,28.928943729721333,29.55145,28.60345,28.36598,27.79659,29.58733
20873,2014-08-06 22:45:00,28.957593053862496,28.33296,29.55145,28.60345,28.36598,27.79659
20874,2014-08-06 23:00:00,29.0443003652768,28.929,28.33296,29.55145,28.60345,28.36598
20875,2014-08-06 23:15:00,29.144628401143837,26.65489,28.929,28.33296,29.55145,28.60345
20876,2014-08-06 23:30:00,28.734086533411656,27.59297,26.65489,28.929,28.33296,29.55145
20877,2014-08-06 23:45:00,28.36256875825034,26.30131,27.59297,26.65489,28.929,28.33296
20878,2014-08-07 00:00:00,27.96079851093553,27.231,26.30131,27.59297,26.65489,28.929
20879,2014-08-07 00:15:00,27.659805468839362,25.25351,27.231,26.30131,27.59297,26.65489
20880,2014-08-07 00:30:00,27.36233360734082,26.35518,25.25351,27.231,26.30131,27.59297
20881,2014-08-07 00:45:00,27.134557667917374,24.02171,26.35518,25.25351,27.231,26.30131
20882,2014-08-07 01:00:00,26.66650386747601,26.4627,24.02171,26.35518,25.25351,27.231
20883,2014-08-07 01:15:00,26.55303628072381,25.49764,26.4627,24.02171,26.35518,25.25351
20884,2014-08-07 01:30:00,26.602140936949166,24.75801,25.49764,26.4627,24.02171,26.35518
20885,2014-08-07 01:45:00,26.295438006584348,26.75569,24.75801,25.49764,26.4627,24.02171
20886,2014-08-07 02:00:00,26.818135828881715,26.28671,26.75569,24.75801,25.49764,26.4627
20887,2014-08-07 02:15:00,26.809321323694707,24.45126,26.28671,26.75569,24.75801,25.49764
20888,2014-08-07 02:30:00,26.579625578190093,23.83127,24.45126,26.28671,26.75569,24.75801
20889,2014-08-07 02:45:00,26.353048039270533,26.9413,23.83127,24.45126,26.28671,26.75569
20890,2014-08-07 03:00:00,26.43950162909227,27.36044,26.9413,23.83127,24.45126,26.28671
20891,2014-08-07 03:15:00,26.704414422445062,26.89347,27.36044,26.9413,23.83127,24.45126
20892,2014-08-07 03:30:00,27.16979312418242,25.75467,26.89347,27.36044,26.9413,23.83127
20893,2014-08-07 03:45:00,27.481106532803675,28.01891,25.75467,26.89347,27.36044,26.9413
20894,2014-08-07 04:00:00,27.70762716353154,25.21852,28.01891,25.75467,26.89347,27.36044
20895,2014-08-07 04:15:00,27.283983180064332,25.9959,25.21852,28.01891,25.75467,26.89347
20896,2014-08-07 04:30:00,27.103683499107667,25.67714,25.9959,25.21852,28.01891,25.75467
20897,2014-08-07 04:45:00,27.072662890102034,29.5393,25.67714,25.9959,25.21852,28.01891
20898,2014-08-07 05:00:00,27.449753528944942,27.52295,29.5393,25.67714,25.9959,25.21852
20899,2014-08-07 05:15:00,27.89108373408898,26.61553,27.52295,29.5393,25.67714,25.9959
20900,2014-08-07 05:30:00,27.97103039774727,26.39108,26.61553,27.52295,29.5393,25.67714
20901,2014-08-07 05:45:00,28.057086468580643,27.73582,26.39108,26.61553,27.52295,29.5393
20902,2014-08-07 06:00:00,27.75401829821729,25.77536,27.73582,26.39108,26.61553,27.52295
20903,2014-08-07 06:15:00,27.41265725135359,25.1139,25.77536,27.73582,26.39108,26.61553
20904,2014-08-07 06:30:00,27.094619825499088,29.07545,25.1139,25.77536,27.73582,26.39108
20905,2014-08-07 06:45:00,27.653092442969353,27.27782,29.07545,25.1139,25.77536,27.73582
20906,2014-08-07 07:00:00,27.600131281243343,29.66902,27.27782,29.07545,25.1139,25.77536
20907,2014-08-07 07:15:00,28.36436978075882,29.00723,29.66902,27.27782,29.07545,25.1139
20908,2014-08-07 07:30:00,29.084556320602054,30.8683,29.00723,29.66902,27.27782,29.07545
20909,2014-08-07 07:45:00,29.46508916644585,29.6536,30.8683,29.00723,29.66902,27.27782
20910,2014-08-07 08:00:00,29.89542481605948,30.66661,29.6536,30.8683,29.00723,29.66902
20911,2014-08-07 08:15:00,30.093503637472956,30.84546,30.66661,29.6536,30.8683,29.00723
20912,2014-08-07 08:30:00,30.44084321057027,31.64818,30.84546,30.66661,29.6536,30.8683
20913,2014-08-07 08:45:00,30.61575602412317,31.60518,31.64818,30.84546,30.66661,29.6536
20914,2014-08-07 09:00:00,30.985685992568428,30.99071,31.60518,31.64818,30.84546,30.66661
20915,2014-08-07 09:15:00,31.034227213611196,32.02403,30.99071,31.60518,31.64818,30.84546
20916,2014-08-07 09:30:00,31.261214537229144,32.87485,32.02403,30.99071,31.60518,31.64818
20917,2014-08-07 09:45:00,31.52159948890433,34.55033,32.87485,32.02403,30.99071,31.60518
20918,2014-08-07 10:00:00,32.1251195507202,34.80944,34.55033,32.87485,32.02403,30.99071
20919,2014-08-07 10:15:00,32.86471223910233,38.65411,34.80944,34.55033,32.87485,32.02403
20920,2014-08-07 10:30:00,34.18469050253071,37.8049,38.65411,34.80944,34.55033,32.87485
20921,2014-08-07 10:45:00,35.136066658384664,38.40326,37.8049,38.65411,34.80944,34.55033
20922,2014-08-07 11:00:00,35.864404874904366,40.71934,38.40326,37.8049,38.65411,34.80944
20923,2014-08-07 11:15:00,36.99849211024841,39.03615,40.71934,38.40326,37.8049,38.65411
20924,2014-08-07 11:30:00,37.07697458113008,40.04991,39.03615,40.71934,38.40326,37.8049
20925,2014-08-07 11:45:00,37.49466271246311,40.16083,40.04991,39.03615,40.71934,38.40326
20926,2014-08-07 12:00:00,37.821479720011794,42.40049,40.16083,40.04991,39.03615,40.71934
20927,2014-08-07 12:15:00,38.19582580324643,41.36524,42.40049,40.16083,40.04991,39.03615
20928,2014-08-07 12:30:00,38.63730035249601,40.06153,41.36524,42.40049,40.16083,40.04991
20929,2014-08-07 12:45:00,38.60308659600312,41.17656,40.06153,41.36524,42.40049,40.16083
20930,2014-08-07 13:00:00,38.779506188072446,42.03932,41.17656,40.06153,41.36524,42.40049
20931,2014-08-07 13:15:00,38.74890077029265,40.22245,42.03932,41.17656,40.06153,41.36524
20932,2014-08-07 13:30:00,38.522403658068775,40.80073,40.22245,42.03932,41.17656,40.06153
20933,2014-08-07 13:45:00,38.6407644773425,41.9584,40.80073,40.22245,42.03932,41.17656
20934,2014-08-07 14:00:00,38.808638207550416,41.08375,41.9584,40.80073,40.22245,42.03932
20935,2014-08-07 14:15:00,38.642313878799094,40.68086,41.08375,41.9584,40.80073,40.22245
20936,2014-08-07 14:30:00,38.706404769974974,41.35874,40.68086,41.08375,41.9584,40.80073
20937,2014-08-07 14:45:00,38.80891327580974,42.73668,41.35874,40.68086,41.08375,41.9584
20938,2014-08-07 15:00:00,38.996641884311984,42.04366,42.73668,41.35874,40.68086,41.08375
20939,2014-08-07 15:15:00,39.18672549994429,40.85288,42.04366,42.73668,41.35874,40.68086
20940,2014-08-07 15:30:00,39.184004339249626,39.76815,40.85288,42.04366,42.73668,41.35874
20941,2014-08-07 15:45:00,38.83673903429006,44.14733,39.76815,40.85288,42.04366,42.73668
20942,2014-08-07 16:00:00,39.17407783625923,43.39999,44.14733,39.76815,40.85288,42.04366
20943,2014-08-07 16:15:00,39.48172275473708,41.02041,43.39999,44.14733,39.76815,40.85288
20944,2014-08-07 16:30:00,39.472300188845225,43.40851,41.02041,43.39999,44.14733,39.76815
20945,2014-08-07 16:45:00,40.13657408728656,42.56885,43.40851,41.02041,43.39999,44.14733
20946,2014-08-07 17:00:00,39.85816490948544,40.66803,42.56885,43.40851,41.02041,43.39999
20947,2014-08-07 17:15:00,39.317874330936704,39.44713,40.66803,42.56885,43.40851,41.02041
20948,2014-08-07 17:30:00,38.953912700341746,39.15736,39.44713,40.66803,42.56885,43.40851
20949,2014-08-07 17:45:00,38.13558869001266,38.85972,39.15736,39.44713,40.66803,42.56885
20950,2014-08-07 18:00:00,37.44059948614809,39.6793,38.85972,39.15736,39.44713,40.66803
20951,2014-08-07 18:15:00,37.274805249484956,38.42012,39.6793,38.85972,39.15736,39.44713
20952,2014-08-07 18:30:00,37.07050589896796,32.75577,38.42012,39.6793,38.85972,39.15736
20953,2014-08-07 18:45:00,35.74485996292813,34.40147,32.75577,38.42012,39.6793,38.85972
20954,2014-08-07 19:00:00,34.852672425290976,32.60173,34.40147,32.75577,38.42012,39.6793
20955,2014-08-07 19:15:00,33.51047030168265,31.2198,32.60173,34.40147,32.75577,38.42012
20956,2014-08-07 19:30:00,32.14978680092452,29.12693,31.2198,32.60173,34.40147,32.75577
20957,2014-08-07 19:45:00,31.393719888004952,29.9485,29.12693,31.2198,32.60173,34.40147
20958,2014-08-07 20:00:00,30.554626538397944,30.70294,29.9485,29.12693,31.2198,32.60173
20959,2014-08-07 20:15:00,30.23015239346577,31.24156,30.70294,29.9485,29.12693,31.2198
20960,2014-08-07 20:30:00,30.271491031573845,28.26847,31.24156,30.70294,29.9485,29.12693
20961,2014-08-07 20:45:00,30.055763108793823,28.40818,28.26847,31.24156,30.70294,29.9485
20962,2014-08-07 21:00:00,29.7234833018195,29.39402,28.40818,28.26847,31.24156,30.70294
20963,2014-08-07 21:15:00,29.489552774997236,28.89776,29.39402,28.40818,28.26847,31.24156
20964,2014-08-07 21:30:00,29.07490086038029,29.3886,28.89776,29.39402,28.40818,28.26847
20965,2014-08-07 21:45:00,29.28861475844208,30.34196,29.3886,28.89776,29.39402,28.40818
20966,2014-08-07 22:00:00,29.669127723407165,30.56112,30.34196,29.3886,28.89776,29.39402
20967,2014-08-07 22:15:00,29.910192882629442,29.34145,30.56112,30.34196,29.3886,28.89776
20968,2014-08-07 22:30:00,29.971179850909067,27.20606,29.34145,30.56112,30.34196,29.3886
20969,2014-08-07 22:45:00,29.49667503584616,28.43409,27.20606,29.34145,30.56112,30.34196
20970,2014-08-07 23:00:00,29.128733555797695,28.96197,28.43409,27.20606,29.34145,30.56112
20971,2014-08-07 23:15:00,28.860566232528,26.57661,28.96197,28.43409,27.20606,29.34145
20972,2014-08-07 23:30:00,28.319927861194827,26.31663,26.57661,28.96197,28.43409,27.20606
20973,2014-08-07 23:45:00,28.106929966842436,26.70434,26.31663,26.57661,28.96197,28.43409
20974,2014-08-08 00:00:00,27.777972484438934,25.34664,26.70434,26.31663,26.57661,28.96197
20975,2014-08-08 00:15:00,27.09467034960689,24.57965,25.34664,26.70434,26.31663,26.57661
20976,2014-08-08 00:30:00,26.688494606571012,25.84039,24.57965,25.34664,26.70434,26.31663
20977,2014-08-08 00:45:00,26.607606581996713,24.92719,25.84039,24.57965,25.34664,26.70434
20978,2014-08-08 01:00:00,26.282017080296228,25.78441,24.92719,25.84039,24.57965,25.34664
20979,2014-08-08 01:15:00,26.375819976609638,25.0136,25.78441,24.92719,25.84039,24.57965
20980,2014-08-08 01:30:00,26.443721176251323,26.56046,25.0136,25.78441,24.92719,25.84039
20981,2014-08-08 01:45:00,26.606175245955605,26.0303,26.56046,25.0136,25.78441,24.92719
20982,2014-08-08 02:00:00,26.817101845468777,27.0573,26.0303,26.56046,25.0136,25.78441
20983,2014-08-08 02:15:00,27.076878345349883,23.2467,27.0573,26.0303,26.56046,25.0136
20984,2014-08-08 02:30:00,26.67369081961574,25.63678,23.2467,27.0573,26.0303,26.56046
20985,2014-08-08 02:45:00,26.499105088511726,25.65415,25.63678,23.2467,27.0573,26.0303
20986,2014-08-08 03:00:00,26.447915957916425,27.27497,25.65415,25.63678,23.2467,27.0573
20987,2014-08-08 03:15:00,26.55174787166475,26.34945,27.27497,25.65415,25.63678,23.2467
20988,2014-08-08 03:30:00,27.122076853370295,26.65458,26.34945,27.27497,25.65415,25.63678
20989,2014-08-08 03:45:00,27.309019497091704,24.69608,26.65458,26.34945,27.27497,25.65415
20990,2014-08-08 04:00:00,27.082283154616512,25.80583,24.69608,26.65458,26.34945,27.27497
20991,2014-08-08 04:15:00,26.807763471897537,25.4992,25.80583,24.69608,26.65458,26.34945
20992,2014-08-08 04:30:00,26.651920635998067,25.71464,25.4992,25.80583,24.69608,26.65458
20993,2014-08-08 04:45:00,26.49122141218271,28.10025,25.71464,25.4992,25.80583,24.69608
20994,2014-08-08 05:00:00,27.171193886931356,27.23325,28.10025,25.71464,25.4992,25.80583
20995,2014-08-08 05:15:00,27.45820128321404,27.92738,27.23325,28.10025,25.71464,25.4992
20996,2014-08-08 05:30:00,27.918295191487644,26.28762,27.92738,27.23325,28.10025,25.71464
20997,2014-08-08 05:45:00,27.985314296717576,28.18283,26.28762,27.92738,27.23325,28.10025
20998,2014-08-08 06:00:00,28.02209491380124,27.01843,28.18283,26.28762,27.92738,27.23325
20999,2014-08-08 06:15:00,27.97770803419413,25.93645,27.01843,28.18283,26.28762,27.92738
21000,2014-08-08 06:30:00,27.581760921883323,27.94644,25.93645,27.01843,28.18283,26.28762
21001,2014-08-08 06:45:00,27.90155839302926,27.18757,27.94644,25.93645,27.01843,28.18283
21002,2014-08-08 07:00:00,27.734262435878023,28.61024,27.18757,27.94644,25.93645,27.01843
21003,2014-08-08 07:15:00,28.061443344855846,29.8116,28.61024,27.18757,27.94644,25.93645
21004,2014-08-08 07:30:00,28.816524745409247,29.90626,29.8116,28.61024,27.18757,27.94644
21005,2014-08-08 07:45:00,29.211025098591506,31.55336,29.90626,29.8116,28.61024,27.18757
21006,2014-08-08 08:00:00,30.056084791257103,31.92862,31.55336,29.90626,29.8116,28.61024
21007,2014-08-08 08:15:00,30.701023651692505,29.62047,31.92862,31.55336,29.90626,29.8116
21008,2014-08-08 08:30:00,30.627968099316867,31.58404,29.62047,31.92862,31.55336,29.90626
21009,2014-08-08 08:45:00,30.937899437108882,32.12799,31.58404,29.62047,31.92862,31.55336
21010,2014-08-08 09:00:00,31.076832558653486,32.78598,32.12799,31.58404,29.62047,31.92862
21011,2014-08-08 09:15:00,31.278042405658322,30.56525,32.78598,32.12799,31.58404,29.62047
21012,2014-08-08 09:30:00,31.408662282330504,31.8474,30.56525,32.78598,32.12799,31.58404
21013,2014-08-08 09:45:00,31.44936164084233,34.74655,31.8474,30.56525,32.78598,32.12799
21014,2014-08-08 10:00:00,32.00635752119633,35.56313,34.74655,31.8474,30.56525,32.78598
21015,2014-08-08 10:15:00,32.602049393945336,33.42335,35.56313,34.74655,31.8474,30.56525
21016,2014-08-08 10:30:00,33.10479349867599,37.17798,33.42335,35.56313,34.74655,31.8474
21017,2014-08-08 10:45:00,34.12955680363301,39.1311,37.17798,33.42335,35.56313,34.74655
21018,2014-08-08 11:00:00,35.033271032231106,39.23238,39.1311,37.17798,33.42335,35.56313
21019,2014-08-08 11:15:00,35.77334559160881,39.55913,39.23238,39.1311,37.17798,33.42335
21020,2014-08-08 11:30:00,36.91010653402535,38.28368,39.55913,39.23238,39.1311,37.17798
21021,2014-08-08 11:45:00,37.083910392262595,40.47641,38.28368,39.55913,39.23238,39.1311
21022,2014-08-08 12:00:00,37.36109747456896,39.62157,40.47641,38.28368,39.55913,39.23238
21023,2014-08-08 12:15:00,37.443523718387894,39.58105,39.62157,40.47641,38.28368,39.55913
21024,2014-08-08 12:30:00,37.44795943069655,43.63411,39.58105,39.62157,40.47641,38.28368
21025,2014-08-08 12:45:00,38.513438223374045,40.00657,43.63411,39.58105,39.62157,40.47641
21026,2014-08-08 13:00:00,38.41737679173838,42.54129,40.00657,43.63411,39.58105,39.62157
21027,2014-08-08 13:15:00,38.971809588506055,40.97564,42.54129,40.00657,43.63411,39.58105
21028,2014-08-08 13:30:00,39.20334922647871,43.42744,40.97564,42.54129,40.00657,43.63411
21029,2014-08-08 13:45:00,39.22052256849068,42.63455,43.42744,40.97564,42.54129,40.00657
21030,2014-08-08 14:00:00,39.71195406537085,43.44371,42.63455,43.42744,40.97564,42.54129
21031,2014-08-08 14:15:00,39.901561926570224,42.61169,43.44371,42.63455,43.42744,40.97564
21032,2014-08-08 14:30:00,40.185100289274075,43.69632,42.61169,43.44371,42.63455,43.42744
21033,2014-08-08 14:45:00,40.25209213884336,46.76984,43.69632,42.61169,43.44371,42.63455
21034,2014-08-08 15:00:00,41.09594815340738,44.36291,46.76984,43.69632,42.61169,43.44371
21035,2014-08-08 15:15:00,41.27257834790335,41.93104,44.36291,46.76984,43.69632,42.61169
21036,2014-08-08 15:30:00,41.06204167746522,44.29306,41.93104,44.36291,46.76984,43.69632
21037,2014-08-08 15:45:00,41.15984126977314,43.8477,44.29306,41.93104,44.36291,46.76984
21038,2014-08-08 16:00:00,40.648076694397034,42.29883,43.8477,44.29306,41.93104,44.36291
21039,2014-08-08 16:15:00,40.2458210105876,46.12299,42.29883,43.8477,44.29306,41.93104
21040,2014-08-08 16:30:00,41.067883871673125,47.5372,46.12299,42.29883,43.8477,44.29306
21041,2014-08-08 16:45:00,41.75800991600538,46.24012,47.5372,46.12299,42.29883,43.8477
21042,2014-08-08 17:00:00,42.2196915856086,44.63003,46.24012,47.5372,46.12299,42.29883
21043,2014-08-08 17:15:00,42.58363149861553,46.72161,44.63003,46.24012,47.5372,46.12299
21044,2014-08-08 17:30:00,42.701754661550694,41.37884,46.72161,44.63003,46.24012,47.5372
21045,2014-08-08 17:45:00,41.477344388767804,41.10099,41.37884,46.72161,44.63003,46.24012
21046,2014-08-08 18:00:00,40.44781503150733,36.96161,41.10099,41.37884,46.72161,44.63003
21047,2014-08-08 18:15:00,38.89941532290893,36.95731,36.96161,41.10099,41.37884,46.72161
21048,2014-08-08 18:30:00,37.04564884358555,36.46372,36.95731,36.96161,41.10099,41.37884
21049,2014-08-08 18:45:00,36.107612213289514,30.4235,36.46372,36.95731,36.96161,41.10099
21050,2014-08-08 19:00:00,34.00820738024191,31.13931,30.4235,36.46372,36.95731,36.96161
21051,2014-08-08 19:15:00,32.8438780849969,30.7364,31.13931,30.4235,36.46372,36.95731
21052,2014-08-08 19:30:00,31.67052871738581,33.28802,30.7364,31.13931,30.4235,36.46372
21053,2014-08-08 19:45:00,31.162144453249105,32.28852,33.28802,30.7364,31.13931,30.4235
21054,2014-08-08 20:00:00,31.52269936222631,30.20518,32.28852,33.28802,30.7364,31.13931
21055,2014-08-08 20:15:00,31.300509567995682,27.27826,30.20518,32.28852,33.28802,30.7364
21056,2014-08-08 20:30:00,30.545604270262714,27.94921,27.27826,30.20518,32.28852,33.28802
21057,2014-08-08 20:45:00,29.518710386054316,27.7321,27.94921,27.27826,30.20518,32.28852
21058,2014-08-08 21:00:00,28.677769950850394,28.77275,27.7321,27.94921,27.27826,30.20518
21059,2014-08-08 21:15:00,28.447894301371193,28.03731,28.77275,27.7321,27.94921,27.27826
21060,2014-08-08 21:30:00,28.585516395645794,28.22971,28.03731,28.77275,27.7321,27.94921
21061,2014-08-08 21:45:00,28.635093577202692,28.70904,28.22971,28.03731,28.77275,27.7321
21062,2014-08-08 22:00:00,28.82178701213165,27.76708,28.70904,28.22971,28.03731,28.77275
21063,2014-08-08 22:15:00,28.626945998456563,26.54976,27.76708,28.70904,28.22971,28.03731
21064,2014-08-08 22:30:00,28.31044716741014,27.89444,26.54976,27.76708,28.70904,28.22971
21065,2014-08-08 22:45:00,28.251487566707915,26.31409,27.89444,26.54976,27.76708,28.70904
21066,2014-08-08 23:00:00,27.79438274154507,27.3185,26.31409,27.89444,26.54976,27.76708
21067,2014-08-08 23:15:00,27.71866389650691,26.55982,27.3185,26.31409,27.89444,26.54976
21068,2014-08-08 23:30:00,27.707454778526213,22.9822,26.55982,27.3185,26.31409,27.89444
21069,2014-08-08 23:45:00,26.71826548180603,26.52857,22.9822,26.55982,27.3185,26.31409
21070,2014-08-09 00:00:00,26.76892003766686,25.43674,26.52857,22.9822,26.55982,27.3185
21071,2014-08-09 00:15:00,26.442719762346314,24.56854,25.43674,26.52857,22.9822,26.55982
21072,2014-08-09 00:30:00,26.06857789896271,24.86829,24.56854,25.43674,26.52857,22.9822
21073,2014-08-09 00:45:00,26.389333746371467,26.05681,24.86829,24.56854,25.43674,26.52857
21074,2014-08-09 01:00:00,26.334110420223645,25.03107,26.05681,24.86829,24.56854,25.43674
21075,2014-08-09 01:15:00,26.261315680247268,23.99235,25.03107,26.05681,24.86829,24.56854
21076,2014-08-09 01:30:00,26.11875502716071,25.51907,23.99235,25.03107,26.05681,24.86829
21077,2014-08-09 01:45:00,26.24577773239789,25.347,25.51907,23.99235,25.03107,26.05681
21078,2014-08-09 02:00:00,26.135811661479103,25.03135,25.347,25.51907,23.99235,25.03107
21079,2014-08-09 02:15:00,26.13747884102947,24.53221,25.03135,25.347,25.51907,23.99235
21080,2014-08-09 02:30:00,26.213654724652983,23.27264,24.53221,25.03135,25.347,25.51907
21081,2014-08-09 02:45:00,25.76115466408332,25.95898,23.27264,24.53221,25.03135,25.347
21082,2014-08-09 03:00:00,25.911887677300953,26.72711,25.95898,23.27264,24.53221,25.03135
21083,2014-08-09 03:15:00,26.283830044934007,25.83787,26.72711,25.95898,23.27264,24.53221
21084,2014-08-09 03:30:00,26.536248855875222,25.47309,25.83787,26.72711,25.95898,23.27264
21085,2014-08-09 03:45:00,26.912328358443578,25.58537,25.47309,25.83787,26.72711,25.95898
21086,2014-08-09 04:00:00,26.83222027443908,26.21351,25.58537,25.47309,25.83787,26.72711
21087,2014-08-09 04:15:00,26.75515315280493,22.18741,26.21351,25.58537,25.47309,25.83787
21088,2014-08-09 04:30:00,26.003278177813375,25.72358,22.18741,26.21351,25.58537,25.47309
21089,2014-08-09 04:45:00,26.0630841785974,25.88157,25.72358,22.18741,26.21351,25.58537
21090,2014-08-09 05:00:00,26.159256467636492,25.89108,25.88157,25.72358,22.18741,26.21351
21091,2014-08-09 05:15:00,26.136028116931318,23.59119,25.89108,25.88157,25.72358,22.18741
21092,2014-08-09 05:30:00,26.330428797428553,24.63891,23.59119,25.89108,25.88157,25.72358
21093,2014-08-09 05:45:00,26.113932278851003,24.32989,24.63891,23.59119,25.89108,25.88157
21094,2014-08-09 06:00:00,25.82695145156557,24.83783,24.32989,24.63891,23.59119,25.89108
21095,2014-08-09 06:15:00,25.652914943985046,24.11861,24.83783,24.32989,24.63891,23.59119
21096,2014-08-09 06:30:00,25.73710579841676,26.56313,24.11861,24.83783,24.32989,24.63891
21097,2014-08-09 06:45:00,26.138848925747254,25.10179,26.56313,24.11861,24.83783,24.32989
21098,2014-08-09 07:00:00,26.28461737770919,25.32126,25.10179,26.56313,24.11861,24.83783
21099,2014-08-09 07:15:00,26.3688144383737,24.32646,25.32126,25.10179,26.56313,24.11861
21100,2014-08-09 07:30:00,26.371663792341447,26.79867,24.32646,25.32126,25.10179,26.56313
21101,2014-08-09 07:45:00,26.460672314561712,24.99928,26.79867,24.32646,25.32126,25.10179
21102,2014-08-09 08:00:00,26.43763970652294,25.69512,24.99928,26.79867,24.32646,25.32126
21103,2014-08-09 08:15:00,26.50778548319491,25.16454,25.69512,24.99928,26.79867,24.32646
21104,2014-08-09 08:30:00,26.643785982847298,26.40748,25.16454,25.69512,24.99928,26.79867
21105,2014-08-09 08:45:00,26.60102888972905,24.34817,26.40748,25.16454,25.69512,24.99928
21106,2014-08-09 09:00:00,26.450303228697333,26.18746,24.34817,26.40748,25.16454,25.69512
21107,2014-08-09 09:15:00,26.55570799440226,25.84242,26.18746,24.34817,26.40748,25.16454
21108,2014-08-09 09:30:00,26.689382189512305,26.14806,25.84242,26.18746,24.34817,26.40748
21109,2014-08-09 09:45:00,26.65970862908563,25.67457,26.14806,25.84242,26.18746,24.34817
21110,2014-08-09 10:00:00,26.890189284140043,26.92734,25.67457,26.14806,25.84242,26.18746
21111,2014-08-09 10:15:00,27.049782505808523,26.24892,26.92734,25.67457,26.14806,25.84242
21112,2014-08-09 10:30:00,27.12738981726954,27.43156,26.24892,26.92734,25.67457,26.14806
21113,2014-08-09 10:45:00,27.38746954063007,27.6097,27.43156,26.24892,26.92734,25.67457
21114,2014-08-09 11:00:00,27.760632735036666,26.36605,27.6097,27.43156,26.24892,26.92734
21115,2014-08-09 11:15:00,27.640583129778186,24.80739,26.36605,27.6097,27.43156,26.24892
21116,2014-08-09 11:30:00,27.314352010894805,26.48925,24.80739,26.36605,27.6097,27.43156
21117,2014-08-09 11:45:00,27.144776769973458,26.65669,26.48925,24.80739,26.36605,27.6097
21118,2014-08-09 12:00:00,26.998484427114605,27.51237,26.65669,26.48925,24.80739,26.36605
21119,2014-08-09 12:15:00,27.24671705459604,26.7574,27.51237,26.65669,26.48925,24.80739
21120,2014-08-09 12:30:00,27.598540437139903,25.58139,26.7574,27.51237,26.65669,26.48925
21121,2014-08-09 12:45:00,27.39514943249447,27.62579,25.58139,26.7574,27.51237,26.65669
21122,2014-08-09 13:00:00,27.59290513924294,25.83919,27.62579,25.58139,26.7574,27.51237
21123,2014-08-09 13:15:00,27.275821832437696,26.72027,25.83919,27.62579,25.58139,26.7574
21124,2014-08-09 13:30:00,27.27307296949268,25.79716,26.72027,25.83919,27.62579,25.58139
21125,2014-08-09 13:45:00,27.290256027576973,27.41478,25.79716,26.72027,25.83919,27.62579
21126,2014-08-09 14:00:00,27.28336670726474,25.73488,27.41478,25.79716,26.72027,25.83919
21127,2014-08-09 14:15:00,27.24585346051269,26.14936,25.73488,27.41478,25.79716,26.72027
21128,2014-08-09 14:30:00,27.132762934651574,25.77807,26.14936,25.73488,27.41478,25.79716
21129,2014-08-09 14:45:00,27.11325534648992,26.39628,25.77807,26.14936,25.73488,27.41478
21130,2014-08-09 15:00:00,26.941472993304327,28.51743,26.39628,25.77807,26.14936,25.73488
21131,2014-08-09 15:15:00,27.510021684434633,25.95838,28.51743,26.39628,25.77807,26.14936
21132,2014-08-09 15:30:00,27.457882519274825,26.2769,25.95838,28.51743,26.39628,25.77807
21133,2014-08-09 15:45:00,27.521543788099496,28.61161,26.2769,25.95838,28.51743,26.39628
21134,2014-08-09 16:00:00,27.967497982902188,27.71911,28.61161,26.2769,25.95838,28.51743
21135,2014-08-09 16:15:00,27.85153106510343,28.15921,27.71911,28.61161,26.2769,25.95838
21136,2014-08-09 16:30:00,28.262838805525462,26.24291,28.15921,27.71911,28.61161,26.2769
21137,2014-08-09 16:45:00,28.207311186853993,27.79477,26.24291,28.15921,27.71911,28.61161
21138,2014-08-09 17:00:00,28.06443186428752,27.50625,27.79477,26.24291,28.15921,27.71911
21139,2014-08-09 17:15:00,28.03389562240876,24.6184,27.50625,27.79477,26.24291,28.15921
21140,2014-08-09 17:30:00,27.325491191651306,25.134,24.6184,27.50625,27.79477,26.24291
21141,2014-08-09 17:45:00,27.075534863687984,28.11859,25.134,24.6184,27.50625,27.79477
21142,2014-08-09 18:00:00,27.198137471785625,27.08448,28.11859,25.134,24.6184,27.50625
21143,2014-08-09 18:15:00,27.16186620085683,25.24945,27.08448,28.11859,25.134,24.6184
21144,2014-08-09 18:30:00,27.232166823975042,23.21679,25.24945,27.08448,28.11859,25.134
21145,2014-08-09 18:45:00,26.784242338633497,26.26698,23.21679,25.24945,27.08448,28.11859
21146,2014-08-09 19:00:00,26.4713523623654,25.58805,26.26698,23.21679,25.24945,27.08448
21147,2014-08-09 19:15:00,26.229015902366775,25.43575,25.58805,26.26698,23.21679,25.24945
21148,2014-08-09 19:30:00,26.271518500164408,25.66374,25.43575,25.58805,26.26698,23.21679
21149,2014-08-09 19:45:00,26.710425894372534,26.85895,25.66374,25.43575,25.58805,26.26698
21150,2014-08-09 20:00:00,26.852435614851153,23.92568,26.85895,25.66374,25.43575,25.58805
21151,2014-08-09 20:15:00,26.501621388140197,25.68398,23.92568,26.85895,25.66374,25.43575
21152,2014-08-09 20:30:00,26.54199218554005,25.93239,25.68398,23.92568,26.85895,25.66374
21153,2014-08-09 20:45:00,26.607949139211673,25.65794,25.93239,25.68398,23.92568,26.85895
21154,2014-08-09 21:00:00,26.40455074572035,27.43104,25.65794,25.93239,25.68398,23.92568
21155,2014-08-09 21:15:00,27.08124877763896,27.10983,27.43104,25.65794,25.93239,25.68398
21156,2014-08-09 21:30:00,27.36518425951283,27.26737,27.10983,27.43104,25.65794,25.93239
21157,2014-08-09 21:45:00,27.619581449427386,27.1485,27.26737,27.10983,27.43104,25.65794
21158,2014-08-09 22:00:00,27.88620405772557,27.11775,27.1485,27.26737,27.10983,27.43104
21159,2014-08-09 22:15:00,27.8276894095091,25.5002,27.11775,27.1485,27.26737,27.10983
21160,2014-08-09 22:30:00,27.492367723018145,27.44146,25.5002,27.11775,27.1485,27.26737
21161,2014-08-09 22:45:00,27.540918684507176,26.43099,27.44146,25.5002,27.11775,27.1485
21162,2014-08-09 23:00:00,27.410942642077515,28.12245,26.43099,27.44146,25.5002,27.11775
21163,2014-08-09 23:15:00,27.63325746927172,25.56589,28.12245,26.43099,27.44146,25.5002
21164,2014-08-09 23:30:00,27.604043360985862,24.86105,25.56589,28.12245,26.43099,27.44146
21165,2014-08-09 23:45:00,27.08050502051287,23.97854,24.86105,25.56589,28.12245,26.43099
21166,2014-08-10 00:00:00,26.576499143714166,25.52311,23.97854,24.86105,25.56589,28.12245
21167,2014-08-10 00:15:00,26.122897890047135,24.17347,25.52311,23.97854,24.86105,25.56589
21168,2014-08-10 00:30:00,25.86021151130049,23.95483,24.17347,25.52311,23.97854,24.86105
21169,2014-08-10 00:45:00,25.676077457438133,25.60904,23.95483,24.17347,25.52311,23.97854
21170,2014-08-10 01:00:00,25.997836487235944,26.70068,25.60904,23.95483,24.17347,25.52311
21171,2014-08-10 01:15:00,26.272286120142123,23.90541,26.70068,25.60904,23.95483,24.17347
21172,2014-08-10 01:30:00,26.187558516371233,26.08281,23.90541,26.70068,25.60904,23.95483
21173,2014-08-10 01:45:00,26.580627645421842,24.96489,26.08281,23.90541,26.70068,25.60904
21174,2014-08-10 02:00:00,26.45554800905586,26.04658,24.96489,26.08281,23.90541,26.70068
21175,2014-08-10 02:15:00,26.361863104355812,26.16527,26.04658,24.96489,26.08281,23.90541
21176,2014-08-10 02:30:00,26.786095326236506,26.50642,26.16527,26.04658,24.96489,26.08281
21177,2014-08-10 02:45:00,26.883774127206593,26.80103,26.50642,26.16527,26.04658,24.96489
21178,2014-08-10 03:00:00,27.231544997450328,25.22314,26.80103,26.50642,26.16527,26.04658
21179,2014-08-10 03:15:00,27.050249313599746,26.49049,25.22314,26.80103,26.50642,26.16527
21180,2014-08-10 03:30:00,27.112006861550757,24.10849,26.49049,25.22314,26.80103,26.50642
21181,2014-08-10 03:45:00,26.6283249715544,26.23377,24.10849,26.49049,25.22314,26.80103
21182,2014-08-10 04:00:00,26.54328405511562,24.53707,26.23377,24.10849,26.49049,25.22314
21183,2014-08-10 04:15:00,26.397901024052352,26.16429,24.53707,26.23377,24.10849,26.49049
21184,2014-08-10 04:30:00,26.365269084893004,24.84026,26.16429,24.53707,26.23377,24.10849
21185,2014-08-10 04:45:00,26.481552876856085,26.13704,24.84026,26.16429,24.53707,26.23377
21186,2014-08-10 05:00:00,26.485039080846253,25.33425,26.13704,24.84026,26.16429,24.53707
21187,2014-08-10 05:15:00,26.623302800445224,27.12924,25.33425,26.13704,24.84026,26.16429
21188,2014-08-10 05:30:00,26.839804193497066,24.68092,27.12924,25.33425,26.13704,24.84026
21189,2014-08-10 05:45:00,26.776817490008543,26.41409,24.68092,27.12924,25.33425,26.13704
21190,2014-08-10 06:00:00,26.837254653441974,25.62791,26.41409,24.68092,27.12924,25.33425
21191,2014-08-10 06:15:00,26.884148100611338,27.37321,25.62791,26.41409,24.68092,27.12924
21192,2014-08-10 06:30:00,26.97329920038014,24.50571,27.37321,25.62791,26.41409,24.68092
21193,2014-08-10 06:45:00,26.89546017400314,26.75442,24.50571,27.37321,25.62791,26.41409
21194,2014-08-10 07:00:00,26.971719995906284,25.65368,26.75442,24.50571,27.37321,25.62791
21195,2014-08-10 07:15:00,26.968991778599612,25.90988,25.65368,26.75442,24.50571,27.37321
21196,2014-08-10 07:30:00,26.708253208003235,24.44834,25.90988,25.65368,26.75442,24.50571
21197,2014-08-10 07:45:00,26.65481519746808,26.79437,24.44834,25.90988,25.65368,26.75442
21198,2014-08-10 08:00:00,26.695667569046854,26.6659,26.79437,24.44834,25.90988,25.65368
21199,2014-08-10 08:15:00,26.911443278363496,24.80757,26.6659,26.79437,24.44834,25.90988
21200,2014-08-10 08:30:00,26.68128951179483,25.94901,24.80757,26.6659,26.79437,24.44834
21201,2014-08-10 08:45:00,26.942441508596428,24.76015,25.94901,24.80757,26.6659,26.79437
21202,2014-08-10 09:00:00,26.550897478351303,25.34994,24.76015,25.94901,24.80757,26.6659
21203,2014-08-10 09:15:00,26.313908826196442,25.63614,25.34994,24.76015,25.94901,24.80757
21204,2014-08-10 09:30:00,26.47300093602113,25.65846,25.63614,25.34994,24.76015,25.94901
21205,2014-08-10 09:45:00,26.43235423711807,26.22297,25.65846,25.63614,25.34994,24.76015
21206,2014-08-10 10:00:00,26.71460517730641,27.62649,26.22297,25.65846,25.63614,25.34994
21207,2014-08-10 10:15:00,27.17511920833467,24.10594,27.62649,26.22297,25.65846,25.63614
21208,2014-08-10 10:30:00,26.840019978194604,26.1419,24.10594,27.62649,26.22297,25.65846
21209,2014-08-10 10:45:00,26.91974859936371,26.55788,26.1419,24.10594,27.62649,26.22297
21210,2014-08-10 11:00:00,27.002719175240813,26.56312,26.55788,26.1419,24.10594,27.62649
21211,2014-08-10 11:15:00,26.83757891095655,25.31049,26.56312,26.55788,26.1419,24.10594
21212,2014-08-10 11:30:00,27.025891637205696,27.3602,25.31049,26.56312,26.55788,26.1419
21213,2014-08-10 11:45:00,27.273966429789258,24.89343,27.3602,25.31049,26.56312,26.55788
21214,2014-08-10 12:00:00,26.93989757900199,27.5457,24.89343,27.3602,25.31049,26.56312
21215,2014-08-10 12:15:00,27.15400183382696,28.74233,27.5457,24.89343,27.3602,25.31049
21216,2014-08-10 12:30:00,27.839499991021835,28.02223,28.74233,27.5457,24.89343,27.3602
21217,2014-08-10 12:45:00,27.988801143089603,26.90705,28.02223,28.74233,27.5457,24.89343
21218,2014-08-10 13:00:00,28.31863886712783,30.12193,26.90705,28.02223,28.74233,27.5457
21219,2014-08-10 13:15:00,28.83932271306417,27.82708,30.12193,26.90705,28.02223,28.74233
21220,2014-08-10 13:30:00,28.67086923589648,29.29453,27.82708,30.12193,26.90705,28.02223
21221,2014-08-10 13:45:00,28.919954801406547,30.29005,29.29453,27.82708,30.12193,26.90705
21222,2014-08-10 14:00:00,29.56794598484119,31.52643,30.29005,29.29453,27.82708,30.12193
21223,2014-08-10 14:15:00,29.888387232139365,29.2902,31.52643,30.29005,29.29453,27.82708
21224,2014-08-10 14:30:00,30.128419457431264,30.48384,29.2902,31.52643,30.29005,29.29453
21225,2014-08-10 14:45:00,30.338898046402782,27.24039,30.48384,29.2902,31.52643,30.29005
21226,2014-08-10 15:00:00,29.707267929985843,31.03941,27.24039,30.48384,29.2902,31.52643
21227,2014-08-10 15:15:00,29.662247044235162,29.78488,31.03941,27.24039,30.48384,29.2902
21228,2014-08-10 15:30:00,29.76939939304825,28.38532,29.78488,31.03941,27.24039,30.48384
21229,2014-08-10 15:45:00,29.36065447467769,32.45743,28.38532,29.78488,31.03941,27.24039
21230,2014-08-10 16:00:00,30.370428554835183,29.53132,32.45743,28.38532,29.78488,31.03941
21231,2014-08-10 16:15:00,30.093641286563503,28.23991,29.53132,32.45743,28.38532,29.78488
21232,2014-08-10 16:30:00,29.755084054599802,30.16333,28.23991,29.53132,32.45743,28.38532
21233,2014-08-10 16:45:00,30.074054725463725,26.45155,30.16333,28.23991,29.53132,32.45743
21234,2014-08-10 17:00:00,28.91964196260179,28.6997,26.45155,30.16333,28.23991,29.53132
21235,2014-08-10 17:15:00,28.76798574829729,27.07347,28.6997,26.45155,30.16333,28.23991
21236,2014-08-10 17:30:00,28.528425202254546,28.87619,27.07347,28.6997,26.45155,30.16333
21237,2014-08-10 17:45:00,28.32938645674049,28.19337,28.87619,27.07347,28.6997,26.45155
21238,2014-08-10 18:00:00,28.64944257907242,26.99689,28.19337,28.87619,27.07347,28.6997
21239,2014-08-10 18:15:00,28.311818888713578,27.29086,26.99689,28.19337,28.87619,27.07347
21240,2014-08-10 18:30:00,28.32766230453005,28.24946,27.29086,26.99689,28.19337,28.87619
21241,2014-08-10 18:45:00,28.23531498058561,24.5176,28.24946,27.29086,26.99689,28.19337
21242,2014-08-10 19:00:00,27.495209588076303,24.63061,24.5176,28.24946,27.29086,26.99689
21243,2014-08-10 19:15:00,27.000783888037727,25.64864,24.63061,24.5176,28.24946,27.29086
21244,2014-08-10 19:30:00,26.70017322499706,27.81538,25.64864,24.63061,24.5176,28.24946
21245,2014-08-10 19:45:00,26.70145436226047,26.95135,27.81538,25.64864,24.63061,24.5176
21246,2014-08-10 20:00:00,27.172905904392866,25.69424,26.95135,27.81538,25.64864,24.63061
21247,2014-08-10 20:15:00,27.33295083737935,25.77591,25.69424,26.95135,27.81538,25.64864
21248,2014-08-10 20:30:00,27.32400946729932,26.55156,25.77591,25.69424,26.95135,27.81538
21249,2014-08-10 20:45:00,27.106713296377453,26.53481,26.55156,25.77591,25.69424,26.95135
21250,2014-08-10 21:00:00,27.048031794032937,26.76859,26.53481,26.55156,25.77591,25.69424
21251,2014-08-10 21:15:00,27.254878214843387,27.04966,26.76859,26.53481,26.55156,25.77591
21252,2014-08-10 21:30:00,27.497217501910875,26.21726,27.04966,26.76859,26.53481,26.55156
21253,2014-08-10 21:45:00,27.422780934023805,27.44799,26.21726,27.04966,26.76859,26.53481
21254,2014-08-10 22:00:00,27.60534410342423,25.9733,27.44799,26.21726,27.04966,26.76859
21255,2014-08-10 22:15:00,27.441091664920272,24.89155,25.9733,27.44799,26.21726,27.04966
21256,2014-08-10 22:30:00,27.002514433192523,25.87608,24.89155,25.9733,27.44799,26.21726
21257,2014-08-10 22:45:00,26.931068855150073,28.25478,25.87608,24.89155,25.9733,27.44799
21258,2014-08-10 23:00:00,27.150825500826407,25.62824,28.25478,25.87608,24.89155,25.9733
21259,2014-08-10 23:15:00,27.077731407896938,25.64426,25.62824,28.25478,25.87608,24.89155
21260,2014-08-10 23:30:00,27.180134885185698,25.71496,25.64426,25.62824,28.25478,25.87608
21261,2014-08-10 23:45:00,27.129864909416295,24.32477,25.71496,25.64426,25.62824,28.25478
21262,2014-08-11 00:00:00,26.384642042421078,24.88136,24.32477,25.71496,25.64426,25.62824
21263,2014-08-11 00:15:00,26.235841685778233,24.80582,24.88136,24.32477,25.71496,25.64426
21264,2014-08-11 00:30:00,26.081680128191707,22.97449,24.80582,24.88136,24.32477,25.71496
21265,2014-08-11 00:45:00,25.541450576820804,23.98328,22.97449,24.80582,24.88136,24.32477
21266,2014-08-11 01:00:00,25.467289595798974,25.71584,23.98328,22.97449,24.80582,24.88136
21267,2014-08-11 01:15:00,25.668798104005155,26.10412,25.71584,23.98328,22.97449,24.80582
21268,2014-08-11 01:30:00,25.959020202650912,24.61113,26.10412,25.71584,23.98328,22.97449
21269,2014-08-11 01:45:00,26.23880426406477,24.88405,24.61113,26.10412,25.71584,23.98328
21270,2014-08-11 02:00:00,26.380863223002166,25.82099,24.88405,24.61113,26.10412,25.71584
21271,2014-08-11 02:15:00,26.41709924159899,23.79483,25.82099,24.88405,24.61113,26.10412
21272,2014-08-11 02:30:00,25.968369184717307,24.43189,23.79483,25.82099,24.88405,24.61113
21273,2014-08-11 02:45:00,25.91860384223237,26.39793,24.43189,23.79483,25.82099,24.88405
21274,2014-08-11 03:00:00,26.23950002251493,26.07997,26.39793,24.43189,23.79483,25.82099
21275,2014-08-11 03:15:00,26.324853278514034,25.2447,26.07997,26.39793,24.43189,23.79483
21276,2014-08-11 03:30:00,26.575530259699267,24.92137,25.2447,26.07997,26.39793,24.43189
21277,2014-08-11 03:45:00,26.635039717046187,24.92651,24.92137,25.2447,26.07997,26.39793
21278,2014-08-11 04:00:00,26.355095701396515,25.87791,24.92651,24.92137,25.2447,26.07997
21279,2014-08-11 04:15:00,26.34098689269817,25.17019,25.87791,24.92651,24.92137,25.2447
21280,2014-08-11 04:30:00,26.32883647145142,24.60067,25.17019,25.87791,24.92651,24.92137
21281,2014-08-11 04:45:00,26.249421656470552,27.89345,24.60067,25.17019,25.87791,24.92651
21282,2014-08-11 05:00:00,26.8543337340626,27.71871,27.89345,24.60067,25.17019,25.87791
21283,2014-08-11 05:15:00,27.246419180094268,24.46245,27.71871,27.89345,24.60067,25.17019
21284,2014-08-11 05:30:00,27.058026553146867,25.24716,24.46245,27.71871,27.89345,24.60067
21285,2014-08-11 05:45:00,27.12562757552262,27.61332,25.24716,24.46245,27.71871,27.89345
21286,2014-08-11 06:00:00,27.125125088143903,27.24002,27.61332,25.24716,24.46245,27.71871
21287,2014-08-11 06:15:00,27.085451579810556,27.33902,27.24002,27.61332,25.24716,24.46245
21288,2014-08-11 06:30:00,27.62101661850076,28.21716,27.33902,27.24002,27.61332,25.24716
21289,2014-08-11 06:45:00,28.179625982735853,29.45525,28.21716,27.33902,27.24002,27.61332
21290,2014-08-11 07:00:00,28.564507743124665,27.13934,29.45525,28.21716,27.33902,27.24002
21291,2014-08-11 07:15:00,28.518876011337667,29.91957,27.13934,29.45525,28.21716,27.33902
21292,2014-08-11 07:30:00,29.021036241219015,29.39197,29.91957,27.13934,29.45525,28.21716
21293,2014-08-11 07:45:00,29.25715207398411,29.95224,29.39197,29.91957,27.13934,29.45525
21294,2014-08-11 08:00:00,29.3754179008862,29.83798,29.95224,29.39197,29.91957,27.13934
21295,2014-08-11 08:15:00,29.867063646134795,31.16151,29.83798,29.95224,29.39197,29.91957
21296,2014-08-11 08:30:00,30.12905331083326,31.96016,31.16151,29.83798,29.95224,29.39197
21297,2014-08-11 08:45:00,30.640991303543608,31.33085,31.96016,31.16151,29.83798,29.95224
21298,2014-08-11 09:00:00,30.90198448003043,32.07895,31.33085,31.96016,31.16151,29.83798
21299,2014-08-11 09:15:00,31.32055702253517,31.97657,32.07895,31.33085,31.96016,31.16151
21300,2014-08-11 09:30:00,31.47523253414229,30.17225,31.97657,32.07895,31.33085,31.96016
21301,2014-08-11 09:45:00,31.10896610706077,31.68973,30.17225,31.97657,32.07895,31.33085
21302,2014-08-11 10:00:00,31.175133476684362,33.00122,31.68973,30.17225,31.97657,32.07895
21303,2014-08-11 10:15:00,31.39229251230072,37.07099,33.00122,31.68973,30.17225,31.97657
21304,2014-08-11 10:30:00,32.461465818634466,36.33061,37.07099,33.00122,31.68973,30.17225
21305,2014-08-11 10:45:00,33.6517433850249,37.49859,36.33061,37.07099,33.00122,31.68973
21306,2014-08-11 11:00:00,34.752836931496475,37.4064,37.49859,36.33061,37.07099,33.00122
21307,2014-08-11 11:15:00,35.56427917773794,39.72445,37.4064,37.49859,36.33061,37.07099
21308,2014-08-11 11:30:00,36.113481011139385,38.6867,39.72445,37.4064,37.49859,36.33061
21309,2014-08-11 11:45:00,36.55960783326499,40.15467,38.6867,39.72445,37.4064,37.49859
21310,2014-08-11 12:00:00,37.07716121101005,41.22313,40.15467,38.6867,39.72445,37.4064
21311,2014-08-11 12:15:00,37.81664241000605,42.19178,41.22313,40.15467,38.6867,39.72445
21312,2014-08-11 12:30:00,38.32357075358022,42.55688,42.19178,41.22313,40.15467,38.6867
21313,2014-08-11 12:45:00,39.06234956387357,41.21184,42.55688,42.19178,41.22313,40.15467
21314,2014-08-11 13:00:00,39.23406589377224,41.06361,41.21184,42.55688,42.19178,41.22313
21315,2014-08-11 13:15:00,39.176312539224114,40.74729,41.06361,41.21184,42.55688,42.19178
21316,2014-08-11 13:30:00,38.89187430809924,39.3996,40.74729,41.06361,41.21184,42.55688
21317,2014-08-11 13:45:00,38.27780074001801,42.4721,39.3996,40.74729,41.06361,41.21184
21318,2014-08-11 14:00:00,38.55565548678942,42.66826,42.4721,39.3996,40.74729,41.06361
21319,2014-08-11 14:15:00,38.90333442647427,41.06439,42.66826,42.4721,39.3996,40.74729
21320,2014-08-11 14:30:00,38.94965423598497,43.27221,41.06439,42.66826,42.4721,39.3996
21321,2014-08-11 14:45:00,39.675812341911424,41.57545,43.27221,41.06439,42.66826,42.4721
21322,2014-08-11 15:00:00,39.50103635870879,41.45509,41.57545,43.27221,41.06439,42.66826
21323,2014-08-11 15:15:00,39.262649925269244,42.52492,41.45509,41.57545,43.27221,41.06439
21324,2014-08-11 15:30:00,39.53721666550363,41.01115,42.52492,41.45509,41.57545,43.27221
21325,2014-08-11 15:45:00,39.11004858010568,41.44869,41.01115,42.52492,41.45509,41.57545
21326,2014-08-11 16:00:00,39.07643433905589,42.34856,41.44869,41.01115,42.52492,41.45509
21327,2014-08-11 16:15:00,39.25739727363653,41.50109,42.34856,41.44869,41.01115,42.52492
21328,2014-08-11 16:30:00,39.0727905727699,41.88349,41.50109,42.34856,41.44869,41.01115
21329,2014-08-11 16:45:00,39.23072172857338,44.50738,41.88349,41.50109,42.34856,41.44869
21330,2014-08-11 17:00:00,39.85327246925242,42.53466,44.50738,41.88349,41.50109,42.34856
21331,2014-08-11 17:15:00,39.89323898887701,40.0438,42.53466,44.50738,41.88349,41.50109
21332,2014-08-11 17:30:00,39.545940707333244,39.7799,40.0438,42.53466,44.50738,41.88349
21333,2014-08-11 17:45:00,39.089002632996355,38.06934,39.7799,40.0438,42.53466,44.50738
21334,2014-08-11 18:00:00,37.85282253689558,39.64801,38.06934,39.7799,40.0438,42.53466
21335,2014-08-11 18:15:00,37.334738162143175,37.65385,39.64801,38.06934,39.7799,40.0438
21336,2014-08-11 18:30:00,36.86811809817739,33.51604,37.65385,39.64801,38.06934,39.7799
21337,2014-08-11 18:45:00,35.599051120012724,32.76622,33.51604,37.65385,39.64801,38.06934
21338,2014-08-11 19:00:00,34.51637521605945,32.17044,32.76622,33.51604,37.65385,39.64801
21339,2014-08-11 19:15:00,33.09700238716898,29.72312,32.17044,32.76622,33.51604,37.65385
21340,2014-08-11 19:30:00,31.580148517838538,27.61682,29.72312,32.17044,32.76622,33.51604
21341,2014-08-11 19:45:00,30.401840969661773,30.9141,27.61682,29.72312,32.17044,32.76622
21342,2014-08-11 20:00:00,30.08840121697052,31.18291,30.9141,27.61682,29.72312,32.17044
21343,2014-08-11 20:15:00,29.967619960778066,28.00034,31.18291,30.9141,27.61682,29.72312
21344,2014-08-11 20:30:00,29.60713752408098,28.72041,28.00034,31.18291,30.9141,27.61682
21345,2014-08-11 20:45:00,29.761111520469708,29.4577,28.72041,28.00034,31.18291,30.9141
21346,2014-08-11 21:00:00,29.504288522178243,28.44599,29.4577,28.72041,28.00034,31.18291
21347,2014-08-11 21:15:00,29.004913211215975,28.24773,28.44599,29.4577,28.72041,28.00034
21348,2014-08-11 21:30:00,29.029670933478368,28.08984,28.24773,28.44599,29.4577,28.72041
21349,2014-08-11 21:45:00,28.898397244918762,27.95406,28.08984,28.24773,28.44599,29.4577
21350,2014-08-11 22:00:00,28.618046435160288,29.35777,27.95406,28.08984,28.24773,28.44599
21351,2014-08-11 22:15:00,28.815662891597654,28.62743,29.35777,27.95406,28.08984,28.24773
21352,2014-08-11 22:30:00,28.8932298614173,27.50772,28.62743,29.35777,27.95406,28.08984
21353,2014-08-11 22:45:00,28.755575691696286,28.54432,27.50772,28.62743,29.35777,27.95406
21354,2014-08-11 23:00:00,28.859624613592395,27.10519,28.54432,27.50772,28.62743,29.35777
21355,2014-08-11 23:15:00,28.426374877765426,26.91867,27.10519,28.54432,27.50772,28.62743
21356,2014-08-11 23:30:00,28.091688358822964,23.82034,26.91867,27.10519,28.54432,27.50772
21357,2014-08-11 23:45:00,27.326768896825993,27.86,23.82034,26.91867,27.10519,28.54432
21358,2014-08-12 00:00:00,27.24323652388162,27.19457,27.86,23.82034,26.91867,27.10519
21359,2014-08-12 00:15:00,27.299089450716913,26.37624,27.19457,27.86,23.82034,26.91867
21360,2014-08-12 00:30:00,27.201392010753832,25.43364,26.37624,27.19457,27.86,23.82034
21361,2014-08-12 00:45:00,27.44483660755245,27.38805,25.43364,26.37624,27.19457,27.86
21362,2014-08-12 01:00:00,27.384182476320298,25.99677,27.38805,25.43364,26.37624,27.19457
21363,2014-08-12 01:15:00,27.163634350926852,25.31189,25.99677,27.38805,25.43364,26.37624
21364,2014-08-12 01:30:00,26.94136677458228,25.86261,25.31189,25.99677,27.38805,25.43364
21365,2014-08-12 01:45:00,27.00667622698846,26.97158,25.86261,25.31189,25.99677,27.38805
21366,2014-08-12 02:00:00,26.966241781325085,25.85344,26.97158,25.86261,25.31189,25.99677
21367,2014-08-12 02:15:00,26.938963767838928,26.64542,25.85344,26.97158,25.86261,25.31189
21368,2014-08-12 02:30:00,27.187231309593813,23.8614,26.64542,25.85344,26.97158,25.86261
21369,2014-08-12 02:45:00,26.758696966635817,24.77107,23.8614,26.64542,25.85344,26.97158
21370,2014-08-12 03:00:00,26.333727966169278,25.88439,24.77107,23.8614,26.64542,25.85344
21371,2014-08-12 03:15:00,26.363115899888147,26.05533,25.88439,24.77107,23.8614,26.64542
21372,2014-08-12 03:30:00,26.29250233857315,24.32278,26.05533,25.88439,24.77107,23.8614
21373,2014-08-12 03:45:00,26.34352804692709,27.21104,24.32278,26.05533,25.88439,24.77107
21374,2014-08-12 04:00:00,26.82590849685348,25.6884,27.21104,24.32278,26.05533,25.88439
21375,2014-08-12 04:15:00,26.795484686315223,26.30033,25.6884,27.21104,24.32278,26.05533
21376,2014-08-12 04:30:00,26.849643696031116,25.33471,26.30033,25.6884,27.21104,24.32278
21377,2014-08-12 04:45:00,27.006246255377192,26.12394,25.33471,26.30033,25.6884,27.21104
21378,2014-08-12 05:00:00,26.815863523782244,28.36308,26.12394,25.33471,26.30033,25.6884
21379,2014-08-12 05:15:00,27.366349296955207,27.46731,28.36308,26.12394,25.33471,26.30033
21380,2014-08-12 05:30:00,27.607566470598222,26.50245,27.46731,28.36308,26.12394,25.33471
21381,2014-08-12 05:45:00,27.79413028815812,27.74293,26.50245,27.46731,28.36308,26.12394
21382,2014-08-12 06:00:00,28.09122537577663,28.20844,27.74293,26.50245,27.46731,28.36308
21383,2014-08-12 06:15:00,28.093077209814744,26.71176,28.20844,27.74293,26.50245,27.46731
21384,2014-08-12 06:30:00,27.937787035508382,27.48944,26.71176,28.20844,27.74293,26.50245
21385,2014-08-12 06:45:00,28.10938639780059,28.48028,27.48944,26.71176,28.20844,27.74293
21386,2014-08-12 07:00:00,28.271846026795135,27.62727,28.48028,27.48944,26.71176,28.20844
21387,2014-08-12 07:15:00,28.17200977900113,29.72771,27.62727,28.48028,27.48944,26.71176
21388,2014-08-12 07:30:00,28.763389983704315,29.60684,29.72771,27.62727,28.48028,27.48944
21389,2014-08-12 07:45:00,29.17930485666941,30.26447,29.60684,29.72771,27.62727,28.48028
21390,2014-08-12 08:00:00,29.535215492563623,30.31667,30.26447,29.60684,29.72771,27.62727
21391,2014-08-12 08:15:00,30.035258879861615,30.77029,30.31667,30.26447,29.60684,29.72771
21392,2014-08-12 08:30:00,30.242579280485053,31.10619,30.77029,30.31667,30.26447,29.60684
21393,2014-08-12 08:45:00,30.532362482874937,34.00601,31.10619,30.77029,30.31667,30.26447
21394,2014-08-12 09:00:00,31.29618758980284,32.46007,34.00601,31.10619,30.77029,30.31667
21395,2014-08-12 09:15:00,31.706472825752407,34.19852,32.46007,34.00601,31.10619,30.77029
21396,2014-08-12 09:30:00,32.36519246242456,31.03198,34.19852,32.46007,34.00601,31.10619
21397,2014-08-12 09:45:00,32.290788808113874,34.07309,31.03198,34.19852,32.46007,34.00601
21398,2014-08-12 10:00:00,32.33229596716576,33.43592,34.07309,31.03198,34.19852,32.46007
21399,2014-08-12 10:15:00,32.52747880463515,35.27974,33.43592,34.07309,31.03198,34.19852
21400,2014-08-12 10:30:00,32.78527661435195,40.27555,35.27974,33.43592,34.07309,31.03198
21401,2014-08-12 10:45:00,34.620632609025634,39.46668,40.27555,35.27974,33.43592,34.07309
21402,2014-08-12 11:00:00,35.69511026508398,38.62835,39.46668,40.27555,35.27974,33.43592
21403,2014-08-12 11:15:00,36.638552363993306,37.97149,38.62835,39.46668,40.27555,35.27974
21404,2014-08-12 11:30:00,37.0827142270207,40.81296,37.97149,38.62835,39.46668,40.27555
21405,2014-08-12 11:45:00,37.233722549234166,39.21326,40.81296,37.97149,38.62835,39.46668
21406,2014-08-12 12:00:00,37.19947004745592,38.15068,39.21326,40.81296,37.97149,38.62835
21407,2014-08-12 12:15:00,37.0767250823898,38.89235,38.15068,39.21326,40.81296,37.97149
21408,2014-08-12 12:30:00,37.22617145795566,42.41368,38.89235,38.15068,39.21326,40.81296
21409,2014-08-12 12:45:00,37.61467039685995,41.52551,42.41368,38.89235,38.15068,39.21326
21410,2014-08-12 13:00:00,38.089530798119455,40.7868,41.52551,42.41368,38.89235,38.15068
21411,2014-08-12 13:15:00,38.55895038578217,42.02612,40.7868,41.52551,42.41368,38.89235
21412,2014-08-12 13:30:00,39.1345245000291,39.1178,42.02612,40.7868,41.52551,42.41368
21413,2014-08-12 13:45:00,38.48155418256813,38.84774,39.1178,42.02612,40.7868,41.52551
21414,2014-08-12 14:00:00,37.940513885837014,39.15297,38.84774,39.1178,42.02612,40.7868
21415,2014-08-12 14:15:00,37.62184137886088,40.29304,39.15297,38.84774,39.1178,42.02612
21416,2014-08-12 14:30:00,37.34287685495481,40.89862,40.29304,39.15297,38.84774,39.1178
21417,2014-08-12 14:45:00,37.707322681828416,44.55924,40.89862,40.29304,39.15297,38.84774
21418,2014-08-12 15:00:00,38.85897887936778,40.55895,44.55924,40.89862,40.29304,39.15297
21419,2014-08-12 15:15:00,39.08948356852872,43.32316,40.55895,44.55924,40.89862,40.29304
21420,2014-08-12 15:30:00,39.65861203378278,38.48293,43.32316,40.55895,44.55924,40.89862
21421,2014-08-12 15:45:00,39.11659060907918,40.0204,38.48293,43.32316,40.55895,44.55924
21422,2014-08-12 16:00:00,38.260084836108234,39.03981,40.0204,38.48293,43.32316,40.55895
21423,2014-08-12 16:15:00,37.948908418280695,42.32688,39.03981,40.0204,38.48293,43.32316
21424,2014-08-12 16:30:00,37.84893057868852,39.48123,42.32688,39.03981,40.0204,38.48293
21425,2014-08-12 16:45:00,38.01436129970406,41.19132,39.48123,42.32688,39.03981,40.0204
21426,2014-08-12 17:00:00,38.24061859576342,40.56645,41.19132,39.48123,42.32688,39.03981
21427,2014-08-12 17:15:00,38.51053493401303,38.55844,40.56645,41.19132,39.48123,42.32688
21428,2014-08-12 17:30:00,37.7786182629396,33.15673,38.55844,40.56645,41.19132,39.48123
21429,2014-08-12 17:45:00,36.44526676317642,36.79274,33.15673,38.55844,40.56645,41.19132
21430,2014-08-12 18:00:00,35.615367200951404,33.66454,36.79274,33.15673,38.55844,40.56645
21431,2014-08-12 18:15:00,34.313911918724074,30.78605,33.66454,36.79274,33.15673,38.55844
21432,2014-08-12 18:30:00,32.800073570286116,33.48898,30.78605,33.66454,36.79274,33.15673
21433,2014-08-12 18:45:00,32.84330383940489,33.22474,33.48898,30.78605,33.66454,36.79274
21434,2014-08-12 19:00:00,32.22282539437759,31.28453,33.22474,33.48898,30.78605,33.66454
21435,2014-08-12 19:15:00,31.75997296557885,30.19793,31.28453,33.22474,33.48898,30.78605
21436,2014-08-12 19:30:00,31.58185441011329,29.98034,30.19793,31.28453,33.22474,33.48898
21437,2014-08-12 19:45:00,30.902067841793563,29.00222,29.98034,30.19793,31.28453,33.22474
21438,2014-08-12 20:00:00,30.099029298506387,29.89016,29.00222,29.98034,30.19793,31.28453
21439,2014-08-12 20:15:00,29.848098160510986,29.33345,29.89016,29.00222,29.98034,30.19793
21440,2014-08-12 20:30:00,29.687130179560697,30.42588,29.33345,29.89016,29.00222,29.98034
21441,2014-08-12 20:45:00,29.792732161959243,31.51828,30.42588,29.33345,29.89016,29.00222
21442,2014-08-12 21:00:00,30.29423078929651,30.79794,31.51828,30.42588,29.33345,29.89016
21443,2014-08-12 21:15:00,30.47186174008448,28.78367,30.79794,31.51828,30.42588,29.33345
21444,2014-08-12 21:30:00,30.31382727669518,26.55792,28.78367,30.79794,31.51828,30.42588
21445,2014-08-12 21:45:00,29.507358417367367,28.08671,26.55792,28.78367,30.79794,31.51828
21446,2014-08-12 22:00:00,28.863103386174767,29.95645,28.08671,26.55792,28.78367,30.79794
21447,2014-08-12 22:15:00,28.77284194070396,28.37441,29.95645,28.08671,26.55792,28.78367
21448,2014-08-12 22:30:00,28.709927754488376,27.25053,28.37441,29.95645,28.08671,26.55792
21449,2014-08-12 22:45:00,28.78873429534798,30.2424,27.25053,28.37441,29.95645,28.08671
21450,2014-08-12 23:00:00,29.219684904707442,27.5302,30.2424,27.25053,28.37441,29.95645
21451,2014-08-12 23:15:00,28.762420528249528,26.11832,27.5302,30.2424,27.25053,28.37441
21452,2014-08-12 23:30:00,28.28707533842799,26.21982,26.11832,27.5302,30.2424,27.25053
21453,2014-08-12 23:45:00,28.049741552588213,27.63077,26.21982,26.11832,27.5302,30.2424
21454,2014-08-13 00:00:00,27.604768304362562,27.44644,27.63077,26.21982,26.11832,27.5302
21455,2014-08-13 00:15:00,27.61530395644854,28.03353,27.44644,27.63077,26.21982,26.11832
21456,2014-08-13 00:30:00,27.98555439615312,24.95694,28.03353,27.44644,27.63077,26.21982
21457,2014-08-13 00:45:00,27.686684861826564,25.97768,24.95694,28.03353,27.44644,27.63077
21458,2014-08-13 01:00:00,27.355592761037688,24.84812,25.97768,24.95694,28.03353,27.44644
21459,2014-08-13 01:15:00,26.850322282358725,25.05737,24.84812,25.97768,24.95694,28.03353
21460,2014-08-13 01:30:00,26.303473685154515,25.05395,25.05737,24.84812,25.97768,24.95694
21461,2014-08-13 01:45:00,26.315258628429305,27.54307,25.05395,25.05737,24.84812,25.97768
21462,2014-08-13 02:00:00,26.66572917703173,27.22227,27.54307,25.05395,25.05737,24.84812
21463,2014-08-13 02:15:00,27.13846858022398,24.19789,27.22227,27.54307,25.05395,25.05737
21464,2014-08-13 02:30:00,26.91857564568803,25.4842,24.19789,27.22227,27.54307,25.05395
21465,2014-08-13 02:45:00,26.9639476259237,27.54688,25.4842,24.19789,27.22227,27.54307
21466,2014-08-13 03:00:00,27.01932032856282,25.9509,27.54688,25.4842,24.19789,27.22227
21467,2014-08-13 03:15:00,26.802167467222752,25.04945,25.9509,27.54688,25.4842,24.19789
21468,2014-08-13 03:30:00,26.917000700876052,25.27675,25.04945,25.9509,27.54688,25.4842
21469,2014-08-13 03:45:00,26.852395099173226,27.62766,25.27675,25.04945,25.9509,27.54688
21470,2014-08-13 04:00:00,26.925936185224174,23.91182,27.62766,25.27675,25.04945,25.9509
21471,2014-08-13 04:15:00,26.510630185100045,25.24159,23.91182,27.62766,25.27675,25.04945
21472,2014-08-13 04:30:00,26.523370573447366,26.97185,25.24159,23.91182,27.62766,25.27675
21473,2014-08-13 04:45:00,26.870294276173873,26.63583,26.97185,25.24159,23.91182,27.62766
21474,2014-08-13 05:00:00,26.73038186224914,26.76033,26.63583,26.97185,25.24159,23.91182
21475,2014-08-13 05:15:00,27.256677850817933,26.22655,26.76033,26.63583,26.97185,25.24159
21476,2014-08-13 05:30:00,27.42014681422095,27.0391,26.22655,26.76033,26.63583,26.97185
21477,2014-08-13 05:45:00,27.44368566282562,29.17147,27.0391,26.22655,26.76033,26.63583
21478,2014-08-13 06:00:00,27.970556772825155,28.18983,29.17147,27.0391,26.22655,26.76033
21479,2014-08-13 06:15:00,28.254898906614066,25.9734,28.18983,29.17147,27.0391,26.22655
21480,2014-08-13 06:30:00,28.148873691690945,29.02687,25.9734,28.18983,29.17147,27.0391
21481,2014-08-13 06:45:00,28.533501738640116,29.41462,29.02687,25.9734,28.18983,29.17147
21482,2014-08-13 07:00:00,28.632124577779834,29.2798,29.41462,29.02687,25.9734,28.18983
21483,2014-08-13 07:15:00,28.8608040203787,28.88491,29.2798,29.41462,29.02687,25.9734
21484,2014-08-13 07:30:00,29.377027319736264,31.47083,28.88491,29.2798,29.41462,29.02687
21485,2014-08-13 07:45:00,29.877513631488483,30.20044,31.47083,28.88491,29.2798,29.41462
21486,2014-08-13 08:00:00,30.036704335807833,29.46787,30.20044,31.47083,28.88491,29.2798
21487,2014-08-13 08:15:00,30.047620490748372,31.95278,29.46787,30.20044,31.47083,28.88491
21488,2014-08-13 08:30:00,30.640966689064243,28.8177,31.95278,29.46787,30.20044,31.47083
21489,2014-08-13 08:45:00,30.124353287253253,33.8862,28.8177,31.95278,29.46787,30.20044
21490,2014-08-13 09:00:00,30.880617510903026,32.89707,33.8862,28.8177,31.95278,29.46787
21491,2014-08-13 09:15:00,31.55263514567346,33.49487,32.89707,33.8862,28.8177,31.95278
21492,2014-08-13 09:30:00,31.87138282459813,35.11511,33.49487,32.89707,33.8862,28.8177
21493,2014-08-13 09:45:00,33.0558216407009,36.44871,35.11511,33.49487,32.89707,33.8862
21494,2014-08-13 10:00:00,33.593452671324926,35.71912,36.44871,35.11511,33.49487,32.89707
21495,2014-08-13 10:15:00,34.12647256791205,35.72398,35.71912,36.44871,35.11511,33.49487
21496,2014-08-13 10:30:00,34.525893100224884,36.34513,35.72398,35.71912,36.44871,35.11511
21497,2014-08-13 10:45:00,34.758176745976236,35.86012,36.34513,35.72398,35.71912,36.44871
21498,2014-08-13 11:00:00,34.65209292150499,39.69335,35.86012,36.34513,35.72398,35.71912
21499,2014-08-13 11:15:00,35.46689626648673,39.53363,39.69335,35.86012,36.34513,35.72398
21500,2014-08-13 11:30:00,36.227217581647736,41.25556,39.53363,39.69335,35.86012,36.34513
21501,2014-08-13 11:45:00,37.19073123893115,42.99795,41.25556,39.53363,39.69335,35.86012
21502,2014-08-13 12:00:00,38.56124393564049,40.97785,42.99795,41.25556,39.53363,39.69335
21503,2014-08-13 12:15:00,38.7918133042481,41.08366,40.97785,42.99795,41.25556,39.53363
21504,2014-08-13 12:30:00,39.0477321735744,40.07999,41.08366,40.97785,42.99795,41.25556
21505,2014-08-13 12:45:00,38.79303154564294,44.64443,40.07999,41.08366,40.97785,42.99795
21506,2014-08-13 13:00:00,39.19111834669994,44.225,44.64443,40.07999,41.08366,40.97785
21507,2014-08-13 13:15:00,39.853684785263994,42.74915,44.225,44.64443,40.07999,41.08366
21508,2014-08-13 13:30:00,40.14735798386715,43.06179,42.74915,44.225,44.64443,40.07999
21509,2014-08-13 13:45:00,40.65964355522622,45.46519,43.06179,42.74915,44.225,44.64443
21510,2014-08-13 14:00:00,40.86495606714804,43.76331,45.46519,43.06179,42.74915,44.225
21511,2014-08-13 14:15:00,40.78979148078433,44.47189,43.76331,45.46519,43.06179,42.74915
21512,2014-08-13 14:30:00,41.10542678519115,45.67846,44.47189,43.76331,45.46519,43.06179
21513,2014-08-13 14:45:00,41.60987215710032,47.55073,45.67846,44.47189,43.76331,45.46519
21514,2014-08-13 15:00:00,42.067868471662635,45.42636,47.55073,45.67846,44.47189,43.76331
21515,2014-08-13 15:15:00,42.36222010047386,44.185,45.42636,47.55073,45.67846,44.47189
21516,2014-08-13 15:30:00,42.249571222994035,43.57035,44.185,45.42636,47.55073,45.67846
21517,2014-08-13 15:45:00,41.80743961226378,45.37443,43.57035,44.185,45.42636,47.55073
21518,2014-08-13 16:00:00,41.43799290033063,45.08337,45.37443,43.57035,44.185,45.42636
21519,2014-08-13 16:15:00,41.40075585201868,43.42825,45.08337,45.37443,43.57035,44.185
21520,2014-08-13 16:30:00,41.23017655699079,40.17041,43.42825,45.08337,45.37443,43.57035
21521,2014-08-13 16:45:00,40.49233161072487,45.63704,40.17041,43.42825,45.08337,45.37443
21522,2014-08-13 17:00:00,40.60122335053377,44.63079,45.63704,40.17041,43.42825,45.08337
21523,2014-08-13 17:15:00,40.57869914497204,46.64823,44.63079,45.63704,40.17041,43.42825
21524,2014-08-13 17:30:00,41.241344932764164,42.87875,46.64823,44.63079,45.63704,40.17041
21525,2014-08-13 17:45:00,41.664405796588866,41.09318,42.87875,46.64823,44.63079,45.63704
21526,2014-08-13 18:00:00,40.73493934602824,42.28984,41.09318,42.87875,46.64823,44.63079
21527,2014-08-13 18:15:00,40.27258536450761,37.21948,42.28984,41.09318,42.87875,46.64823
21528,2014-08-13 18:30:00,38.44412375801039,36.88513,37.21948,42.28984,41.09318,42.87875
21529,2014-08-13 18:45:00,37.25647215894759,36.95744,36.88513,37.21948,42.28984,41.09318
21530,2014-08-13 19:00:00,36.45900816533933,35.06773,36.95744,36.88513,37.21948,42.28984
21531,2014-08-13 19:15:00,35.10267058532623,35.6271,35.06773,36.95744,36.88513,37.21948
21532,2014-08-13 19:30:00,34.79069847290391,30.85197,35.6271,35.06773,36.95744,36.88513
21533,2014-08-13 19:45:00,33.569247706158606,31.64768,30.85197,35.6271,35.06773,36.95744
21534,2014-08-13 20:00:00,32.5355832951928,30.81293,31.64768,30.85197,35.6271,35.06773
21535,2014-08-13 20:15:00,31.71898044206194,30.80327,30.81293,31.64768,30.85197,35.6271
21536,2014-08-13 20:30:00,30.83669514690692,27.63725,30.80327,30.81293,31.64768,30.85197
21537,2014-08-13 20:45:00,30.16447759741053,33.49635,27.63725,30.80327,30.81293,31.64768
21538,2014-08-13 21:00:00,30.586888313937173,30.94917,33.49635,27.63725,30.80327,30.81293
21539,2014-08-13 21:15:00,30.639051627367543,30.85891,30.94917,33.49635,27.63725,30.80327
21540,2014-08-13 21:30:00,30.645325574585307,30.68669,30.85891,30.94917,33.49635,27.63725
21541,2014-08-13 21:45:00,31.16718764556941,30.32116,30.68669,30.85891,30.94917,33.49635
21542,2014-08-13 22:00:00,30.579402694937613,30.60992,30.32116,30.68669,30.85891,30.94917
21543,2014-08-13 22:15:00,30.51653411073682,28.78647,30.60992,30.32116,30.68669,30.85891
21544,2014-08-13 22:30:00,30.096663319471734,29.26382,28.78647,30.60992,30.32116,30.68669
21545,2014-08-13 22:45:00,29.816466201911314,32.5476,29.26382,28.78647,30.60992,30.32116
21546,2014-08-13 23:00:00,30.29941464248207,28.91284,32.5476,29.26382,28.78647,30.60992
21547,2014-08-13 23:15:00,29.969869257337017,26.0934,28.91284,32.5476,29.26382,28.78647
21548,2014-08-13 23:30:00,29.361550340514604,24.12747,26.0934,28.91284,32.5476,29.26382
21549,2014-08-13 23:45:00,28.289939141031518,26.73328,24.12747,26.0934,28.91284,32.5476
21550,2014-08-14 00:00:00,27.24195478683376,25.71934,26.73328,24.12747,26.0934,28.91284
21551,2014-08-14 00:15:00,26.675386676907582,27.50474,25.71934,26.73328,24.12747,26.0934
21552,2014-08-14 00:30:00,26.97949728704934,27.2034,27.50474,25.71934,26.73328,24.12747
21553,2014-08-14 00:45:00,27.555775300601187,25.4919,27.2034,27.50474,25.71934,26.73328
21554,2014-08-14 01:00:00,27.295759314289107,25.54014,25.4919,27.2034,27.50474,25.71934
21555,2014-08-14 01:15:00,27.22601989582315,26.6591,25.54014,25.4919,27.2034,27.50474
21556,2014-08-14 01:30:00,27.08861777976589,25.30261,26.6591,25.54014,25.4919,27.2034
21557,2014-08-14 01:45:00,26.733236015864684,27.53981,25.30261,26.6591,25.54014,25.4919
21558,2014-08-14 02:00:00,27.14389036289322,26.09075,27.53981,25.30261,26.6591,25.54014
21559,2014-08-14 02:15:00,27.23997620417909,28.58763,26.09075,27.53981,25.30261,26.6591
21560,2014-08-14 02:30:00,27.643933375177873,25.43568,28.58763,26.09075,27.53981,25.30261
21561,2014-08-14 02:45:00,27.62416279122023,26.77601,25.43568,28.58763,26.09075,27.53981
21562,2014-08-14 03:00:00,27.47760830545507,26.00488,26.77601,25.43568,28.58763,26.09075
21563,2014-08-14 03:15:00,27.441813639604817,24.87017,26.00488,26.77601,25.43568,28.58763
21564,2014-08-14 03:30:00,26.735847688926924,25.51264,24.87017,26.00488,26.77601,25.43568
21565,2014-08-14 03:45:00,26.736049315433398,25.76909,25.51264,24.87017,26.00488,26.77601
21566,2014-08-14 04:00:00,26.56430600785216,26.35877,25.76909,25.51264,24.87017,26.00488
21567,2014-08-14 04:15:00,26.65494916831856,27.78811,26.35877,25.76909,25.51264,24.87017
21568,2014-08-14 04:30:00,27.234644376734973,26.21524,27.78811,26.35877,25.76909,25.51264
21569,2014-08-14 04:45:00,27.35525732734641,25.7802,26.21524,27.78811,26.35877,25.76909
21570,2014-08-14 05:00:00,27.32542729552867,26.92189,25.7802,26.21524,27.78811,26.35877
21571,2014-08-14 05:15:00,27.434241670706314,25.45123,26.92189,25.7802,26.21524,27.78811
21572,2014-08-14 05:30:00,26.993225139369073,27.07664,25.45123,26.92189,25.7802,26.21524
21573,2014-08-14 05:45:00,27.171120154465044,27.09873,27.07664,25.45123,26.92189,25.7802
21574,2014-08-14 06:00:00,27.431002237150334,27.21895,27.09873,27.07664,25.45123,26.92189
21575,2014-08-14 06:15:00,27.502779027578434,27.73233,27.21895,27.09873,27.07664,25.45123
21576,2014-08-14 06:30:00,27.93123175642173,27.33873,27.73233,27.21895,27.09873,27.07664
21577,2014-08-14 06:45:00,27.98002926171807,26.04182,27.33873,27.73233,27.21895,27.09873
21578,2014-08-14 07:00:00,27.75105657529192,29.41674,26.04182,27.33873,27.73233,27.21895
21579,2014-08-14 07:15:00,28.206683936539967,29.62764,29.41674,26.04182,27.33873,27.73233
21580,2014-08-14 07:30:00,28.614074618335273,32.09779,29.62764,29.41674,26.04182,27.33873
21581,2014-08-14 07:45:00,29.573740938020315,31.27717,32.09779,29.62764,29.41674,26.04182
21582,2014-08-14 08:00:00,30.551728922889566,30.63741,31.27717,32.09779,29.62764,29.41674
21583,2014-08-14 08:15:00,30.76009004254839,28.26697,30.63741,31.27717,32.09779,29.62764
21584,2014-08-14 08:30:00,30.43079656669734,29.27995,28.26697,30.63741,31.27717,32.09779
21585,2014-08-14 08:45:00,29.892973303379996,32.62317,29.27995,28.26697,30.63741,31.27717
21586,2014-08-14 09:00:00,30.22480302016018,31.887,32.62317,29.27995,28.26697,30.63741
21587,2014-08-14 09:15:00,30.51035425563364,33.40436,31.887,32.62317,29.27995,28.26697
21588,2014-08-14 09:30:00,31.492993787236692,32.80412,33.40436,31.887,32.62317,29.27995
21589,2014-08-14 09:45:00,32.13919278639309,34.16448,32.80412,33.40436,31.887,32.62317
21590,2014-08-14 10:00:00,32.45455126963665,31.32828,34.16448,32.80412,33.40436,31.887
21591,2014-08-14 10:15:00,32.30181443846722,33.01387,31.32828,34.16448,32.80412,33.40436
21592,2014-08-14 10:30:00,32.22836619188805,33.95227,33.01387,31.32828,34.16448,32.80412
21593,2014-08-14 10:45:00,32.470820047423246,36.92503,33.95227,33.01387,31.32828,34.16448
21594,2014-08-14 11:00:00,33.08294657070543,34.79313,36.92503,33.95227,33.01387,31.32828
21595,2014-08-14 11:15:00,33.7233833557648,35.59398,34.79313,36.92503,33.95227,33.01387
21596,2014-08-14 11:30:00,34.1924001034901,39.48862,35.59398,34.79313,36.92503,33.95227
21597,2014-08-14 11:45:00,35.2935959023025,38.50995,39.48862,35.59398,34.79313,36.92503
21598,2014-08-14 12:00:00,35.6430173940965,41.96163,38.50995,39.48862,35.59398,34.79313
21599,2014-08-14 12:15:00,37.04361863818275,39.84793,41.96163,38.50995,39.48862,35.59398
21600,2014-08-14 12:30:00,37.820119167568215,40.27578,39.84793,41.96163,38.50995,39.48862
21601,2014-08-14 12:45:00,37.9599608418271,42.14391,40.27578,39.84793,41.96163,38.50995
21602,2014-08-14 13:00:00,38.65614962717702,38.73281,42.14391,40.27578,39.84793,41.96163
21603,2014-08-14 13:15:00,38.02558381367002,42.75075,38.73281,42.14391,40.27578,39.84793
21604,2014-08-14 13:30:00,38.601309522692326,40.84199,42.75075,38.73281,42.14391,40.27578
21605,2014-08-14 13:45:00,38.707187187710275,41.18941,40.84199,42.75075,38.73281,42.14391
21606,2014-08-14 14:00:00,38.53956055748772,42.98494,41.18941,40.84199,42.75075,38.73281
21607,2014-08-14 14:15:00,39.34565335244693,42.48434,42.98494,41.18941,40.84199,42.75075
21608,2014-08-14 14:30:00,39.32508865567462,43.02063,42.48434,42.98494,41.18941,40.84199
21609,2014-08-14 14:45:00,39.73836856325101,41.84219,43.02063,42.48434,42.98494,41.18941
21610,2014-08-14 15:00:00,39.83195287268206,44.24397,41.84219,43.02063,42.48434,42.98494
21611,2014-08-14 15:15:00,40.10298309100997,45.98158,44.24397,41.84219,43.02063,42.48434
21612,2014-08-14 15:30:00,40.82080690175704,43.01102,45.98158,44.24397,41.84219,43.02063
21613,2014-08-14 15:45:00,40.798360638931385,42.68913,43.01102,45.98158,44.24397,41.84219
21614,2014-08-14 16:00:00,40.89592011433568,47.77173,42.68913,43.01102,45.98158,44.24397
21615,2014-08-14 16:15:00,41.63458054158124,43.66707,47.77173,42.68913,43.01102,45.98158
21616,2014-08-14 16:30:00,41.2117286601275,46.00722,43.66707,47.77173,42.68913,43.01102
21617,2014-08-14 16:45:00,41.77396776871156,44.52192,46.00722,43.66707,47.77173,42.68913
21618,2014-08-14 17:00:00,42.07847488983951,44.98805,44.52192,46.00722,43.66707,47.77173
21619,2014-08-14 17:15:00,41.5774626673977,44.35757,44.98805,44.52192,46.00722,43.66707
21620,2014-08-14 17:30:00,41.6821238214932,46.42001,44.35757,44.98805,44.52192,46.00722
21621,2014-08-14 17:45:00,41.80216638205062,41.37472,46.42001,44.35757,44.98805,44.52192
21622,2014-08-14 18:00:00,41.13778515866177,37.89837,41.37472,46.42001,44.35757,44.98805
21623,2014-08-14 18:15:00,39.67720904696791,37.58066,37.89837,41.37472,46.42001,44.35757
21624,2014-08-14 18:30:00,38.32643300172245,34.74789,37.58066,37.89837,41.37472,46.42001
21625,2014-08-14 18:45:00,36.10497403990974,32.73461,34.74789,37.58066,37.89837,41.37472
21626,2014-08-14 19:00:00,34.428278118781485,31.85283,32.73461,34.74789,37.58066,37.89837
21627,2014-08-14 19:15:00,33.24514477000034,30.57683,31.85283,32.73461,34.74789,37.58066
21628,2014-08-14 19:30:00,31.90950065374441,30.55256,30.57683,31.85283,32.73461,34.74789
21629,2014-08-14 19:45:00,31.116193344826087,31.43413,30.55256,30.57683,31.85283,32.73461
21630,2014-08-14 20:00:00,30.89268164292636,26.78785,31.43413,30.55256,30.57683,31.85283
21631,2014-08-14 20:15:00,29.872934437192583,30.32535,26.78785,31.43413,30.55256,30.57683
21632,2014-08-14 20:30:00,29.831304664101744,26.40495,30.32535,26.78785,31.43413,30.55256
21633,2014-08-14 20:45:00,29.01119141834034,30.15021,26.40495,30.32535,26.78785,31.43413
21634,2014-08-14 21:00:00,28.82739308976895,29.81147,30.15021,26.40495,30.32535,26.78785
21635,2014-08-14 21:15:00,29.40854932502757,30.18075,29.81147,30.15021,26.40495,30.32535
21636,2014-08-14 21:30:00,29.418392757867444,29.20228,30.18075,29.81147,30.15021,26.40495
21637,2014-08-14 21:45:00,29.90267610032017,29.23922,29.20228,30.18075,29.81147,30.15021
21638,2014-08-14 22:00:00,29.72178375368665,29.74495,29.23922,29.20228,30.18075,29.81147
21639,2014-08-14 22:15:00,29.71521484084343,27.22445,29.74495,29.23922,29.20228,30.18075
21640,2014-08-14 22:30:00,29.12534726581035,28.00798,27.22445,29.74495,29.23922,29.20228
21641,2014-08-14 22:45:00,28.881833587158546,25.69542,28.00798,27.22445,29.74495,29.23922
21642,2014-08-14 23:00:00,28.174402484228406,29.55859,25.69542,28.00798,27.22445,29.74495
21643,2014-08-14 23:15:00,28.20131068013329,25.30399,29.55859,25.69542,28.00798,27.22445
21644,2014-08-14 23:30:00,27.80236151955112,26.96928,25.30399,29.55859,25.69542,28.00798
21645,2014-08-14 23:45:00,27.603723202087398,25.23934,26.96928,25.30399,29.55859,25.69542
21646,2014-08-15 00:00:00,27.47269302137893,25.35142,25.23934,26.96928,25.30399,29.55859
21647,2014-08-15 00:15:00,26.69397518034743,25.12131,25.35142,25.23934,26.96928,25.30399
21648,2014-08-15 00:30:00,26.641846519515532,24.87257,25.12131,25.35142,25.23934,26.96928
21649,2014-08-15 00:45:00,26.252594960485865,25.96142,24.87257,25.12131,25.35142,25.23934
21650,2014-08-15 01:00:00,26.404591590785294,26.42811,25.96142,24.87257,25.12131,25.35142
21651,2014-08-15 01:15:00,26.632136700438082,25.86517,26.42811,25.96142,24.87257,25.12131
21652,2014-08-15 01:30:00,26.77113691327513,25.99553,25.86517,26.42811,25.96142,24.87257
21653,2014-08-15 01:45:00,26.96980698593627,24.30504,25.99553,25.86517,26.42811,25.96142
21654,2014-08-15 02:00:00,26.623543314856754,26.88941,24.30504,25.99553,25.86517,26.42811
21655,2014-08-15 02:15:00,26.740900766677814,24.39469,26.88941,24.30504,25.99553,25.86517
21656,2014-08-15 02:30:00,26.448476593017887,25.53074,24.39469,26.88941,24.30504,25.99553
21657,2014-08-15 02:45:00,26.365129474575813,25.50782,25.53074,24.39469,26.88941,24.30504
21658,2014-08-15 03:00:00,26.583516181843734,26.48691,25.50782,25.53074,24.39469,26.88941
21659,2014-08-15 03:15:00,26.54631737675301,24.49401,26.48691,25.50782,25.53074,24.39469
21660,2014-08-15 03:30:00,26.531909307042994,26.29714,24.49401,26.48691,25.50782,25.53074
21661,2014-08-15 03:45:00,26.68492277155226,25.58328,26.29714,24.49401,26.48691,25.50782
21662,2014-08-15 04:00:00,26.699826074690776,26.26979,25.58328,26.29714,24.49401,26.48691
21663,2014-08-15 04:15:00,26.67980039165279,26.21695,26.26979,25.58328,26.29714,24.49401
21664,2014-08-15 04:30:00,26.997776346463283,27.09799,26.21695,26.26979,25.58328,26.29714
21665,2014-08-15 04:45:00,27.170777752601616,28.65704,27.09799,26.21695,26.26979,25.58328
21666,2014-08-15 05:00:00,27.78542759499692,27.05523,28.65704,27.09799,26.21695,26.26979
21667,2014-08-15 05:15:00,27.925559544051236,26.05287,27.05523,28.65704,27.09799,26.21695
21668,2014-08-15 05:30:00,27.84961446048385,27.00511,26.05287,27.05523,28.65704,27.09799
21669,2014-08-15 05:45:00,27.822714672391996,28.12358,27.00511,26.05287,27.05523,28.65704
21670,2014-08-15 06:00:00,27.767004992731398,24.05802,28.12358,27.00511,26.05287,27.05523
21671,2014-08-15 06:15:00,27.149889170053754,29.54475,24.05802,28.12358,27.00511,26.05287
21672,2014-08-15 06:30:00,27.85048246457623,27.78573,29.54475,24.05802,28.12358,27.00511
21673,2014-08-15 06:45:00,28.024096701293455,28.04793,27.78573,29.54475,24.05802,28.12358
21674,2014-08-15 07:00:00,28.029218778979164,28.91175,28.04793,27.78573,29.54475,24.05802
21675,2014-08-15 07:15:00,28.91890361061383,30.77716,28.91175,28.04793,27.78573,29.54475
21676,2014-08-15 07:30:00,29.211402849629934,31.13168,30.77716,28.91175,28.04793,27.78573
21677,2014-08-15 07:45:00,29.87220331218241,31.4783,31.13168,30.77716,28.91175,28.04793
21678,2014-08-15 08:00:00,30.525215628981734,31.49506,31.4783,31.13168,30.77716,28.91175
21679,2014-08-15 08:15:00,31.002848170777746,31.83597,31.49506,31.4783,31.13168,30.77716
21680,2014-08-15 08:30:00,31.206608155449715,31.7948,31.83597,31.49506,31.4783,31.13168
21681,2014-08-15 08:45:00,31.332643069657067,31.92719,31.7948,31.83597,31.49506,31.4783
21682,2014-08-15 09:00:00,31.41941860316126,33.22613,31.92719,31.7948,31.83597,31.49506
21683,2014-08-15 09:15:00,31.76896542380851,32.74359,33.22613,31.92719,31.7948,31.83597
21684,2014-08-15 09:30:00,31.948656818085617,33.86384,32.74359,33.22613,31.92719,31.7948
21685,2014-08-15 09:45:00,32.35354369104307,34.76024,33.86384,32.74359,33.22613,31.92719
21686,2014-08-15 10:00:00,32.908375579624135,32.17503,34.76024,33.86384,32.74359,33.22613
21687,2014-08-15 10:15:00,32.678872992666,30.73387,32.17503,34.76024,33.86384,32.74359
21688,2014-08-15 10:30:00,32.231294176518375,34.69433,30.73387,32.17503,34.76024,33.86384
21689,2014-08-15 10:45:00,32.43283987980644,35.22859,34.69433,30.73387,32.17503,34.76024
21690,2014-08-15 11:00:00,32.601979343625,36.08836,35.22859,34.69433,30.73387,32.17503
21691,2014-08-15 11:15:00,33.378241235130794,36.33449,36.08836,35.22859,34.69433,30.73387
21692,2014-08-15 11:30:00,34.41948963144594,38.78141,36.33449,36.08836,35.22859,34.69433
21693,2014-08-15 11:45:00,35.23549336582605,41.56966,38.78141,36.33449,36.08836,35.22859
21694,2014-08-15 12:00:00,36.50855555286322,42.80148,41.56966,38.78141,36.33449,36.08836
21695,2014-08-15 12:15:00,37.83441606602925,36.71456,42.80148,41.56966,38.78141,36.33449
21696,2014-08-15 12:30:00,37.79275075528915,40.80699,36.71456,42.80148,41.56966,38.78141
21697,2014-08-15 12:45:00,38.150070083320585,39.35619,40.80699,36.71456,42.80148,41.56966
21698,2014-08-15 13:00:00,37.743589906631286,41.62435,39.35619,40.80699,36.71456,42.80148
21699,2014-08-15 13:15:00,37.59683253372019,40.76958,41.62435,39.35619,40.80699,36.71456
21700,2014-08-15 13:30:00,38.34162872538001,40.91475,40.76958,41.62435,39.35619,40.80699
21701,2014-08-15 13:45:00,38.367158666260096,42.05815,40.91475,40.76958,41.62435,39.35619
21702,2014-08-15 14:00:00,38.8810423682895,42.97226,42.05815,40.91475,40.76958,41.62435
21703,2014-08-15 14:15:00,39.17407763443086,38.77708,42.97226,42.05815,40.91475,40.76958
21704,2014-08-15 14:30:00,38.73247138033567,41.17603,38.77708,42.97226,42.05815,40.91475
21705,2014-08-15 14:45:00,38.76313532075391,42.98232,41.17603,38.77708,42.97226,42.05815
21706,2014-08-15 15:00:00,38.99097662918302,40.95193,42.98232,41.17603,38.77708,42.97226
21707,2014-08-15 15:15:00,38.631521306449336,43.15799,40.95193,42.98232,41.17603,38.77708
21708,2014-08-15 15:30:00,39.45483554077643,40.34844,43.15799,40.95193,42.98232,41.17603
21709,2014-08-15 15:45:00,39.25926894265338,42.94595,40.34844,43.15799,40.95193,42.98232
21710,2014-08-15 16:00:00,39.28200982360822,43.72176,42.94595,40.34844,43.15799,40.95193
21711,2014-08-15 16:15:00,39.8325638665673,41.64643,43.72176,42.94595,40.34844,43.15799
21712,2014-08-15 16:30:00,39.543961467655144,42.51508,41.64643,43.72176,42.94595,40.34844
21713,2014-08-15 16:45:00,39.92171037828461,42.42978,42.51508,41.64643,43.72176,42.94595
21714,2014-08-15 17:00:00,39.825979572391304,44.49345,42.42978,42.51508,41.64643,43.72176
21715,2014-08-15 17:15:00,40.02593532348324,41.01861,44.49345,42.42978,42.51508,41.64643
21716,2014-08-15 17:30:00,39.86317598940035,45.02027,41.01861,44.49345,42.42978,42.51508
21717,2014-08-15 17:45:00,40.36702752709357,43.23333,45.02027,41.01861,44.49345,42.42978
21718,2014-08-15 18:00:00,40.518101358877445,39.1439,43.23333,45.02027,41.01861,44.49345
21719,2014-08-15 18:15:00,39.44142031094984,35.95462,39.1439,43.23333,45.02027,41.01861
21720,2014-08-15 18:30:00,38.34027822911595,34.13207,35.95462,39.1439,43.23333,45.02027
21721,2014-08-15 18:45:00,36.221399199106365,34.46542,34.13207,35.95462,39.1439,43.23333
21722,2014-08-15 19:00:00,34.579367112863046,31.62777,34.46542,34.13207,35.95462,39.1439
21723,2014-08-15 19:15:00,33.13707486764405,31.45749,31.62777,34.46542,34.13207,35.95462
21724,2014-08-15 19:30:00,32.26337680612697,28.18391,31.45749,31.62777,34.46542,34.13207
21725,2014-08-15 19:45:00,31.073242965959523,32.47856,28.18391,31.45749,31.62777,34.46542
21726,2014-08-15 20:00:00,30.757575268251934,28.6658,32.47856,28.18391,31.45749,31.62777
21727,2014-08-15 20:15:00,30.18264971913151,27.67311,28.6658,32.47856,28.18391,31.45749
21728,2014-08-15 20:30:00,29.43072944033276,27.35005,27.67311,28.6658,32.47856,28.18391
21729,2014-08-15 20:45:00,29.21674773363423,29.84815,27.35005,27.67311,28.6658,32.47856
21730,2014-08-15 21:00:00,28.791949673446993,27.79967,29.84815,27.35005,27.67311,28.6658
21731,2014-08-15 21:15:00,28.630876375956234,28.21198,27.79967,29.84815,27.35005,27.67311
21732,2014-08-15 21:30:00,28.71833305096904,26.18423,28.21198,27.79967,29.84815,27.35005
21733,2014-08-15 21:45:00,28.444490415648847,28.73692,26.18423,28.21198,27.79967,29.84815
21734,2014-08-15 22:00:00,28.272307335965685,28.84491,28.73692,26.18423,28.21198,27.79967
21735,2014-08-15 22:15:00,28.4996090295754,25.80139,28.84491,28.73692,26.18423,28.21198
21736,2014-08-15 22:30:00,28.008528711581036,25.86346,25.80139,28.84491,28.73692,26.18423
21737,2014-08-15 22:45:00,27.889233199147,27.55802,25.86346,25.80139,28.84491,28.73692
21738,2014-08-15 23:00:00,27.695285122728006,26.83819,27.55802,25.86346,25.80139,28.84491
21739,2014-08-15 23:15:00,27.349821552338472,24.85549,26.83819,27.55802,25.86346,25.80139
21740,2014-08-15 23:30:00,27.126418644354874,25.66534,24.85549,26.83819,27.55802,25.86346
21741,2014-08-15 23:45:00,27.06398744348865,27.69984,25.66534,24.85549,26.83819,27.55802
21742,2014-08-16 00:00:00,27.142807167143065,26.85117,27.69984,25.66534,24.85549,26.83819
21743,2014-08-16 00:15:00,27.172649374022836,26.60806,26.85117,27.69984,25.66534,24.85549
21744,2014-08-16 00:30:00,27.483142278042095,24.61197,26.60806,26.85117,27.69984,25.66534
21745,2014-08-16 00:45:00,27.227358394599392,25.92349,24.61197,26.60806,26.85117,27.69984
21746,2014-08-16 01:00:00,26.89700257608426,25.67721,25.92349,24.61197,26.60806,26.85117
21747,2014-08-16 01:15:00,26.688172770590498,26.96084,25.67721,25.92349,24.61197,26.60806
21748,2014-08-16 01:30:00,26.79236271943138,26.26058,26.96084,25.67721,25.92349,24.61197
21749,2014-08-16 01:45:00,27.096486693322152,27.00312,26.26058,26.96084,25.67721,25.92349
21750,2014-08-16 02:00:00,27.30790465826514,26.26945,27.00312,26.26058,26.96084,25.67721
21751,2014-08-16 02:15:00,27.40487321668359,25.28071,26.26945,27.00312,26.26058,26.96084
21752,2014-08-16 02:30:00,27.066343168683275,25.37728,25.28071,26.26945,27.00312,26.26058
21753,2014-08-16 02:45:00,26.882003719914955,26.43781,25.37728,25.28071,26.26945,27.00312
21754,2014-08-16 03:00:00,26.80115104743009,23.18433,26.43781,25.37728,25.28071,26.26945
21755,2014-08-16 03:15:00,26.1808046588851,25.7992,23.18433,26.43781,25.37728,25.28071
21756,2014-08-16 03:30:00,26.284739933620543,25.1558,25.7992,23.18433,26.43781,25.37728
21757,2014-08-16 03:45:00,26.253695720117356,27.31169,25.1558,25.7992,23.18433,26.43781
21758,2014-08-16 04:00:00,26.478363899390573,24.55135,27.31169,25.1558,25.7992,23.18433
21759,2014-08-16 04:15:00,26.691906466612913,25.7852,24.55135,27.31169,25.1558,25.7992
21760,2014-08-16 04:30:00,26.683203218323026,24.422,25.7852,24.55135,27.31169,25.1558
21761,2014-08-16 04:45:00,26.515924782302953,26.84171,24.422,25.7852,24.55135,27.31169
21762,2014-08-16 05:00:00,26.477355091482686,23.69485,26.84171,24.422,25.7852,24.55135
21763,2014-08-16 05:15:00,26.278065885178343,26.32709,23.69485,26.84171,24.422,25.7852
21764,2014-08-16 05:30:00,26.401019762190526,25.36022,26.32709,23.69485,26.84171,24.422
21765,2014-08-16 05:45:00,26.572267022512484,23.51164,25.36022,26.32709,23.69485,26.84171
21766,2014-08-16 06:00:00,25.92479097577756,24.54512,23.51164,25.36022,26.32709,23.69485
21767,2014-08-16 06:15:00,26.05831905508768,25.43024,24.54512,23.51164,25.36022,26.32709
21768,2014-08-16 06:30:00,25.924957884347446,25.48842,25.43024,24.54512,23.51164,25.36022
21769,2014-08-16 06:45:00,25.977449445360605,27.69382,25.48842,25.43024,24.54512,23.51164
21770,2014-08-16 07:00:00,26.800523713347182,26.28283,27.69382,25.48842,25.43024,24.54512
21771,2014-08-16 07:15:00,27.124018987300058,26.81334,26.28283,27.69382,25.48842,25.43024
21772,2014-08-16 07:30:00,27.377927379054196,25.84823,26.81334,26.28283,27.69382,25.48842
21773,2014-08-16 07:45:00,27.41600086765341,26.36502,25.84823,26.81334,26.28283,27.69382
21774,2014-08-16 08:00:00,27.1740271376914,25.90203,26.36502,25.84823,26.81334,26.28283
21775,2014-08-16 08:15:00,27.095248067846345,27.66888,25.90203,26.36502,25.84823,26.81334
21776,2014-08-16 08:30:00,27.291436931485016,26.7328,27.66888,25.90203,26.36502,25.84823
21777,2014-08-16 08:45:00,27.45949980294948,27.86359,26.7328,27.66888,25.90203,26.36502
21778,2014-08-16 09:00:00,27.756226882636255,26.15703,27.86359,26.7328,27.66888,25.90203
21779,2014-08-16 09:15:00,27.77258543389191,23.63978,26.15703,27.86359,26.7328,27.66888
21780,2014-08-16 09:30:00,26.952222827432855,24.9473,23.63978,26.15703,27.86359,26.7328
21781,2014-08-16 09:45:00,26.59614012877941,27.01235,24.9473,23.63978,26.15703,27.86359
21782,2014-08-16 10:00:00,26.502041836493532,26.44291,27.01235,24.9473,23.63978,26.15703
21783,2014-08-16 10:15:00,26.593647367950652,27.77874,26.44291,27.01235,24.9473,23.63978
21784,2014-08-16 10:30:00,27.383220454088644,26.02465,27.77874,26.44291,27.01235,24.9473
21785,2014-08-16 10:45:00,27.55447342491712,27.3637,26.02465,27.77874,26.44291,27.01235
21786,2014-08-16 11:00:00,27.628409722025626,26.47872,27.3637,26.02465,27.77874,26.44291
21787,2014-08-16 11:15:00,27.623996923299156,26.49229,26.47872,27.3637,26.02465,27.77874
21788,2014-08-16 11:30:00,27.385239295605388,28.35891,26.49229,26.47872,27.3637,26.02465
21789,2014-08-16 11:45:00,27.848784969466315,26.55897,28.35891,26.49229,26.47872,27.3637
21790,2014-08-16 12:00:00,27.69510805856067,31.02597,26.55897,28.35891,26.49229,26.47872
21791,2014-08-16 12:15:00,28.61366450236787,28.82803,31.02597,26.55897,28.35891,26.49229
21792,2014-08-16 12:30:00,29.055378702317064,32.71729,28.82803,31.02597,26.55897,28.35891
21793,2014-08-16 12:45:00,29.93929813318549,29.90477,32.71729,28.82803,31.02597,26.55897
21794,2014-08-16 13:00:00,30.53157419913618,30.06732,29.90477,32.71729,28.82803,31.02597
21795,2014-08-16 13:15:00,30.33817546839591,31.09791,30.06732,29.90477,32.71729,28.82803
21796,2014-08-16 13:30:00,30.753955687920957,31.06558,31.09791,30.06732,29.90477,32.71729
21797,2014-08-16 13:45:00,30.477766686165552,31.82535,31.06558,31.09791,30.06732,29.90477
21798,2014-08-16 14:00:00,30.853365060926063,33.20103,31.82535,31.06558,31.09791,30.06732
21799,2014-08-16 14:15:00,31.47163061540648,32.94413,33.20103,31.82535,31.06558,31.09791
21800,2014-08-16 14:30:00,31.834070876163572,34.184,32.94413,33.20103,31.82535,31.06558
21801,2014-08-16 14:45:00,32.437147558196365,30.59527,34.184,32.94413,33.20103,31.82535
21802,2014-08-16 15:00:00,32.14372515510404,32.73942,30.59527,34.184,32.94413,33.20103
21803,2014-08-16 15:15:00,32.05267563109882,30.21776,32.73942,30.59527,34.184,32.94413
21804,2014-08-16 15:30:00,31.50648896434629,31.29148,30.21776,32.73942,30.59527,34.184
21805,2014-08-16 15:45:00,30.978367838830767,30.78689,31.29148,30.21776,32.73942,30.59527
21806,2014-08-16 16:00:00,30.999766871743006,29.92924,30.78689,31.29148,30.21776,32.73942
21807,2014-08-16 16:15:00,30.468285728683448,32.55166,29.92924,30.78689,31.29148,30.21776
21808,2014-08-16 16:30:00,30.936840330634247,31.2335,32.55166,29.92924,30.78689,31.29148
21809,2014-08-16 16:45:00,30.938959446321594,32.8371,31.2335,32.55166,29.92924,30.78689
21810,2014-08-16 17:00:00,31.34744845241488,31.1726,32.8371,31.2335,32.55166,29.92924
21811,2014-08-16 17:15:00,31.55003112496644,31.18173,31.1726,32.8371,31.2335,32.55166
21812,2014-08-16 17:30:00,31.282049337167457,28.10579,31.18173,31.1726,32.8371,31.2335
21813,2014-08-16 17:45:00,30.6209490456191,30.37324,28.10579,31.18173,31.1726,32.8371
21814,2014-08-16 18:00:00,30.171218681806607,28.80672,30.37324,28.10579,31.18173,31.1726
21815,2014-08-16 18:15:00,29.72258436098483,28.14528,28.80672,30.37324,28.10579,31.18173
21816,2014-08-16 18:30:00,29.14372039026908,30.00121,28.14528,28.80672,30.37324,28.10579
21817,2014-08-16 18:45:00,29.507449291180993,30.70386,30.00121,28.14528,28.80672,30.37324
21818,2014-08-16 19:00:00,29.618880422731163,28.22325,30.70386,30.00121,28.14528,28.80672
21819,2014-08-16 19:15:00,29.479110480110613,26.08326,28.22325,30.70386,30.00121,28.14528
21820,2014-08-16 19:30:00,29.004069580450107,26.48582,26.08326,28.22325,30.70386,30.00121
21821,2014-08-16 19:45:00,28.31253046589287,27.15831,26.48582,26.08326,28.22325,30.70386
21822,2014-08-16 20:00:00,27.679129197282784,26.29637,27.15831,26.48582,26.08326,28.22325
21823,2014-08-16 20:15:00,27.32588815493328,24.92558,26.29637,27.15831,26.48582,26.08326
21824,2014-08-16 20:30:00,27.068330012086058,27.94627,24.92558,26.29637,27.15831,26.48582
21825,2014-08-16 20:45:00,27.3756454771853,28.3493,27.94627,24.92558,26.29637,27.15831
21826,2014-08-16 21:00:00,27.652762649575553,24.8132,28.3493,27.94627,24.92558,26.29637
21827,2014-08-16 21:15:00,27.32658023470016,26.49156,24.8132,28.3493,27.94627,24.92558
21828,2014-08-16 21:30:00,27.58321576208675,25.72355,26.49156,24.8132,28.3493,27.94627
21829,2014-08-16 21:45:00,27.165101207535745,26.25219,25.72355,26.49156,24.8132,28.3493
21830,2014-08-16 22:00:00,26.798974562646187,28.31579,26.25219,25.72355,26.49156,24.8132
21831,2014-08-16 22:15:00,27.490686926785898,25.60913,28.31579,26.25219,25.72355,26.49156
21832,2014-08-16 22:30:00,27.307705692143205,24.78809,25.60913,28.31579,26.25219,25.72355
21833,2014-08-16 22:45:00,27.078460624563824,25.64043,24.78809,25.60913,28.31579,26.25219
21834,2014-08-16 23:00:00,26.949147395145356,24.88147,25.64043,24.78809,25.60913,28.31579
21835,2014-08-16 23:15:00,26.31915918107073,25.83357,24.88147,25.64043,24.78809,25.60913
21836,2014-08-16 23:30:00,26.37653476944059,25.05434,25.83357,24.88147,25.64043,24.78809
21837,2014-08-16 23:45:00,26.41727859039949,26.86181,25.05434,25.83357,24.88147,25.64043
21838,2014-08-17 00:00:00,26.677870687398126,26.39698,26.86181,25.05434,25.83357,24.88147
21839,2014-08-17 00:15:00,26.970438301777776,26.56759,26.39698,26.86181,25.05434,25.83357
21840,2014-08-17 00:30:00,27.113888040925694,22.53708,26.56759,26.39698,26.86181,25.05434
21841,2014-08-17 00:45:00,26.55189713502209,25.8475,22.53708,26.56759,26.39698,26.86181
21842,2014-08-17 01:00:00,26.37304400270286,24.94173,25.8475,22.53708,26.56759,26.39698
21843,2014-08-17 01:15:00,26.11984164669813,23.77761,24.94173,25.8475,22.53708,26.56759
21844,2014-08-17 01:30:00,25.59537225563546,24.7218,23.77761,24.94173,25.8475,22.53708
21845,2014-08-17 01:45:00,25.982570511583376,27.30147,24.7218,23.77761,24.94173,25.8475
21846,2014-08-17 02:00:00,26.32299592238538,25.94417,27.30147,24.7218,23.77761,24.94173
21847,2014-08-17 02:15:00,26.53080761867804,23.91178,25.94417,27.30147,24.7218,23.77761
21848,2014-08-17 02:30:00,26.49571890913175,24.12754,23.91178,25.94417,27.30147,24.7218
21849,2014-08-17 02:45:00,26.339282446959253,25.47799,24.12754,23.91178,25.94417,27.30147
21850,2014-08-17 03:00:00,26.031992409320054,22.4698,25.47799,24.12754,23.91178,25.94417
21851,2014-08-17 03:15:00,25.35495621399857,25.45978,22.4698,25.47799,24.12754,23.91178
21852,2014-08-17 03:30:00,25.66255903517915,26.33668,25.45978,22.4698,25.47799,24.12754
21853,2014-08-17 03:45:00,26.120959925658887,26.81703,26.33668,25.45978,22.4698,25.47799
21854,2014-08-17 04:00:00,26.420626522801136,24.02432,26.81703,26.33668,25.45978,22.4698
21855,2014-08-17 04:15:00,26.64551344386976,24.42021,24.02432,26.81703,26.33668,25.45978
21856,2014-08-17 04:30:00,26.413757378985146,24.42404,24.42021,24.02432,26.81703,26.33668
21857,2014-08-17 04:45:00,26.051755739125184,25.20617,24.42404,24.42021,24.02432,26.81703
21858,2014-08-17 05:00:00,25.784997368205655,24.75046,25.20617,24.42404,24.42021,24.02432
21859,2014-08-17 05:15:00,25.920607317389866,26.50857,24.75046,25.20617,24.42404,24.42021
21860,2014-08-17 05:30:00,26.341824673874658,25.89208,26.50857,24.75046,25.20617,24.42404
21861,2014-08-17 05:45:00,26.623644481594756,26.21636,25.89208,26.50857,24.75046,25.20617
21862,2014-08-17 06:00:00,26.81743247041873,22.72943,26.21636,25.89208,26.50857,24.75046
21863,2014-08-17 06:15:00,26.361359404782654,25.77336,22.72943,26.21636,25.89208,26.50857
21864,2014-08-17 06:30:00,26.23867168761133,23.45106,25.77336,22.72943,26.21636,25.89208
21865,2014-08-17 06:45:00,25.769124995041356,26.057,23.45106,25.77336,22.72943,26.21636
21866,2014-08-17 07:00:00,25.787557300861845,26.04135,26.057,23.45106,25.77336,22.72943
21867,2014-08-17 07:15:00,26.419631157399138,26.0822,26.04135,26.057,23.45106,25.77336
21868,2014-08-17 07:30:00,26.499366625499768,24.37822,26.0822,26.04135,26.057,23.45106
21869,2014-08-17 07:45:00,26.62252905222601,26.41662,24.37822,26.0822,26.04135,26.057
21870,2014-08-17 08:00:00,26.705992460020152,27.84448,26.41662,24.37822,26.0822,26.04135
21871,2014-08-17 08:15:00,27.097220569374215,25.44009,27.84448,26.41662,24.37822,26.0822
21872,2014-08-17 08:30:00,26.965731000610546,26.8305,25.44009,27.84448,26.41662,24.37822
21873,2014-08-17 08:45:00,27.40777916372568,25.77107,26.8305,25.44009,27.84448,26.41662
21874,2014-08-17 09:00:00,27.270937210529986,28.14004,25.77107,26.8305,25.44009,27.84448
21875,2014-08-17 09:15:00,27.37711793197813,26.28438,28.14004,25.77107,26.8305,25.44009
21876,2014-08-17 09:30:00,27.52092098917154,27.04704,26.28438,28.14004,25.77107,26.8305
21877,2014-08-17 09:45:00,27.56230916297659,25.43293,27.04704,26.28438,28.14004,25.77107
21878,2014-08-17 10:00:00,27.45803002713854,27.06787,25.43293,27.04704,26.28438,28.14004
21879,2014-08-17 10:15:00,27.280433544237635,26.46191,27.06787,25.43293,27.04704,26.28438
21880,2014-08-17 10:30:00,27.316469406842238,27.91681,26.46191,27.06787,25.43293,27.04704
21881,2014-08-17 10:45:00,27.513920558984093,27.28048,27.91681,26.46191,27.06787,25.43293
21882,2014-08-17 11:00:00,27.856078756024452,28.22711,27.28048,27.91681,26.46191,27.06787
21883,2014-08-17 11:15:00,28.090146278037125,22.782,28.22711,27.28048,27.91681,26.46191
21884,2014-08-17 11:30:00,27.29544413555879,27.58271,22.782,28.22711,27.28048,27.91681
21885,2014-08-17 11:45:00,27.256098945562314,29.31408,27.58271,22.782,28.22711,27.28048
21886,2014-08-17 12:00:00,27.721749782792575,31.60969,29.31408,27.58271,22.782,28.22711
21887,2014-08-17 12:15:00,28.472723419247796,28.73963,31.60969,29.31408,27.58271,22.782
21888,2014-08-17 12:30:00,29.536857573417862,31.48413,28.73963,31.60969,29.31408,27.58271
21889,2014-08-17 12:45:00,30.27449333210015,32.03166,31.48413,28.73963,31.60969,29.31408
21890,2014-08-17 13:00:00,30.8121178583067,30.90635,32.03166,31.48413,28.73963,31.60969
21891,2014-08-17 13:15:00,30.69118787068302,31.21156,30.90635,32.03166,31.48413,28.73963
21892,2014-08-17 13:30:00,31.12711995584399,30.19494,31.21156,30.90635,32.03166,31.48413
21893,2014-08-17 13:45:00,30.86369706839231,32.73523,30.19494,31.21156,30.90635,32.03166
21894,2014-08-17 14:00:00,31.03937466775895,30.45193,32.73523,30.19494,31.21156,30.90635
21895,2014-08-17 14:15:00,30.941193954344712,29.70152,30.45193,32.73523,30.19494,31.21156
21896,2014-08-17 14:30:00,30.62313698796094,29.39897,29.70152,30.45193,32.73523,30.19494
21897,2014-08-17 14:45:00,30.435239890247665,32.91112,29.39897,29.70152,30.45193,32.73523
21898,2014-08-17 15:00:00,30.546896290509455,34.07653,32.91112,29.39897,29.70152,30.45193
21899,2014-08-17 15:15:00,31.303714539347332,31.75256,34.07653,32.91112,29.39897,29.70152
21900,2014-08-17 15:30:00,31.668548129771843,30.21731,31.75256,34.07653,32.91112,29.39897
21901,2014-08-17 15:45:00,31.737336555339375,32.88703,30.21731,31.75256,34.07653,32.91112
21902,2014-08-17 16:00:00,31.750679217310562,28.20085,32.88703,30.21731,31.75256,34.07653
21903,2014-08-17 16:15:00,30.60752463462339,30.64556,28.20085,32.88703,30.21731,31.75256
21904,2014-08-17 16:30:00,30.39748024171778,30.82107,30.64556,28.20085,32.88703,30.21731
21905,2014-08-17 16:45:00,30.520883497754717,31.30241,30.82107,30.64556,28.20085,32.88703
21906,2014-08-17 17:00:00,30.272742290047233,31.77378,31.30241,30.82107,30.64556,28.20085
21907,2014-08-17 17:15:00,30.942443542024982,27.92434,31.77378,31.30241,30.82107,30.64556
21908,2014-08-17 17:30:00,30.363126760078828,31.64031,27.92434,31.77378,31.30241,30.82107
21909,2014-08-17 17:45:00,30.53276784528587,27.76056,31.64031,27.92434,31.77378,31.30241
21910,2014-08-17 18:00:00,29.834016966478032,28.63363,27.76056,31.64031,27.92434,31.77378
21911,2014-08-17 18:15:00,29.24129681704946,29.9285,28.63363,27.76056,31.64031,27.92434
21912,2014-08-17 18:30:00,29.621491065562093,29.02348,29.9285,28.63363,27.76056,31.64031
21913,2014-08-17 18:45:00,29.15971125254593,28.96221,29.02348,29.9285,28.63363,27.76056
21914,2014-08-17 19:00:00,29.367710479853294,28.62968,28.96221,29.02348,29.9285,28.63363
21915,2014-08-17 19:15:00,29.348861991291198,24.22584,28.62968,28.96221,29.02348,29.9285
21916,2014-08-17 19:30:00,28.194475753284575,27.26823,24.22584,28.62968,28.96221,29.02348
21917,2014-08-17 19:45:00,27.862339835706827,26.09759,27.26823,24.22584,28.62968,28.96221
21918,2014-08-17 20:00:00,27.338533181608607,27.231,26.09759,27.26823,24.22584,28.62968
21919,2014-08-17 20:15:00,27.118272823937936,24.11897,27.231,26.09759,27.26823,24.22584
21920,2014-08-17 20:30:00,27.030037491291697,26.39159,24.11897,27.231,26.09759,27.26823
21921,2014-08-17 20:45:00,26.876466621349493,28.99874,26.39159,24.11897,27.231,26.09759
21922,2014-08-17 21:00:00,27.48967637048712,26.99058,28.99874,26.39159,24.11897,27.231
21923,2014-08-17 21:15:00,27.468105240416484,25.57843,26.99058,28.99874,26.39159,24.11897
21924,2014-08-17 21:30:00,27.67544835377634,27.17178,25.57843,26.99058,28.99874,26.39159
21925,2014-08-17 21:45:00,27.8110305309937,24.50885,27.17178,25.57843,26.99058,28.99874
21926,2014-08-17 22:00:00,26.950264452601242,27.38439,24.50885,27.17178,25.57843,26.99058
21927,2014-08-17 22:15:00,27.055714935484122,26.78929,27.38439,24.50885,27.17178,25.57843
21928,2014-08-17 22:30:00,27.295473979873943,26.42032,26.78929,27.38439,24.50885,27.17178
21929,2014-08-17 22:45:00,27.163017652586422,28.77435,26.42032,26.78929,27.38439,24.50885
21930,2014-08-17 23:00:00,27.982936007668513,24.63428,28.77435,26.42032,26.78929,27.38439
21931,2014-08-17 23:15:00,27.422699703540744,25.72246,24.63428,28.77435,26.42032,26.78929
21932,2014-08-17 23:30:00,27.192693224334462,25.24657,25.72246,24.63428,28.77435,26.42032
21933,2014-08-17 23:45:00,26.95406248351578,24.67553,25.24657,25.72246,24.63428,28.77435
21934,2014-08-18 00:00:00,26.198062881495364,25.19949,24.67553,25.24657,25.72246,24.63428
21935,2014-08-18 00:15:00,26.29781526034275,24.91287,25.19949,24.67553,25.24657,25.72246
21936,2014-08-18 00:30:00,26.149884137893096,26.06492,24.91287,25.19949,24.67553,25.24657
21937,2014-08-18 00:45:00,26.326859071592807,27.03624,26.06492,24.91287,25.19949,24.67553
21938,2014-08-18 01:00:00,26.80074129716315,25.32521,27.03624,26.06492,24.91287,25.19949
21939,2014-08-18 01:15:00,26.808848859737274,23.83709,25.32521,27.03624,26.06492,24.91287
21940,2014-08-18 01:30:00,26.547804494724744,25.6973,23.83709,25.32521,27.03624,26.06492
21941,2014-08-18 01:45:00,26.48410657290725,25.49502,25.6973,23.83709,25.32521,27.03624
21942,2014-08-18 02:00:00,26.226130379284683,26.81304,25.49502,25.6973,23.83709,25.32521
21943,2014-08-18 02:15:00,26.542116763996486,25.0931,26.81304,25.49502,25.6973,23.83709
21944,2014-08-18 02:30:00,26.749445532564653,25.45955,25.0931,26.81304,25.49502,25.6973
21945,2014-08-18 02:45:00,26.69177347030925,24.82168,25.45955,25.0931,26.81304,25.49502
21946,2014-08-18 03:00:00,26.545638577471912,25.86835,24.82168,25.45955,25.0931,26.81304
21947,2014-08-18 03:15:00,26.392498622870356,24.53657,25.86835,24.82168,25.45955,25.0931
21948,2014-08-18 03:30:00,26.273029487915323,25.70084,24.53657,25.86835,24.82168,25.45955
21949,2014-08-18 03:45:00,26.328756537345065,26.90045,25.70084,24.53657,25.86835,24.82168
21950,2014-08-18 04:00:00,26.748695843251763,27.46253,26.90045,25.70084,24.53657,25.86835
21951,2014-08-18 04:15:00,27.08716163209445,26.38403,27.46253,26.90045,25.70084,24.53657
21952,2014-08-18 04:30:00,27.414911665108523,23.50278,26.38403,27.46253,26.90045,25.70084
21953,2014-08-18 04:45:00,26.92388857575927,27.20359,23.50278,26.38403,27.46253,26.90045
21954,2014-08-18 05:00:00,27.006432652556335,28.69928,27.20359,23.50278,26.38403,27.46253
21955,2014-08-18 05:15:00,27.3215740236838,24.34271,28.69928,27.20359,23.50278,26.38403
21956,2014-08-18 05:30:00,26.901846663873773,26.02278,24.34271,28.69928,27.20359,23.50278
21957,2014-08-18 05:45:00,27.323383051245084,28.9706,26.02278,24.34271,28.69928,27.20359
21958,2014-08-18 06:00:00,27.717167667083544,28.78861,28.9706,26.02278,24.34271,28.69928
21959,2014-08-18 06:15:00,27.805370176058673,27.15439,28.78861,28.9706,26.02278,24.34271
21960,2014-08-18 06:30:00,28.292554902694764,26.53698,27.15439,28.78861,28.9706,26.02278
21961,2014-08-18 06:45:00,28.333175789298792,26.82065,26.53698,27.15439,28.78861,28.9706
21962,2014-08-18 07:00:00,27.92471708635486,27.30539,26.82065,26.53698,27.15439,28.78861
21963,2014-08-18 07:15:00,27.67001865001062,28.60108,27.30539,26.82065,26.53698,27.15439
21964,2014-08-18 07:30:00,27.978389916874555,30.04272,28.60108,27.30539,26.82065,26.53698
21965,2014-08-18 07:45:00,28.68147781362999,30.91105,30.04272,28.60108,27.30539,26.82065
21966,2014-08-18 08:00:00,29.485316681168634,29.25331,30.91105,30.04272,28.60108,27.30539
21967,2014-08-18 08:15:00,29.82448206686119,27.10413,29.25331,30.91105,30.04272,28.60108
21968,2014-08-18 08:30:00,29.47005664438047,31.26883,27.10413,29.25331,30.91105,30.04272
21969,2014-08-18 08:45:00,29.74186187746308,32.14236,31.26883,27.10413,29.25331,30.91105
21970,2014-08-18 09:00:00,30.05582040964615,32.46563,32.14236,31.26883,27.10413,29.25331
21971,2014-08-18 09:15:00,30.700175966472624,33.47312,32.46563,32.14236,31.26883,27.10413
21972,2014-08-18 09:30:00,31.892141077665705,33.61733,33.47312,32.46563,32.14236,31.26883
21973,2014-08-18 09:45:00,32.344325789605975,33.50556,33.61733,33.47312,32.46563,32.14236
21974,2014-08-18 10:00:00,32.59966478119253,32.24404,33.50556,33.61733,33.47312,32.46563
21975,2014-08-18 10:15:00,32.5251910042293,32.62929,32.24404,33.50556,33.61733,33.47312
21976,2014-08-18 10:30:00,32.35542114375444,31.43726,32.62929,32.24404,33.50556,33.61733
21977,2014-08-18 10:45:00,31.92686342921577,33.84536,31.43726,32.62929,32.24404,33.50556
21978,2014-08-18 11:00:00,32.030344916166314,35.28728,33.84536,31.43726,32.62929,32.24404
21979,2014-08-18 11:15:00,32.65832973191911,34.87761,35.28728,33.84536,31.43726,32.62929
21980,2014-08-18 11:30:00,33.10543536243951,34.69554,34.87761,35.28728,33.84536,31.43726
21981,2014-08-18 11:45:00,33.69354651778441,35.16678,34.69554,34.87761,35.28728,33.84536
21982,2014-08-18 12:00:00,33.93729749036939,36.231,35.16678,34.69554,34.87761,35.28728
21983,2014-08-18 12:15:00,34.14424198172712,33.8796,36.231,35.16678,34.69554,34.87761
21984,2014-08-18 12:30:00,33.92826895622242,35.20001,33.8796,36.231,35.16678,34.69554
21985,2014-08-18 12:45:00,34.0144128099624,31.82137,35.20001,33.8796,36.231,35.16678
21986,2014-08-18 13:00:00,33.327409016970826,34.71925,31.82137,35.20001,33.8796,36.231
21987,2014-08-18 13:15:00,33.07168888421788,36.16289,34.71925,31.82137,35.20001,33.8796
21988,2014-08-18 13:30:00,33.553249002428856,35.30207,36.16289,34.71925,31.82137,35.20001
21989,2014-08-18 13:45:00,33.60502644568102,35.22413,35.30207,36.16289,34.71925,31.82137
21990,2014-08-18 14:00:00,34.21253397615796,37.7918,35.22413,35.30207,36.16289,34.71925
21991,2014-08-18 14:15:00,34.82631168707507,38.7638,37.7918,35.22413,35.30207,36.16289
21992,2014-08-18 14:30:00,35.37520848792555,36.55803,38.7638,37.7918,35.22413,35.30207
21993,2014-08-18 14:45:00,35.58704816999382,39.10495,36.55803,38.7638,37.7918,35.22413
21994,2014-08-18 15:00:00,36.31791653960413,38.27307,39.10495,36.55803,38.7638,37.7918
21995,2014-08-18 15:15:00,36.41675229013609,37.57016,38.27307,39.10495,36.55803,38.7638
21996,2014-08-18 15:30:00,36.1876709826119,39.8304,37.57016,38.27307,39.10495,36.55803
21997,2014-08-18 15:45:00,36.81654710388476,40.14662,39.8304,37.57016,38.27307,39.10495
21998,2014-08-18 16:00:00,37.0543538033296,38.05887,40.14662,39.8304,37.57016,38.27307
21999,2014-08-18 16:15:00,36.98717438858123,40.98521,38.05887,40.14662,39.8304,37.57016
22000,2014-08-18 16:30:00,37.64056994563602,40.57246,40.98521,38.05887,40.14662,39.8304
22001,2014-08-18 16:45:00,37.806633879522195,41.03156,40.57246,40.98521,38.05887,40.14662
22002,2014-08-18 17:00:00,37.99603101043351,38.0913,41.03156,40.57246,40.98521,38.05887
22003,2014-08-18 17:15:00,37.93008392526527,38.02785,38.0913,41.03156,40.57246,40.98521
22004,2014-08-18 17:30:00,37.33638093426128,33.67094,38.02785,38.0913,41.03156,40.57246
22005,2014-08-18 17:45:00,35.94666749436916,33.73772,33.67094,38.02785,38.0913,41.03156
22006,2014-08-18 18:00:00,34.538482002600624,34.81261,33.73772,33.67094,38.02785,38.0913
22007,2014-08-18 18:15:00,33.937165914300635,34.01235,34.81261,33.73772,33.67094,38.02785
22008,2014-08-18 18:30:00,33.213650954768084,32.04109,34.01235,34.81261,33.73772,33.67094
22009,2014-08-18 18:45:00,32.859772065584885,31.50431,32.04109,34.01235,34.81261,33.73772
22010,2014-08-18 19:00:00,32.39350589345966,32.35822,31.50431,32.04109,34.01235,34.81261
22011,2014-08-18 19:15:00,31.943821347011284,30.89678,32.35822,31.50431,32.04109,34.01235
22012,2014-08-18 19:30:00,31.355403721109507,29.469,30.89678,32.35822,31.50431,32.04109
22013,2014-08-18 19:45:00,30.829800968384014,30.26025,29.469,30.89678,32.35822,31.50431
22014,2014-08-18 20:00:00,30.58295795932482,28.75419,30.26025,29.469,30.89678,32.35822
22015,2014-08-18 20:15:00,29.895862156094285,28.42252,28.75419,30.26025,29.469,30.89678
22016,2014-08-18 20:30:00,29.415436389681467,29.41088,28.42252,28.75419,30.26025,29.469
22017,2014-08-18 20:45:00,29.41071486508958,30.19735,29.41088,28.42252,28.75419,30.26025
22018,2014-08-18 21:00:00,29.43796884539528,31.19626,30.19735,29.41088,28.42252,28.75419
22019,2014-08-18 21:15:00,29.93094276590059,30.47767,31.19626,30.19735,29.41088,28.42252
22020,2014-08-18 21:30:00,30.311241236065808,28.57977,30.47767,31.19626,30.19735,29.41088
22021,2014-08-18 21:45:00,30.10465945061803,31.39101,28.57977,30.47767,31.19626,30.19735
22022,2014-08-18 22:00:00,30.348431722901495,28.00562,31.39101,28.57977,30.47767,31.19626
22023,2014-08-18 22:15:00,29.72456843296692,29.64836,28.00562,31.39101,28.57977,30.47767
22024,2014-08-18 22:30:00,29.572069554134075,27.389,29.64836,28.00562,31.39101,28.57977
22025,2014-08-18 22:45:00,29.301549082306998,30.26118,27.389,29.64836,28.00562,31.39101
22026,2014-08-18 23:00:00,29.140536913192836,27.55549,30.26118,27.389,29.64836,28.00562
22027,2014-08-18 23:15:00,29.02787496944197,27.85807,27.55549,30.26118,27.389,29.64836
22028,2014-08-18 23:30:00,28.681116034183887,24.45543,27.85807,27.55549,30.26118,27.389
22029,2014-08-18 23:45:00,28.043353391840483,28.40906,24.45543,27.85807,27.55549,30.26118
22030,2014-08-19 00:00:00,27.744504528417945,27.20833,28.40906,24.45543,27.85807,27.55549
22031,2014-08-19 00:15:00,27.702808216673105,27.64182,27.20833,28.40906,24.45543,27.85807
22032,2014-08-19 00:30:00,27.685148578177163,26.04427,27.64182,27.20833,28.40906,24.45543
22033,2014-08-19 00:45:00,27.928385545435294,26.57099,26.04427,27.64182,27.20833,28.40906
22034,2014-08-19 01:00:00,27.580509416378106,26.89653,26.57099,26.04427,27.64182,27.20833
22035,2014-08-19 01:15:00,27.529639075062267,27.0412,26.89653,26.57099,26.04427,27.64182
22036,2014-08-19 01:30:00,27.436470837128603,25.08083,27.0412,26.89653,26.57099,26.04427
22037,2014-08-19 01:45:00,27.21647304427402,26.48169,25.08083,27.0412,26.89653,26.57099
22038,2014-08-19 02:00:00,27.197497404791612,25.9646,26.48169,25.08083,27.0412,26.89653
22039,2014-08-19 02:15:00,27.027428507708137,24.79468,25.9646,26.48169,25.08083,27.0412
22040,2014-08-19 02:30:00,26.59217662368225,26.03493,24.79468,25.9646,26.48169,25.08083
22041,2014-08-19 02:45:00,26.768193711385862,26.79664,26.03493,24.79468,25.9646,26.48169
22042,2014-08-19 03:00:00,26.860897681534404,26.11699,26.79664,26.03493,24.79468,25.9646
22043,2014-08-19 03:15:00,26.897488457091036,25.325,26.11699,26.79664,26.03493,24.79468
22044,2014-08-19 03:30:00,26.964853350786473,26.21899,25.325,26.11699,26.79664,26.03493
22045,2014-08-19 03:45:00,26.99907341474188,23.91122,26.21899,25.325,26.11699,26.79664
22046,2014-08-19 04:00:00,26.42842273009388,25.48643,23.91122,26.21899,25.325,26.11699
22047,2014-08-19 04:15:00,26.315631613374038,27.19747,25.48643,23.91122,26.21899,25.325
22048,2014-08-19 04:30:00,26.711776727709616,26.45828,27.19747,25.48643,23.91122,26.21899
22049,2014-08-19 04:45:00,26.785417853669216,28.36366,26.45828,27.19747,25.48643,23.91122
22050,2014-08-19 05:00:00,27.63998161999765,26.60111,28.36366,26.45828,27.19747,25.48643
22051,2014-08-19 05:15:00,27.82821118119658,28.57969,26.60111,28.36366,26.45828,27.19747
22052,2014-08-19 05:30:00,28.110212108392798,27.22453,28.57969,26.60111,28.36366,26.45828
22053,2014-08-19 05:45:00,28.23869818744428,27.99145,27.22453,28.57969,26.60111,28.36366
22054,2014-08-19 06:00:00,28.180865636403922,28.67282,27.99145,27.22453,28.57969,26.60111
22055,2014-08-19 06:15:00,28.577264195439014,30.55931,28.67282,27.99145,27.22453,28.57969
22056,2014-08-19 06:30:00,29.00598407994572,29.13987,30.55931,28.67282,27.99145,27.22453
22057,2014-08-19 06:45:00,29.36019395482225,30.01637,29.13987,30.55931,28.67282,27.99145
22058,2014-08-19 07:00:00,29.73620466989489,28.73674,30.01637,29.13987,30.55931,28.67282
22059,2014-08-19 07:15:00,29.7196902629958,28.52804,28.73674,30.01637,29.13987,30.55931
22060,2014-08-19 07:30:00,29.328072494509094,29.91125,28.52804,28.73674,30.01637,29.13987
22061,2014-08-19 07:45:00,29.48826821290704,32.22165,29.91125,28.52804,28.73674,30.01637
22062,2014-08-19 08:00:00,29.975040178283678,32.12237,32.22165,29.91125,28.52804,28.73674
22063,2014-08-19 08:15:00,30.64497473531941,31.64751,32.12237,32.22165,29.91125,28.52804
22064,2014-08-19 08:30:00,31.214507301948537,30.89386,31.64751,32.12237,32.22165,29.91125
22065,2014-08-19 08:45:00,31.36124942109928,34.28657,30.89386,31.64751,32.12237,32.22165
22066,2014-08-19 09:00:00,31.80403086345249,31.61931,34.28657,30.89386,31.64751,32.12237
22067,2014-08-19 09:15:00,31.707152665551924,32.78124,31.61931,34.28657,30.89386,31.64751
22068,2014-08-19 09:30:00,31.916877311628923,33.67746,32.78124,31.61931,34.28657,30.89386
22069,2014-08-19 09:45:00,32.444210277736886,33.91954,33.67746,32.78124,31.61931,34.28657
22070,2014-08-19 10:00:00,32.4134642021733,33.48963,33.91954,33.67746,32.78124,31.61931
22071,2014-08-19 10:15:00,32.75308019402033,33.49039,33.48963,33.91954,33.67746,32.78124
22072,2014-08-19 10:30:00,32.874351290515804,35.67513,33.49039,33.48963,33.91954,33.67746
22073,2014-08-19 10:45:00,33.289276303957685,34.73738,35.67513,33.49039,33.48963,33.91954
22074,2014-08-19 11:00:00,33.45814315467601,35.27669,34.73738,35.67513,33.49039,33.48963
22075,2014-08-19 11:15:00,33.79503046521502,34.67101,35.27669,34.73738,35.67513,33.49039
22076,2014-08-19 11:30:00,33.99531111721262,36.30887,34.67101,35.27669,34.73738,35.67513
22077,2014-08-19 11:45:00,34.145215421954674,34.94033,36.30887,34.67101,35.27669,34.73738
22078,2014-08-19 12:00:00,34.17470361388972,33.17195,34.94033,36.30887,34.67101,35.27669
22079,2014-08-19 12:15:00,33.733457485230645,34.08642,33.17195,34.94033,36.30887,34.67101
22080,2014-08-19 12:30:00,33.60269807803643,35.95505,34.08642,33.17195,34.94033,36.30887
22081,2014-08-19 12:45:00,33.59168212637522,36.51053,35.95505,34.08642,33.17195,34.94033
22082,2014-08-19 13:00:00,33.937473843754546,36.17222,36.51053,35.95505,34.08642,33.17195
22083,2014-08-19 13:15:00,34.49890742391344,37.08808,36.17222,36.51053,35.95505,34.08642
22084,2014-08-19 13:30:00,35.06330988881152,40.86722,37.08808,36.17222,36.51053,35.95505
22085,2014-08-19 13:45:00,36.06704522649294,38.86044,40.86722,37.08808,36.17222,36.51053
22086,2014-08-19 14:00:00,36.52608489007676,36.41586,38.86044,40.86722,37.08808,36.17222
22087,2014-08-19 14:15:00,36.496896916973625,34.66047,36.41586,38.86044,40.86722,37.08808
22088,2014-08-19 14:30:00,35.942629076486796,35.46228,34.66047,36.41586,38.86044,40.86722
22089,2014-08-19 14:45:00,34.92864760501137,37.02749,35.46228,34.66047,36.41586,38.86044
22090,2014-08-19 15:00:00,34.64010417237393,35.05583,37.02749,35.46228,34.66047,36.41586
22091,2014-08-19 15:15:00,34.3822327273843,38.2783,35.05583,37.02749,35.46228,34.66047
22092,2014-08-19 15:30:00,35.09365018957911,35.98372,38.2783,35.05583,37.02749,35.46228
22093,2014-08-19 15:45:00,35.177325695465676,40.36504,35.98372,38.2783,35.05583,37.02749
22094,2014-08-19 16:00:00,35.87671632919157,34.24036,40.36504,35.98372,38.2783,35.05583
22095,2014-08-19 16:15:00,35.63899282844908,35.95183,34.24036,40.36504,35.98372,38.2783
22096,2014-08-19 16:30:00,35.17422236919728,34.53014,35.95183,34.24036,40.36504,35.98372
22097,2014-08-19 16:45:00,34.85545189745039,37.28818,34.53014,35.95183,34.24036,40.36504
22098,2014-08-19 17:00:00,34.35784038651507,37.40289,37.28818,34.53014,35.95183,34.24036
22099,2014-08-19 17:15:00,34.977578139143574,36.7998,37.40289,37.28818,34.53014,35.95183
22100,2014-08-19 17:30:00,35.141781165906764,32.98747,36.7998,37.40289,37.28818,34.53014
22101,2014-08-19 17:45:00,34.7505519867129,37.36148,32.98747,36.7998,37.40289,37.28818
22102,2014-08-19 18:00:00,34.79404511559662,34.92734,37.36148,32.98747,36.7998,37.40289
22103,2014-08-19 18:15:00,34.34034989384545,34.06899,34.92734,37.36148,32.98747,36.7998
22104,2014-08-19 18:30:00,33.81201214002355,32.35168,34.06899,34.92734,37.36148,32.98747
22105,2014-08-19 18:45:00,33.61202157453891,33.22334,32.35168,34.06899,34.92734,37.36148
22106,2014-08-19 19:00:00,32.84368474610867,31.61586,33.22334,32.35168,34.06899,34.92734
22107,2014-08-19 19:15:00,32.2058777473334,29.77889,31.61586,33.22334,32.35168,34.06899
22108,2014-08-19 19:30:00,31.356129686054174,28.51134,29.77889,31.61586,33.22334,32.35168
22109,2014-08-19 19:45:00,30.575831835446504,31.7692,28.51134,29.77889,31.61586,33.22334
22110,2014-08-19 20:00:00,30.356307388142465,28.67641,31.7692,28.51134,29.77889,31.61586
22111,2014-08-19 20:15:00,29.8005600683087,30.17692,28.67641,31.7692,28.51134,29.77889
22112,2014-08-19 20:30:00,29.876175233828047,30.37028,30.17692,28.67641,31.7692,28.51134
22113,2014-08-19 20:45:00,30.22117501801601,30.04426,30.37028,30.17692,28.67641,31.7692
22114,2014-08-19 21:00:00,29.918298752718385,30.74877,30.04426,30.37028,30.17692,28.67641
22115,2014-08-19 21:15:00,30.306240870893987,30.57971,30.74877,30.04426,30.37028,30.17692
22116,2014-08-19 21:30:00,30.386445669180652,28.9898,30.57971,30.74877,30.04426,30.37028
22117,2014-08-19 21:45:00,30.097677045583243,27.80412,28.9898,30.57971,30.74877,30.04426
22118,2014-08-19 22:00:00,29.626656173564584,29.61405,27.80412,28.9898,30.57971,30.74877
22119,2014-08-19 22:15:00,29.430459750916476,27.95837,29.61405,27.80412,28.9898,30.57971
22120,2014-08-19 22:30:00,28.940513881630196,28.45719,27.95837,29.61405,27.80412,28.9898
22121,2014-08-19 22:45:00,28.838794113833956,27.25599,28.45719,27.95837,29.61405,27.80412
22122,2014-08-19 23:00:00,28.703732805259563,29.62604,27.25599,28.45719,27.95837,29.61405
22123,2014-08-19 23:15:00,28.74779658855563,26.59695,29.62604,27.25599,28.45719,27.95837
22124,2014-08-19 23:30:00,28.460791540021184,25.43335,26.59695,29.62604,27.25599,28.45719
22125,2014-08-19 23:45:00,27.841107674869114,26.8259,25.43335,26.59695,29.62604,27.25599
22126,2014-08-20 00:00:00,27.748843878528948,24.17523,26.8259,25.43335,26.59695,29.62604
22127,2014-08-20 00:15:00,26.712775279585834,25.68014,24.17523,26.8259,25.43335,26.59695
22128,2014-08-20 00:30:00,26.543635928501143,27.66425,25.68014,24.17523,26.8259,25.43335
22129,2014-08-20 00:45:00,27.007238568250866,26.04434,27.66425,25.68014,24.17523,26.8259
22130,2014-08-20 01:00:00,26.878245676395757,27.50276,26.04434,27.66425,25.68014,24.17523
22131,2014-08-20 01:15:00,27.501662897892192,24.8129,27.50276,26.04434,27.66425,25.68014
22132,2014-08-20 01:30:00,27.290042976499556,25.64411,24.8129,27.50276,26.04434,27.66425
22133,2014-08-20 01:45:00,26.903494576178126,26.1441,25.64411,24.8129,27.50276,26.04434
22134,2014-08-20 02:00:00,26.928279713494312,24.43218,26.1441,25.64411,24.8129,27.50276
22135,2014-08-20 02:15:00,26.34609891110815,24.30087,24.43218,26.1441,25.64411,24.8129
22136,2014-08-20 02:30:00,26.218593724962687,27.3417,24.30087,24.43218,26.1441,25.64411
22137,2014-08-20 02:45:00,26.587767347418755,27.59812,27.3417,24.30087,24.43218,26.1441
22138,2014-08-20 03:00:00,26.91998000517065,25.62764,27.59812,27.3417,24.30087,24.43218
22139,2014-08-20 03:15:00,27.116288343904653,24.52494,25.62764,27.59812,27.3417,24.30087
22140,2014-08-20 03:30:00,27.088486453678435,25.89823,24.52494,25.62764,27.59812,27.3417
22141,2014-08-20 03:45:00,26.823312151240547,24.28298,25.89823,24.52494,25.62764,27.59812
22142,2014-08-20 04:00:00,26.2006446109837,24.54939,24.28298,25.89823,24.52494,25.62764
22143,2014-08-20 04:15:00,25.991155460743833,27.1881,24.54939,24.28298,25.89823,24.52494
22144,2014-08-20 04:30:00,26.533366786792936,27.88953,27.1881,24.54939,24.28298,25.89823
22145,2014-08-20 04:45:00,26.96951736189774,27.2137,27.88953,27.1881,24.54939,24.28298
22146,2014-08-20 05:00:00,27.519372926261923,28.05308,27.2137,27.88953,27.1881,24.54939
22147,2014-08-20 05:15:00,28.166666572705758,27.15637,28.05308,27.2137,27.88953,27.1881
22148,2014-08-20 05:30:00,28.148834911801895,26.45593,27.15637,28.05308,27.2137,27.88953
22149,2014-08-20 05:45:00,27.85991068148119,28.01997,26.45593,27.15637,28.05308,27.2137
22150,2014-08-20 06:00:00,28.024269381749775,28.35606,28.01997,26.45593,27.15637,28.05308
22151,2014-08-20 06:15:00,28.114530477565612,29.55897,28.35606,28.01997,26.45593,27.15637
22152,2014-08-20 06:30:00,28.601428635465943,29.18805,29.55897,28.35606,28.01997,26.45593
22153,2014-08-20 06:45:00,29.113518595355302,29.93949,29.18805,29.55897,28.35606,28.01997
22154,2014-08-20 07:00:00,29.483124603918423,26.94552,29.93949,29.18805,29.55897,28.35606
22155,2014-08-20 07:15:00,29.161554331605576,30.47558,26.94552,29.93949,29.18805,29.55897
22156,2014-08-20 07:30:00,29.364334365142668,29.06029,30.47558,26.94552,29.93949,29.18805
22157,2014-08-20 07:45:00,29.351340190137133,31.17234,29.06029,30.47558,26.94552,29.93949
22158,2014-08-20 08:00:00,29.63163231029792,31.12808,31.17234,29.06029,30.47558,26.94552
22159,2014-08-20 08:15:00,30.417949421309054,29.62133,31.12808,31.17234,29.06029,30.47558
22160,2014-08-20 08:30:00,30.241603402842088,30.94141,29.62133,31.12808,31.17234,29.06029
22161,2014-08-20 08:45:00,30.58435633910134,31.92943,30.94141,29.62133,31.12808,31.17234
22162,2014-08-20 09:00:00,30.761613701117525,31.15121,31.92943,30.94141,29.62133,31.12808
22163,2014-08-20 09:15:00,30.777706937358452,30.26174,31.15121,31.92943,30.94141,29.62133
22164,2014-08-20 09:30:00,30.862326631642375,30.92887,30.26174,31.15121,31.92943,30.94141
22165,2014-08-20 09:45:00,30.852098888532524,35.52529,30.92887,30.26174,31.15121,31.92943
22166,2014-08-20 10:00:00,31.629494127705954,35.63426,35.52529,30.92887,30.26174,31.15121
22167,2014-08-20 10:15:00,32.544876586420315,36.13156,35.63426,35.52529,30.92887,30.26174
22168,2014-08-20 10:30:00,33.661771669621814,33.33255,36.13156,35.63426,35.52529,30.92887
22169,2014-08-20 10:45:00,34.03344305469976,36.77736,33.33255,36.13156,35.63426,35.52529
22170,2014-08-20 11:00:00,34.2964140462634,34.58938,36.77736,33.33255,36.13156,35.63426
22171,2014-08-20 11:15:00,34.09721738091548,33.75885,34.58938,36.77736,33.33255,36.13156
22172,2014-08-20 11:30:00,33.63122263356828,34.42773,33.75885,34.58938,36.77736,33.33255
22173,2014-08-20 11:45:00,33.80988148113304,36.02835,34.42773,33.75885,34.58938,36.77736
22174,2014-08-20 12:00:00,33.72355616506296,34.26162,36.02835,34.42773,33.75885,34.58938
22175,2014-08-20 12:15:00,33.657178073145204,33.88283,34.26162,36.02835,34.42773,33.75885
22176,2014-08-20 12:30:00,33.64668032701945,36.68327,33.88283,34.26162,36.02835,34.42773
22177,2014-08-20 12:45:00,34.10461848992254,32.53653,36.68327,33.88283,34.26162,36.02835
22178,2014-08-20 13:00:00,33.41948462222544,34.1743,32.53653,36.68327,33.88283,34.26162
22179,2014-08-20 13:15:00,33.38482596856685,34.26203,34.1743,32.53653,36.68327,33.88283
22180,2014-08-20 13:30:00,33.453179400082405,34.50687,34.26203,34.1743,32.53653,36.68327
22181,2014-08-20 13:45:00,33.082836288507686,32.70452,34.50687,34.26203,34.1743,32.53653
22182,2014-08-20 14:00:00,33.07143471267884,36.34461,32.70452,34.50687,34.26203,34.1743
22183,2014-08-20 14:15:00,33.524172379212146,33.92368,36.34461,32.70452,34.50687,34.26203
22184,2014-08-20 14:30:00,33.45943832720464,33.36282,33.92368,36.34461,32.70452,34.50687
22185,2014-08-20 14:45:00,33.21941509918212,37.66461,33.36282,33.92368,36.34461,32.70452
22186,2014-08-20 15:00:00,34.196083208096,34.90322,37.66461,33.36282,33.92368,36.34461
22187,2014-08-20 15:15:00,33.94799111362295,33.99736,34.90322,37.66461,33.36282,33.92368
22188,2014-08-20 15:30:00,33.91759501047822,35.72768,33.99736,34.90322,37.66461,33.36282
22189,2014-08-20 15:45:00,34.34705512594128,35.84011,35.72768,33.99736,34.90322,37.66461
22190,2014-08-20 16:00:00,34.04867187526489,34.12461,35.84011,35.72768,33.99736,34.90322
22191,2014-08-20 16:15:00,33.880366408268216,32.98834,34.12461,35.84011,35.72768,33.99736
22192,2014-08-20 16:30:00,33.63295734291001,34.80224,32.98834,34.12461,35.84011,35.72768
22193,2014-08-20 16:45:00,33.474599526964624,34.04517,34.80224,32.98834,34.12461,35.84011
22194,2014-08-20 17:00:00,33.158262139994754,35.65733,34.04517,34.80224,32.98834,34.12461
22195,2014-08-20 17:15:00,33.47807271894069,36.01735,35.65733,34.04517,34.80224,32.98834
22196,2014-08-20 17:30:00,34.06201396031111,35.55211,36.01735,35.65733,34.04517,34.80224
22197,2014-08-20 17:45:00,34.20709887493753,34.2828,35.55211,36.01735,35.65733,34.04517
22198,2014-08-20 18:00:00,34.20988481987908,33.48764,34.2828,35.55211,36.01735,35.65733
22199,2014-08-20 18:15:00,33.766024153584,32.88548,33.48764,34.2828,35.55211,36.01735
22200,2014-08-20 18:30:00,33.15623046959621,32.81209,32.88548,33.48764,34.2828,35.55211
22201,2014-08-20 18:45:00,32.6394969029705,31.74809,32.81209,32.88548,33.48764,34.2828
22202,2014-08-20 19:00:00,32.14647962506301,32.1445,31.74809,32.81209,32.88548,33.48764
22203,2014-08-20 19:15:00,31.8912806260596,31.11705,32.1445,31.74809,32.81209,32.88548
22204,2014-08-20 19:30:00,31.543443449629763,30.51783,31.11705,32.1445,31.74809,32.81209
22205,2014-08-20 19:45:00,31.095005162787345,31.95777,30.51783,31.11705,32.1445,31.74809
22206,2014-08-20 20:00:00,31.14925240111924,31.38818,31.95777,30.51783,31.11705,32.1445
22207,2014-08-20 20:15:00,31.02245373127229,30.52168,31.38818,31.95777,30.51783,31.11705
22208,2014-08-20 20:30:00,30.892803319862495,30.67095,30.52168,31.38818,31.95777,30.51783
22209,2014-08-20 20:45:00,30.901146441213598,31.19811,30.67095,30.52168,31.38818,31.95777
22210,2014-08-20 21:00:00,30.773263698819754,31.0425,31.19811,30.67095,30.52168,31.38818
22211,2014-08-20 21:15:00,30.719092717996702,31.66109,31.0425,31.19811,30.67095,30.52168
22212,2014-08-20 21:30:00,30.942745878964338,30.97093,31.66109,31.0425,31.19811,30.67095
22213,2014-08-20 21:45:00,30.990300916232126,29.46154,30.97093,31.66109,31.0425,31.19811
22214,2014-08-20 22:00:00,30.627611738868673,30.97113,29.46154,30.97093,31.66109,31.0425
22215,2014-08-20 22:15:00,30.616800008959093,27.29488,30.97113,29.46154,30.97093,31.66109
22216,2014-08-20 22:30:00,29.748949919429926,29.94291,27.29488,30.97113,29.46154,30.97093
22217,2014-08-20 22:45:00,29.569451328254637,30.28909,29.94291,27.29488,30.97113,29.46154
22218,2014-08-20 23:00:00,29.751059682894308,31.06153,30.28909,29.94291,27.29488,30.97113
22219,2014-08-20 23:15:00,29.818656532211733,28.13349,31.06153,30.28909,29.94291,27.29488
22220,2014-08-20 23:30:00,29.912027929022045,26.20835,28.13349,31.06153,30.28909,29.94291
22221,2014-08-20 23:45:00,29.131696297142575,26.29922,26.20835,28.13349,31.06153,30.28909
22222,2014-08-21 00:00:00,28.34671618595196,26.35769,26.29922,26.20835,28.13349,31.06153
22223,2014-08-21 00:15:00,27.483154784964313,24.6536,26.35769,26.29922,26.20835,28.13349
22224,2014-08-21 00:30:00,26.81136492721488,26.2104,24.6536,26.35769,26.29922,26.20835
22225,2014-08-21 00:45:00,26.81763693896425,27.02927,26.2104,24.6536,26.35769,26.29922
22226,2014-08-21 01:00:00,26.98875183068219,26.67211,27.02927,26.2104,24.6536,26.35769
22227,2014-08-21 01:15:00,27.06716609459832,25.00941,26.67211,27.02927,26.2104,24.6536
22228,2014-08-21 01:30:00,27.087250884819166,24.90759,25.00941,26.67211,27.02927,26.2104
22229,2014-08-21 01:45:00,26.81105633043182,27.67704,24.90759,25.00941,26.67211,27.02927
22230,2014-08-21 02:00:00,26.984426633598282,26.7782,27.67704,24.90759,25.00941,26.67211
22231,2014-08-21 02:15:00,27.037095206854126,23.87298,26.7782,27.67704,24.90759,25.00941
22232,2014-08-21 02:30:00,26.760664810262938,28.29586,23.87298,26.7782,27.67704,24.90759
22233,2014-08-21 02:45:00,27.42082701848293,27.62778,28.29586,23.87298,26.7782,27.67704
22234,2014-08-21 03:00:00,27.46132929526139,27.06333,27.62778,28.29586,23.87298,26.7782
22235,2014-08-21 03:15:00,27.523225083585995,23.28769,27.06333,27.62778,28.29586,23.87298
22236,2014-08-21 03:30:00,27.299794315886587,27.27445,23.28769,27.06333,27.62778,28.29586
22237,2014-08-21 03:45:00,27.13636537260236,26.10825,27.27445,23.28769,27.06333,27.62778
22238,2014-08-21 04:00:00,26.88113616190084,28.06571,26.10825,27.27445,23.28769,27.06333
22239,2014-08-21 04:15:00,27.12499337181322,24.67094,28.06571,26.10825,27.27445,23.28769
22240,2014-08-21 04:30:00,27.31586590457742,28.56194,24.67094,28.06571,26.10825,27.27445
22241,2014-08-21 04:45:00,27.597513045853198,27.19865,28.56194,24.67094,28.06571,26.10825
22242,2014-08-21 05:00:00,27.810009464236686,27.34308,27.19865,28.56194,24.67094,28.06571
22243,2014-08-21 05:15:00,27.68923792387679,26.75388,27.34308,27.19865,28.56194,24.67094
22244,2014-08-21 05:30:00,28.040904362141536,28.8711,26.75388,27.34308,27.19865,28.56194
22245,2014-08-21 05:45:00,28.141677563968507,27.44852,28.8711,26.75388,27.34308,27.19865
22246,2014-08-21 06:00:00,28.18843121470109,27.15425,27.44852,28.8711,26.75388,27.34308
22247,2014-08-21 06:15:00,28.135476606453963,29.91122,27.15425,27.44852,28.8711,26.75388
22248,2014-08-21 06:30:00,28.760039564887933,29.4938,29.91122,27.15425,27.44852,28.8711
22249,2014-08-21 06:45:00,28.91681038519726,29.37487,29.4938,29.91122,27.15425,27.44852
22250,2014-08-21 07:00:00,29.277474096351177,28.00155,29.37487,29.4938,29.91122,27.15425
22251,2014-08-21 07:15:00,29.38802353885977,31.14517,28.00155,29.37487,29.4938,29.91122
22252,2014-08-21 07:30:00,29.66422346712543,29.02033,31.14517,28.00155,29.37487,29.4938
22253,2014-08-21 07:45:00,29.576294780713077,32.19948,29.02033,31.14517,28.00155,29.37487
22254,2014-08-21 08:00:00,30.154070354197195,32.544,32.19948,29.02033,31.14517,28.00155
22255,2014-08-21 08:15:00,31.03180365133293,31.53516,32.544,32.19948,29.02033,31.14517
22256,2014-08-21 08:30:00,31.111099485620556,31.00557,31.53516,32.544,32.19948,29.02033
22257,2014-08-21 08:45:00,31.4376538951744,31.47859,31.00557,31.53516,32.544,32.19948
22258,2014-08-21 09:00:00,31.29981551521242,33.32475,31.47859,31.00557,31.53516,32.544
22259,2014-08-21 09:15:00,31.494945408605627,30.58776,33.32475,31.47859,31.00557,31.53516
22260,2014-08-21 09:30:00,31.294360050356115,31.8368,30.58776,33.32475,31.47859,31.00557
22261,2014-08-21 09:45:00,31.43651026187265,32.82523,31.8368,30.58776,33.32475,31.47859
22262,2014-08-21 10:00:00,31.707861903472647,37.4056,32.82523,31.8368,30.58776,33.32475
22263,2014-08-21 10:15:00,32.59823499388219,38.25007,37.4056,32.82523,31.8368,30.58776
22264,2014-08-21 10:30:00,34.110024705686115,35.29715,38.25007,37.4056,32.82523,31.8368
22265,2014-08-21 10:45:00,34.71561518178004,38.87459,35.29715,38.25007,37.4056,32.82523
22266,2014-08-21 11:00:00,35.848725439610284,39.49006,38.87459,35.29715,38.25007,37.4056
22267,2014-08-21 11:15:00,36.290517017934675,41.03693,39.49006,38.87459,35.29715,38.25007
22268,2014-08-21 11:30:00,36.87972292999473,38.19389,41.03693,39.49006,38.87459,35.29715
22269,2014-08-21 11:45:00,37.36587202726007,43.00535,38.19389,41.03693,39.49006,38.87459
22270,2014-08-21 12:00:00,38.19353010365434,41.8344,43.00535,38.19389,41.03693,39.49006
22271,2014-08-21 12:15:00,38.661922956601025,40.42288,41.8344,43.00535,38.19389,41.03693
22272,2014-08-21 12:30:00,38.531838707031625,41.35011,40.42288,41.8344,43.00535,38.19389
22273,2014-08-21 12:45:00,39.08656257390474,43.5151,41.35011,40.42288,41.8344,43.00535
22274,2014-08-21 13:00:00,39.24285914167584,39.6703,43.5151,41.35011,40.42288,41.8344
22275,2014-08-21 13:15:00,38.803873607305306,35.4702,39.6703,43.5151,41.35011,40.42288
22276,2014-08-21 13:30:00,37.73639902177417,37.74568,35.4702,39.6703,43.5151,41.35011
22277,2014-08-21 13:45:00,37.022900661208226,39.55976,37.74568,35.4702,39.6703,43.5151
22278,2014-08-21 14:00:00,36.366678923000165,43.28256,39.55976,37.74568,35.4702,39.6703
22279,2014-08-21 14:15:00,37.17617860759168,40.21584,43.28256,39.55976,37.74568,35.4702
22280,2014-08-21 14:30:00,38.04684733052107,40.7642,40.21584,43.28256,39.55976,37.74568
22281,2014-08-21 14:45:00,38.57542958904938,41.74369,40.7642,40.21584,43.28256,39.55976
22282,2014-08-21 15:00:00,38.980172697863466,42.21396,41.74369,40.7642,40.21584,43.28256
22283,2014-08-21 15:15:00,38.8249942756227,39.89331,42.21396,41.74369,40.7642,40.21584
22284,2014-08-21 15:30:00,38.72392369870467,41.80016,39.89331,42.21396,41.74369,40.7642
22285,2014-08-21 15:45:00,38.9169729548063,44.73465,41.80016,39.89331,42.21396,41.74369
22286,2014-08-21 16:00:00,39.554424488052035,42.84372,44.73465,41.80016,39.89331,42.21396
22287,2014-08-21 16:15:00,39.696802098175006,44.23033,42.84372,44.73465,41.80016,39.89331
22288,2014-08-21 16:30:00,40.50347534127083,39.4531,44.23033,42.84372,44.73465,41.80016
22289,2014-08-21 16:45:00,39.96534334184102,45.456,39.4531,44.23033,42.84372,44.73465
22290,2014-08-21 17:00:00,40.166444775268886,42.48636,45.456,39.4531,44.23033,42.84372
22291,2014-08-21 17:15:00,40.10693661102256,43.57919,42.48636,45.456,39.4531,44.23033
22292,2014-08-21 17:30:00,40.00920989835463,44.01615,43.57919,42.48636,45.456,39.4531
22293,2014-08-21 17:45:00,40.841763752062135,38.26781,44.01615,43.57919,42.48636,45.456
22294,2014-08-21 18:00:00,39.40983789714069,39.85874,38.26781,44.01615,43.57919,42.48636
22295,2014-08-21 18:15:00,38.8602845387733,36.72386,39.85874,38.26781,44.01615,43.57919
22296,2014-08-21 18:30:00,37.52101993332249,37.5297,36.72386,39.85874,38.26781,44.01615
22297,2014-08-21 18:45:00,36.31865551922487,35.19115,37.5297,36.72386,39.85874,38.26781
22298,2014-08-21 19:00:00,35.6899431034341,32.48059,35.19115,37.5297,36.72386,39.85874
22299,2014-08-21 19:15:00,34.24319117584549,30.48587,32.48059,35.19115,37.5297,36.72386
22300,2014-08-21 19:30:00,32.98559221652213,31.37854,30.48587,32.48059,35.19115,37.5297
22301,2014-08-21 19:45:00,31.831792812849802,29.49168,31.37854,30.48587,32.48059,35.19115
22302,2014-08-21 20:00:00,30.7531060570063,31.5506,29.49168,31.37854,30.48587,32.48059
22303,2014-08-21 20:15:00,30.607840784551954,29.93765,31.5506,29.49168,31.37854,30.48587
22304,2014-08-21 20:30:00,30.49259059556345,29.61832,29.93765,31.5506,29.49168,31.37854
22305,2014-08-21 20:45:00,30.150535716614318,30.94075,29.61832,29.93765,31.5506,29.49168
22306,2014-08-21 21:00:00,30.426279406398557,30.62808,30.94075,29.61832,29.93765,31.5506
22307,2014-08-21 21:15:00,30.276269206946253,28.26006,30.62808,30.94075,29.61832,29.93765
22308,2014-08-21 21:30:00,29.915714861407956,30.17778,28.26006,30.62808,30.94075,29.61832
22309,2014-08-21 21:45:00,30.014997302555376,29.60807,30.17778,28.26006,30.62808,30.94075
22310,2014-08-21 22:00:00,29.77836107025066,28.44251,29.60807,30.17778,28.26006,30.62808
22311,2014-08-21 22:15:00,29.357729458370994,27.42616,28.44251,29.60807,30.17778,28.26006
22312,2014-08-21 22:30:00,29.150618828977258,26.427,27.42616,28.44251,29.60807,30.17778
22313,2014-08-21 22:45:00,28.414774255650265,28.34032,26.427,27.42616,28.44251,29.60807
22314,2014-08-21 23:00:00,28.206297917064525,27.90841,28.34032,26.427,27.42616,28.44251
22315,2014-08-21 23:15:00,28.1296795282423,24.76759,27.90841,28.34032,26.427,27.42616
22316,2014-08-21 23:30:00,27.574189618142157,23.75987,24.76759,27.90841,28.34032,26.427
22317,2014-08-21 23:45:00,26.995806335343197,26.66877,23.75987,24.76759,27.90841,28.34032
22318,2014-08-22 00:00:00,26.721628768285086,23.76576,26.66877,23.75987,24.76759,27.90841
22319,2014-08-22 00:15:00,25.948487368748474,26.44174,23.76576,26.66877,23.75987,24.76759
22320,2014-08-22 00:30:00,26.2866502635491,25.08091,26.44174,23.76576,26.66877,23.75987
22321,2014-08-22 00:45:00,26.519732177189397,26.44865,25.08091,26.44174,23.76576,26.66877
22322,2014-08-22 01:00:00,26.511357966085328,24.3612,26.44865,25.08091,26.44174,23.76576
22323,2014-08-22 01:15:00,26.580350998811635,25.18971,24.3612,26.44865,25.08091,26.44174
22324,2014-08-22 01:30:00,26.34436287524054,23.09868,25.18971,24.3612,26.44865,25.08091
22325,2014-08-22 01:45:00,25.929734329211016,27.1779,23.09868,25.18971,24.3612,26.44865
22326,2014-08-22 02:00:00,26.13284475151481,23.96135,27.1779,23.09868,25.18971,24.3612
22327,2014-08-22 02:15:00,26.042609578721574,25.54558,23.96135,27.1779,23.09868,25.18971
22328,2014-08-22 02:30:00,26.11752865263577,25.19146,25.54558,23.96135,27.1779,23.09868
22329,2014-08-22 02:45:00,26.490953903916903,24.67808,25.19146,25.54558,23.96135,27.1779
22330,2014-08-22 03:00:00,26.03235852521389,23.00775,24.67808,25.19146,25.54558,23.96135
22331,2014-08-22 03:15:00,25.801939978476064,24.42751,23.00775,24.67808,25.19146,25.54558
22332,2014-08-22 03:30:00,25.59782529620447,23.96106,24.42751,23.00775,24.67808,25.19146
22333,2014-08-22 03:45:00,25.378145603128736,27.2258,23.96106,24.42751,23.00775,24.67808
22334,2014-08-22 04:00:00,25.927662496405674,25.96318,27.2258,23.96106,24.42751,23.00775
22335,2014-08-22 04:15:00,26.49268928518166,25.12121,25.96318,27.2258,23.96106,24.42751
22336,2014-08-22 04:30:00,26.598270811862104,23.42378,25.12121,25.96318,27.2258,23.96106
22337,2014-08-22 04:45:00,26.427370876742824,26.70587,23.42378,25.12121,25.96318,27.2258
22338,2014-08-22 05:00:00,26.3771008722769,26.42456,26.70587,23.42378,25.12121,25.96318
22339,2014-08-22 05:15:00,26.50687472051507,27.085,26.42456,26.70587,23.42378,25.12121
22340,2014-08-22 05:30:00,26.902451096453643,27.99776,27.085,26.42456,26.70587,23.42378
22341,2014-08-22 05:45:00,27.76439751400939,26.70211,27.99776,27.085,26.42456,26.70587
22342,2014-08-22 06:00:00,27.754495189270568,24.80508,26.70211,27.99776,27.085,26.42456
22343,2014-08-22 06:15:00,27.392603640484722,27.05842,24.80508,26.70211,27.99776,27.085
22344,2014-08-22 06:30:00,27.39602897967068,25.65962,27.05842,24.80508,26.70211,27.99776
22345,2014-08-22 06:45:00,26.96703459614983,28.1275,25.65962,27.05842,24.80508,26.70211
22346,2014-08-22 07:00:00,27.280516620835982,27.60501,28.1275,25.65962,27.05842,24.80508
22347,2014-08-22 07:15:00,27.811991220610132,29.36773,27.60501,28.1275,25.65962,27.05842
22348,2014-08-22 07:30:00,28.2868452194097,30.70379,29.36773,27.60501,28.1275,25.65962
22349,2014-08-22 07:45:00,29.26595572977144,29.13212,30.70379,29.36773,27.60501,28.1275
22350,2014-08-22 08:00:00,29.44964508431851,29.39755,29.13212,30.70379,29.36773,27.60501
22351,2014-08-22 08:15:00,29.759409606614312,32.02202,29.39755,29.13212,30.70379,29.36773
22352,2014-08-22 08:30:00,30.300008698399786,30.27972,32.02202,29.39755,29.13212,30.70379
22353,2014-08-22 08:45:00,30.23479654016096,31.55006,30.27972,32.02202,29.39755,29.13212
22354,2014-08-22 09:00:00,30.692018721221977,31.405,31.55006,30.27972,32.02202,29.39755
22355,2014-08-22 09:15:00,31.062077224560603,30.73034,31.405,31.55006,30.27972,32.02202
22356,2014-08-22 09:30:00,30.819102333834856,29.92172,30.73034,31.405,31.55006,30.27972
22357,2014-08-22 09:45:00,30.717563623948863,33.59792,29.92172,30.73034,31.405,31.55006
22358,2014-08-22 10:00:00,31.161829667212324,32.97603,33.59792,29.92172,30.73034,31.405
22359,2014-08-22 10:15:00,31.499272582966164,36.86153,32.97603,33.59792,29.92172,30.73034
22360,2014-08-22 10:30:00,32.72948072621783,34.59766,36.86153,32.97603,33.59792,29.92172
22361,2014-08-22 10:45:00,33.59054205279774,37.00492,34.59766,36.86153,32.97603,33.59792
22362,2014-08-22 11:00:00,34.256803739504285,39.21894,37.00492,34.59766,36.86153,32.97603
22363,2014-08-22 11:15:00,35.47377792269915,36.50494,39.21894,37.00492,34.59766,36.86153
22364,2014-08-22 11:30:00,35.40548375013865,36.80547,36.50494,39.21894,37.00492,34.59766
22365,2014-08-22 11:45:00,35.77501897622206,39.38278,36.80547,36.50494,39.21894,37.00492
22366,2014-08-22 12:00:00,36.25500036417351,36.12745,39.38278,36.80547,36.50494,39.21894
22367,2014-08-22 12:15:00,35.667134562322666,37.55544,36.12745,39.38278,36.80547,36.50494
22368,2014-08-22 12:30:00,35.849250857933605,36.86511,37.55544,36.12745,39.38278,36.80547
22369,2014-08-22 12:45:00,35.842806406615836,38.36807,36.86511,37.55544,36.12745,39.38278
22370,2014-08-22 13:00:00,35.69742693623607,40.48852,38.36807,36.86511,37.55544,36.12745
22371,2014-08-22 13:15:00,36.566914141213665,37.05443,40.48852,38.36807,36.86511,37.55544
22372,2014-08-22 13:30:00,36.443466838306676,40.91564,37.05443,40.48852,38.36807,36.86511
22373,2014-08-22 13:45:00,37.224176727413614,38.17733,40.91564,37.05443,40.48852,38.36807
22374,2014-08-22 14:00:00,37.16784672715706,37.61665,38.17733,40.91564,37.05443,40.48852
22375,2014-08-22 14:15:00,36.61094444703205,40.79738,37.61665,38.17733,40.91564,37.05443
22376,2014-08-22 14:30:00,37.33522382140224,38.7581,40.79738,37.61665,38.17733,40.91564
22377,2014-08-22 14:45:00,36.95328905949022,39.11429,38.7581,40.79738,37.61665,38.17733
22378,2014-08-22 15:00:00,37.11745412141339,42.98684,39.11429,38.7581,40.79738,37.61665
22379,2014-08-22 15:15:00,38.179525802939104,37.97171,42.98684,39.11429,38.7581,40.79738
22380,2014-08-22 15:30:00,37.62084253971827,37.06321,37.97171,42.98684,39.11429,38.7581
22381,2014-08-22 15:45:00,37.21966349033378,40.23128,37.06321,37.97171,42.98684,39.11429
22382,2014-08-22 16:00:00,37.441586858075866,39.05971,40.23128,37.06321,37.97171,42.98684
22383,2014-08-22 16:15:00,36.759515774301065,41.73998,39.05971,40.23128,37.06321,37.97171
22384,2014-08-22 16:30:00,37.514839798627634,43.09488,41.73998,39.05971,40.23128,37.06321
22385,2014-08-22 16:45:00,38.68637312118655,39.86393,43.09488,41.73998,39.05971,40.23128
22386,2014-08-22 17:00:00,38.58683915363269,37.62541,39.86393,43.09488,41.73998,39.05971
22387,2014-08-22 17:15:00,38.21264693040777,36.86033,37.62541,39.86393,43.09488,41.73998
22388,2014-08-22 17:30:00,37.234979800968205,34.75751,36.86033,37.62541,39.86393,43.09488
22389,2014-08-22 17:45:00,35.636967063779586,33.35887,34.75751,36.86033,37.62541,39.86393
22390,2014-08-22 18:00:00,34.37364771247336,32.89485,33.35887,34.75751,36.86033,37.62541
22391,2014-08-22 18:15:00,33.45856312079628,31.02436,32.89485,33.35887,34.75751,36.86033
22392,2014-08-22 18:30:00,32.33244653965168,28.86358,31.02436,32.89485,33.35887,34.75751
22393,2014-08-22 18:45:00,31.1669443632497,31.30268,28.86358,31.02436,32.89485,33.35887
22394,2014-08-22 19:00:00,30.79791825575498,29.35969,31.30268,28.86358,31.02436,32.89485
22395,2014-08-22 19:15:00,30.139806559807646,26.86239,29.35969,31.30268,28.86358,31.02436
22396,2014-08-22 19:30:00,29.302636217032934,27.60197,26.86239,29.35969,31.30268,28.86358
22397,2014-08-22 19:45:00,29.0245020197221,27.88486,27.60197,26.86239,29.35969,31.30268
22398,2014-08-22 20:00:00,28.40777462942809,28.8663,27.88486,27.60197,26.86239,29.35969
22399,2014-08-22 20:15:00,28.357113740739635,26.98007,28.8663,27.88486,27.60197,26.86239
22400,2014-08-22 20:30:00,28.351614593107204,29.23149,26.98007,28.8663,27.88486,27.60197
22401,2014-08-22 20:45:00,28.67469759128583,27.73118,29.23149,26.98007,28.8663,27.88486
22402,2014-08-22 21:00:00,28.63776256388972,30.31262,27.73118,29.23149,26.98007,28.8663
22403,2014-08-22 21:15:00,28.9558805750511,24.46454,30.31262,27.73118,29.23149,26.98007
22404,2014-08-22 21:30:00,28.38755883265396,28.71578,24.46454,30.31262,27.73118,29.23149
22405,2014-08-22 21:45:00,28.306942123474713,28.26153,28.71578,24.46454,30.31262,27.73118
22406,2014-08-22 22:00:00,28.42803950989739,28.0837,28.26153,28.71578,24.46454,30.31262
22407,2014-08-22 22:15:00,28.048888850901616,24.87136,28.0837,28.26153,28.71578,24.46454
22408,2014-08-22 22:30:00,28.02963876742885,28.71149,24.87136,28.0837,28.26153,28.71578
22409,2014-08-22 22:45:00,28.06137823951351,25.64654,28.71149,24.87136,28.0837,28.26153
22410,2014-08-22 23:00:00,27.55992306170564,26.7347,25.64654,28.71149,24.87136,28.0837
22411,2014-08-22 23:15:00,27.314740974801673,22.59607,26.7347,25.64654,28.71149,24.87136
22412,2014-08-22 23:30:00,26.789755395352664,25.35619,22.59607,26.7347,25.64654,28.71149
22413,2014-08-22 23:45:00,26.1792651356713,25.29765,25.35619,22.59607,26.7347,25.64654
22414,2014-08-23 00:00:00,26.135849301779867,25.63342,25.29765,25.35619,22.59607,26.7347
22415,2014-08-23 00:15:00,25.96907600354585,25.23979,25.63342,25.29765,25.35619,22.59607
22416,2014-08-23 00:30:00,26.442864706000684,26.36313,25.23979,25.63342,25.29765,25.35619
22417,2014-08-23 00:45:00,26.649232357006767,24.03142,26.36313,25.23979,25.63342,25.29765
22418,2014-08-23 01:00:00,26.37886633362793,26.44661,24.03142,26.36313,25.23979,25.63342
22419,2014-08-23 01:15:00,26.550690099522875,24.56442,26.44661,24.03142,26.36313,25.23979
22420,2014-08-23 01:30:00,26.40887159868262,25.05529,24.56442,26.44661,24.03142,26.36313
22421,2014-08-23 01:45:00,26.16749834803469,26.22679,25.05529,24.56442,26.44661,24.03142
22422,2014-08-23 02:00:00,26.588717483669228,23.67116,26.22679,25.05529,24.56442,26.44661
22423,2014-08-23 02:15:00,26.048621940624848,25.64694,23.67116,26.22679,25.05529,24.56442
22424,2014-08-23 02:30:00,26.25320852280932,24.0132,25.64694,23.67116,26.22679,25.05529
22425,2014-08-23 02:45:00,26.040479745442923,26.45622,24.0132,25.64694,23.67116,26.22679
22426,2014-08-23 03:00:00,26.12981269918215,24.9625,26.45622,24.0132,25.64694,23.67116
22427,2014-08-23 03:15:00,26.360410123999728,25.82411,24.9625,26.45622,24.0132,25.64694
22428,2014-08-23 03:30:00,26.405565226597496,22.63209,25.82411,24.9625,26.45622,24.0132
22429,2014-08-23 03:45:00,26.076399454742713,25.30316,22.63209,25.82411,24.9625,26.45622
22430,2014-08-23 04:00:00,25.87932687370262,23.69139,25.30316,22.63209,25.82411,24.9625
22431,2014-08-23 04:15:00,25.634745927782006,27.42383,23.69139,25.30316,22.63209,25.82411
22432,2014-08-23 04:30:00,26.012419726027762,24.92979,27.42383,23.69139,25.30316,22.63209
22433,2014-08-23 04:45:00,26.42566956200779,26.12521,24.92979,27.42383,23.69139,25.30316
22434,2014-08-23 05:00:00,26.586627098687238,24.13165,26.12521,24.92979,27.42383,23.69139
22435,2014-08-23 05:15:00,26.616364615021226,26.00536,24.13165,26.12521,24.92979,27.42383
22436,2014-08-23 05:30:00,26.37839277520406,23.75138,26.00536,24.13165,26.12521,24.92979
22437,2014-08-23 05:45:00,26.127481941231327,25.18707,23.75138,26.00536,24.13165,26.12521
22438,2014-08-23 06:00:00,25.96527201355081,26.18186,25.18707,23.75138,26.00536,24.13165
22439,2014-08-23 06:15:00,26.372131310245763,26.45259,26.18186,25.18707,23.75138,26.00536
22440,2014-08-23 06:30:00,26.49377008789895,25.20071,26.45259,26.18186,25.18707,23.75138
22441,2014-08-23 06:45:00,26.737056329732013,26.12007,25.20071,26.45259,26.18186,25.18707
22442,2014-08-23 07:00:00,26.906058934949908,22.72212,26.12007,25.20071,26.45259,26.18186
22443,2014-08-23 07:15:00,26.199242767333555,26.34839,22.72212,26.12007,25.20071,26.45259
22444,2014-08-23 07:30:00,26.213134211732445,26.69499,26.34839,22.72212,26.12007,25.20071
22445,2014-08-23 07:45:00,26.53824625304366,26.68008,26.69499,26.34839,22.72212,26.12007
22446,2014-08-23 08:00:00,26.67857547459444,26.72196,26.68008,26.69499,26.34839,22.72212
22447,2014-08-23 08:15:00,27.405145761289788,26.47298,26.72196,26.68008,26.69499,26.34839
22448,2014-08-23 08:30:00,27.421817563116697,25.51434,26.47298,26.72196,26.68008,26.69499
22449,2014-08-23 08:45:00,27.17827977747703,26.12001,25.51434,26.47298,26.72196,26.68008
22450,2014-08-23 09:00:00,27.070753220637137,24.98074,26.12001,25.51434,26.47298,26.72196
22451,2014-08-23 09:15:00,26.73020795487978,24.35309,24.98074,26.12001,25.51434,26.47298
22452,2014-08-23 09:30:00,26.312035163086556,27.20033,24.35309,24.98074,26.12001,25.51434
22453,2014-08-23 09:45:00,26.668658433366033,26.8538,27.20033,24.35309,24.98074,26.12001
22454,2014-08-23 10:00:00,26.846307061889128,26.09697,26.8538,27.20033,24.35309,24.98074
22455,2014-08-23 10:15:00,27.046015762527453,29.61139,26.09697,26.8538,27.20033,24.35309
22456,2014-08-23 10:30:00,28.07007254333824,25.17031,29.61139,26.09697,26.8538,27.20033
22457,2014-08-23 10:45:00,27.652907828027978,26.58376,25.17031,29.61139,26.09697,26.8538
22458,2014-08-23 11:00:00,27.5794689786212,27.45718,26.58376,25.17031,29.61139,26.09697
22459,2014-08-23 11:15:00,27.838524621889846,27.70134,27.45718,26.58376,25.17031,29.61139
22460,2014-08-23 11:30:00,27.530798746639263,28.10042,27.70134,27.45718,26.58376,25.17031
22461,2014-08-23 11:45:00,28.083668425653855,30.67181,28.10042,27.70134,27.45718,26.58376
22462,2014-08-23 12:00:00,28.9008769663403,28.86719,30.67181,28.10042,27.70134,27.45718
22463,2014-08-23 12:15:00,29.16547215564816,27.31253,28.86719,30.67181,28.10042,27.70134
22464,2014-08-23 12:30:00,29.039057451093456,29.60134,27.31253,28.86719,30.67181,28.10042
22465,2014-08-23 12:45:00,29.322075341920062,29.88628,29.60134,27.31253,28.86719,30.67181
22466,2014-08-23 13:00:00,29.22193861545752,28.4938,29.88628,29.60134,27.31253,28.86719
22467,2014-08-23 13:15:00,29.14398597783024,30.18135,28.4938,29.88628,29.60134,27.31253
22468,2014-08-23 13:30:00,29.68024694587806,31.6364,30.18135,28.4938,29.88628,29.60134
22469,2014-08-23 13:45:00,30.1094995888285,31.72714,31.6364,30.18135,28.4938,29.88628
22470,2014-08-23 14:00:00,30.490088650863346,26.67459,31.72714,31.6364,30.18135,28.4938
22471,2014-08-23 14:15:00,30.042586345924917,30.64336,26.67459,31.72714,31.6364,30.18135
22472,2014-08-23 14:30:00,30.125708220070905,32.17531,30.64336,26.67459,31.72714,31.6364
22473,2014-08-23 14:45:00,30.3020366286554,30.31668,32.17531,30.64336,26.67459,31.72714
22474,2014-08-23 15:00:00,30.065517887646543,29.29181,30.31668,32.17531,30.64336,26.67459
22475,2014-08-23 15:15:00,30.48586686413577,28.94626,29.29181,30.31668,32.17531,30.64336
22476,2014-08-23 15:30:00,30.13202753724466,31.15282,28.94626,29.29181,30.31668,32.17531
22477,2014-08-23 15:45:00,29.98927795883748,31.41791,31.15282,28.94626,29.29181,30.31668
22478,2014-08-23 16:00:00,30.238544709035775,28.90493,31.41791,31.15282,28.94626,29.29181
22479,2014-08-23 16:15:00,30.12736489926883,29.06536,28.90493,31.41791,31.15282,28.94626
22480,2014-08-23 16:30:00,30.10269086641489,28.61772,29.06536,28.90493,31.41791,31.15282
22481,2014-08-23 16:45:00,29.613821715521524,29.19762,28.61772,29.06536,28.90493,31.41791
22482,2014-08-23 17:00:00,29.220022088666305,30.2101,29.19762,28.61772,29.06536,28.90493
22483,2014-08-23 17:15:00,29.490825115863885,30.28223,30.2101,29.19762,28.61772,29.06536
22484,2014-08-23 17:30:00,29.73902761184734,28.00222,30.28223,30.2101,29.19762,28.61772
22485,2014-08-23 17:45:00,29.578027144801446,28.11257,28.00222,30.28223,30.2101,29.19762
22486,2014-08-23 18:00:00,29.33764003549073,31.61177,28.11257,28.00222,30.28223,30.2101
22487,2014-08-23 18:15:00,29.665495534276708,25.3873,31.61177,28.11257,28.00222,30.28223
22488,2014-08-23 18:30:00,28.69091584623344,27.83113,25.3873,31.61177,28.11257,28.00222
22489,2014-08-23 18:45:00,28.625009756095764,27.33462,27.83113,25.3873,31.61177,28.11257
22490,2014-08-23 19:00:00,28.46728493733797,27.92584,27.33462,27.83113,25.3873,31.61177
22491,2014-08-23 19:15:00,27.828258794909484,26.73353,27.92584,27.33462,27.83113,25.3873
22492,2014-08-23 19:30:00,28.047959363813646,24.28852,26.73353,27.92584,27.33462,27.83113
22493,2014-08-23 19:45:00,27.323410806163658,27.10665,24.28852,26.73353,27.92584,27.33462
22494,2014-08-23 20:00:00,27.294796366751623,24.49376,27.10665,24.28852,26.73353,27.92584
22495,2014-08-23 20:15:00,26.643022586652485,26.88365,24.49376,27.10665,24.28852,26.73353
22496,2014-08-23 20:30:00,26.703542855523736,26.76492,26.88365,24.49376,27.10665,24.28852
22497,2014-08-23 20:45:00,27.17480380940607,26.98379,26.76492,26.88365,24.49376,27.10665
22498,2014-08-23 21:00:00,27.177161249256706,26.45201,26.98379,26.76492,26.88365,24.49376
22499,2014-08-23 21:15:00,27.5204530786847,26.93631,26.45201,26.98379,26.76492,26.88365
22500,2014-08-23 21:30:00,27.53355399112779,27.47508,26.93631,26.45201,26.98379,26.76492
22501,2014-08-23 21:45:00,27.681562205055307,25.60042,27.47508,26.93631,26.45201,26.98379
22502,2014-08-23 22:00:00,27.39765062570661,25.12146,25.60042,27.47508,26.93631,26.45201
22503,2014-08-23 22:15:00,27.109984437043472,26.93556,25.12146,25.60042,27.47508,26.93631
22504,2014-08-23 22:30:00,27.131098734694525,25.60994,26.93556,25.12146,25.60042,27.47508
22505,2014-08-23 22:45:00,26.792889093065178,25.91917,25.60994,26.93556,25.12146,25.60042
22506,2014-08-23 23:00:00,26.84694933403553,26.08186,25.91917,25.60994,26.93556,25.12146
22507,2014-08-23 23:15:00,27.019482367402798,26.50423,26.08186,25.91917,25.60994,26.93556
22508,2014-08-23 23:30:00,26.95889151933834,24.2594,26.50423,26.08186,25.91917,25.60994
22509,2014-08-23 23:45:00,26.665812929605032,24.27289,24.2594,26.50423,26.08186,25.91917
22510,2014-08-24 00:00:00,26.32531514822093,25.64351,24.27289,24.2594,26.50423,26.08186
22511,2014-08-24 00:15:00,26.262685042460493,24.70362,25.64351,24.27289,24.2594,26.50423
22512,2014-08-24 00:30:00,25.941402324571428,25.2521,24.70362,25.64351,24.27289,24.2594
22513,2014-08-24 00:45:00,26.127719668064614,24.63686,25.2521,24.70362,25.64351,24.27289
22514,2014-08-24 01:00:00,26.180368467074445,23.89437,24.63686,25.2521,24.70362,25.64351
22515,2014-08-24 01:15:00,25.836645576474222,25.90996,23.89437,24.63686,25.2521,24.70362
22516,2014-08-24 01:30:00,26.086854612229452,26.60275,25.90996,23.89437,24.63686,25.2521
22517,2014-08-24 01:45:00,26.384957527856105,25.2121,26.60275,25.90996,23.89437,24.63686
22518,2014-08-24 02:00:00,26.48459003007381,23.43772,25.2121,26.60275,25.90996,23.89437
22519,2014-08-24 02:15:00,26.332090778214347,24.22668,23.43772,25.2121,26.60275,25.90996
22520,2014-08-24 02:30:00,25.999176809384057,25.60784,24.22668,23.43772,25.2121,26.60275
22521,2014-08-24 02:45:00,25.856743047318304,25.56516,25.60784,24.22668,23.43772,25.2121
22522,2014-08-24 03:00:00,25.955440356752657,24.52118,25.56516,25.60784,24.22668,23.43772
22523,2014-08-24 03:15:00,26.134973461814702,25.55973,24.52118,25.56516,25.60784,24.22668
22524,2014-08-24 03:30:00,26.380989899497088,24.95742,25.55973,24.52118,25.56516,25.60784
22525,2014-08-24 03:45:00,26.26007034725164,26.96866,24.95742,25.55973,24.52118,25.56516
22526,2014-08-24 04:00:00,26.563444327069988,25.76965,26.96866,24.95742,25.55973,24.52118
22527,2014-08-24 04:15:00,26.794196367167537,26.08772,25.76965,26.96866,24.95742,25.55973
22528,2014-08-24 04:30:00,26.890709703274197,23.87955,26.08772,25.76965,26.96866,24.95742
22529,2014-08-24 04:45:00,26.633562132160577,26.25688,23.87955,26.08772,25.76965,26.96866
22530,2014-08-24 05:00:00,26.52428412733573,25.75234,26.25688,23.87955,26.08772,25.76965
22531,2014-08-24 05:15:00,26.538111289720433,23.79037,25.75234,26.25688,23.87955,26.08772
22532,2014-08-24 05:30:00,26.081673280775263,22.56588,23.79037,25.75234,26.25688,23.87955
22533,2014-08-24 05:45:00,25.76621960944488,27.15826,22.56588,23.79037,25.75234,26.25688
22534,2014-08-24 06:00:00,26.00738653166534,24.59905,27.15826,22.56588,23.79037,25.75234
22535,2014-08-24 06:15:00,25.816898172394474,24.33576,24.59905,27.15826,22.56588,23.79037
22536,2014-08-24 06:30:00,25.895561637683638,26.1873,24.33576,24.59905,27.15826,22.56588
22537,2014-08-24 06:45:00,26.570562427494682,24.32804,26.1873,24.33576,24.59905,27.15826
22538,2014-08-24 07:00:00,26.046570391704265,25.00492,24.32804,26.1873,24.33576,24.59905
22539,2014-08-24 07:15:00,26.11521892515534,27.43172,25.00492,24.32804,26.1873,24.33576
22540,2014-08-24 07:30:00,26.736475805229496,26.68749,27.43172,25.00492,24.32804,26.1873
22541,2014-08-24 07:45:00,26.864168999167887,28.69599,26.68749,27.43172,25.00492,24.32804
22542,2014-08-24 08:00:00,27.71245644920576,25.26604,28.69599,26.68749,27.43172,25.00492
22543,2014-08-24 08:15:00,27.704477682908497,27.80572,25.26604,28.69599,26.68749,27.43172
22544,2014-08-24 08:30:00,27.785043067244874,26.22885,27.80572,25.26604,28.69599,26.68749
22545,2014-08-24 08:45:00,27.683305687601216,22.29864,26.22885,27.80572,25.26604,28.69599
22546,2014-08-24 09:00:00,26.412927379749128,26.63894,22.29864,26.22885,27.80572,25.26604
22547,2014-08-24 09:15:00,26.67920164487917,26.63106,26.63894,22.29864,26.22885,27.80572
22548,2014-08-24 09:30:00,26.522977670235896,24.29408,26.63106,26.63894,22.29864,26.22885
22549,2014-08-24 09:45:00,26.15002725410131,25.50567,24.29408,26.63106,26.63894,22.29864
22550,2014-08-24 10:00:00,26.71235741225389,27.58813,25.50567,24.29408,26.63106,26.63894
22551,2014-08-24 10:15:00,26.943610201119046,26.34906,27.58813,25.50567,24.29408,26.63106
22552,2014-08-24 10:30:00,26.914409363541015,27.57984,26.34906,27.58813,25.50567,24.29408
22553,2014-08-24 10:45:00,27.533133695818638,26.1268,27.57984,26.34906,27.58813,25.50567
22554,2014-08-24 11:00:00,27.6217565074397,29.42909,26.1268,27.57984,26.34906,27.58813
22555,2014-08-24 11:15:00,28.022160679911533,27.37443,29.42909,26.1268,27.57984,26.34906
22556,2014-08-24 11:30:00,28.209523681385743,27.53362,27.37443,29.42909,26.1268,27.57984
22557,2014-08-24 11:45:00,28.191594425640314,26.01793,27.53362,27.37443,29.42909,26.1268
22558,2014-08-24 12:00:00,28.116894810895467,30.38168,26.01793,27.53362,27.37443,29.42909
22559,2014-08-24 12:15:00,28.37401824840459,27.87577,30.38168,26.01793,27.53362,27.37443
22560,2014-08-24 12:30:00,28.476505123304936,30.36195,27.87577,30.38168,26.01793,27.53362
22561,2014-08-24 12:45:00,29.039469712990474,27.07353,30.36195,27.87577,30.38168,26.01793
22562,2014-08-24 13:00:00,29.17314554475332,29.26228,27.07353,30.36195,27.87577,30.38168
22563,2014-08-24 13:15:00,28.981822478828636,29.82857,29.26228,27.07353,30.36195,27.87577
22564,2014-08-24 13:30:00,29.366365118170886,31.83943,29.82857,29.26228,27.07353,30.36195
22565,2014-08-24 13:45:00,29.717879028617027,30.10563,31.83943,29.82857,29.26228,27.07353
22566,2014-08-24 14:00:00,30.267138685657354,27.89199,30.10563,31.83943,29.82857,29.26228
22567,2014-08-24 14:15:00,29.942458995243612,31.14968,27.89199,30.10563,31.83943,29.82857
22568,2014-08-24 14:30:00,30.20540446078099,28.39563,31.14968,27.89199,30.10563,31.83943
22569,2014-08-24 14:45:00,29.559071916751318,29.47716,28.39563,31.14968,27.89199,30.10563
22570,2014-08-24 15:00:00,29.445250364514948,30.67292,29.47716,28.39563,31.14968,27.89199
22571,2014-08-24 15:15:00,29.977563571864394,29.47521,30.67292,29.47716,28.39563,31.14968
22572,2014-08-24 15:30:00,29.678079246552755,28.51094,29.47521,30.67292,29.47716,28.39563
22573,2014-08-24 15:45:00,29.658879972550913,31.93299,28.51094,29.47521,30.67292,29.47716
22574,2014-08-24 16:00:00,30.16221193856382,29.1123,31.93299,28.51094,29.47521,30.67292
22575,2014-08-24 16:15:00,29.86893746161661,30.86337,29.1123,31.93299,28.51094,29.47521
22576,2014-08-24 16:30:00,30.1372549705497,29.00076,30.86337,29.1123,31.93299,28.51094
22577,2014-08-24 16:45:00,30.188178869928652,30.70388,29.00076,30.86337,29.1123,31.93299
22578,2014-08-24 17:00:00,29.987602129541017,29.71512,30.70388,29.00076,30.86337,29.1123
22579,2014-08-24 17:15:00,30.08957489418161,27.84769,29.71512,30.70388,29.00076,30.86337
22580,2014-08-24 17:30:00,29.489678983555542,29.43545,27.84769,29.71512,30.70388,29.00076
22581,2014-08-24 17:45:00,29.562191798061907,30.48139,29.43545,27.84769,29.71512,30.70388
22582,2014-08-24 18:00:00,29.566405623991862,28.88676,30.48139,29.43545,27.84769,29.71512
22583,2014-08-24 18:15:00,29.410652647668257,27.90875,28.88676,30.48139,29.43545,27.84769
22584,2014-08-24 18:30:00,29.371616309948084,28.50874,27.90875,28.88676,30.48139,29.43545
22585,2014-08-24 18:45:00,29.18531708067281,28.34701,28.50874,27.90875,28.88676,30.48139
22586,2014-08-24 19:00:00,28.799303189795893,28.0336,28.34701,28.50874,27.90875,28.88676
22587,2014-08-24 19:15:00,28.63880290609509,24.45494,28.0336,28.34701,28.50874,27.90875
22588,2014-08-24 19:30:00,27.91207642793873,28.04927,24.45494,28.0336,28.34701,28.50874
22589,2014-08-24 19:45:00,27.846169450436783,28.68242,28.04927,24.45494,28.0336,28.34701
22590,2014-08-24 20:00:00,27.96719811910811,28.36335,28.68242,28.04927,24.45494,28.0336
22591,2014-08-24 20:15:00,28.063613810017102,25.0664,28.36335,28.68242,28.04927,24.45494
22592,2014-08-24 20:30:00,28.085806071207408,28.08248,25.0664,28.36335,28.68242,28.04927
22593,2014-08-24 20:45:00,28.099488065050842,29.1271,28.08248,25.0664,28.36335,28.68242
22594,2014-08-24 21:00:00,28.241502088178617,26.77253,29.1271,28.08248,25.0664,28.36335
22595,2014-08-24 21:15:00,27.940563122487013,29.07489,26.77253,29.1271,28.08248,25.0664
22596,2014-08-24 21:30:00,28.685549379346654,28.58124,29.07489,26.77253,29.1271,28.08248
22597,2014-08-24 21:45:00,28.79003089284221,28.95391,28.58124,29.07489,26.77253,29.1271
22598,2014-08-24 22:00:00,28.77870787151134,28.285,28.95391,28.58124,29.07489,26.77253
22599,2014-08-24 22:15:00,29.037724386734634,28.03476,28.285,28.95391,28.58124,29.07489
22600,2014-08-24 22:30:00,28.83243579288786,26.33562,28.03476,28.285,28.95391,28.58124
22601,2014-08-24 22:45:00,28.370540502872636,28.09049,26.33562,28.03476,28.285,28.95391
22602,2014-08-24 23:00:00,28.223036484134337,27.34522,28.09049,26.33562,28.03476,28.285
22603,2014-08-24 23:15:00,28.055274390857022,27.2693,27.34522,28.09049,26.33562,28.03476
22604,2014-08-24 23:30:00,27.914916363865476,24.065,27.2693,27.34522,28.09049,26.33562
22605,2014-08-24 23:45:00,27.41167040901292,25.43903,24.065,27.2693,27.34522,28.09049
22606,2014-08-25 00:00:00,26.90095707472073,25.86753,25.43903,24.065,27.2693,27.34522
22607,2014-08-25 00:15:00,26.64566457683308,21.98385,25.86753,25.43903,24.065,27.2693
22608,2014-08-25 00:30:00,25.60917683924606,25.62719,21.98385,25.86753,25.43903,24.065
22609,2014-08-25 00:45:00,25.910032328162252,24.95781,25.62719,21.98385,25.86753,25.43903
22610,2014-08-25 01:00:00,25.847371851363206,23.20676,24.95781,25.62719,21.98385,25.86753
22611,2014-08-25 01:15:00,25.33864980929887,26.9282,23.20676,24.95781,25.62719,21.98385
22612,2014-08-25 01:30:00,26.28769876413243,25.48476,26.9282,23.20676,24.95781,25.62719
22613,2014-08-25 01:45:00,26.286387011113817,26.28931,25.48476,26.9282,23.20676,24.95781
22614,2014-08-25 02:00:00,26.551026482511304,24.59275,26.28931,25.48476,26.9282,23.20676
22615,2014-08-25 02:15:00,26.760629758727813,25.86731,24.59275,26.28931,25.48476,26.9282
22616,2014-08-25 02:30:00,26.57417852001808,26.02006,25.86731,24.59275,26.28931,25.48476
22617,2014-08-25 02:45:00,26.686622164646607,26.32575,26.02006,25.86731,24.59275,26.28931
22618,2014-08-25 03:00:00,26.715840261987267,25.42094,26.32575,26.02006,25.86731,24.59275
22619,2014-08-25 03:15:00,26.849323654273164,24.69633,25.42094,26.32575,26.02006,25.86731
22620,2014-08-25 03:30:00,26.602292450684885,24.88346,24.69633,25.42094,26.32575,26.02006
22621,2014-08-25 03:45:00,26.37860895761059,26.42068,24.88346,24.69633,25.42094,26.32575
22622,2014-08-25 04:00:00,26.433911004006966,23.50205,26.42068,24.88346,24.69633,25.42094
22623,2014-08-25 04:15:00,26.04395774427191,25.86439,23.50205,26.42068,24.88346,24.69633
22624,2014-08-25 04:30:00,26.269852719977514,27.06638,25.86439,23.50205,26.42068,24.88346
22625,2014-08-25 04:45:00,26.719726549402797,28.94748,27.06638,25.86439,23.50205,26.42068
22626,2014-08-25 05:00:00,27.272298996887393,26.42467,28.94748,27.06638,25.86439,23.50205
22627,2014-08-25 05:15:00,27.783834780549913,24.49639,26.42467,28.94748,27.06638,25.86439
22628,2014-08-25 05:30:00,27.449386945169692,24.89336,24.49639,26.42467,28.94748,27.06638
22629,2014-08-25 05:45:00,27.004312187955357,28.0564,24.89336,24.49639,26.42467,28.94748
22630,2014-08-25 06:00:00,26.918170900519257,25.65478,28.0564,24.89336,24.49639,26.42467
22631,2014-08-25 06:15:00,26.78551959406758,27.96178,25.65478,28.0564,24.89336,24.49639
22632,2014-08-25 06:30:00,27.45035801901168,26.29979,27.96178,25.65478,28.0564,24.89336
22633,2014-08-25 06:45:00,27.687609948644393,28.42242,26.29979,27.96178,25.65478,28.0564
22634,2014-08-25 07:00:00,27.795499624127576,25.99201,28.42242,26.29979,27.96178,25.65478
22635,2014-08-25 07:15:00,27.821947106573173,29.66944,25.99201,28.42242,26.29979,27.96178
22636,2014-08-25 07:30:00,28.19559062272836,29.59785,29.66944,25.99201,28.42242,26.29979
22637,2014-08-25 07:45:00,28.845229642728334,30.11068,29.59785,29.66944,25.99201,28.42242
22638,2014-08-25 08:00:00,29.19504131824933,30.63225,30.11068,29.59785,29.66944,25.99201
22639,2014-08-25 08:15:00,30.057375814632543,29.57436,30.63225,30.11068,29.59785,29.66944
22640,2014-08-25 08:30:00,30.02773168765571,29.47681,29.57436,30.63225,30.11068,29.59785
22641,2014-08-25 08:45:00,29.985696257801468,30.05324,29.47681,29.57436,30.63225,30.11068
22642,2014-08-25 09:00:00,29.979106161904564,31.86699,30.05324,29.47681,29.57436,30.63225
22643,2014-08-25 09:15:00,30.261421702940062,31.38112,31.86699,30.05324,29.47681,29.57436
22644,2014-08-25 09:30:00,30.618247706216664,31.36385,31.38112,31.86699,30.05324,29.47681
22645,2014-08-25 09:45:00,30.964669219715002,33.85552,31.36385,31.38112,31.86699,30.05324
22646,2014-08-25 10:00:00,31.71289446605074,33.04003,33.85552,31.36385,31.38112,31.86699
22647,2014-08-25 10:15:00,31.955461059064792,33.4226,33.04003,33.85552,31.36385,31.38112
22648,2014-08-25 10:30:00,32.33946973926703,33.0982,33.4226,33.04003,33.85552,31.36385
22649,2014-08-25 10:45:00,32.64503398835824,32.94887,33.0982,33.4226,33.04003,33.85552
22650,2014-08-25 11:00:00,32.4738579006378,33.3239,32.94887,33.0982,33.4226,33.04003
22651,2014-08-25 11:15:00,32.529045327979794,34.51496,33.3239,32.94887,33.0982,33.4226
22652,2014-08-25 11:30:00,32.76447147113515,33.74893,34.51496,33.3239,32.94887,33.0982
22653,2014-08-25 11:45:00,32.890140680381144,35.23875,33.74893,34.51496,33.3239,32.94887
22654,2014-08-25 12:00:00,33.33778984950519,32.78352,35.23875,33.74893,34.51496,33.3239
22655,2014-08-25 12:15:00,33.19968962538097,34.95107,32.78352,35.23875,33.74893,34.51496
22656,2014-08-25 12:30:00,33.29749669013509,31.93936,34.95107,32.78352,35.23875,33.74893
22657,2014-08-25 12:45:00,32.91456940182833,36.39347,31.93936,34.95107,32.78352,35.23875
22658,2014-08-25 13:00:00,33.197040473570205,37.27696,36.39347,31.93936,34.95107,32.78352
22659,2014-08-25 13:15:00,34.09907232116993,36.36507,37.27696,36.39347,31.93936,34.95107
22660,2014-08-25 13:30:00,34.38861647102486,36.01771,36.36507,37.27696,36.39347,31.93936
22661,2014-08-25 13:45:00,35.105006726103724,37.7998,36.01771,36.36507,37.27696,36.39347
22662,2014-08-25 14:00:00,35.39083544244369,37.71868,37.7998,36.01771,36.36507,37.27696
22663,2014-08-25 14:15:00,35.50284948485255,37.46789,37.71868,37.7998,36.01771,36.36507
22664,2014-08-25 14:30:00,35.709622230358654,37.74531,37.46789,37.71868,37.7998,36.01771
22665,2014-08-25 14:45:00,36.023113753435496,36.7052,37.74531,37.46789,37.71868,37.7998
22666,2014-08-25 15:00:00,35.80142390787511,38.54089,36.7052,37.74531,37.46789,37.71868
22667,2014-08-25 15:15:00,35.97915760869428,37.35414,38.54089,36.7052,37.74531,37.46789
22668,2014-08-25 15:30:00,35.956524858076314,35.51082,37.35414,38.54089,36.7052,37.74531
22669,2014-08-25 15:45:00,35.49543215339252,36.82563,35.51082,37.35414,38.54089,36.7052
22670,2014-08-25 16:00:00,35.50268912598219,36.05309,36.82563,35.51082,37.35414,38.54089
22671,2014-08-25 16:15:00,35.0439810752813,37.1842,36.05309,36.82563,35.51082,37.35414
22672,2014-08-25 16:30:00,35.03866420409023,36.49554,37.1842,36.05309,36.82563,35.51082
22673,2014-08-25 16:45:00,35.21525730841715,39.57541,36.49554,37.1842,36.05309,36.82563
22674,2014-08-25 17:00:00,35.78915578909242,39.33042,39.57541,36.49554,37.1842,36.05309
22675,2014-08-25 17:15:00,36.43340267221984,36.95612,39.33042,39.57541,36.49554,37.1842
22676,2014-08-25 17:30:00,36.351636112140724,39.13215,36.95612,39.33042,39.57541,36.49554
22677,2014-08-25 17:45:00,36.83352198321329,36.42412,39.13215,36.95612,39.33042,39.57541
22678,2014-08-25 18:00:00,36.21710379749628,35.77932,36.42412,39.13215,36.95612,39.33042
22679,2014-08-25 18:15:00,35.52089763297917,30.69256,35.77932,36.42412,39.13215,36.95612
22680,2014-08-25 18:30:00,34.216996285545775,31.675,30.69256,35.77932,36.42412,39.13215
22681,2014-08-25 18:45:00,32.78302115731428,32.24229,31.675,30.69256,35.77932,36.42412
22682,2014-08-25 19:00:00,32.017842084403576,30.22691,32.24229,31.675,30.69256,35.77932
22683,2014-08-25 19:15:00,30.981975156003685,29.01083,30.22691,32.24229,31.675,30.69256
22684,2014-08-25 19:30:00,30.608655626463904,29.95329,29.01083,30.22691,32.24229,31.675
22685,2014-08-25 19:45:00,30.27903047237293,29.06285,29.95329,29.01083,30.22691,32.24229
22686,2014-08-25 20:00:00,29.689995030342686,28.65165,29.06285,29.95329,29.01083,30.22691
22687,2014-08-25 20:15:00,29.384175740768903,27.67241,28.65165,29.06285,29.95329,29.01083
22688,2014-08-25 20:30:00,29.09988512274513,30.14376,27.67241,28.65165,29.06285,29.95329
22689,2014-08-25 20:45:00,29.175444120519337,30.62179,30.14376,27.67241,28.65165,29.06285
22690,2014-08-25 21:00:00,29.5129687444894,27.31217,30.62179,30.14376,27.67241,28.65165
22691,2014-08-25 21:15:00,29.215428227392668,29.46242,27.31217,30.62179,30.14376,27.67241
22692,2014-08-25 21:30:00,29.530449991826394,29.71988,29.46242,27.31217,30.62179,30.14376
22693,2014-08-25 21:45:00,29.476406301919727,27.80189,29.71988,29.46242,27.31217,30.62179
22694,2014-08-25 22:00:00,28.94070598865973,25.70314,27.80189,29.71988,29.46242,27.31217
22695,2014-08-25 22:15:00,28.556462097042438,28.39533,25.70314,27.80189,29.71988,29.46242
22696,2014-08-25 22:30:00,28.373722612477486,27.82766,28.39533,25.70314,27.80189,29.71988
22697,2014-08-25 22:45:00,28.054708744737294,27.78174,27.82766,28.39533,25.70314,27.80189
22698,2014-08-25 23:00:00,28.061876718769664,28.21616,27.78174,27.82766,28.39533,25.70314
22699,2014-08-25 23:15:00,28.52140714563612,25.11671,28.21616,27.78174,27.82766,28.39533
22700,2014-08-25 23:30:00,27.85575220658236,26.24087,25.11671,28.21616,27.78174,27.82766
22701,2014-08-25 23:45:00,27.537536612804097,25.89315,26.24087,25.11671,28.21616,27.78174
22702,2014-08-26 00:00:00,27.183152112174195,25.87195,25.89315,26.24087,25.11671,28.21616
22703,2014-08-26 00:15:00,26.76173394239507,23.38593,25.87195,25.89315,26.24087,25.11671
22704,2014-08-26 00:30:00,26.379713618453074,23.61756,23.38593,25.87195,25.89315,26.24087
22705,2014-08-26 00:45:00,25.859443166450127,26.29566,23.61756,23.38593,25.87195,25.89315
22706,2014-08-26 01:00:00,25.985764529778894,25.95105,26.29566,23.61756,23.38593,25.87195
22707,2014-08-26 01:15:00,26.0492650127915,23.74382,25.95105,26.29566,23.61756,23.38593
22708,2014-08-26 01:30:00,26.0721242222606,25.56756,23.74382,25.95105,26.29566,23.61756
22709,2014-08-26 01:45:00,26.4232576660323,24.34909,25.56756,23.74382,25.95105,26.29566
22710,2014-08-26 02:00:00,26.057997623820413,26.0538,24.34909,25.56756,23.74382,25.95105
22711,2014-08-26 02:15:00,26.112283029327454,26.09629,26.0538,24.34909,25.56756,23.74382
22712,2014-08-26 02:30:00,26.56342684508542,26.60568,26.09629,26.0538,24.34909,25.56756
22713,2014-08-26 02:45:00,26.780527500709674,26.02109,26.60568,26.09629,26.0538,24.34909
22714,2014-08-26 03:00:00,27.078240328659803,26.77028,26.02109,26.60568,26.09629,26.0538
22715,2014-08-26 03:15:00,27.219762661168534,25.03983,26.77028,26.02109,26.60568,26.09629
22716,2014-08-26 03:30:00,26.993644046669708,26.27614,25.03983,26.77028,26.02109,26.60568
22717,2014-08-26 03:45:00,26.937117031833004,24.7749,26.27614,25.03983,26.77028,26.02109
22718,2014-08-26 04:00:00,26.68282171998298,24.40799,24.7749,26.27614,25.03983,26.77028
22719,2014-08-26 04:15:00,26.225755006591694,26.50456,24.40799,24.7749,26.27614,25.03983
22720,2014-08-26 04:30:00,26.524800970778642,26.31749,26.50456,24.40799,24.7749,26.27614
22721,2014-08-26 04:45:00,26.56810629310722,26.4859,26.31749,26.50456,24.40799,24.7749
22722,2014-08-26 05:00:00,26.896426164420316,28.03972,26.4859,26.31749,26.50456,24.40799
22723,2014-08-26 05:15:00,27.595586094648404,26.84728,28.03972,26.4859,26.31749,26.50456
22724,2014-08-26 05:30:00,27.66010709750254,24.47318,26.84728,28.03972,26.4859,26.31749
22725,2014-08-26 05:45:00,27.25284423664517,27.71165,24.47318,26.84728,28.03972,26.4859
22726,2014-08-26 06:00:00,27.49949640318707,24.89828,27.71165,24.47318,26.84728,28.03972
22727,2014-08-26 06:15:00,26.904393900949287,26.31491,24.89828,27.71165,24.47318,26.84728
22728,2014-08-26 06:30:00,26.81538303774588,27.74222,26.31491,24.89828,27.71165,24.47318
22729,2014-08-26 06:45:00,27.448525812612154,28.00506,27.74222,26.31491,24.89828,27.71165
22730,2014-08-26 07:00:00,27.551080885942504,28.16323,28.00506,27.74222,26.31491,24.89828
22731,2014-08-26 07:15:00,28.16339649208277,29.29402,28.16323,28.00506,27.74222,26.31491
22732,2014-08-26 07:30:00,28.737237491098064,29.46798,29.29402,28.16323,28.00506,27.74222
22733,2014-08-26 07:45:00,29.078814025745814,30.90558,29.46798,29.29402,28.16323,28.00506
22734,2014-08-26 08:00:00,29.654624515670776,30.36778,30.90558,29.46798,29.29402,28.16323
22735,2014-08-26 08:15:00,30.07046671844322,28.4713,30.36778,30.90558,29.46798,29.29402
22736,2014-08-26 08:30:00,29.873139190143583,29.1033,28.4713,30.36778,30.90558,29.46798
22737,2014-08-26 08:45:00,29.779339861359404,29.65924,29.1033,28.4713,30.36778,30.90558
22738,2014-08-26 09:00:00,29.565263976242914,33.15812,29.65924,29.1033,28.4713,30.36778
22739,2014-08-26 09:15:00,30.17928285136827,33.15021,33.15812,29.65924,29.1033,28.4713
22740,2014-08-26 09:30:00,31.10291411211064,33.31331,33.15021,33.15812,29.65924,29.1033
22741,2014-08-26 09:45:00,31.89885427456046,30.43605,33.31331,33.15021,33.15812,29.65924
22742,2014-08-26 10:00:00,31.96645133681448,34.1224,30.43605,33.31331,33.15021,33.15812
22743,2014-08-26 10:15:00,32.17919692170199,33.82721,34.1224,30.43605,33.31331,33.15021
22744,2014-08-26 10:30:00,32.34555926805606,34.28855,33.82721,34.1224,30.43605,33.31331
22745,2014-08-26 10:45:00,32.56056192138878,35.39384,34.28855,33.82721,34.1224,30.43605
22746,2014-08-26 11:00:00,33.492641958745764,38.59436,35.39384,34.28855,33.82721,34.1224
22747,2014-08-26 11:15:00,34.41262691964611,35.47865,38.59436,35.39384,34.28855,33.82721
22748,2014-08-26 11:30:00,34.70566073150777,38.88841,35.47865,38.59436,35.39384,34.28855
22749,2014-08-26 11:45:00,35.589978434459354,37.19012,38.88841,35.47865,38.59436,35.39384
22750,2014-08-26 12:00:00,35.91352369972299,38.20032,37.19012,38.88841,35.47865,38.59436
22751,2014-08-26 12:15:00,35.86370538462974,36.69149,38.20032,37.19012,38.88841,35.47865
22752,2014-08-26 12:30:00,36.04904333625168,38.89203,36.69149,38.20032,37.19012,38.88841
22753,2014-08-26 12:45:00,36.08519691766698,39.45148,38.89203,36.69149,38.20032,37.19012
22754,2014-08-26 13:00:00,36.541388183444056,40.68307,39.45148,38.89203,36.69149,38.20032
22755,2014-08-26 13:15:00,37.05388140062386,39.22788,40.68307,39.45148,38.89203,36.69149
22756,2014-08-26 13:30:00,37.504513677455655,39.23654,39.22788,40.68307,39.45148,38.89203
22757,2014-08-26 13:45:00,37.54737301355435,41.44803,39.23654,39.22788,40.68307,39.45148
22758,2014-08-26 14:00:00,37.95384841886846,43.22654,41.44803,39.23654,39.22788,40.68307
22759,2014-08-26 14:15:00,38.50698930464867,41.65662,43.22654,41.44803,39.23654,39.22788
22760,2014-08-26 14:30:00,38.96132306586692,40.6811,41.65662,43.22654,41.44803,39.23654
22761,2014-08-26 14:45:00,39.179359846767575,40.18893,40.6811,41.65662,43.22654,41.44803
22762,2014-08-26 15:00:00,38.904385038265644,40.22766,40.18893,40.6811,41.65662,43.22654
22763,2014-08-26 15:15:00,38.34455283200572,40.99663,40.22766,40.18893,40.6811,41.65662
22764,2014-08-26 15:30:00,38.24208288899156,40.46755,40.99663,40.22766,40.18893,40.6811
22765,2014-08-26 15:45:00,38.206002461591396,39.38817,40.46755,40.99663,40.22766,40.18893
22766,2014-08-26 16:00:00,38.028492869192064,40.45748,39.38817,40.46755,40.99663,40.22766
22767,2014-08-26 16:15:00,38.07092036627413,41.81,40.45748,39.38817,40.46755,40.99663
22768,2014-08-26 16:30:00,38.26652212969404,39.65098,41.81,40.45748,39.38817,40.46755
22769,2014-08-26 16:45:00,38.09979815231581,40.73295,39.65098,41.81,40.45748,39.38817
22770,2014-08-26 17:00:00,38.3380683354636,44.35401,40.73295,39.65098,41.81,40.45748
22771,2014-08-26 17:15:00,39.14140861457719,39.82442,44.35401,40.73295,39.65098,41.81
22772,2014-08-26 17:30:00,38.748530224591605,40.50856,39.82442,44.35401,40.73295,39.65098
22773,2014-08-26 17:45:00,38.8586265071922,41.30459,40.50856,39.82442,44.35401,40.73295
22774,2014-08-26 18:00:00,38.95704638967933,36.80266,41.30459,40.50856,39.82442,44.35401
22775,2014-08-26 18:15:00,37.49638451475724,37.23982,36.80266,41.30459,40.50856,39.82442
22776,2014-08-26 18:30:00,36.95346294999639,35.25974,37.23982,36.80266,41.30459,40.50856
22777,2014-08-26 18:45:00,35.921859941347954,30.78326,35.25974,37.23982,36.80266,41.30459
22778,2014-08-26 19:00:00,33.864733971315246,34.86921,30.78326,35.25974,37.23982,36.80266
22779,2014-08-26 19:15:00,33.51182394119108,30.75765,34.86921,30.78326,35.25974,37.23982
22780,2014-08-26 19:30:00,32.27787776010001,32.30602,30.75765,34.86921,30.78326,35.25974
22781,2014-08-26 19:45:00,31.735127073421147,30.14525,32.30602,30.75765,34.86921,30.78326
22782,2014-08-26 20:00:00,31.558644895768776,32.96489,30.14525,32.30602,30.75765,34.86921
22783,2014-08-26 20:15:00,31.257539538009567,30.02114,32.96489,30.14525,32.30602,30.75765
22784,2014-08-26 20:30:00,31.086610102271937,31.62063,30.02114,32.96489,30.14525,32.30602
22785,2014-08-26 20:45:00,30.968323765627495,31.01926,31.62063,30.02114,32.96489,30.14525
22786,2014-08-26 21:00:00,31.117748080885992,30.80178,31.01926,31.62063,30.02114,32.96489
22787,2014-08-26 21:15:00,30.72275841558696,29.69345,30.80178,31.01926,31.62063,30.02114
22788,2014-08-26 21:30:00,30.624313350068434,28.47072,29.69345,30.80178,31.01926,31.62063
22789,2014-08-26 21:45:00,29.997621629396413,29.17806,28.47072,29.69345,30.80178,31.01926
22790,2014-08-26 22:00:00,29.648116621591527,28.55001,29.17806,28.47072,29.69345,30.80178
22791,2014-08-26 22:15:00,29.228635201906137,28.56451,28.55001,29.17806,28.47072,29.69345
22792,2014-08-26 22:30:00,29.01813931009596,27.30908,28.56451,28.55001,29.17806,28.47072
22793,2014-08-26 22:45:00,28.769760926645162,28.7647,27.30908,28.56451,28.55001,29.17806
22794,2014-08-26 23:00:00,28.707334718491225,27.83767,28.7647,27.30908,28.56451,28.55001
22795,2014-08-26 23:15:00,28.573518658210638,28.47781,27.83767,28.7647,27.30908,28.56451
22796,2014-08-26 23:30:00,28.568260731410298,26.35305,28.47781,27.83767,28.7647,27.30908
22797,2014-08-26 23:45:00,28.344519622832326,27.15806,26.35305,28.47781,27.83767,28.7647
22798,2014-08-27 00:00:00,28.036582255331396,23.53595,27.15806,26.35305,28.47781,27.83767
22799,2014-08-27 00:15:00,27.16153959753178,25.80876,23.53595,27.15806,26.35305,28.47781
22800,2014-08-27 00:30:00,26.670482857287276,24.77751,25.80876,23.53595,27.15806,26.35305
22801,2014-08-27 00:45:00,26.37406104442079,26.22293,24.77751,25.80876,23.53595,27.15806
22802,2014-08-27 01:00:00,26.24189107438813,26.21105,26.22293,24.77751,25.80876,23.53595
22803,2014-08-27 01:15:00,26.74610758057007,24.98956,26.21105,26.22293,24.77751,25.80876
22804,2014-08-27 01:30:00,26.57839047351877,25.86982,24.98956,26.21105,26.22293,24.77751
22805,2014-08-27 01:45:00,26.773267306581126,26.93108,25.86982,24.98956,26.21105,26.22293
22806,2014-08-27 02:00:00,26.93691710365085,25.58007,26.93108,25.86982,24.98956,26.21105
22807,2014-08-27 02:15:00,26.81729936069496,26.30013,25.58007,26.93108,25.86982,24.98956
22808,2014-08-27 02:30:00,27.054199158286746,23.26886,26.30013,25.58007,26.93108,25.86982
22809,2014-08-27 02:45:00,26.507178619802843,25.79797,23.26886,26.30013,25.58007,26.93108
22810,2014-08-27 03:00:00,26.312073256288166,26.85393,25.79797,23.26886,26.30013,25.58007
22811,2014-08-27 03:15:00,26.59633648131419,26.4377,26.85393,25.79797,23.26886,26.30013
22812,2014-08-27 03:30:00,26.654865481445114,25.97623,26.4377,26.85393,25.79797,23.26886
22813,2014-08-27 03:45:00,27.132475656144635,25.82232,25.97623,26.4377,26.85393,25.79797
22814,2014-08-27 04:00:00,27.119405983478647,24.55413,25.82232,25.97623,26.4377,26.85393
22815,2014-08-27 04:15:00,26.662990716889816,26.1191,24.55413,25.82232,25.97623,26.4377
22816,2014-08-27 04:30:00,26.61881221477114,25.94994,26.1191,24.55413,25.82232,25.97623
22817,2014-08-27 04:45:00,26.631183966589745,26.49669,25.94994,26.1191,24.55413,25.82232
22818,2014-08-27 05:00:00,26.77786078347608,25.58224,26.49669,25.94994,26.1191,24.55413
22819,2014-08-27 05:15:00,26.949411505227083,26.41066,25.58224,26.49669,25.94994,26.1191
22820,2014-08-27 05:30:00,27.00965738927885,27.58591,26.41066,25.58224,26.49669,25.94994
22821,2014-08-27 05:45:00,27.345603724330147,28.31104,27.58591,26.41066,25.58224,26.49669
22822,2014-08-27 06:00:00,27.724663642562795,27.10909,28.31104,27.58591,26.41066,25.58224
22823,2014-08-27 06:15:00,27.99442889844886,26.95291,27.10909,28.31104,27.58591,26.41066
22824,2014-08-27 06:30:00,28.069470248719426,27.84815,26.95291,27.10909,28.31104,27.58591
22825,2014-08-27 06:45:00,28.126560343581083,27.56565,27.84815,26.95291,27.10909,28.31104
22826,2014-08-27 07:00:00,28.00182868538447,28.76891,27.56565,27.84815,26.95291,27.10909
22827,2014-08-27 07:15:00,28.335584806089084,29.01988,28.76891,27.56565,27.84815,26.95291
22828,2014-08-27 07:30:00,28.73845078888833,28.88494,29.01988,28.76891,27.56565,27.84815
22829,2014-08-27 07:45:00,28.938185478054187,30.60248,28.88494,29.01988,28.76891,27.56565
22830,2014-08-27 08:00:00,29.531713352556775,30.26993,30.60248,28.88494,29.01988,28.76891
22831,2014-08-27 08:15:00,29.829004405810643,29.2286,30.26993,30.60248,28.88494,29.01988
22832,2014-08-27 08:30:00,29.847461861497248,30.78253,29.2286,30.26993,30.60248,28.88494
22833,2014-08-27 08:45:00,30.20659013416349,30.20883,30.78253,29.2286,30.26993,30.60248
22834,2014-08-27 09:00:00,30.14367189299285,30.24017,30.20883,30.78253,29.2286,30.26993
22835,2014-08-27 09:15:00,30.14089472540767,33.27003,30.24017,30.20883,30.78253,29.2286
22836,2014-08-27 09:30:00,30.946806557247907,34.10325,33.27003,30.24017,30.20883,30.78253
22837,2014-08-27 09:45:00,31.63276994534747,37.97697,34.10325,33.27003,30.24017,30.20883
22838,2014-08-27 10:00:00,33.18325169859577,35.81484,37.97697,34.10325,33.27003,30.24017
22839,2014-08-27 10:15:00,34.222084320453796,36.90671,35.81484,37.97697,34.10325,33.27003
22840,2014-08-27 10:30:00,34.89708073868147,39.76206,36.90671,35.81484,37.97697,34.10325
22841,2014-08-27 10:45:00,35.998754973929486,40.24119,39.76206,36.90671,35.81484,37.97697
22842,2014-08-27 11:00:00,36.49023086771601,43.35243,40.24119,39.76206,36.90671,35.81484
22843,2014-08-27 11:15:00,37.96989504882845,41.77936,43.35243,40.24119,39.76206,36.90671
22844,2014-08-27 11:30:00,38.87830022513627,43.36203,41.77936,43.35243,40.24119,39.76206
22845,2014-08-27 11:45:00,39.5652397907043,45.40807,43.36203,41.77936,43.35243,40.24119
22846,2014-08-27 12:00:00,40.57217440529758,44.60076,45.40807,43.36203,41.77936,43.35243
22847,2014-08-27 12:15:00,40.833431561860024,43.6966,44.60076,45.40807,43.36203,41.77936
22848,2014-08-27 12:30:00,41.157161640989884,43.41755,43.6966,44.60076,45.40807,43.36203
22849,2014-08-27 12:45:00,41.133633883117575,48.59963,43.41755,43.6966,44.60076,45.40807
22850,2014-08-27 13:00:00,41.83346380973059,43.85496,48.59963,43.41755,43.6966,44.60076
22851,2014-08-27 13:15:00,41.679587549920385,47.08613,43.85496,48.59963,43.41755,43.6966
22852,2014-08-27 13:30:00,42.323903179382775,48.40867,47.08613,43.85496,48.59963,43.41755
22853,2014-08-27 13:45:00,43.28636129209697,46.55821,48.40867,47.08613,43.85496,48.59963
22854,2014-08-27 14:00:00,42.92509547490859,49.20146,46.55821,48.40867,47.08613,43.85496
22855,2014-08-27 14:15:00,43.93391471602748,47.69798,49.20146,46.55821,48.40867,47.08613
22856,2014-08-27 14:30:00,44.04376219439499,46.37819,47.69798,49.20146,46.55821,48.40867
22857,2014-08-27 14:45:00,43.63390908254912,44.91708,46.37819,47.69798,49.20146,46.55821
22858,2014-08-27 15:00:00,43.25763546201141,48.37537,44.91708,46.37819,47.69798,49.20146
22859,2014-08-27 15:15:00,43.15742365179771,44.85817,48.37537,44.91708,46.37819,47.69798
22860,2014-08-27 15:30:00,42.610941149221645,44.30978,44.85817,48.37537,44.91708,46.37819
22861,2014-08-27 15:45:00,42.17958531848923,48.39849,44.30978,44.85817,48.37537,44.91708
22862,2014-08-27 16:00:00,42.87395798357609,39.77575,48.39849,44.30978,44.85817,48.37537
22863,2014-08-27 16:15:00,41.173096183441274,46.19376,39.77575,48.39849,44.30978,44.85817
22864,2014-08-27 16:30:00,41.4394071979135,45.76622,46.19376,39.77575,48.39849,44.30978
22865,2014-08-27 16:45:00,41.749375809419384,47.26382,45.76622,46.19376,39.77575,48.39849
22866,2014-08-27 17:00:00,41.63209209845022,44.02976,47.26382,45.76622,46.19376,39.77575
22867,2014-08-27 17:15:00,42.34281564935333,44.64405,44.02976,47.26382,45.76622,46.19376
22868,2014-08-27 17:30:00,42.024441849855265,41.63291,44.64405,44.02976,47.26382,45.76622
22869,2014-08-27 17:45:00,41.18211469510515,38.16609,41.63291,44.64405,44.02976,47.26382
22870,2014-08-27 18:00:00,39.388828381544315,36.00227,38.16609,41.63291,44.64405,44.02976
22871,2014-08-27 18:15:00,37.7815571332108,33.8175,36.00227,38.16609,41.63291,44.64405
22872,2014-08-27 18:30:00,35.69131768783474,37.00005,33.8175,36.00227,38.16609,41.63291
22873,2014-08-27 18:45:00,34.87329140049909,35.35453,37.00005,33.8175,36.00227,38.16609
22874,2014-08-27 19:00:00,34.36919480982792,32.19026,35.35453,37.00005,33.8175,36.00227
22875,2014-08-27 19:15:00,33.59047494835556,31.75464,32.19026,35.35453,37.00005,33.8175
22876,2014-08-27 19:30:00,33.125116481694796,31.4115,31.75464,32.19026,35.35453,37.00005
22877,2014-08-27 19:45:00,32.06899716313645,32.0199,31.4115,31.75464,32.19026,35.35453
22878,2014-08-27 20:00:00,31.47150517092676,30.68197,32.0199,31.4115,31.75464,32.19026
22879,2014-08-27 20:15:00,31.173323346003833,30.70244,30.68197,32.0199,31.4115,31.75464
22880,2014-08-27 20:30:00,30.96105674904461,29.8818,30.70244,30.68197,32.0199,31.4115
22881,2014-08-27 20:45:00,30.65148922223164,31.23418,29.8818,30.70244,30.68197,32.0199
22882,2014-08-27 21:00:00,30.52824145652955,27.91242,31.23418,29.8818,30.70244,30.68197
22883,2014-08-27 21:15:00,29.961078129889952,28.6867,27.91242,31.23418,29.8818,30.70244
22884,2014-08-27 21:30:00,29.55959981088349,26.21333,28.6867,27.91242,31.23418,29.8818
22885,2014-08-27 21:45:00,28.8180670094033,27.56256,26.21333,28.6867,27.91242,31.23418
22886,2014-08-27 22:00:00,28.14529426223796,27.33796,27.56256,26.21333,28.6867,27.91242
22887,2014-08-27 22:15:00,28.041902199040706,25.66298,27.33796,27.56256,26.21333,28.6867
22888,2014-08-27 22:30:00,27.458550633883902,27.86864,25.66298,27.33796,27.56256,26.21333
22889,2014-08-27 22:45:00,27.778792140615828,26.97224,27.86864,25.66298,27.33796,27.56256
22890,2014-08-27 23:00:00,27.679858256147252,26.21494,26.97224,27.86864,25.66298,27.33796
22891,2014-08-27 23:15:00,27.45770645434144,24.87464,26.21494,26.97224,27.86864,25.66298
22892,2014-08-27 23:30:00,27.25592894612697,25.04954,24.87464,26.21494,26.97224,27.86864
22893,2014-08-27 23:45:00,26.716304517483557,25.82907,25.04954,24.87464,26.21494,26.97224
22894,2014-08-28 00:00:00,26.522128679977605,26.01572,25.82907,25.04954,24.87464,26.21494
22895,2014-08-28 00:15:00,26.509004135750942,25.19783,26.01572,25.82907,25.04954,24.87464
22896,2014-08-28 00:30:00,26.556618200958464,26.13863,25.19783,26.01572,25.82907,25.04954
22897,2014-08-28 00:45:00,26.76276008341141,24.61443,26.13863,25.19783,26.01572,25.82907
22898,2014-08-28 01:00:00,26.51546758756744,25.04141,24.61443,26.13863,25.19783,26.01572
22899,2014-08-28 01:15:00,26.32707143409769,24.64052,25.04141,24.61443,26.13863,25.19783
22900,2014-08-28 01:30:00,26.211182782054134,25.51247,24.64052,25.04141,24.61443,26.13863
22901,2014-08-28 01:45:00,26.116490168250248,23.96335,25.51247,24.64052,25.04141,24.61443
22902,2014-08-28 02:00:00,25.972625791081033,25.37019,23.96335,25.51247,24.64052,25.04141
22903,2014-08-28 02:15:00,26.0444569713933,25.6068,25.37019,23.96335,25.51247,24.64052
22904,2014-08-28 02:30:00,26.241079291289832,25.81492,25.6068,25.37019,23.96335,25.51247
22905,2014-08-28 02:45:00,26.318717668095907,25.21716,25.81492,25.6068,25.37019,23.96335
22906,2014-08-28 03:00:00,26.535920906376038,23.72194,25.21716,25.81492,25.6068,25.37019
22907,2014-08-28 03:15:00,26.187853967665315,24.0299,23.72194,25.21716,25.81492,25.6068
22908,2014-08-28 03:30:00,25.874355057220257,24.42916,24.0299,23.72194,25.21716,25.81492
22909,2014-08-28 03:45:00,25.62770583288944,25.76899,24.42916,24.0299,23.72194,25.21716
22910,2014-08-28 04:00:00,25.77398140708047,26.56865,25.76899,24.42916,24.0299,23.72194
22911,2014-08-28 04:15:00,26.341179895684775,25.22866,26.56865,25.76899,24.42916,24.0299
22912,2014-08-28 04:30:00,26.551044015039096,26.81346,25.22866,26.56865,25.76899,24.42916
22913,2014-08-28 04:45:00,27.002725359579582,26.0338,26.81346,25.22866,26.56865,25.76899
22914,2014-08-28 05:00:00,27.05132120600774,26.57916,26.0338,26.81346,25.22866,26.56865
22915,2014-08-28 05:15:00,27.065365232282897,26.30147,26.57916,26.0338,26.81346,25.22866
22916,2014-08-28 05:30:00,27.256376668650148,23.9081,26.30147,26.57916,26.0338,26.81346
22917,2014-08-28 05:45:00,26.6671399807823,27.30936,23.9081,26.30147,26.57916,26.0338
22918,2014-08-28 06:00:00,26.934830921137426,26.99118,27.30936,23.9081,26.30147,26.57916
22919,2014-08-28 06:15:00,27.051023642203454,28.30589,26.99118,27.30936,23.9081,26.30147
22920,2014-08-28 06:30:00,27.471534276905388,26.82788,28.30589,26.99118,27.30936,23.9081
22921,2014-08-28 06:45:00,27.984772819465462,28.37467,26.82788,28.30589,26.99118,27.30936
22922,2014-08-28 07:00:00,28.198815349368655,28.76126,28.37467,26.82788,28.30589,26.99118
22923,2014-08-28 07:15:00,28.54820878868155,29.63158,28.76126,28.37467,26.82788,28.30589
22924,2014-08-28 07:30:00,28.832639867970617,29.86687,29.63158,28.76126,28.37467,26.82788
22925,2014-08-28 07:45:00,29.409673391167352,32.00989,29.86687,29.63158,28.76126,28.37467
22926,2014-08-28 08:00:00,30.13586183757448,28.28819,32.00989,29.86687,29.63158,28.76126
22927,2014-08-28 08:15:00,29.99905150567456,29.56648,28.28819,32.00989,29.86687,29.63158
22928,2014-08-28 08:30:00,29.961979375561906,29.6435,29.56648,28.28819,32.00989,29.86687
22929,2014-08-28 08:45:00,29.917405777846017,29.34775,29.6435,29.56648,28.28819,32.00989
22930,2014-08-28 09:00:00,29.441575626246397,31.27816,29.34775,29.6435,29.56648,28.28819
22931,2014-08-28 09:15:00,30.027342054246418,32.95364,31.27816,29.34775,29.6435,29.56648
22932,2014-08-28 09:30:00,30.72158238198159,30.76142,32.95364,31.27816,29.34775,29.6435
22933,2014-08-28 09:45:00,30.917949776256247,32.35266,30.76142,32.95364,31.27816,29.34775
22934,2014-08-28 10:00:00,31.471820238774804,33.78181,32.35266,30.76142,32.95364,31.27816
22935,2014-08-28 10:15:00,31.975914893284546,33.05361,33.78181,32.35266,30.76142,32.95364
22936,2014-08-28 10:30:00,32.01889473556425,34.66958,33.05361,33.78181,32.35266,30.76142
22937,2014-08-28 10:45:00,32.76518514309402,35.62004,34.66958,33.05361,33.78181,32.35266
22938,2014-08-28 11:00:00,33.40815118600581,34.83398,35.62004,34.66958,33.05361,33.78181
22939,2014-08-28 11:15:00,33.61180741772114,38.4805,34.83398,35.62004,34.66958,33.05361
22940,2014-08-28 11:30:00,34.680743464272446,41.77288,38.4805,34.83398,35.62004,34.66958
22941,2014-08-28 11:45:00,36.12088165789879,41.18117,41.77288,38.4805,34.83398,35.62004
22942,2014-08-28 12:00:00,37.21162449147927,41.84092,41.18117,41.77288,38.4805,34.83398
22943,2014-08-28 12:15:00,38.51195085297937,41.33084,41.84092,41.18117,41.77288,38.4805
22944,2014-08-28 12:30:00,39.0220546585014,40.15339,41.33084,41.84092,41.18117,41.77288
22945,2014-08-28 12:45:00,38.693449944029865,43.14415,40.15339,41.33084,41.84092,41.18117
22946,2014-08-28 13:00:00,39.09796294549269,43.52778,43.14415,40.15339,41.33084,41.84092
22947,2014-08-28 13:15:00,39.46525201026031,45.74229,43.52778,43.14415,40.15339,41.33084
22948,2014-08-28 13:30:00,40.35556090685219,44.25876,45.74229,43.52778,43.14415,40.15339
22949,2014-08-28 13:45:00,41.10801336750346,46.13531,44.25876,45.74229,43.52778,43.14415
22950,2014-08-28 14:00:00,41.68663096517878,45.14079,46.13531,44.25876,45.74229,43.52778
22951,2014-08-28 14:15:00,41.9779886694137,41.77733,45.14079,46.13531,44.25876,45.74229
22952,2014-08-28 14:30:00,41.16842323821351,41.23399,41.77733,45.14079,46.13531,44.25876
22953,2014-08-28 14:45:00,40.52802349676347,48.87734,41.23399,41.77733,45.14079,46.13531
22954,2014-08-28 15:00:00,41.18431095281983,47.43984,48.87734,41.23399,41.77733,45.14079
22955,2014-08-28 15:15:00,41.71742285701211,43.87819,47.43984,48.87734,41.23399,41.77733
22956,2014-08-28 15:30:00,42.040583479389866,48.94356,43.87819,47.43984,48.87734,41.23399
22957,2014-08-28 15:45:00,43.479932731280954,48.53153,48.94356,43.87819,47.43984,48.87734
22958,2014-08-28 16:00:00,43.48128616782914,52.09292,48.53153,48.94356,43.87819,47.43984
22959,2014-08-28 16:15:00,44.45262206497627,49.29366,52.09292,48.53153,48.94356,43.87819
22960,2014-08-28 16:30:00,45.42819667187224,47.84252,49.29366,52.09292,48.53153,48.94356
22961,2014-08-28 16:45:00,45.16374509110285,44.37727,47.84252,49.29366,52.09292,48.53153
22962,2014-08-28 17:00:00,44.26609524600521,48.23532,44.37727,47.84252,49.29366,52.09292
22963,2014-08-28 17:15:00,43.58545082814246,42.12852,48.23532,44.37727,47.84252,49.29366
22964,2014-08-28 17:30:00,42.17953237229183,43.5154,42.12852,48.23532,44.37727,47.84252
22965,2014-08-28 17:45:00,41.34041798846816,39.59503,43.5154,42.12852,48.23532,44.37727
22966,2014-08-28 18:00:00,40.34746528162,37.64337,39.59503,43.5154,42.12852,48.23532
22967,2014-08-28 18:15:00,38.312054933656015,37.20681,37.64337,39.59503,43.5154,42.12852
22968,2014-08-28 18:30:00,37.335372465604465,33.76879,37.20681,37.64337,39.59503,43.5154
22969,2014-08-28 18:45:00,35.45687095818821,34.13284,33.76879,37.20681,37.64337,39.59503
22970,2014-08-28 19:00:00,34.4034781595867,30.23427,34.13284,33.76879,37.20681,37.64337
22971,2014-08-28 19:15:00,32.93873297474461,32.39066,30.23427,34.13284,33.76879,37.20681
22972,2014-08-28 19:30:00,32.04692692580791,29.41216,32.39066,30.23427,34.13284,33.76879
22973,2014-08-28 19:45:00,31.19160022025432,28.37123,29.41216,32.39066,30.23427,34.13284
22974,2014-08-28 20:00:00,30.079662407021466,29.7424,28.37123,29.41216,32.39066,30.23427
22975,2014-08-28 20:15:00,29.978697828025446,29.13899,29.7424,28.37123,29.41216,32.39066
22976,2014-08-28 20:30:00,29.394769674426506,27.91104,29.13899,29.7424,28.37123,29.41216
22977,2014-08-28 20:45:00,29.090584180703225,27.08363,27.91104,29.13899,29.7424,28.37123
22978,2014-08-28 21:00:00,28.804886461981447,28.73773,27.08363,27.91104,29.13899,29.7424
22979,2014-08-28 21:15:00,28.63881215169304,27.47909,28.73773,27.08363,27.91104,29.13899
22980,2014-08-28 21:30:00,28.33299595039079,25.65495,27.47909,28.73773,27.08363,27.91104
22981,2014-08-28 21:45:00,27.865382173695807,29.44566,25.65495,27.47909,28.73773,27.08363
22982,2014-08-28 22:00:00,28.342911605639813,29.23198,29.44566,25.65495,27.47909,28.73773
22983,2014-08-28 22:15:00,28.489971855186344,27.77153,29.23198,29.44566,25.65495,27.47909
22984,2014-08-28 22:30:00,28.533408874209798,25.34292,27.77153,29.23198,29.44566,25.65495
22985,2014-08-28 22:45:00,28.380202631226787,26.7155,25.34292,27.77153,29.23198,29.44566
22986,2014-08-28 23:00:00,27.859211155667914,26.48183,26.7155,25.34292,27.77153,29.23198
22987,2014-08-28 23:15:00,27.363363564197268,25.9299,26.48183,26.7155,25.34292,27.77153
22988,2014-08-28 23:30:00,27.023318082856896,25.59263,25.9299,26.48183,26.7155,25.34292
22989,2014-08-28 23:45:00,27.045839593813273,25.58819,25.59263,25.9299,26.48183,26.7155
22990,2014-08-29 00:00:00,26.830043769878024,25.71484,25.58819,25.59263,25.9299,26.48183
22991,2014-08-29 00:15:00,26.691720488706366,22.67095,25.71484,25.58819,25.59263,25.9299
22992,2014-08-29 00:30:00,26.024992346732922,25.24289,22.67095,25.71484,25.58819,25.59263
22993,2014-08-29 00:45:00,25.96701543312274,25.43707,25.24289,22.67095,25.71484,25.58819
22994,2014-08-29 01:00:00,25.97180334089655,23.90693,25.43707,25.24289,22.67095,25.71484
22995,2014-08-29 01:15:00,25.631631543185918,26.24558,23.90693,25.43707,25.24289,22.67095
22996,2014-08-29 01:30:00,26.308942813845135,25.89213,26.24558,23.90693,25.43707,25.24289
22997,2014-08-29 01:45:00,26.452418382183996,26.68686,25.89213,26.24558,23.90693,25.43707
22998,2014-08-29 02:00:00,26.712633058811175,25.90303,26.68686,25.89213,26.24558,23.90693
22999,2014-08-29 02:15:00,27.066106236719765,25.67109,25.90303,26.68686,25.89213,26.24558
23000,2014-08-29 02:30:00,26.94677399189972,22.93379,25.67109,25.90303,26.68686,25.89213
23001,2014-08-29 02:45:00,26.32800347657177,26.54204,22.93379,25.67109,25.90303,26.68686
23002,2014-08-29 03:00:00,26.337716680423554,23.93056,26.54204,22.93379,25.67109,25.90303
23003,2014-08-29 03:15:00,25.963702420148824,26.92475,23.93056,26.54204,22.93379,25.67109
23004,2014-08-29 03:30:00,26.246654942677132,25.39293,26.92475,23.93056,26.54204,22.93379
23005,2014-08-29 03:45:00,26.690124555896684,25.97906,25.39293,26.92475,23.93056,26.54204
23006,2014-08-29 04:00:00,26.59836447792275,23.15418,25.97906,25.39293,26.92475,23.93056
23007,2014-08-29 04:15:00,26.382047125769635,25.65506,23.15418,25.97906,25.39293,26.92475
23008,2014-08-29 04:30:00,26.164662278537115,25.26045,25.65506,23.15418,25.97906,25.39293
23009,2014-08-29 04:45:00,26.157697953015187,28.59313,25.26045,25.65506,23.15418,25.97906
23010,2014-08-29 05:00:00,26.73212711498238,24.23801,28.59313,25.26045,25.65506,23.15418
23011,2014-08-29 05:15:00,26.87925183025494,28.36526,24.23801,28.59313,25.26045,25.65506
23012,2014-08-29 05:30:00,27.4162621754246,26.10154,28.36526,24.23801,28.59313,25.26045
23013,2014-08-29 05:45:00,27.556313865452474,29.08137,26.10154,28.36526,24.23801,28.59313
23014,2014-08-29 06:00:00,27.712513288919247,24.04623,29.08137,26.10154,28.36526,24.23801
23015,2014-08-29 06:15:00,27.587130982360556,27.5182,24.04623,29.08137,26.10154,28.36526
23016,2014-08-29 06:30:00,27.446654606541678,27.14549,27.5182,24.04623,29.08137,26.10154
23017,2014-08-29 06:45:00,27.65356660343527,27.18305,27.14549,27.5182,24.04623,29.08137
23018,2014-08-29 07:00:00,27.334627381487472,26.83738,27.18305,27.14549,27.5182,24.04623
23019,2014-08-29 07:15:00,27.827262550064958,29.39248,26.83738,27.18305,27.14549,27.5182
23020,2014-08-29 07:30:00,28.22657115751309,30.07509,29.39248,26.83738,27.18305,27.14549
23021,2014-08-29 07:45:00,28.824554611532015,30.53824,30.07509,29.39248,26.83738,27.18305
23022,2014-08-29 08:00:00,29.480094298753464,29.79225,30.53824,30.07509,29.39248,26.83738
23023,2014-08-29 08:15:00,30.01004991236236,29.24845,29.79225,30.53824,30.07509,29.39248
23024,2014-08-29 08:30:00,29.958088804091563,29.9582,29.24845,29.79225,30.53824,30.07509
23025,2014-08-29 08:45:00,29.937683415954204,32.04637,29.9582,29.24845,29.79225,30.53824
23026,2014-08-29 09:00:00,30.275485597766004,31.47744,32.04637,29.9582,29.24845,29.79225
23027,2014-08-29 09:15:00,30.61510037406798,32.17806,31.47744,32.04637,29.9582,29.24845
23028,2014-08-29 09:30:00,31.169580632804504,32.11854,32.17806,31.47744,32.04637,29.9582
23029,2014-08-29 09:45:00,31.567995173421743,33.89672,32.11854,32.17806,31.47744,32.04637
23030,2014-08-29 10:00:00,31.954338178813416,32.2712,33.89672,32.11854,32.17806,31.47744
23031,2014-08-29 10:15:00,32.091582699285325,33.88193,32.2712,33.89672,32.11854,32.17806
23032,2014-08-29 10:30:00,32.42371584988241,29.83223,33.88193,32.2712,33.89672,32.11854
23033,2014-08-29 10:45:00,31.9228754607838,34.19194,29.83223,33.88193,32.2712,33.89672
23034,2014-08-29 11:00:00,32.02079401910895,33.81265,34.19194,29.83223,33.88193,32.2712
23035,2014-08-29 11:15:00,32.34483737209078,36.39472,33.81265,34.19194,29.83223,33.88193
23036,2014-08-29 11:30:00,32.89796894943208,36.53869,36.39472,33.81265,34.19194,29.83223
23037,2014-08-29 11:45:00,34.164375283624885,38.70817,36.53869,36.39472,33.81265,34.19194
23038,2014-08-29 12:00:00,35.063753957757875,36.91776,38.70817,36.53869,36.39472,33.81265
23039,2014-08-29 12:15:00,35.62428306310207,37.55904,36.91776,38.70817,36.53869,36.39472
23040,2014-08-29 12:30:00,35.83330168433718,39.83513,37.55904,36.91776,38.70817,36.53869
23041,2014-08-29 12:45:00,36.48665912141191,41.72759,39.83513,37.55904,36.91776,38.70817
23042,2014-08-29 13:00:00,37.13579411062014,41.48503,41.72759,39.83513,37.55904,36.91776
23043,2014-08-29 13:15:00,38.014600016623675,38.91681,41.48503,41.72759,39.83513,37.55904
23044,2014-08-29 13:30:00,38.203723376340776,39.15319,38.91681,41.48503,41.72759,39.83513
23045,2014-08-29 13:45:00,38.030649758063845,45.49131,39.15319,38.91681,41.48503,41.72759
23046,2014-08-29 14:00:00,38.860464224006094,42.94928,45.49131,39.15319,38.91681,41.48503
23047,2014-08-29 14:15:00,39.19304036596467,41.04017,42.94928,45.49131,39.15319,38.91681
23048,2014-08-29 14:30:00,39.52916530726376,40.03502,41.04017,42.94928,45.49131,39.15319
23049,2014-08-29 14:45:00,39.59918266092028,40.35217,40.03502,41.04017,42.94928,45.49131
23050,2014-08-29 15:00:00,38.640930408130984,40.91432,40.35217,40.03502,41.04017,42.94928
23051,2014-08-29 15:15:00,38.285845242303296,40.87781,40.91432,40.35217,40.03502,41.04017
23052,2014-08-29 15:30:00,38.27017573794038,41.19108,40.87781,40.91432,40.35217,40.03502
23053,2014-08-29 15:45:00,38.49157390547164,41.65311,41.19108,40.87781,40.91432,40.35217
23054,2014-08-29 16:00:00,38.74510712540806,40.54227,41.65311,41.19108,40.87781,40.91432
23055,2014-08-29 16:15:00,38.660993110841446,41.46966,40.54227,41.65311,41.19108,40.87781
23056,2014-08-29 16:30:00,38.773233956853105,39.18432,41.46966,40.54227,41.65311,41.19108
23057,2014-08-29 16:45:00,38.359798406950006,39.98973,39.18432,41.46966,40.54227,41.65311
23058,2014-08-29 17:00:00,38.04080155763798,38.62628,39.98973,39.18432,41.46966,40.54227
23059,2014-08-29 17:15:00,37.655142536261685,35.74924,38.62628,39.98973,39.18432,41.46966
23060,2014-08-29 17:30:00,36.523987863803015,34.02382,35.74924,38.62628,39.98973,39.18432
23061,2014-08-29 17:45:00,35.473370907633075,37.07162,34.02382,35.74924,38.62628,39.98973
23062,2014-08-29 18:00:00,34.96490729021858,34.68974,37.07162,34.02382,35.74924,38.62628
23063,2014-08-29 18:15:00,34.23932510996664,32.90968,34.68974,37.07162,34.02382,35.74924
23064,2014-08-29 18:30:00,33.656256001002724,33.70141,32.90968,34.68974,37.07162,34.02382
23065,2014-08-29 18:45:00,33.56036044817334,34.66384,33.70141,32.90968,34.68974,37.07162
23066,2014-08-29 19:00:00,33.151579718791986,31.27201,34.66384,33.70141,32.90968,34.68974
23067,2014-08-29 19:15:00,32.47160055031725,31.8949,31.27201,34.66384,33.70141,32.90968
23068,2014-08-29 19:30:00,32.242030127324355,29.28947,31.8949,31.27201,34.66384,33.70141
23069,2014-08-29 19:45:00,31.35886960371806,31.66303,29.28947,31.8949,31.27201,34.66384
23070,2014-08-29 20:00:00,30.83027485238277,29.33047,31.66303,29.28947,31.8949,31.27201
23071,2014-08-29 20:15:00,30.444460926564894,28.55574,29.33047,31.66303,29.28947,31.8949
23072,2014-08-29 20:30:00,29.792756521477088,29.51833,28.55574,29.33047,31.66303,29.28947
23073,2014-08-29 20:45:00,29.82254416813674,28.00465,29.51833,28.55574,29.33047,31.66303
23074,2014-08-29 21:00:00,29.134836002711786,27.59306,28.00465,29.51833,28.55574,29.33047
23075,2014-08-29 21:15:00,28.786794507255344,28.80078,27.59306,28.00465,29.51833,28.55574
23076,2014-08-29 21:30:00,28.84090402328629,27.58834,28.80078,27.59306,28.00465,29.51833
23077,2014-08-29 21:45:00,28.481831143144838,26.01924,27.58834,28.80078,27.59306,28.00465
23078,2014-08-29 22:00:00,28.066870234972654,27.31933,26.01924,27.58834,28.80078,27.59306
23079,2014-08-29 22:15:00,28.008053415293304,27.06202,27.31933,26.01924,27.58834,28.80078
23080,2014-08-29 22:30:00,27.700441942261804,26.08587,27.06202,27.31933,26.01924,27.58834
23081,2014-08-29 22:45:00,27.409312397248552,28.67279,26.08587,27.06202,27.31933,26.01924
23082,2014-08-29 23:00:00,27.934392587709972,26.95051,28.67279,26.08587,27.06202,27.31933
23083,2014-08-29 23:15:00,27.867858683888148,28.1334,26.95051,28.67279,26.08587,27.06202
23084,2014-08-29 23:30:00,28.07955719389091,25.96136,28.1334,26.95051,28.67279,26.08587
23085,2014-08-29 23:45:00,28.00913278461748,28.08076,25.96136,28.1334,26.95051,28.67279
23086,2014-08-30 00:00:00,27.923120569083387,25.51547,28.08076,25.96136,28.1334,26.95051
23087,2014-08-30 00:15:00,27.621180481192255,25.86032,25.51547,28.08076,25.96136,28.1334
23088,2014-08-30 00:30:00,27.184562052762544,25.93798,25.86032,25.51547,28.08076,25.96136
23089,2014-08-30 00:45:00,27.166816367219482,28.07178,25.93798,25.86032,25.51547,28.08076
23090,2014-08-30 01:00:00,27.22633952711876,25.54953,28.07178,25.93798,25.86032,25.51547
23091,2014-08-30 01:15:00,27.21129119924091,26.82714,25.54953,28.07178,25.93798,25.86032
23092,2014-08-30 01:30:00,27.385765935265972,26.47123,26.82714,25.54953,28.07178,25.93798
23093,2014-08-30 01:45:00,27.477102155977605,27.43442,26.47123,26.82714,25.54953,28.07178
23094,2014-08-30 02:00:00,27.391311687016376,25.3306,27.43442,26.47123,26.82714,25.54953
23095,2014-08-30 02:15:00,27.313171586480237,25.07473,25.3306,27.43442,26.47123,26.82714
23096,2014-08-30 02:30:00,26.954146298178546,25.90965,25.07473,25.3306,27.43442,26.47123
23097,2014-08-30 02:45:00,26.850675286219456,24.80839,25.90965,25.07473,25.3306,27.43442
23098,2014-08-30 03:00:00,26.362335898554925,25.17598,24.80839,25.90965,25.07473,25.3306
23099,2014-08-30 03:15:00,26.328414162094337,26.82287,25.17598,24.80839,25.90965,25.07473
23100,2014-08-30 03:30:00,26.685760471380664,25.75827,26.82287,25.17598,24.80839,25.90965
23101,2014-08-30 03:45:00,26.66811634609105,25.41671,25.75827,26.82287,25.17598,24.80839
23102,2014-08-30 04:00:00,26.761276830763215,27.01853,25.41671,25.75827,26.82287,25.17598
23103,2014-08-30 04:15:00,27.11991650096531,27.67787,27.01853,25.41671,25.75827,26.82287
23104,2014-08-30 04:30:00,27.322454114325392,26.19201,27.67787,27.01853,25.41671,25.75827
23105,2014-08-30 04:45:00,27.389618090133865,27.52589,26.19201,27.67787,27.01853,25.41671
23106,2014-08-30 05:00:00,27.780640108210626,26.92131,27.52589,26.19201,27.67787,27.01853
23107,2014-08-30 05:15:00,27.761886497183845,27.11816,26.92131,27.52589,26.19201,27.67787
23108,2014-08-30 05:30:00,27.66512979502398,25.11251,27.11816,26.92131,27.52589,26.19201
23109,2014-08-30 05:45:00,27.41578637659402,25.4461,25.11251,27.11816,26.92131,27.52589
23110,2014-08-30 06:00:00,27.008448337198004,23.99041,25.4461,25.11251,27.11816,26.92131
23111,2014-08-30 06:15:00,26.42955064088752,24.54234,23.99041,25.4461,25.11251,27.11816
23112,2014-08-30 06:30:00,25.951136137278688,25.80423,24.54234,23.99041,25.4461,25.11251
23113,2014-08-30 06:45:00,26.108143389525587,27.61925,25.80423,24.54234,23.99041,25.4461
23114,2014-08-30 07:00:00,26.580223313267922,26.39906,27.61925,25.80423,24.54234,23.99041
23115,2014-08-30 07:15:00,27.03249820492788,27.76037,26.39906,27.61925,25.80423,24.54234
23116,2014-08-30 07:30:00,27.640455542097083,26.51675,27.76037,26.39906,27.61925,25.80423
23117,2014-08-30 07:45:00,27.754040866529305,28.30616,26.51675,27.76037,26.39906,27.61925
23118,2014-08-30 08:00:00,27.911470952723704,25.34979,28.30616,26.51675,27.76037,26.39906
23119,2014-08-30 08:15:00,27.670212920458738,27.26468,25.34979,28.30616,26.51675,27.76037
23120,2014-08-30 08:30:00,27.585115036163835,27.40805,27.26468,25.34979,28.30616,26.51675
23121,2014-08-30 08:45:00,27.763878218329687,28.73901,27.40805,27.26468,25.34979,28.30616
23122,2014-08-30 09:00:00,27.89734099309536,25.53968,28.73901,27.40805,27.26468,25.34979
23123,2014-08-30 09:15:00,27.87625466918351,26.80961,25.53968,28.73901,27.40805,27.26468
23124,2014-08-30 09:30:00,27.772251912272722,28.33417,26.80961,25.53968,28.73901,27.40805
23125,2014-08-30 09:45:00,27.978132272173696,29.6009,28.33417,26.80961,25.53968,28.73901
23126,2014-08-30 10:00:00,28.210694914374884,28.77986,29.6009,28.33417,26.80961,25.53968
23127,2014-08-30 10:15:00,28.81458746409971,27.16468,28.77986,29.6009,28.33417,26.80961
23128,2014-08-30 10:30:00,28.830034103787398,28.73693,27.16468,28.77986,29.6009,28.33417
23129,2014-08-30 10:45:00,28.903159054886345,32.83986,28.73693,27.16468,28.77986,29.6009
23130,2014-08-30 11:00:00,29.615574773101073,29.90609,32.83986,28.73693,27.16468,28.77986
23131,2014-08-30 11:15:00,29.841639211313016,32.65724,29.90609,32.83986,28.73693,27.16468
23132,2014-08-30 11:30:00,30.881677907428415,29.47312,32.65724,29.90609,32.83986,28.73693
23133,2014-08-30 11:45:00,30.962162267432923,31.75164,29.47312,32.65724,29.90609,32.83986
23134,2014-08-30 12:00:00,30.783395939341418,32.94014,31.75164,29.47312,32.65724,29.90609
23135,2014-08-30 12:15:00,31.382572579870534,32.01524,32.94014,31.75164,29.47312,32.65724
23136,2014-08-30 12:30:00,31.28734785958467,30.88392,32.01524,32.94014,31.75164,29.47312
23137,2014-08-30 12:45:00,31.503465953515995,35.54512,30.88392,32.01524,32.94014,31.75164
23138,2014-08-30 13:00:00,32.28018205848233,31.66527,35.54512,30.88392,32.01524,32.94014
23139,2014-08-30 13:15:00,32.0350657994822,34.14203,31.66527,35.54512,30.88392,32.01524
23140,2014-08-30 13:30:00,32.44480772368859,34.72671,34.14203,31.66527,35.54512,30.88392
23141,2014-08-30 13:45:00,33.172110284631664,36.79649,34.72671,34.14203,31.66527,35.54512
23142,2014-08-30 14:00:00,33.48727768721366,36.23709,36.79649,34.72671,34.14203,31.66527
23143,2014-08-30 14:15:00,34.34720278878426,35.56482,36.23709,36.79649,34.72671,34.14203
23144,2014-08-30 14:30:00,34.59314930931039,31.82495,35.56482,36.23709,36.79649,34.72671
23145,2014-08-30 14:45:00,33.950825889895256,32.49977,31.82495,35.56482,36.23709,36.79649
23146,2014-08-30 15:00:00,33.10779306916551,32.05072,32.49977,31.82495,35.56482,36.23709
23147,2014-08-30 15:15:00,32.32042710890957,27.78182,32.05072,32.49977,31.82495,35.56482
23148,2014-08-30 15:30:00,30.79783428137069,33.71897,27.78182,32.05072,32.49977,31.82495
23149,2014-08-30 15:45:00,31.203424333667446,29.87488,33.71897,27.78182,32.05072,32.49977
23150,2014-08-30 16:00:00,30.714226684702766,30.95087,29.87488,33.71897,27.78182,32.05072
23151,2014-08-30 16:15:00,30.516025201027052,32.2942,30.95087,29.87488,33.71897,27.78182
23152,2014-08-30 16:30:00,31.355267721952654,29.93482,32.2942,30.95087,29.87488,33.71897
23153,2014-08-30 16:45:00,30.64692661872816,28.8302,29.93482,32.2942,30.95087,29.87488
23154,2014-08-30 17:00:00,30.39133449954764,33.41441,28.8302,29.93482,32.2942,30.95087
23155,2014-08-30 17:15:00,30.913519854163113,29.67713,33.41441,28.8302,29.93482,32.2942
23156,2014-08-30 17:30:00,30.428285990877853,31.11978,29.67713,33.41441,28.8302,29.93482
23157,2014-08-30 17:45:00,30.642812373645686,32.26315,31.11978,29.67713,33.41441,28.8302
23158,2014-08-30 18:00:00,31.290386860298675,32.86755,32.26315,31.11978,29.67713,33.41441
23159,2014-08-30 18:15:00,31.244423302229936,32.57782,32.86755,32.26315,31.11978,29.67713
23160,2014-08-30 18:30:00,31.78372572404112,33.83865,32.57782,32.86755,32.26315,31.11978
23161,2014-08-30 18:45:00,32.30761505376419,33.97825,33.83865,32.57782,32.86755,32.26315
23162,2014-08-30 19:00:00,32.64510410831954,28.17057,33.97825,33.83865,32.57782,32.86755
23163,2014-08-30 19:15:00,31.65696837905884,28.37278,28.17057,33.97825,33.83865,32.57782
23164,2014-08-30 19:30:00,30.78177789955087,29.06627,28.37278,28.17057,33.97825,33.83865
23165,2014-08-30 19:45:00,29.89043136449697,31.44091,29.06627,28.37278,28.17057,33.97825
23166,2014-08-30 20:00:00,29.511169763222984,27.4686,31.44091,29.06627,28.37278,28.17057
23167,2014-08-30 20:15:00,29.33531444696428,30.00877,27.4686,31.44091,29.06627,28.37278
23168,2014-08-30 20:30:00,29.63577225646664,28.16888,30.00877,27.4686,31.44091,29.06627
23169,2014-08-30 20:45:00,29.442989092592597,27.17234,28.16888,30.00877,27.4686,31.44091
23170,2014-08-30 21:00:00,28.62932362850221,27.7624,27.17234,28.16888,30.00877,27.4686
23171,2014-08-30 21:15:00,28.66071271985707,29.29139,27.7624,27.17234,28.16888,30.00877
23172,2014-08-30 21:30:00,28.575074714756433,27.15277,29.29139,27.7624,27.17234,28.16888
23173,2014-08-30 21:45:00,28.372281510714398,28.54351,27.15277,29.29139,27.7624,27.17234
23174,2014-08-30 22:00:00,28.62548632744814,27.2858,28.54351,27.15277,29.29139,27.7624
23175,2014-08-30 22:15:00,28.51629633667144,29.64801,27.2858,28.54351,27.15277,29.29139
23176,2014-08-30 22:30:00,28.62916784250332,27.84551,29.64801,27.2858,28.54351,27.15277
23177,2014-08-30 22:45:00,28.745089152417435,27.84174,27.84551,29.64801,27.2858,28.54351
23178,2014-08-30 23:00:00,28.601338788871363,27.52433,27.84174,27.84551,29.64801,27.2858
23179,2014-08-30 23:15:00,28.619925711701626,25.64738,27.52433,27.84174,27.84551,29.64801
23180,2014-08-30 23:30:00,27.840736871291682,24.6561,25.64738,27.52433,27.84174,27.84551
23181,2014-08-30 23:45:00,27.19599401094708,26.8367,24.6561,25.64738,27.52433,27.84174
23182,2014-08-31 00:00:00,27.03456436049758,28.53494,26.8367,24.6561,25.64738,27.52433
23183,2014-08-31 00:15:00,27.299079821073946,25.91301,28.53494,26.8367,24.6561,25.64738
23184,2014-08-31 00:30:00,27.332791734802733,27.05636,25.91301,28.53494,26.8367,24.6561
23185,2014-08-31 00:45:00,27.75674031245158,25.85836,27.05636,25.91301,28.53494,26.8367
23186,2014-08-31 01:00:00,27.54897839574231,27.27307,25.85836,27.05636,25.91301,28.53494
23187,2014-08-31 01:15:00,27.343409677744948,24.68548,27.27307,25.85836,27.05636,25.91301
23188,2014-08-31 01:30:00,27.072232830551698,24.31061,24.68548,27.27307,25.85836,27.05636
23189,2014-08-31 01:45:00,26.52443578230153,25.6226,24.31061,24.68548,27.27307,25.85836
23190,2014-08-31 02:00:00,26.485650499563924,24.53473,25.6226,24.31061,24.68548,27.27307
23191,2014-08-31 02:15:00,25.986337265516482,25.99685,24.53473,25.6226,24.31061,24.68548
23192,2014-08-31 02:30:00,26.250770436147953,24.43367,25.99685,24.53473,25.6226,24.31061
23193,2014-08-31 02:45:00,26.252693517628206,24.8006,24.43367,25.99685,24.53473,25.6226
23194,2014-08-31 03:00:00,26.094046962305818,25.62081,24.8006,24.43367,25.99685,24.53473
23195,2014-08-31 03:15:00,26.305780455242914,25.01967,25.62081,24.8006,24.43367,25.99685
23196,2014-08-31 03:30:00,26.133817044387257,25.39064,25.01967,25.62081,24.8006,24.43367
23197,2014-08-31 03:45:00,26.311203308341412,25.97623,25.39064,25.01967,25.62081,24.8006
23198,2014-08-31 04:00:00,26.541553360772344,25.72978,25.97623,25.39064,25.01967,25.62081
23199,2014-08-31 04:15:00,26.570325441749894,25.77682,25.72978,25.97623,25.39064,25.01967
23200,2014-08-31 04:30:00,26.708403620332728,24.83114,25.77682,25.72978,25.97623,25.39064
23201,2014-08-31 04:45:00,26.581092359037203,25.83289,24.83114,25.77682,25.72978,25.97623
23202,2014-08-31 05:00:00,26.562244041169517,23.80269,25.83289,24.83114,25.77682,25.72978
23203,2014-08-31 05:15:00,26.172984106628526,24.90753,23.80269,25.83289,24.83114,25.77682
23204,2014-08-31 05:30:00,26.011406375989772,25.2841,24.90753,23.80269,25.83289,24.83114
23205,2014-08-31 05:45:00,26.10835991630281,26.86063,25.2841,24.90753,23.80269,25.83289
23206,2014-08-31 06:00:00,26.35349689958866,25.26658,26.86063,25.2841,24.90753,23.80269
23207,2014-08-31 06:15:00,26.612296176176805,25.10212,25.26658,26.86063,25.2841,24.90753
23208,2014-08-31 06:30:00,26.62363956275345,25.30113,25.10212,25.26658,26.86063,25.2841
23209,2014-08-31 06:45:00,26.614345305226585,23.71005,25.30113,25.10212,25.26658,26.86063
23210,2014-08-31 07:00:00,26.005725983290123,26.10434,23.71005,25.30113,25.10212,25.26658
23211,2014-08-31 07:15:00,26.18877328763405,23.26144,26.10434,23.71005,25.30113,25.10212
23212,2014-08-31 07:30:00,25.817141662391812,26.75769,23.26144,26.10434,23.71005,25.30113
23213,2014-08-31 07:45:00,26.13437419083015,26.44039,26.75769,23.26144,26.10434,23.71005
23214,2014-08-31 08:00:00,26.66746160810429,26.67956,26.44039,26.75769,23.26144,26.10434
23215,2014-08-31 08:15:00,26.8021557345889,23.74964,26.67956,26.44039,26.75769,23.26144
23216,2014-08-31 08:30:00,26.815059450287393,24.89502,23.74964,26.67956,26.44039,26.75769
23217,2014-08-31 08:45:00,26.449383836226342,25.48937,24.89502,23.74964,26.67956,26.44039
23218,2014-08-31 09:00:00,26.291274701699308,25.73111,25.48937,24.89502,23.74964,26.67956
23219,2014-08-31 09:15:00,26.148979270739304,23.67332,25.73111,25.48937,24.89502,23.74964
23220,2014-08-31 09:30:00,26.091120165323456,27.40478,23.67332,25.73111,25.48937,24.89502
23221,2014-08-31 09:45:00,26.60221269478163,28.10954,27.40478,23.67332,25.73111,25.48937
23222,2014-08-31 10:00:00,27.154357392974177,27.98305,28.10954,27.40478,23.67332,25.73111
23223,2014-08-31 10:15:00,27.60589372471085,29.11124,27.98305,28.10954,27.40478,23.67332
23224,2014-08-31 10:30:00,28.621875370188675,29.52869,29.11124,27.98305,28.10954,27.40478
23225,2014-08-31 10:45:00,29.039243969699246,30.88366,29.52869,29.11124,27.98305,28.10954
23226,2014-08-31 11:00:00,29.595122974727985,31.47421,30.88366,29.52869,29.11124,27.98305
23227,2014-08-31 11:15:00,30.273709103787432,30.81556,31.47421,30.88366,29.52869,29.11124
23228,2014-08-31 11:30:00,30.588683234352434,30.51618,30.81556,31.47421,30.88366,29.52869
23229,2014-08-31 11:45:00,30.75059952797338,32.04713,30.51618,30.81556,31.47421,30.88366
23230,2014-08-31 12:00:00,30.98916553339217,34.49368,32.04713,30.51618,30.81556,31.47421
23231,2014-08-31 12:15:00,31.628944418867178,31.70159,34.49368,32.04713,30.51618,30.81556
23232,2014-08-31 12:30:00,31.780191069805916,30.37312,31.70159,34.49368,32.04713,30.51618
23233,2014-08-31 12:45:00,31.682305719125416,31.34756,30.37312,31.70159,34.49368,32.04713
23234,2014-08-31 13:00:00,31.528936334866515,34.47259,31.34756,30.37312,31.70159,34.49368
23235,2014-08-31 13:15:00,31.616447567850614,31.77259,34.47259,31.34756,30.37312,31.70159
23236,2014-08-31 13:30:00,31.63217394553738,34.60713,31.77259,34.47259,31.34756,30.37312
23237,2014-08-31 13:45:00,32.443235311161246,33.21511,34.60713,31.77259,34.47259,31.34756
23238,2014-08-31 14:00:00,32.779372893368915,31.65571,33.21511,34.60713,31.77259,34.47259
23239,2014-08-31 14:15:00,32.22513765134131,33.83772,31.65571,33.21511,34.60713,31.77259
23240,2014-08-31 14:30:00,32.610842840958604,33.14538,33.83772,31.65571,33.21511,34.60713
23241,2014-08-31 14:45:00,32.360388135436786,34.41495,33.14538,33.83772,31.65571,33.21511
23242,2014-08-31 15:00:00,32.61562577496595,32.79483,34.41495,33.14538,33.83772,31.65571
23243,2014-08-31 15:15:00,32.79909796522823,31.73015,32.79483,34.41495,33.14538,33.83772
23244,2014-08-31 15:30:00,32.36739405564901,34.33011,31.73015,32.79483,34.41495,33.14538
23245,2014-08-31 15:45:00,32.613448922833314,31.8508,34.33011,31.73015,32.79483,34.41495
23246,2014-08-31 16:00:00,32.12972247353741,36.01234,31.8508,34.33011,31.73015,32.79483
23247,2014-08-31 16:15:00,32.79219149146519,32.68634,36.01234,31.8508,34.33011,31.73015
23248,2014-08-31 16:30:00,32.94234605407338,33.06661,32.68634,36.01234,31.8508,34.33011
23249,2014-08-31 16:45:00,32.69126086017009,31.41462,33.06661,32.68634,36.01234,31.8508
23250,2014-08-31 17:00:00,32.547152055848116,29.96899,31.41462,33.06661,32.68634,36.01234
23251,2014-08-31 17:15:00,31.3856720368868,31.21666,29.96899,31.41462,33.06661,32.68634
23252,2014-08-31 17:30:00,31.108067678092628,32.00389,31.21666,29.96899,31.41462,33.06661
23253,2014-08-31 17:45:00,30.950232082751597,32.67628,32.00389,31.21666,29.96899,31.41462
23254,2014-08-31 18:00:00,31.22361436303277,33.02907,32.67628,32.00389,31.21666,29.96899
23255,2014-08-31 18:15:00,31.806972476168426,29.50255,33.02907,32.67628,32.00389,31.21666
23256,2014-08-31 18:30:00,31.417371306834447,30.72957,29.50255,33.02907,32.67628,32.00389
23257,2014-08-31 18:45:00,31.148635396087528,29.03661,30.72957,29.50255,33.02907,32.67628
23258,2014-08-31 19:00:00,30.4406407935606,29.65477,29.03661,30.72957,29.50255,33.02907
23259,2014-08-31 19:15:00,29.82267179673066,28.7006,29.65477,29.03661,30.72957,29.50255
23260,2014-08-31 19:30:00,29.65046057786631,28.16013,28.7006,29.65477,29.03661,30.72957
23261,2014-08-31 19:45:00,29.157369041590997,28.62458,28.16013,28.7006,29.65477,29.03661
23262,2014-08-31 20:00:00,29.075366639551294,27.4952,28.62458,28.16013,28.7006,29.65477
23263,2014-08-31 20:15:00,28.66024852199526,28.60184,27.4952,28.62458,28.16013,28.7006
23264,2014-08-31 20:30:00,28.652083540035207,28.68114,28.60184,27.4952,28.62458,28.16013
23265,2014-08-31 20:45:00,28.76152003488542,26.99305,28.68114,28.60184,27.4952,28.62458
23266,2014-08-31 21:00:00,28.433589549612137,27.28496,26.99305,28.68114,28.60184,27.4952
23267,2014-08-31 21:15:00,28.368565700686222,28.34954,27.28496,26.99305,28.68114,28.60184
23268,2014-08-31 21:30:00,28.342257419478585,26.61124,28.34954,27.28496,26.99305,28.68114
23269,2014-08-31 21:45:00,27.94724583091199,26.98713,26.61124,28.34954,27.28496,26.99305
23270,2014-08-31 22:00:00,27.929070288177442,28.16785,26.98713,26.61124,28.34954,27.28496
23271,2014-08-31 22:15:00,28.112258457822573,25.38453,28.16785,26.98713,26.61124,28.34954
23272,2014-08-31 22:30:00,27.531060818989452,28.01157,25.38453,28.16785,26.98713,26.61124
23273,2014-08-31 22:45:00,27.80559595388295,26.38076,28.01157,25.38453,28.16785,26.98713
23274,2014-08-31 23:00:00,27.683327513459254,27.9758,26.38076,28.01157,25.38453,28.16785
23275,2014-08-31 23:15:00,27.679930484797254,24.45217,27.9758,26.38076,28.01157,25.38453
23276,2014-08-31 23:30:00,27.437261865954746,24.03316,24.45217,27.9758,26.38076,28.01157
23277,2014-08-31 23:45:00,26.647518713022542,25.38602,24.03316,24.45217,27.9758,26.38076
23278,2014-09-01 00:00:00,26.46342753310111,27.10783,25.38602,24.03316,24.45217,27.9758
23279,2014-09-01 00:15:00,26.37684498330219,27.13849,27.10783,25.38602,24.03316,24.45217
23280,2014-09-01 00:30:00,26.911229670589602,26.84696,27.13849,27.10783,25.38602,24.03316
23281,2014-09-01 00:45:00,27.427877234632227,28.01108,26.84696,27.13849,27.10783,25.38602
23282,2014-09-01 01:00:00,27.927116850478434,27.65779,28.01108,26.84696,27.13849,27.10783
23283,2014-09-01 01:15:00,28.039001624080974,26.83065,27.65779,28.01108,26.84696,27.13849
23284,2014-09-01 01:30:00,27.964433993876625,28.31783,26.83065,27.65779,28.01108,26.84696
23285,2014-09-01 01:45:00,28.24901201561599,26.12455,28.31783,26.83065,27.65779,28.01108
23286,2014-09-01 02:00:00,27.874019376624176,27.50522,26.12455,28.31783,26.83065,27.65779
23287,2014-09-01 02:15:00,27.85012770280928,24.9995,27.50522,26.12455,28.31783,26.83065
23288,2014-09-01 02:30:00,27.462485236348776,26.6435,24.9995,27.50522,26.12455,28.31783
23289,2014-09-01 02:45:00,27.1630959181243,25.73835,26.6435,24.9995,27.50522,26.12455
23290,2014-09-01 03:00:00,27.08162088512018,26.34485,25.73835,26.6435,24.9995,27.50522
23291,2014-09-01 03:15:00,26.883617536081637,26.80342,26.34485,25.73835,26.6435,24.9995
23292,2014-09-01 03:30:00,27.226370895105056,26.32536,26.80342,26.34485,25.73835,26.6435
23293,2014-09-01 03:45:00,27.17127243062104,27.24771,26.32536,26.80342,26.34485,25.73835
23294,2014-09-01 04:00:00,27.462419239201942,27.55269,27.24771,26.32536,26.80342,26.34485
23295,2014-09-01 04:15:00,27.703844766006334,27.02224,27.55269,27.24771,26.32536,26.80342
23296,2014-09-01 04:30:00,27.743961518969037,26.42191,27.02224,27.55269,27.24771,26.32536
23297,2014-09-01 04:45:00,27.73709427408581,26.47721,26.42191,27.02224,27.55269,27.24771
23298,2014-09-01 05:00:00,27.582011775077355,26.35051,26.47721,26.42191,27.02224,27.55269
23299,2014-09-01 05:15:00,27.357271160641588,25.64809,26.35051,26.47721,26.42191,27.02224
23300,2014-09-01 05:30:00,27.088237999437382,26.0758,25.64809,26.35051,26.47721,26.42191
23301,2014-09-01 05:45:00,27.02113287308738,25.80624,26.0758,25.64809,26.35051,26.47721
23302,2014-09-01 06:00:00,26.895508082881797,27.09174,25.80624,26.0758,25.64809,26.35051
23303,2014-09-01 06:15:00,27.061581339885777,27.68894,27.09174,25.80624,26.0758,25.64809
23304,2014-09-01 06:30:00,27.47072982005134,29.54479,27.68894,27.09174,25.80624,26.0758
23305,2014-09-01 06:45:00,28.170583938711307,27.47547,29.54479,27.68894,27.09174,25.80624
23306,2014-09-01 07:00:00,28.46174253626449,26.29527,27.47547,29.54479,27.68894,27.09174
23307,2014-09-01 07:15:00,28.259650953741357,26.98169,26.29527,27.47547,29.54479,27.68894
23308,2014-09-01 07:30:00,28.106819562521675,26.91256,26.98169,26.29527,27.47547,29.54479
23309,2014-09-01 07:45:00,27.63332070328297,26.05234,26.91256,26.98169,26.29527,27.47547
23310,2014-09-01 08:00:00,27.358087373397115,29.43354,26.05234,26.91256,26.98169,26.29527
23311,2014-09-01 08:15:00,27.995867971980246,27.27846,29.43354,26.05234,26.91256,26.98169
23312,2014-09-01 08:30:00,28.055862369082412,27.87836,27.27846,29.43354,26.05234,26.91256
23313,2014-09-01 08:45:00,28.231035747268223,29.13455,27.87836,27.27846,29.43354,26.05234
23314,2014-09-01 09:00:00,28.81459274269377,26.51761,29.13455,27.87836,27.27846,29.43354
23315,2014-09-01 09:15:00,28.250242548804366,28.34548,26.51761,29.13455,27.87836,27.27846
23316,2014-09-01 09:30:00,28.4475811951418,30.29783,28.34548,26.51761,29.13455,27.87836
23317,2014-09-01 09:45:00,28.9514996885756,29.74024,30.29783,28.34548,26.51761,29.13455
23318,2014-09-01 10:00:00,29.103463358713253,32.73315,29.74024,30.29783,28.34548,26.51761
23319,2014-09-01 10:15:00,30.31131539840375,30.84365,32.73315,29.74024,30.29783,28.34548
23320,2014-09-01 10:30:00,30.770619524940702,31.66586,30.84365,32.73315,29.74024,30.29783
23321,2014-09-01 10:45:00,31.026474167044633,33.89523,31.66586,30.84365,32.73315,29.74024
23322,2014-09-01 11:00:00,31.83663843697483,34.33982,33.89523,31.66586,30.84365,32.73315
23323,2014-09-01 11:15:00,32.192844191556276,33.32624,34.33982,33.89523,31.66586,30.84365
23324,2014-09-01 11:30:00,32.64375941796857,34.95508,33.32624,34.33982,33.89523,31.66586
23325,2014-09-01 11:45:00,33.263805858075486,34.97089,34.95508,33.32624,34.33982,33.89523
23326,2014-09-01 12:00:00,33.483778211705584,34.13153,34.97089,34.95508,33.32624,34.33982
23327,2014-09-01 12:15:00,33.43876259829247,34.90102,34.13153,34.97089,34.95508,33.32624
23328,2014-09-01 12:30:00,33.72615651292496,35.67378,34.90102,34.13153,34.97089,34.95508
23329,2014-09-01 12:45:00,33.8851529157846,36.61099,35.67378,34.90102,34.13153,34.97089
23330,2014-09-01 13:00:00,34.2293593813427,35.25015,36.61099,35.67378,34.90102,34.13153
23331,2014-09-01 13:15:00,34.42203738516696,36.53055,35.25015,36.61099,35.67378,34.90102
23332,2014-09-01 13:30:00,34.730079829353926,36.85814,36.53055,35.25015,36.61099,35.67378
23333,2014-09-01 13:45:00,34.96753019635064,33.84378,36.85814,36.53055,35.25015,36.61099
23334,2014-09-01 14:00:00,34.40608238977246,32.07274,33.84378,36.85814,36.53055,35.25015
23335,2014-09-01 14:15:00,33.72472240187425,33.62543,32.07274,33.84378,36.85814,36.53055
23336,2014-09-01 14:30:00,33.17687500327786,32.90591,33.62543,32.07274,33.84378,36.85814
23337,2014-09-01 14:45:00,32.46061647254563,32.20494,32.90591,33.62543,32.07274,33.84378
23338,2014-09-01 15:00:00,32.144663556281735,34.14907,32.20494,32.90591,33.62543,32.07274
23339,2014-09-01 15:15:00,32.55011691413227,35.14837,34.14907,32.20494,32.90591,33.62543
23340,2014-09-01 15:30:00,32.886325538840815,37.26465,35.14837,34.14907,32.20494,32.90591
23341,2014-09-01 15:45:00,33.768136094699564,34.2187,37.26465,35.14837,34.14907,32.20494
23342,2014-09-01 16:00:00,34.1047577004325,35.68208,34.2187,37.26465,35.14837,34.14907
23343,2014-09-01 16:15:00,34.37528780103325,32.97515,35.68208,34.2187,37.26465,35.14837
23344,2014-09-01 16:30:00,33.914669665363164,34.20168,32.97515,35.68208,34.2187,37.26465
23345,2014-09-01 16:45:00,33.349845491648956,34.78425,34.20168,32.97515,35.68208,34.2187
23346,2014-09-01 17:00:00,33.4691276603517,37.11937,34.78425,34.20168,32.97515,35.68208
23347,2014-09-01 17:15:00,33.813739978908224,36.76644,37.11937,34.78425,34.20168,32.97515
23348,2014-09-01 17:30:00,34.54365627958606,33.62221,36.76644,37.11937,34.78425,34.20168
23349,2014-09-01 17:45:00,34.36914019717795,35.60978,33.62221,36.76644,37.11937,34.78425
23350,2014-09-01 18:00:00,34.50167846866565,36.37178,35.60978,33.62221,36.76644,37.11937
23351,2014-09-01 18:15:00,34.400547129508546,34.39165,36.37178,35.60978,33.62221,36.76644
23352,2014-09-01 18:30:00,33.95277830112256,34.41968,34.39165,36.37178,35.60978,33.62221
23353,2014-09-01 18:45:00,34.06278507259985,32.99561,34.41968,34.39165,36.37178,35.60978
23354,2014-09-01 19:00:00,33.535758220816746,34.67909,32.99561,34.41968,34.39165,36.37178
23355,2014-09-01 19:15:00,33.244787357645954,33.08602,34.67909,32.99561,34.41968,34.39165
23356,2014-09-01 19:30:00,32.98944332977095,33.71189,33.08602,34.67909,32.99561,34.41968
23357,2014-09-01 19:45:00,32.85962337462437,31.50465,33.71189,33.08602,34.67909,32.99561
23358,2014-09-01 20:00:00,32.53082420803146,31.78535,31.50465,33.71189,33.08602,34.67909
23359,2014-09-01 20:15:00,31.974603647886283,29.29735,31.78535,31.50465,33.71189,33.08602
23360,2014-09-01 20:30:00,31.21051115650068,31.64337,29.29735,31.78535,31.50465,33.71189
23361,2014-09-01 20:45:00,30.84905730180627,30.06485,31.64337,29.29735,31.78535,31.50465
23362,2014-09-01 21:00:00,30.57431092573124,29.8737,30.06485,31.64337,29.29735,31.78535
23363,2014-09-01 21:15:00,30.211563798324306,28.0675,29.8737,30.06485,31.64337,29.29735
23364,2014-09-01 21:30:00,29.923515610652824,30.72216,28.0675,29.8737,30.06485,31.64337
23365,2014-09-01 21:45:00,29.78764905086102,28.95623,30.72216,28.0675,29.8737,30.06485
23366,2014-09-01 22:00:00,29.580332223896182,27.67451,28.95623,30.72216,28.0675,29.8737
23367,2014-09-01 22:15:00,29.135591308885466,29.60213,27.67451,28.95623,30.72216,28.0675
23368,2014-09-01 22:30:00,29.421223599415953,29.5258,29.60213,27.67451,28.95623,30.72216
23369,2014-09-01 22:45:00,29.23214096943423,31.43294,29.5258,29.60213,27.67451,28.95623
23370,2014-09-01 23:00:00,29.74562850512242,28.31573,31.43294,29.5258,29.60213,27.67451
23371,2014-09-01 23:15:00,29.81841150779559,26.14408,28.31573,31.43294,29.5258,29.60213
23372,2014-09-01 23:30:00,29.08763872034358,27.05963,26.14408,28.31573,31.43294,29.5258
23373,2014-09-01 23:45:00,28.5929150345305,24.04108,27.05963,26.14408,28.31573,31.43294
23374,2014-09-02 00:00:00,27.177416369416946,27.55755,24.04108,27.05963,26.14408,28.31573
23375,2014-09-02 00:15:00,27.078178842158902,26.24928,27.55755,24.04108,27.05963,26.14408
23376,2014-09-02 00:30:00,27.1096028232359,26.34998,26.24928,27.55755,24.04108,27.05963
23377,2014-09-02 00:45:00,26.987843817325388,24.803,26.34998,26.24928,27.55755,24.04108
23378,2014-09-02 01:00:00,27.07506211639801,25.73543,24.803,26.34998,26.24928,27.55755
23379,2014-09-02 01:15:00,26.738902201156222,27.18967,25.73543,24.803,26.34998,26.24928
23380,2014-09-02 01:30:00,26.9531093584924,25.64147,27.18967,25.73543,24.803,26.34998
23381,2014-09-02 01:45:00,26.82298733963543,25.48334,25.64147,27.18967,25.73543,24.803
23382,2014-09-02 02:00:00,26.922139012322994,25.53922,25.48334,25.64147,27.18967,25.73543
23383,2014-09-02 02:15:00,26.871071072479275,25.98181,25.53922,25.48334,25.64147,27.18967
23384,2014-09-02 02:30:00,26.664309847099325,24.42122,25.98181,25.53922,25.48334,25.64147
23385,2014-09-02 02:45:00,26.412347217761067,24.25938,24.42122,25.98181,25.53922,25.48334
23386,2014-09-02 03:00:00,26.15807134161593,25.75459,24.25938,24.42122,25.98181,25.53922
23387,2014-09-02 03:15:00,26.219254860698157,25.64254,25.75459,24.25938,24.42122,25.98181
23388,2014-09-02 03:30:00,26.184964499120497,25.50076,25.64254,25.75459,24.25938,24.42122
23389,2014-09-02 03:45:00,26.387212815307958,27.20508,25.50076,25.64254,25.75459,24.25938
23390,2014-09-02 04:00:00,26.960552467072937,28.74055,27.20508,25.50076,25.64254,25.75459
23391,2014-09-02 04:15:00,27.575219894294296,25.65145,28.74055,27.20508,25.50076,25.64254
23392,2014-09-02 04:30:00,27.542532706089894,27.88744,25.65145,28.74055,27.20508,25.50076
23393,2014-09-02 04:45:00,27.98166895391289,30.37677,27.88744,25.65145,28.74055,27.20508
23394,2014-09-02 05:00:00,28.64007763426683,28.28624,30.37677,27.88744,25.65145,28.74055
23395,2014-09-02 05:15:00,28.574880683780975,27.76018,28.28624,30.37677,27.88744,25.65145
23396,2014-09-02 05:30:00,28.920195591098373,29.86406,27.76018,28.28624,30.37677,27.88744
23397,2014-09-02 05:45:00,29.303337490951215,27.37267,29.86406,27.76018,28.28624,30.37677
23398,2014-09-02 06:00:00,28.734170575478643,30.61564,27.37267,29.86406,27.76018,28.28624
23399,2014-09-02 06:15:00,29.207209378625606,29.38025,30.61564,27.37267,29.86406,27.76018
23400,2014-09-02 06:30:00,29.513212093516533,31.36148,29.38025,30.61564,27.37267,29.86406
23401,2014-09-02 06:45:00,29.839071744256415,30.4749,31.36148,29.38025,30.61564,27.37267
23402,2014-09-02 07:00:00,30.40676422572441,31.567,30.4749,31.36148,29.38025,30.61564
23403,2014-09-02 07:15:00,30.60654481180504,28.51846,31.567,30.4749,31.36148,29.38025
23404,2014-09-02 07:30:00,30.385248933236184,29.72826,28.51846,31.567,30.4749,31.36148
23405,2014-09-02 07:45:00,30.067830086338823,31.63512,29.72826,28.51846,31.567,30.4749
23406,2014-09-02 08:00:00,30.326199004210675,31.93258,31.63512,29.72826,28.51846,31.567
23407,2014-09-02 08:15:00,30.45094451120285,30.2018,31.93258,31.63512,29.72826,28.51846
23408,2014-09-02 08:30:00,30.732518508146462,31.26784,30.2018,31.93258,31.63512,29.72826
23409,2014-09-02 08:45:00,31.005174940362238,28.68193,31.26784,30.2018,31.93258,31.63512
23410,2014-09-02 09:00:00,30.41018495697505,33.67436,28.68193,31.26784,30.2018,31.93258
23411,2014-09-02 09:15:00,30.812113272335676,30.98409,33.67436,28.68193,31.26784,30.2018
23412,2014-09-02 09:30:00,30.96417263522405,35.31506,30.98409,33.67436,28.68193,31.26784
23413,2014-09-02 09:45:00,31.79788716698728,34.6983,35.31506,30.98409,33.67436,28.68193
23414,2014-09-02 10:00:00,32.93566817782042,34.83864,34.6983,35.31506,30.98409,33.67436
23415,2014-09-02 10:15:00,33.175313729779106,35.1845,34.83864,34.6983,35.31506,30.98409
23416,2014-09-02 10:30:00,33.94085601997962,36.16482,35.1845,34.83864,34.6983,35.31506
23417,2014-09-02 10:45:00,34.128838382772244,36.48189,36.16482,35.1845,34.83864,34.6983
23418,2014-09-02 11:00:00,34.483157867718425,35.92926,36.48189,36.16482,35.1845,34.83864
23419,2014-09-02 11:15:00,34.68097467336538,34.06654,35.92926,36.48189,36.16482,35.1845
23420,2014-09-02 11:30:00,34.42091640878017,37.62112,34.06654,35.92926,36.48189,36.16482
23421,2014-09-02 11:45:00,34.73402192308341,35.06664,37.62112,34.06654,35.92926,36.48189
23422,2014-09-02 12:00:00,34.46884686237399,36.06401,35.06664,37.62112,34.06654,35.92926
23423,2014-09-02 12:15:00,34.49753170153975,37.16258,36.06401,35.06664,37.62112,34.06654
23424,2014-09-02 12:30:00,35.08421531956935,38.56583,37.16258,36.06401,35.06664,37.62112
23425,2014-09-02 12:45:00,35.32397901939328,36.35081,38.56583,37.16258,36.06401,35.06664
23426,2014-09-02 13:00:00,35.536662082098324,39.43654,36.35081,38.56583,37.16258,36.06401
23427,2014-09-02 13:15:00,36.19358788130346,42.31348,39.43654,36.35081,38.56583,37.16258
23428,2014-09-02 13:30:00,37.245482420095,37.21526,42.31348,39.43654,36.35081,38.56583
23429,2014-09-02 13:45:00,36.954487757089304,39.18924,37.21526,42.31348,39.43654,36.35081
23430,2014-09-02 14:00:00,37.43803931524819,40.94071,39.18924,37.21526,42.31348,39.43654
23431,2014-09-02 14:15:00,37.752263422822345,40.94782,40.94071,39.18924,37.21526,42.31348
23432,2014-09-02 14:30:00,37.560060721883104,40.66094,40.94782,40.94071,39.18924,37.21526
23433,2014-09-02 14:45:00,38.19076865930363,41.08494,40.66094,40.94782,40.94071,39.18924
23434,2014-09-02 15:00:00,38.538536761843886,41.95354,41.08494,40.66094,40.94782,40.94071
23435,2014-09-02 15:15:00,38.7508683977063,38.95416,41.95354,41.08494,40.66094,40.94782
23436,2014-09-02 15:30:00,38.33332970039615,36.14985,38.95416,41.95354,41.08494,40.66094
23437,2014-09-02 15:45:00,37.388793975652945,40.79234,36.14985,38.95416,41.95354,41.08494
23438,2014-09-02 16:00:00,37.37313860342344,38.02629,40.79234,36.14985,38.95416,41.95354
23439,2014-09-02 16:15:00,36.66297741964546,37.24494,38.02629,40.79234,36.14985,38.95416
23440,2014-09-02 16:30:00,36.31667306338284,37.94181,37.24494,38.02629,40.79234,36.14985
23441,2014-09-02 16:45:00,36.61785750456082,38.50924,37.94181,37.24494,38.02629,40.79234
23442,2014-09-02 17:00:00,36.228046456103904,39.68201,38.50924,37.94181,37.24494,38.02629
23443,2014-09-02 17:15:00,36.57634671560391,36.79137,39.68201,38.50924,37.94181,37.24494
23444,2014-09-02 17:30:00,36.44761475644157,35.05857,36.79137,39.68201,38.50924,37.94181
23445,2014-09-02 17:45:00,35.830534993096116,35.10934,35.05857,36.79137,39.68201,38.50924
23446,2014-09-02 18:00:00,35.155463641337334,31.63107,35.10934,35.05857,36.79137,39.68201
23447,2014-09-02 18:15:00,33.59445684864937,30.89395,31.63107,35.10934,35.05857,36.79137
23448,2014-09-02 18:30:00,32.43678648520032,32.82406,30.89395,31.63107,35.10934,35.05857
23449,2014-09-02 18:45:00,32.037683871004575,32.88818,32.82406,30.89395,31.63107,35.10934
23450,2014-09-02 19:00:00,31.67205249702381,31.44718,32.88818,32.82406,30.89395,31.63107
23451,2014-09-02 19:15:00,31.61922506868418,31.78994,31.44718,32.88818,32.82406,30.89395
23452,2014-09-02 19:30:00,31.760476428443763,28.68344,31.78994,31.44718,32.88818,32.82406
23453,2014-09-02 19:45:00,30.92455231028807,31.52628,28.68344,31.78994,31.44718,32.88818
23454,2014-09-02 20:00:00,30.691471383163407,28.20989,31.52628,28.68344,31.78994,31.44718
23455,2014-09-02 20:15:00,30.050916874915668,30.00045,28.20989,31.52628,28.68344,31.78994
23456,2014-09-02 20:30:00,29.73057345846381,30.90972,30.00045,28.20989,31.52628,28.68344
23457,2014-09-02 20:45:00,30.1649871515063,29.97706,30.90972,30.00045,28.20989,31.52628
23458,2014-09-02 21:00:00,29.895433147889136,30.43704,29.97706,30.90972,30.00045,28.20989
23459,2014-09-02 21:15:00,30.298497913798393,31.07571,30.43704,29.97706,30.90972,30.00045
23460,2014-09-02 21:30:00,30.51103805601081,29.86351,31.07571,30.43704,29.97706,30.90972
23461,2014-09-02 21:45:00,30.30745144159375,31.49521,29.86351,31.07571,30.43704,29.97706
23462,2014-09-02 22:00:00,30.605129784337112,29.15801,31.49521,29.86351,31.07571,30.43704
23463,2014-09-02 22:15:00,30.335703998370832,30.22355,29.15801,31.49521,29.86351,31.07571
23464,2014-09-02 22:30:00,30.17533594471657,27.32711,30.22355,29.15801,31.49521,29.86351
23465,2014-09-02 22:45:00,29.642031931059794,29.49021,27.32711,30.22355,29.15801,31.49521
23466,2014-09-02 23:00:00,29.285617011763918,27.18909,29.49021,27.32711,30.22355,29.15801
23467,2014-09-02 23:15:00,28.888677387332834,26.82781,27.18909,29.49021,27.32711,30.22355
23468,2014-09-02 23:30:00,28.23647554304773,24.37579,26.82781,27.18909,29.49021,27.32711
23469,2014-09-02 23:45:00,27.610304988056672,26.98213,24.37579,26.82781,27.18909,29.49021
23470,2014-09-03 00:00:00,27.171362532977632,26.73573,26.98213,24.37579,26.82781,27.18909
23471,2014-09-03 00:15:00,27.115874730076637,24.54838,26.73573,26.98213,24.37579,26.82781
23472,2014-09-03 00:30:00,26.664172964974686,26.39859,24.54838,26.73573,26.98213,24.37579
23473,2014-09-03 00:45:00,27.03045148853528,26.43958,26.39859,24.54838,26.73573,26.98213
23474,2014-09-03 01:00:00,26.952920214975304,26.54693,26.43958,26.39859,24.54838,26.73573
23475,2014-09-03 01:15:00,26.938968096661284,24.89546,26.54693,26.43958,26.39859,24.54838
23476,2014-09-03 01:30:00,26.960611526160406,27.29082,24.89546,26.54693,26.43958,26.39859
23477,2014-09-03 01:45:00,27.151444654778867,26.27048,27.29082,24.89546,26.54693,26.43958
23478,2014-09-03 02:00:00,27.12953284321542,24.97996,26.27048,27.29082,24.89546,26.54693
23479,2014-09-03 02:15:00,26.81214622516056,26.23112,24.97996,26.27048,27.29082,24.89546
23480,2014-09-03 02:30:00,27.050381721680377,27.15457,26.23112,24.97996,26.27048,27.29082
23481,2014-09-03 02:45:00,27.064997671312256,27.08496,27.15457,26.23112,24.97996,26.27048
23482,2014-09-03 03:00:00,27.24084777665404,26.37866,27.08496,27.15457,26.23112,24.97996
23483,2014-09-03 03:15:00,27.48163379681607,25.94498,26.37866,27.08496,27.15457,26.23112
23484,2014-09-03 03:30:00,27.403003699659497,27.80603,25.94498,26.37866,27.08496,27.15457
23485,2014-09-03 03:45:00,27.554546457639024,26.22666,27.80603,25.94498,26.37866,27.08496
23486,2014-09-03 04:00:00,27.392929599839526,27.25025,26.22666,27.80603,25.94498,26.37866
23487,2014-09-03 04:15:00,27.56086104776093,26.62701,27.25025,26.22666,27.80603,25.94498
23488,2014-09-03 04:30:00,27.67505820019286,25.78375,26.62701,27.25025,26.22666,27.80603
23489,2014-09-03 04:45:00,27.28337706374345,28.24749,25.78375,26.62701,27.25025,26.22666
23490,2014-09-03 05:00:00,27.69041526501135,28.56128,28.24749,25.78375,26.62701,27.25025
23491,2014-09-03 05:15:00,27.979852515442623,26.90058,28.56128,28.24749,25.78375,26.62701
23492,2014-09-03 05:30:00,28.013859749074506,27.88078,26.90058,28.56128,28.24749,25.78375
23493,2014-09-03 05:45:00,28.386583238154174,28.45052,27.88078,26.90058,28.56128,28.24749
23494,2014-09-03 06:00:00,28.44415785271442,26.80121,28.45052,27.88078,26.90058,28.56128
23495,2014-09-03 06:15:00,28.103207436856273,29.40413,26.80121,28.45052,27.88078,26.90058
23496,2014-09-03 06:30:00,28.594823814956992,27.77659,29.40413,26.80121,28.45052,27.88078
23497,2014-09-03 06:45:00,28.572957281132453,28.94129,27.77659,29.40413,26.80121,28.45052
23498,2014-09-03 07:00:00,28.681402538145825,28.05013,28.94129,27.77659,29.40413,26.80121
23499,2014-09-03 07:15:00,28.8934742086169,28.63816,28.05013,28.94129,27.77659,29.40413
23500,2014-09-03 07:30:00,28.76227266188755,30.46244,28.63816,28.05013,28.94129,27.77659
23501,2014-09-03 07:45:00,29.300237543180387,32.22835,30.46244,28.63816,28.05013,28.94129
23502,2014-09-03 08:00:00,29.984416339223625,31.25008,32.22835,30.46244,28.63816,28.05013
23503,2014-09-03 08:15:00,30.590034418324144,32.18006,31.25008,32.22835,30.46244,28.63816
23504,2014-09-03 08:30:00,31.249744145031983,31.73558,32.18006,31.25008,32.22835,30.46244
23505,2014-09-03 08:45:00,31.47885275688219,29.95199,31.73558,32.18006,31.25008,32.22835
23506,2014-09-03 09:00:00,31.019312228921336,32.70151,29.95199,31.73558,32.18006,31.25008
23507,2014-09-03 09:15:00,31.312865768361554,33.32368,32.70151,29.95199,31.73558,32.18006
23508,2014-09-03 09:30:00,31.577851857144257,33.90079,33.32368,32.70151,29.95199,31.73558
23509,2014-09-03 09:45:00,32.0218599927106,33.55474,33.90079,33.32368,32.70151,29.95199
23510,2014-09-03 10:00:00,32.681311065482205,32.55018,33.55474,33.90079,33.32368,32.70151
23511,2014-09-03 10:15:00,32.625258431406394,34.69902,32.55018,33.55474,33.90079,33.32368
23512,2014-09-03 10:30:00,32.906416231862444,36.5924,34.69902,32.55018,33.55474,33.90079
23513,2014-09-03 10:45:00,33.47903202881075,38.35914,36.5924,34.69902,32.55018,33.55474
23514,2014-09-03 11:00:00,34.452722860293576,37.35103,38.35914,36.5924,34.69902,32.55018
23515,2014-09-03 11:15:00,35.3474348218012,36.82843,37.35103,38.35914,36.5924,34.69902
23516,2014-09-03 11:30:00,35.71289016526144,40.05295,36.82843,37.35103,38.35914,36.5924
23517,2014-09-03 11:45:00,36.40349562420013,41.58911,40.05295,36.82843,37.35103,38.35914
23518,2014-09-03 12:00:00,37.090819238428146,40.84331,41.58911,40.05295,36.82843,37.35103
23519,2014-09-03 12:15:00,37.76303487751842,39.98854,40.84331,41.58911,40.05295,36.82843
23520,2014-09-03 12:30:00,38.309390019408056,42.40295,39.98854,40.84331,41.58911,40.05295
23521,2014-09-03 12:45:00,38.77326570753462,38.2089,42.40295,39.98854,40.84331,41.58911
23522,2014-09-03 13:00:00,38.09470165293801,39.42044,38.2089,42.40295,39.98854,40.84331
23523,2014-09-03 13:15:00,37.80303212438426,39.64388,39.42044,38.2089,42.40295,39.98854
23524,2014-09-03 13:30:00,37.73481276765626,43.18069,39.64388,39.42044,38.2089,42.40295
23525,2014-09-03 13:45:00,37.98436790248627,41.9956,43.18069,39.64388,39.42044,38.2089
23526,2014-09-03 14:00:00,38.71349289745098,43.74328,41.9956,43.18069,39.64388,39.42044
23527,2014-09-03 14:15:00,39.5473428448299,41.96368,43.74328,41.9956,43.18069,39.64388
23528,2014-09-03 14:30:00,39.94558300014122,42.83975,41.96368,43.74328,41.9956,43.18069
23529,2014-09-03 14:45:00,39.88531657587173,47.84091,42.83975,41.96368,43.74328,41.9956
23530,2014-09-03 15:00:00,41.076320960173774,46.739,47.84091,42.83975,41.96368,43.74328
23531,2014-09-03 15:15:00,41.701302147877726,43.16598,46.739,47.84091,42.83975,41.96368
23532,2014-09-03 15:30:00,41.845355501138044,41.76756,43.16598,46.739,47.84091,42.83975
23533,2014-09-03 15:45:00,41.52977072815563,43.19559,41.76756,43.16598,46.739,47.84091
23534,2014-09-03 16:00:00,40.66706433314131,42.55635,43.19559,41.76756,43.16598,46.739
23535,2014-09-03 16:15:00,39.91199295642566,45.69812,42.55635,43.19559,41.76756,43.16598
23536,2014-09-03 16:30:00,40.451885295103885,44.82853,45.69812,42.55635,43.19559,41.76756
23537,2014-09-03 16:45:00,41.04225746717084,42.19852,44.82853,45.69812,42.55635,43.19559
23538,2014-09-03 17:00:00,40.80221358413551,40.99123,42.19852,44.82853,45.69812,42.55635
23539,2014-09-03 17:15:00,40.424500523207485,44.21282,40.99123,42.19852,44.82853,45.69812
23540,2014-09-03 17:30:00,40.19259776444953,43.18341,44.21282,40.99123,42.19852,44.82853
23541,2014-09-03 17:45:00,39.92506794923533,38.39666,43.18341,44.21282,40.99123,42.19852
23542,2014-09-03 18:00:00,39.11855298086523,39.35784,38.39666,43.18341,44.21282,40.99123
23543,2014-09-03 18:15:00,38.73913563994875,34.97883,39.35784,38.39666,43.18341,44.21282
23544,2014-09-03 18:30:00,36.93250634362597,35.32406,34.97883,39.35784,38.39666,43.18341
23545,2014-09-03 18:45:00,35.438161055173936,33.37109,35.32406,34.97883,39.35784,38.39666
23546,2014-09-03 19:00:00,34.44677421098801,33.87067,33.37109,35.32406,34.97883,39.35784
23547,2014-09-03 19:15:00,33.43060744644138,31.07108,33.87067,33.37109,35.32406,34.97883
23548,2014-09-03 19:30:00,32.64361734442838,29.63646,31.07108,33.87067,33.37109,35.32406
23549,2014-09-03 19:45:00,31.523657038916987,32.51268,29.63646,31.07108,33.87067,33.37109
23550,2014-09-03 20:00:00,31.38960018194483,30.67817,32.51268,29.63646,31.07108,33.87067
23551,2014-09-03 20:15:00,30.81191341353818,28.8987,30.67817,32.51268,29.63646,31.07108
23552,2014-09-03 20:30:00,30.359379531064956,31.37057,28.8987,30.67817,32.51268,29.63646
23553,2014-09-03 20:45:00,30.68438389389342,31.33069,31.37057,28.8987,30.67817,32.51268
23554,2014-09-03 21:00:00,30.505868056452563,31.27119,31.33069,31.37057,28.8987,30.67817
23555,2014-09-03 21:15:00,30.632592923107786,28.9865,31.27119,31.33069,31.37057,28.8987
23556,2014-09-03 21:30:00,30.5864139498364,30.86244,28.9865,31.27119,31.33069,31.37057
23557,2014-09-03 21:45:00,30.495701546510556,28.56433,30.86244,28.9865,31.27119,31.33069
23558,2014-09-03 22:00:00,29.95416899779695,30.40632,28.56433,30.86244,28.9865,31.27119
23559,2014-09-03 22:15:00,29.81503825734454,29.73651,30.40632,28.56433,30.86244,28.9865
23560,2014-09-03 22:30:00,29.951086010878996,27.37665,29.73651,30.40632,28.56433,30.86244
23561,2014-09-03 22:45:00,29.26116021981721,29.00443,27.37665,29.73651,30.40632,28.56433
23562,2014-09-03 23:00:00,29.328201082003357,29.79814,29.00443,27.37665,29.73651,30.40632
23563,2014-09-03 23:15:00,29.25251611452248,26.70622,29.79814,29.00443,27.37665,29.73651
23564,2014-09-03 23:30:00,28.65436619943882,26.03518,26.70622,29.79814,29.00443,27.37665
23565,2014-09-03 23:45:00,28.336340319000165,25.95197,26.03518,26.70622,29.79814,29.00443
23566,2014-09-04 00:00:00,27.74101624594733,26.05986,25.95197,26.03518,26.70622,29.79814
23567,2014-09-04 00:15:00,27.060719023574787,25.65552,26.05986,25.95197,26.03518,26.70622
23568,2014-09-04 00:30:00,26.861708471414552,26.88744,25.65552,26.05986,25.95197,26.03518
23569,2014-09-04 00:45:00,27.04074858923079,25.8505,26.88744,25.65552,26.05986,25.95197
23570,2014-09-04 01:00:00,27.01726875697176,27.10691,25.8505,26.88744,25.65552,26.05986
23571,2014-09-04 01:15:00,27.228860461981366,25.84823,27.10691,25.8505,26.88744,25.65552
23572,2014-09-04 01:30:00,27.247554306277472,25.98528,25.84823,27.10691,25.8505,26.88744
23573,2014-09-04 01:45:00,27.072910556866663,26.29032,25.98528,25.84823,27.10691,25.8505
23574,2014-09-04 02:00:00,27.15212884675937,24.45828,26.29032,25.98528,25.84823,27.10691
23575,2014-09-04 02:15:00,26.632737590563515,26.36638,24.45828,26.29032,25.98528,25.84823
23576,2014-09-04 02:30:00,26.74105717459934,26.88522,26.36638,24.45828,26.29032,25.98528
23577,2014-09-04 02:45:00,26.94117324583646,26.45087,26.88522,26.36638,24.45828,26.29032
23578,2014-09-04 03:00:00,26.986566107833916,27.037,26.45087,26.88522,26.36638,24.45828
23579,2014-09-04 03:15:00,27.463485499546934,26.28025,27.037,26.45087,26.88522,26.36638
23580,2014-09-04 03:30:00,27.436354917586613,24.33618,26.28025,27.037,26.45087,26.88522
23581,2014-09-04 03:45:00,26.913681879078943,27.40402,24.33618,26.28025,27.037,26.45087
23582,2014-09-04 04:00:00,27.119477226356334,27.66972,27.40402,24.33618,26.28025,27.037
23583,2014-09-04 04:15:00,27.287983853550823,25.48065,27.66972,27.40402,24.33618,26.28025
23584,2014-09-04 04:30:00,27.118476924432542,27.49885,25.48065,27.66972,27.40402,24.33618
23585,2014-09-04 04:45:00,27.69967090701568,27.81133,27.49885,25.48065,27.66972,27.40402
23586,2014-09-04 05:00:00,27.8044564754611,26.82242,27.81133,27.49885,25.48065,27.66972
23587,2014-09-04 05:15:00,27.649724698905427,27.37321,26.82242,27.81133,27.49885,25.48065
23588,2014-09-04 05:30:00,27.98824710232187,28.54246,27.37321,26.82242,27.81133,27.49885
23589,2014-09-04 05:45:00,28.210511806403126,26.44418,28.54246,27.37321,26.82242,27.81133
23590,2014-09-04 06:00:00,27.937452594701266,28.09292,26.44418,28.54246,27.37321,26.82242
23591,2014-09-04 06:15:00,28.176940582746333,28.17338,28.09292,26.44418,28.54246,27.37321
23592,2014-09-04 06:30:00,28.339616167673803,30.01887,28.17338,28.09292,26.44418,28.54246
23593,2014-09-04 06:45:00,28.671551434740486,26.62777,30.01887,28.17338,28.09292,26.44418
23594,2014-09-04 07:00:00,28.654503968796785,31.21854,26.62777,30.01887,28.17338,28.09292
23595,2014-09-04 07:15:00,29.28585734704507,29.36968,31.21854,26.62777,30.01887,28.17338
23596,2014-09-04 07:30:00,29.519376935859874,30.02631,29.36968,31.21854,26.62777,30.01887
23597,2014-09-04 07:45:00,29.540087897932246,32.50973,30.02631,29.36968,31.21854,26.62777
23598,2014-09-04 08:00:00,30.665884994670442,33.26751,32.50973,30.02631,29.36968,31.21854
23599,2014-09-04 08:15:00,31.11415494597737,31.3198,33.26751,32.50973,30.02631,29.36968
23600,2014-09-04 08:30:00,31.45299221030104,32.7105,31.3198,33.26751,32.50973,30.02631
23601,2014-09-04 08:45:00,31.940583005035,33.37755,32.7105,31.3198,33.26751,32.50973
23602,2014-09-04 09:00:00,32.12691723342983,31.67554,33.37755,32.7105,31.3198,33.26751
23603,2014-09-04 09:15:00,31.820641257972447,31.65967,31.67554,33.37755,32.7105,31.3198
23604,2014-09-04 09:30:00,31.85180576837446,33.5302,31.65967,31.67554,33.37755,32.7105
23605,2014-09-04 09:45:00,32.03391693933446,35.7905,33.5302,31.65967,31.67554,33.37755
23606,2014-09-04 10:00:00,32.56883898321231,31.93117,35.7905,33.5302,31.65967,31.67554
23607,2014-09-04 10:15:00,32.57706056619051,33.85891,31.93117,35.7905,33.5302,31.65967
23608,2014-09-04 10:30:00,32.964442115826785,35.84355,33.85891,31.93117,35.7905,33.5302
23609,2014-09-04 10:45:00,33.44108691789174,38.94779,35.84355,33.85891,31.93117,35.7905
23610,2014-09-04 11:00:00,34.15250926223358,37.6422,38.94779,35.84355,33.85891,31.93117
23611,2014-09-04 11:15:00,35.232714848783175,39.3979,37.6422,38.94779,35.84355,33.85891
23612,2014-09-04 11:30:00,36.280131599796874,38.62455,39.3979,37.6422,38.94779,35.84355
23613,2014-09-04 11:45:00,36.7874168111496,43.39297,38.62455,39.3979,37.6422,38.94779
23614,2014-09-04 12:00:00,37.7160857058888,40.06747,43.39297,38.62455,39.3979,37.6422
23615,2014-09-04 12:15:00,38.15961341390422,42.43511,40.06747,43.39297,38.62455,39.3979
23616,2014-09-04 12:30:00,38.74356387200583,39.46932,42.43511,40.06747,43.39297,38.62455
23617,2014-09-04 12:45:00,38.837900101232954,43.19357,39.46932,42.43511,40.06747,43.39297
23618,2014-09-04 13:00:00,38.859145776262395,41.04203,43.19357,39.46932,42.43511,40.06747
23619,2014-09-04 13:15:00,39.030173203784514,40.53768,41.04203,43.19357,39.46932,42.43511
23620,2014-09-04 13:30:00,38.66193222883747,39.26032,40.53768,41.04203,43.19357,39.46932
23621,2014-09-04 13:45:00,38.56064358597959,41.60834,39.26032,40.53768,41.04203,43.19357
23622,2014-09-04 14:00:00,38.305014195865226,41.20654,41.60834,39.26032,40.53768,41.04203
23623,2014-09-04 14:15:00,38.362075149396844,41.32806,41.20654,41.60834,39.26032,40.53768
23624,2014-09-04 14:30:00,38.52054233872799,38.86904,41.32806,41.20654,41.60834,39.26032
23625,2014-09-04 14:45:00,38.38377484180724,40.04376,38.86904,41.32806,41.20654,41.60834
23626,2014-09-04 15:00:00,38.0815808959552,43.2347,40.04376,38.86904,41.32806,41.20654
23627,2014-09-04 15:15:00,38.53524515521456,39.95475,43.2347,40.04376,38.86904,41.32806
23628,2014-09-04 15:30:00,38.27783787387658,40.82953,39.95475,43.2347,40.04376,38.86904
23629,2014-09-04 15:45:00,38.61467872252456,41.19371,40.82953,39.95475,43.2347,40.04376
23630,2014-09-04 16:00:00,38.82128581851708,43.21135,41.19371,40.82953,39.95475,43.2347
23631,2014-09-04 16:15:00,38.88587350619444,42.47686,43.21135,41.19371,40.82953,39.95475
23632,2014-09-04 16:30:00,39.36776767406977,40.96686,42.47686,43.21135,41.19371,40.82953
23633,2014-09-04 16:45:00,39.35515374824631,41.88417,40.96686,42.47686,43.21135,41.19371
23634,2014-09-04 17:00:00,39.465914683688766,40.58147,41.88417,40.96686,42.47686,43.21135
23635,2014-09-04 17:15:00,38.962125142492866,39.06267,40.58147,41.88417,40.96686,42.47686
23636,2014-09-04 17:30:00,38.28586268416159,40.25397,39.06267,40.58147,41.88417,40.96686
23637,2014-09-04 17:45:00,38.14507423525515,36.8467,40.25397,39.06267,40.58147,41.88417
23638,2014-09-04 18:00:00,37.15628545976227,33.4175,36.8467,40.25397,39.06267,40.58147
23639,2014-09-04 18:15:00,35.71019743513153,33.34019,33.4175,36.8467,40.25397,39.06267
23640,2014-09-04 18:30:00,34.57185786253463,30.50095,33.34019,33.4175,36.8467,40.25397
23641,2014-09-04 18:45:00,32.70244133510074,31.29637,30.50095,33.34019,33.4175,36.8467
23642,2014-09-04 19:00:00,31.660310237271208,30.02866,31.29637,30.50095,33.34019,33.4175
23643,2014-09-04 19:15:00,31.005931525845707,30.0599,30.02866,31.29637,30.50095,33.34019
23644,2014-09-04 19:30:00,30.394516819557282,30.46368,30.0599,30.02866,31.29637,30.50095
23645,2014-09-04 19:45:00,30.38784306014069,31.09487,30.46368,30.0599,30.02866,31.29637
23646,2014-09-04 20:00:00,30.37689404758806,31.34973,31.09487,30.46368,30.0599,30.02866
23647,2014-09-04 20:15:00,30.639179988034286,30.38725,31.34973,31.09487,30.46368,30.0599
23648,2014-09-04 20:30:00,30.683834179234147,27.36994,30.38725,31.34973,31.09487,30.46368
23649,2014-09-04 20:45:00,30.027084546409927,30.31943,27.36994,30.38725,31.34973,31.09487
23650,2014-09-04 21:00:00,29.893049085841184,31.5476,30.31943,27.36994,30.38725,31.34973
23651,2014-09-04 21:15:00,29.996413605830078,29.936,31.5476,30.31943,27.36994,30.38725
23652,2014-09-04 21:30:00,29.924290428132267,27.1882,29.936,31.5476,30.31943,27.36994
23653,2014-09-04 21:45:00,29.795832474898255,28.91396,27.1882,29.936,31.5476,30.31943
23654,2014-09-04 22:00:00,29.515478731945592,27.3992,28.91396,27.1882,29.936,31.5476
23655,2014-09-04 22:15:00,28.737686129574342,27.60424,27.3992,28.91396,27.1882,29.936
23656,2014-09-04 22:30:00,28.30533571230478,29.44498,27.60424,27.3992,28.91396,27.1882
23657,2014-09-04 22:45:00,28.7526177596097,27.14222,29.44498,27.60424,27.3992,28.91396
23658,2014-09-04 23:00:00,28.412079464004684,27.25738,27.14222,29.44498,27.60424,27.3992
23659,2014-09-04 23:15:00,28.35749820594614,26.90308,27.25738,27.14222,29.44498,27.60424
23660,2014-09-04 23:30:00,28.20337409275563,26.94794,26.90308,27.25738,27.14222,29.44498
23661,2014-09-04 23:45:00,27.74697580564119,27.75388,26.94794,26.90308,27.25738,27.14222
23662,2014-09-05 00:00:00,27.876601230341002,26.40372,27.75388,26.94794,26.90308,27.25738
23663,2014-09-05 00:15:00,27.703976380103185,26.24101,26.40372,27.75388,26.94794,26.90308
23664,2014-09-05 00:30:00,27.558853218659422,26.15495,26.24101,26.40372,27.75388,26.94794
23665,2014-09-05 00:45:00,27.397869618252354,26.33654,26.15495,26.24101,26.40372,27.75388
23666,2014-09-05 01:00:00,27.143332373777096,24.91437,26.33654,26.15495,26.24101,26.40372
23667,2014-09-05 01:15:00,26.839664315407404,26.60596,24.91437,26.33654,26.15495,26.24101
23668,2014-09-05 01:30:00,26.922088998444288,26.12168,26.60596,24.91437,26.33654,26.15495
23669,2014-09-05 01:45:00,26.926153956237542,27.62802,26.12168,26.60596,24.91437,26.33654
23670,2014-09-05 02:00:00,27.204220897452025,26.53373,27.62802,26.12168,26.60596,24.91437
23671,2014-09-05 02:15:00,27.495198203393162,25.01497,26.53373,27.62802,26.12168,26.60596
23672,2014-09-05 02:30:00,27.157971612819395,26.9853,25.01497,26.53373,27.62802,26.12168
23673,2014-09-05 02:45:00,27.324490341970716,27.87492,26.9853,25.01497,26.53373,27.62802
23674,2014-09-05 03:00:00,27.420517665307692,26.25787,27.87492,26.9853,25.01497,26.53373
23675,2014-09-05 03:15:00,27.36411667151172,24.77799,26.25787,27.87492,26.9853,25.01497
23676,2014-09-05 03:30:00,27.25609255168654,26.17936,24.77799,26.25787,27.87492,26.9853
23677,2014-09-05 03:45:00,27.102070099608753,26.78766,26.17936,24.77799,26.25787,27.87492
23678,2014-09-05 04:00:00,26.937991694104042,27.00912,26.78766,26.17936,24.77799,26.25787
23679,2014-09-05 04:15:00,27.104832458343395,27.29424,27.00912,26.78766,26.17936,24.77799
23680,2014-09-05 04:30:00,27.57707575121583,26.15388,27.29424,27.00912,26.78766,26.17936
23681,2014-09-05 04:45:00,27.55026576452984,27.91997,26.15388,27.29424,27.00912,26.78766
23682,2014-09-05 05:00:00,27.780149615794137,26.69585,27.91997,26.15388,27.29424,27.00912
23683,2014-09-05 05:15:00,27.718124918823488,26.75648,26.69585,27.91997,26.15388,27.29424
23684,2014-09-05 05:30:00,27.612559664665405,27.56077,26.75648,26.69585,27.91997,26.15388
23685,2014-09-05 05:45:00,27.878417273167816,28.03549,27.56077,26.75648,26.69585,27.91997
23686,2014-09-05 06:00:00,27.929284131942502,28.51171,28.03549,27.56077,26.75648,26.69585
23687,2014-09-05 06:15:00,28.287100254775844,28.69533,28.51171,28.03549,27.56077,26.75648
23688,2014-09-05 07:00:00,28.656497646667443,86.4166,28.69533,28.51171,28.03549,27.56077
23689,2014-09-05 07:15:00,40.82560708072059,29.15994,86.4166,28.69533,28.51171,28.03549
23690,2014-09-05 07:30:00,40.7284377059089,28.70808,29.15994,86.4166,28.69533,28.51171
23691,2014-09-05 07:45:00,40.06254508099967,31.65568,28.70808,29.15994,86.4166,28.69533
23692,2014-09-05 08:00:00,40.15655026453941,31.68221,31.65568,28.70808,29.15994,86.4166
23693,2014-09-05 08:15:00,30.325732058476515,32.0504,31.68221,31.65568,28.70808,29.15994
23694,2014-09-05 08:30:00,30.884500242682495,31.71844,32.0504,31.68221,31.65568,28.70808
23695,2014-09-05 08:45:00,31.427602847537337,33.15686,31.71844,32.0504,31.68221,31.65568
23696,2014-09-05 09:00:00,31.73318891439269,30.80796,33.15686,31.71844,32.0504,31.68221
23697,2014-09-05 09:15:00,31.54035935472737,32.27947,30.80796,33.15686,31.71844,32.0504
23698,2014-09-05 09:30:00,31.58412235526508,32.15068,32.27947,30.80796,33.15686,31.71844
23699,2014-09-05 09:45:00,31.66883192251479,36.13516,32.15068,32.27947,30.80796,33.15686
23700,2014-09-05 10:00:00,32.32274000446837,33.9066,36.13516,32.15068,32.27947,30.80796
23701,2014-09-05 10:15:00,32.906214420035106,36.21652,33.9066,36.13516,32.15068,32.27947
23702,2014-09-05 10:30:00,33.66729307638143,34.68019,36.21652,33.9066,36.13516,32.15068
23703,2014-09-05 10:45:00,34.11238846533202,34.94307,34.68019,36.21652,33.9066,36.13516
23704,2014-09-05 11:00:00,33.892227539083926,33.30045,34.94307,34.68019,36.21652,33.9066
23705,2014-09-05 11:15:00,33.73111095155185,36.68118,33.30045,34.94307,34.68019,36.21652
23706,2014-09-05 11:30:00,33.87232653977003,35.30974,36.68118,33.30045,34.94307,34.68019
23707,2014-09-05 11:45:00,34.006207628345635,35.80716,35.30974,36.68118,33.30045,34.94307
23708,2014-09-05 12:00:00,34.17675238059933,35.09958,35.80716,35.30974,36.68118,33.30045
23709,2014-09-05 12:15:00,34.48135184999112,36.29621,35.09958,35.80716,35.30974,36.68118
23710,2014-09-05 12:30:00,34.43300980003885,38.47997,36.29621,35.09958,35.80716,35.30974
23711,2014-09-05 12:45:00,35.08242129020634,38.15002,38.47997,36.29621,35.09958,35.80716
23712,2014-09-05 13:00:00,35.55352544074083,37.26181,38.15002,38.47997,36.29621,35.09958
23713,2014-09-05 13:15:00,35.93319633093823,36.70709,37.26181,38.15002,38.47997,36.29621
23714,2014-09-05 13:30:00,35.971164376550064,39.86602,36.70709,37.26181,38.15002,38.47997
23715,2014-09-05 13:45:00,36.28560527208975,38.02405,39.86602,36.70709,37.26181,38.15002
23716,2014-09-05 14:00:00,36.2755497539262,38.5797,38.02405,39.86602,36.70709,37.26181
23717,2014-09-05 14:15:00,36.51776912265578,39.1784,38.5797,38.02405,39.86602,36.70709
23718,2014-09-05 14:30:00,36.9754114138229,40.3882,39.1784,38.5797,38.02405,39.86602
23719,2014-09-05 14:45:00,37.11928355244905,39.20848,40.3882,39.1784,38.5797,38.02405
23720,2014-09-05 15:00:00,37.332821788037734,42.83358,39.20848,40.3882,39.1784,38.5797
23721,2014-09-05 15:15:00,38.18328806639785,41.92889,42.83358,39.20848,40.3882,39.1784
23722,2014-09-05 15:30:00,38.721980296887075,39.52288,41.92889,42.83358,39.20848,40.3882
23723,2014-09-05 15:45:00,38.515228880532064,41.0639,39.52288,41.92889,42.83358,39.20848
23724,2014-09-05 16:00:00,38.83263604802322,41.0854,41.0639,39.52288,41.92889,42.83358
23725,2014-09-05 16:15:00,38.52831463306951,40.21167,41.0854,41.0639,39.52288,41.92889
23726,2014-09-05 16:30:00,38.20909417652294,41.41089,40.21167,41.0854,41.0639,39.52288
23727,2014-09-05 16:45:00,38.56377895693147,41.89134,41.41089,40.21167,41.0854,41.0639
23728,2014-09-05 17:00:00,38.74341237897132,38.81102,41.89134,41.41089,40.21167,41.0854
23729,2014-09-05 17:15:00,38.27175364278372,41.05027,38.81102,41.89134,41.41089,40.21167
23730,2014-09-05 17:30:00,38.422067604468225,35.73432,41.05027,38.81102,41.89134,41.41089
23731,2014-09-05 17:45:00,37.27544007545452,39.77467,35.73432,41.05027,38.81102,41.89134
23732,2014-09-05 18:00:00,36.90811807054632,36.16803,39.77467,35.73432,41.05027,38.81102
23733,2014-09-05 18:15:00,36.37276708228744,34.47228,36.16803,39.77467,35.73432,41.05027
23734,2014-09-05 18:30:00,35.099566271369554,30.88662,34.47228,36.16803,39.77467,35.73432
23735,2014-09-05 18:45:00,34.061118784951454,32.44233,30.88662,34.47228,36.16803,39.77467
23736,2014-09-05 19:00:00,32.68704673904914,29.22918,32.44233,30.88662,34.47228,36.16803
23737,2014-09-05 19:15:00,31.34912037487517,30.3743,29.22918,32.44233,30.88662,34.47228
23738,2014-09-05 19:30:00,30.585322886451735,30.41659,30.3743,29.22918,32.44233,30.88662
23739,2014-09-05 19:45:00,30.496990225814564,30.07035,30.41659,30.3743,29.22918,32.44233
23740,2014-09-05 20:00:00,30.070336321064715,29.08011,30.07035,30.41659,30.3743,29.22918
23741,2014-09-05 20:15:00,30.0103091102807,28.94148,29.08011,30.07035,30.41659,30.3743
23742,2014-09-05 20:30:00,29.72387541799596,29.38752,28.94148,29.08011,30.07035,30.41659
23743,2014-09-05 20:45:00,29.538020412785357,29.56051,29.38752,28.94148,29.08011,30.07035
23744,2014-09-05 21:00:00,29.458616154725377,29.89934,29.56051,29.38752,28.94148,29.08011
23745,2014-09-05 21:15:00,29.62320040110832,27.65889,29.89934,29.56051,29.38752,28.94148
23746,2014-09-05 21:30:00,29.34085144035194,28.82747,27.65889,29.89934,29.56051,29.38752
23747,2014-09-05 21:45:00,29.226518978815932,27.71385,28.82747,27.65889,29.89934,29.56051
23748,2014-09-05 22:00:00,28.868024564892153,28.95667,27.71385,28.82747,27.65889,29.89934
23749,2014-09-05 22:15:00,28.717579105162784,27.49407,28.95667,27.71385,28.82747,27.65889
23750,2014-09-05 22:30:00,28.665312280235703,28.21493,27.49407,28.95667,27.71385,28.82747
23751,2014-09-05 22:45:00,28.554035888776003,27.96428,28.21493,27.49407,28.95667,27.71385
23752,2014-09-05 23:00:00,28.594786430159008,26.53869,27.96428,28.21493,27.49407,28.95667
23753,2014-09-05 23:15:00,28.12134013969534,25.18749,26.53869,27.96428,28.21493,27.49407
23754,2014-09-05 23:30:00,27.63666267421485,24.04669,25.18749,26.53869,27.96428,28.21493
23755,2014-09-05 23:45:00,26.812296353842214,28.06681,24.04669,25.18749,26.53869,27.96428
23756,2014-09-06 00:00:00,26.901180196917196,23.66659,28.06681,24.04669,25.18749,26.53869
23757,2014-09-06 00:15:00,26.340157568962482,25.95173,23.66659,28.06681,24.04669,25.18749
23758,2014-09-06 00:30:00,26.482009056204408,26.24272,25.95173,23.66659,28.06681,24.04669
23759,2014-09-06 00:45:00,26.895350469415483,24.79315,26.24272,25.95173,23.66659,28.06681
23760,2014-09-06 01:00:00,26.291960385142897,27.59756,24.79315,26.24272,25.95173,23.66659
23761,2014-09-06 01:15:00,27.048530141615043,23.83518,27.59756,24.79315,26.24272,25.95173
23762,2014-09-06 01:30:00,26.612605916026588,26.58966,23.83518,27.59756,24.79315,26.24272
23763,2014-09-06 01:45:00,26.69406064629207,26.87028,26.58966,23.83518,27.59756,24.79315
23764,2014-09-06 02:00:00,27.101179412700972,26.82645,26.87028,26.58966,23.83518,27.59756
23765,2014-09-06 02:15:00,26.99109484908719,23.35981,26.82645,26.87028,26.58966,23.83518
23766,2014-09-06 02:30:00,26.815075875040016,23.92172,23.35981,26.82645,26.87028,26.58966
23767,2014-09-06 02:45:00,26.274675534586677,26.1173,23.92172,23.35981,26.82645,26.87028
23768,2014-09-06 03:00:00,26.17767359886671,26.5825,26.1173,23.92172,23.35981,26.82645
23769,2014-09-06 03:15:00,26.19702845557665,25.83977,26.5825,26.1173,23.92172,23.35981
23770,2014-09-06 03:30:00,26.654765806788575,26.75911,25.83977,26.5825,26.1173,23.92172
23771,2014-09-06 03:45:00,27.18028038637813,25.88763,26.75911,25.83977,26.5825,26.1173
23772,2014-09-06 04:00:00,27.12843702608198,24.95247,25.88763,26.75911,25.83977,26.5825
23773,2014-09-06 04:15:00,26.799053990635013,26.42197,24.95247,25.88763,26.75911,25.83977
23774,2014-09-06 04:30:00,26.91571995777754,25.51924,26.42197,24.95247,25.88763,26.75911
23775,2014-09-06 04:45:00,26.690373146292856,24.50752,25.51924,26.42197,24.95247,25.88763
23776,2014-09-06 05:00:00,26.408358126645446,27.33811,24.50752,25.51924,26.42197,24.95247
23777,2014-09-06 05:15:00,26.884989245420265,25.59248,27.33811,24.50752,25.51924,26.42197
23778,2014-09-06 05:30:00,26.7394064917346,26.08354,25.59248,27.33811,24.50752,25.51924
23779,2014-09-06 05:45:00,26.8428614690623,26.32138,26.08354,25.59248,27.33811,24.50752
23780,2014-09-06 06:00:00,27.171669570215357,26.97272,26.32138,26.08354,25.59248,27.33811
23781,2014-09-06 06:15:00,27.132246203217107,26.12108,26.97272,26.32138,26.08354,25.59248
23782,2014-09-06 06:30:00,27.221024831013693,26.4282,26.12108,26.97272,26.32138,26.08354
23783,2014-09-06 06:45:00,27.27932466769353,24.84781,26.4282,26.12108,26.97272,26.32138
23784,2014-09-06 07:00:00,26.970148975941253,26.08525,24.84781,26.4282,26.12108,26.97272
23785,2014-09-06 07:15:00,26.812064865068486,27.52432,26.08525,24.84781,26.4282,26.12108
23786,2014-09-06 07:30:00,27.115609347200568,26.54569,27.52432,26.08525,24.84781,26.4282
23787,2014-09-06 07:45:00,27.152190994605082,28.42645,26.54569,27.52432,26.08525,24.84781
23788,2014-09-06 08:00:00,27.840775194653812,25.06572,28.42645,26.54569,27.52432,26.08525
23789,2014-09-06 08:15:00,27.598470396191622,28.95152,25.06572,28.42645,26.54569,27.52432
23790,2014-09-06 08:30:00,27.90525565207377,24.35314,28.95152,25.06572,28.42645,26.54569
23791,2014-09-06 08:45:00,27.439201983398206,28.46075,24.35314,28.95152,25.06572,28.42645
23792,2014-09-06 09:00:00,27.492020228346973,26.21492,28.46075,24.35314,28.95152,25.06572
23793,2014-09-06 09:15:00,27.685637932613908,27.78396,26.21492,28.46075,24.35314,28.95152
23794,2014-09-06 09:30:00,27.50554779577746,26.87531,27.78396,26.21492,28.46075,24.35314
23795,2014-09-06 09:45:00,27.950202497799236,29.0661,26.87531,27.78396,26.21492,28.46075
23796,2014-09-06 10:00:00,28.112399521486953,27.64409,29.0661,26.87531,27.78396,26.21492
23797,2014-09-06 10:15:00,28.370948356814054,27.67297,27.64409,29.0661,26.87531,27.78396
23798,2014-09-06 10:30:00,28.341272781830817,26.66604,27.67297,27.64409,29.0661,26.87531
23799,2014-09-06 10:45:00,28.264781657215135,25.78771,26.66604,27.67297,27.64409,29.0661
23800,2014-09-06 11:00:00,27.628308614628075,25.28013,25.78771,26.66604,27.67297,27.64409
23801,2014-09-06 11:15:00,27.16034991384405,28.80997,25.28013,25.78771,26.66604,27.67297
23802,2014-09-06 11:30:00,27.44068247876433,26.43642,28.80997,25.28013,25.78771,26.66604
23803,2014-09-06 11:45:00,27.40604913561418,27.88637,26.43642,28.80997,25.28013,25.78771
23804,2014-09-06 12:00:00,27.805127207031106,26.65444,27.88637,26.43642,28.80997,25.28013
23805,2014-09-06 12:15:00,28.03019619043316,30.69247,26.65444,27.88637,26.43642,28.80997
23806,2014-09-06 12:30:00,28.464163701066543,27.60418,30.69247,26.65444,27.88637,26.43642
23807,2014-09-06 12:45:00,28.66733485879857,30.54367,27.60418,30.69247,26.65444,27.88637
23808,2014-09-06 13:00:00,29.19625648606101,30.9133,30.54367,27.60418,30.69247,26.65444
23809,2014-09-06 13:15:00,30.00980907243754,30.40988,30.9133,30.54367,27.60418,30.69247
23810,2014-09-06 13:30:00,29.97934857134618,29.40741,30.40988,30.9133,30.54367,27.60418
23811,2014-09-06 13:45:00,30.27134980704036,31.82505,29.40741,30.40988,30.9133,30.54367
23812,2014-09-06 14:00:00,30.54128552109904,30.40398,31.82505,29.40741,30.40988,30.9133
23813,2014-09-06 14:15:00,30.453543527010705,28.82482,30.40398,31.82505,29.40741,30.40988
23814,2014-09-06 14:30:00,30.117032145846363,31.94851,28.82482,30.40398,31.82505,29.40741
23815,2014-09-06 14:45:00,30.61297284645419,30.40448,31.94851,28.82482,30.40398,31.82505
23816,2014-09-06 15:00:00,30.36703640664322,30.26804,30.40448,31.94851,28.82482,30.40398
23817,2014-09-06 15:15:00,30.33421509548245,28.61417,30.26804,30.40448,31.94851,28.82482
23818,2014-09-06 15:30:00,30.235802153512715,31.67087,28.61417,30.26804,30.40448,31.94851
23819,2014-09-06 15:45:00,30.23053835795904,31.53302,31.67087,28.61417,30.26804,30.40448
23820,2014-09-06 16:00:00,30.480302178185337,29.75889,31.53302,31.67087,28.61417,30.26804
23821,2014-09-06 16:15:00,30.365673147435277,29.49895,29.75889,31.53302,31.67087,28.61417
23822,2014-09-06 16:30:00,30.480160149355648,28.44956,29.49895,29.75889,31.53302,31.67087
23823,2014-09-06 16:45:00,29.849129232126515,31.23248,28.44956,29.49895,29.75889,31.53302
23824,2014-09-06 17:00:00,29.844086309289807,29.12497,31.23248,28.44956,29.49895,29.75889
23825,2014-09-06 17:15:00,29.72292962446044,30.45055,29.12497,31.23248,28.44956,29.49895
23826,2014-09-06 17:30:00,29.910411196058718,28.80694,30.45055,29.12497,31.23248,28.44956
23827,2014-09-06 17:45:00,29.940604394363213,30.83166,28.80694,30.45055,29.12497,31.23248
23828,2014-09-06 18:00:00,29.89900660229167,28.06237,30.83166,28.80694,30.45055,29.12497
23829,2014-09-06 18:15:00,29.661674345420277,27.31131,28.06237,30.83166,28.80694,30.45055
23830,2014-09-06 18:30:00,29.034439171582115,26.27056,27.31131,28.06237,30.83166,28.80694
23831,2014-09-06 18:45:00,28.508219331882373,29.244,26.27056,27.31131,28.06237,30.83166
23832,2014-09-06 19:00:00,28.27147161506104,26.72956,29.244,26.27056,27.31131,28.06237
23833,2014-09-06 19:15:00,28.017354070559826,27.36209,26.72956,29.244,26.27056,27.31131
23834,2014-09-06 19:30:00,28.016887317354414,26.47885,27.36209,26.72956,29.244,26.27056
23835,2014-09-06 19:45:00,28.022076963517407,28.49597,26.47885,27.36209,26.72956,29.244
23836,2014-09-06 20:00:00,27.927353390421036,25.26361,28.49597,26.47885,27.36209,26.72956
23837,2014-09-06 20:15:00,27.6114984897032,26.40687,25.26361,28.49597,26.47885,27.36209
23838,2014-09-06 20:30:00,27.41918774259815,25.41086,26.40687,25.26361,28.49597,26.47885
23839,2014-09-06 20:45:00,27.19513891577417,28.6621,25.41086,26.40687,25.26361,28.49597
23840,2014-09-06 21:00:00,27.300407012194285,28.15751,28.6621,25.41086,26.40687,25.26361
23841,2014-09-06 21:15:00,27.86937447420367,27.51373,28.15751,28.6621,25.41086,26.40687
23842,2014-09-06 21:30:00,28.07065404429451,25.70066,27.51373,28.15751,28.6621,25.41086
23843,2014-09-06 21:45:00,28.05703928005532,29.42252,25.70066,27.51373,28.15751,28.6621
23844,2014-09-06 22:00:00,28.249070342964707,28.02278,29.42252,25.70066,27.51373,28.15751
23845,2014-09-06 22:15:00,28.249762939946702,28.38795,28.02278,29.42252,25.70066,27.51373
23846,2014-09-06 22:30:00,28.421079639901272,27.64887,28.38795,28.02278,29.42252,25.70066
23847,2014-09-06 22:45:00,28.748751449800576,27.89702,27.64887,28.38795,28.02278,29.42252
23848,2014-09-06 23:00:00,28.467409260647223,27.49983,27.89702,27.64887,28.38795,28.02278
23849,2014-09-06 23:15:00,28.3610540148847,27.00601,27.49983,27.89702,27.64887,28.38795
23850,2014-09-06 23:30:00,28.092164399884894,26.66632,27.00601,27.49983,27.89702,27.64887
23851,2014-09-06 23:45:00,27.891742943855345,27.65145,26.66632,27.00601,27.49983,27.89702
23852,2014-09-07 00:00:00,27.861903802169227,27.01297,27.65145,26.66632,27.00601,27.49983
23853,2014-09-07 00:15:00,27.774722532748353,25.76921,27.01297,27.65145,26.66632,27.00601
23854,2014-09-07 00:30:00,27.513705248148362,26.18439,25.76921,27.01297,27.65145,26.66632
23855,2014-09-07 00:45:00,27.40580287285146,26.88576,26.18439,25.76921,27.01297,27.65145
23856,2014-09-07 01:00:00,27.28366949707045,24.04606,26.88576,26.18439,25.76921,27.01297
23857,2014-09-07 01:15:00,26.690915976247265,27.44614,24.04606,26.88576,26.18439,25.76921
23858,2014-09-07 01:30:00,27.030428082744717,24.31171,27.44614,24.04606,26.88576,26.18439
23859,2014-09-07 01:45:00,26.65532569600407,27.8818,24.31171,27.44614,24.04606,26.88576
23860,2014-09-07 02:00:00,26.89412735975974,25.38723,27.8818,24.31171,27.44614,24.04606
23861,2014-09-07 02:15:00,27.11758071073357,26.83074,25.38723,27.8818,24.31171,27.44614
23862,2014-09-07 02:30:00,27.023926778160053,25.20077,26.83074,25.38723,27.8818,24.31171
23863,2014-09-07 02:45:00,27.149579230343264,27.89138,25.20077,26.83074,25.38723,27.8818
23864,2014-09-07 03:00:00,27.2010833772651,25.80883,27.89138,25.20077,26.83074,25.38723
23865,2014-09-07 03:15:00,27.264194492696795,26.6324,25.80883,27.89138,25.20077,26.83074
23866,2014-09-07 03:30:00,27.230327861365677,24.18924,26.6324,25.80883,27.89138,25.20077
23867,2014-09-07 03:45:00,26.98171044788818,27.93615,24.18924,26.6324,25.80883,27.89138
23868,2014-09-07 04:00:00,27.044916224988814,26.57776,27.93615,24.18924,26.6324,25.80883
23869,2014-09-07 04:15:00,27.20489726056732,25.87884,26.57776,27.93615,24.18924,26.6324
23870,2014-09-07 04:30:00,27.05504889983932,24.17043,25.87884,26.57776,27.93615,24.18924
23871,2014-09-07 04:45:00,26.97968919768463,26.56336,24.17043,25.87884,26.57776,27.93615
23872,2014-09-07 05:00:00,26.75284473765264,26.79096,26.56336,24.17043,25.87884,26.57776
23873,2014-09-07 05:15:00,26.832461719383996,24.5553,26.79096,26.56336,24.17043,25.87884
23874,2014-09-07 05:30:00,26.560252270859912,26.67578,24.5553,26.79096,26.56336,24.17043
23875,2014-09-07 05:45:00,27.024069385265648,26.6912,26.67578,24.5553,26.79096,26.56336
23876,2014-09-07 06:00:00,27.0722363092496,26.8596,26.6912,26.67578,24.5553,26.79096
23877,2014-09-07 06:15:00,27.108280621568838,25.49676,26.8596,26.6912,26.67578,24.5553
23878,2014-09-07 06:30:00,27.24600719747048,27.10004,25.49676,26.8596,26.6912,26.67578
23879,2014-09-07 06:45:00,27.337941053386636,24.83994,27.10004,25.49676,26.8596,26.6912
23880,2014-09-07 07:00:00,26.965226971793705,27.01907,24.83994,27.10004,25.49676,26.8596
23881,2014-09-07 07:15:00,27.018465789527205,26.80051,27.01907,24.83994,27.10004,25.49676
23882,2014-09-07 07:30:00,27.27392168064021,27.76899,26.80051,27.01907,24.83994,27.10004
23883,2014-09-07 07:45:00,27.43520111328394,28.16252,27.76899,26.80051,27.01907,24.83994
23884,2014-09-07 08:00:00,28.06433861215897,28.77289,28.16252,27.76899,26.80051,27.01907
23885,2014-09-07 08:15:00,28.414248962947322,26.02782,28.77289,28.16252,27.76899,26.80051
23886,2014-09-07 08:30:00,28.21834665869893,27.70031,26.02782,28.77289,28.16252,27.76899
23887,2014-09-07 08:45:00,28.197939273953907,26.59618,27.70031,26.02782,28.77289,28.16252
23888,2014-09-07 09:00:00,27.896441777322636,24.7869,26.59618,27.70031,26.02782,28.77289
23889,2014-09-07 09:15:00,27.12007193228249,26.92248,24.7869,26.59618,27.70031,26.02782
23890,2014-09-07 09:30:00,27.290379335705158,25.676,26.92248,24.7869,26.59618,27.70031
23891,2014-09-07 09:45:00,26.920423840063805,27.9388,25.676,26.92248,24.7869,26.59618
23892,2014-09-07 10:00:00,27.215678389154498,27.05767,27.9388,25.676,26.92248,24.7869
23893,2014-09-07 10:15:00,27.6391034426815,26.81194,27.05767,27.9388,25.676,26.92248
23894,2014-09-07 10:30:00,27.61424874502324,26.98393,26.81194,27.05767,27.9388,25.676
23895,2014-09-07 10:45:00,27.842114628772357,28.48318,26.98393,26.81194,27.05767,27.9388
23896,2014-09-07 11:00:00,27.98156102210726,25.93201,28.48318,26.98393,26.81194,27.05767
23897,2014-09-07 11:15:00,27.74371698532411,28.23994,25.93201,28.48318,26.98393,26.81194
23898,2014-09-07 11:30:00,28.02252085863265,29.15332,28.23994,25.93201,28.48318,26.98393
23899,2014-09-07 11:45:00,28.464441166033502,30.90517,29.15332,28.23994,25.93201,28.48318
23900,2014-09-07 12:00:00,28.988109965857078,29.58118,30.90517,29.15332,28.23994,25.93201
23901,2014-09-07 12:15:00,29.65734905762467,29.06557,29.58118,30.90517,29.15332,28.23994
23902,2014-09-07 12:30:00,29.780653153320674,31.97218,29.06557,29.58118,30.90517,29.15332
23903,2014-09-07 12:45:00,30.344244852188144,30.26301,31.97218,29.06557,29.58118,30.90517
23904,2014-09-07 13:00:00,30.239483910598633,30.3063,30.26301,31.97218,29.06557,29.58118
23905,2014-09-07 13:15:00,30.361593099575575,30.52725,30.3063,30.26301,31.97218,29.06557
23906,2014-09-07 13:30:00,30.61723955549207,31.06513,30.52725,30.3063,30.26301,31.97218
23907,2014-09-07 13:45:00,30.472609301521473,30.22978,31.06513,30.52725,30.3063,30.26301
23908,2014-09-07 14:00:00,30.457773303918227,29.89091,30.22978,31.06513,30.52725,30.3063
23909,2014-09-07 14:15:00,30.3609913197926,30.8964,29.89091,30.22978,31.06513,30.52725
23910,2014-09-07 14:30:00,30.439737560083607,29.75321,30.8964,29.89091,30.22978,31.06513
23911,2014-09-07 14:45:00,30.190567920907675,32.8612,29.75321,30.8964,29.89091,30.22978
23912,2014-09-07 15:00:00,30.73315821744208,30.35796,32.8612,29.75321,30.8964,29.89091
23913,2014-09-07 15:15:00,30.806451670152,28.48125,30.35796,32.8612,29.75321,30.8964
23914,2014-09-07 15:30:00,30.29549416087983,31.81388,28.48125,30.35796,32.8612,29.75321
23915,2014-09-07 15:45:00,30.694279634486563,30.737,31.81388,28.48125,30.35796,32.8612
23916,2014-09-07 16:00:00,30.335311461373706,29.4503,30.737,31.81388,28.48125,30.35796
23917,2014-09-07 16:15:00,30.144300293546117,27.27193,29.4503,30.737,31.81388,28.48125
23918,2014-09-07 16:30:00,29.83156244938801,30.56772,27.27193,29.4503,30.737,31.81388
23919,2014-09-07 16:45:00,29.636379026881066,30.47175,30.56772,27.27193,29.4503,30.737
23920,2014-09-07 17:00:00,29.63577742448747,30.20279,30.47175,30.56772,27.27193,29.4503
23921,2014-09-07 17:15:00,29.79192560509181,29.09558,30.20279,30.47175,30.56772,27.27193
23922,2014-09-07 17:30:00,30.085629413870272,28.72885,29.09558,30.20279,30.47175,30.56772
23923,2014-09-07 17:45:00,29.718026510288436,29.04694,28.72885,29.09558,30.20279,30.47175
23924,2014-09-07 18:00:00,29.451451648798862,28.62725,29.04694,28.72885,29.09558,30.20279
23925,2014-09-07 18:15:00,29.159100694959484,29.73317,28.62725,29.04694,28.72885,29.09558
23926,2014-09-07 18:30:00,29.297568480229327,27.1008,29.73317,28.62725,29.04694,28.72885
23927,2014-09-07 18:45:00,28.95327741268216,29.40596,27.1008,29.73317,28.62725,29.04694
23928,2014-09-07 19:00:00,29.033659396515322,25.85841,29.40596,27.1008,29.73317,28.62725
23929,2014-09-07 19:15:00,28.464551320349358,27.27173,25.85841,29.40596,27.1008,29.73317
23930,2014-09-07 19:30:00,28.003180857468983,25.01277,27.27173,25.85841,29.40596,27.1008
23931,2014-09-07 19:45:00,27.564291299542923,27.28549,25.01277,27.27173,25.85841,29.40596
23932,2014-09-07 20:00:00,27.206399707492174,26.32255,27.28549,25.01277,27.27173,25.85841
23933,2014-09-07 20:15:00,27.292439571876873,27.89559,26.32255,27.28549,25.01277,27.27173
23934,2014-09-07 20:30:00,27.446758706824895,28.1277,27.89559,26.32255,27.28549,25.01277
23935,2014-09-07 20:45:00,28.040187058458027,29.00276,28.1277,27.89559,26.32255,27.28549
23936,2014-09-07 21:00:00,28.392482369627736,27.34181,29.00276,28.1277,27.89559,26.32255
23937,2014-09-07 21:15:00,28.55315372896888,27.00165,27.34181,29.00276,28.1277,27.89559
23938,2014-09-07 21:30:00,28.35552756220997,27.67536,27.00165,27.34181,29.00276,28.1277
23939,2014-09-07 21:45:00,28.26969841221679,27.44346,27.67536,27.00165,27.34181,29.00276
23940,2014-09-07 22:00:00,27.992956985275317,26.69023,27.44346,27.67536,27.00165,27.34181
23941,2014-09-07 22:15:00,27.85642509639287,28.60332,26.69023,27.44346,27.67536,27.00165
23942,2014-09-07 22:30:00,28.178535540588253,27.21673,28.60332,26.69023,27.44346,27.67536
23943,2014-09-07 22:45:00,28.09248148018372,29.39709,27.21673,28.60332,26.69023,27.44346
23944,2014-09-07 23:00:00,28.491029849754998,26.96854,29.39709,27.21673,28.60332,26.69023
23945,2014-09-07 23:15:00,28.510543648288216,25.85055,26.96854,29.39709,27.21673,28.60332
23946,2014-09-07 23:30:00,27.95197260957885,24.34498,25.85055,26.96854,29.39709,27.21673
23947,2014-09-07 23:45:00,27.348184303412616,26.91165,24.34498,25.85055,26.96854,29.39709
23948,2014-09-08 00:00:00,26.925435356680357,26.64906,26.91165,24.34498,25.85055,26.96854
23949,2014-09-08 00:15:00,26.901294903448335,25.54386,26.64906,26.91165,24.34498,25.85055
23950,2014-09-08 00:30:00,26.83396195474195,24.18817,25.54386,26.64906,26.91165,24.34498
23951,2014-09-08 00:45:00,26.744211676323008,26.72077,24.18817,25.54386,26.64906,26.91165
23952,2014-09-08 01:00:00,26.73840587726918,26.4734,26.72077,24.18817,25.54386,26.64906
23953,2014-09-08 01:15:00,26.74127103638149,26.31186,26.4734,26.72077,24.18817,25.54386
23954,2014-09-08 01:30:00,26.893093127685923,26.39565,26.31186,26.4734,26.72077,24.18817
23955,2014-09-08 01:45:00,27.288563439250154,27.06082,26.39565,26.31186,26.4734,26.72077
23956,2014-09-08 02:00:00,27.367923100788893,24.90681,27.06082,26.39565,26.31186,26.4734
23957,2014-09-08 02:15:00,27.042610127082497,26.5153,24.90681,27.06082,26.39565,26.31186
23958,2014-09-08 02:30:00,27.082581529259137,26.13544,26.5153,24.90681,27.06082,26.39565
23959,2014-09-08 02:45:00,27.040148900157526,27.89175,26.13544,26.5153,24.90681,27.06082
23960,2014-09-08 03:00:00,27.243070597031313,24.56065,27.89175,26.13544,26.5153,24.90681
23961,2014-09-08 03:15:00,27.12592637407755,26.14014,24.56065,27.89175,26.13544,26.5153
23962,2014-09-08 03:30:00,27.045566244393648,25.79145,26.14014,24.56065,27.89175,26.13544
23963,2014-09-08 03:45:00,26.9777401695692,25.47788,25.79145,26.14014,24.56065,27.89175
23964,2014-09-08 04:00:00,26.54003183617416,26.05421,25.47788,25.79145,26.14014,24.56065
23965,2014-09-08 04:15:00,26.815444899596745,26.78625,26.05421,25.47788,25.79145,26.14014
23966,2014-09-08 04:30:00,26.96086784068728,27.47576,26.78625,26.05421,25.47788,25.79145
23967,2014-09-08 04:45:00,27.30393583713066,27.99427,27.47576,26.78625,26.05421,25.47788
23968,2014-09-08 05:00:00,27.7933124432163,26.75765,27.99427,27.47576,26.78625,26.05421
23969,2014-09-08 05:15:00,27.904724583374268,27.86096,26.75765,27.99427,27.47576,26.78625
23970,2014-09-08 05:30:00,28.106722341957227,25.72477,27.86096,26.75765,27.99427,27.47576
23971,2014-09-08 05:45:00,27.7460218950008,29.69824,25.72477,27.86096,26.75765,27.99427
23972,2014-09-08 06:00:00,28.123943418492598,28.07264,29.69824,25.72477,27.86096,26.75765
23973,2014-09-08 06:15:00,28.383008712916862,26.86001,28.07264,29.69824,25.72477,27.86096
23974,2014-09-08 06:30:00,28.17127410847562,25.57632,26.86001,28.07264,29.69824,25.72477
23975,2014-09-08 06:45:00,28.070556689004857,29.85564,25.57632,26.86001,28.07264,29.69824
23976,2014-09-08 07:00:00,28.174441926759776,29.28092,29.85564,25.57632,26.86001,28.07264
23977,2014-09-08 07:15:00,28.456035618657697,27.57914,29.28092,29.85564,25.57632,26.86001
23978,2014-09-08 07:30:00,28.56694467290855,30.43207,27.57914,29.28092,29.85564,25.57632
23979,2014-09-08 07:45:00,29.478887484903435,30.94005,30.43207,27.57914,29.28092,29.85564
23980,2014-09-08 08:00:00,29.733055094472324,31.58489,30.94005,30.43207,27.57914,29.28092
23981,2014-09-08 08:15:00,30.20244703322252,32.69693,31.58489,30.94005,30.43207,27.57914
23982,2014-09-08 08:30:00,31.17461459878632,30.36794,32.69693,31.58489,30.94005,30.43207
23983,2014-09-08 08:45:00,31.13051710940193,31.9834,30.36794,32.69693,31.58489,30.94005
23984,2014-09-08 09:00:00,31.32272726980669,32.54256,31.9834,30.36794,32.69693,31.58489
23985,2014-09-08 09:15:00,31.52377169647035,32.59875,32.54256,31.9834,30.36794,32.69693
23986,2014-09-08 09:30:00,31.533637380554985,32.33718,32.59875,32.54256,31.9834,30.36794
23987,2014-09-08 09:45:00,31.888675604331272,34.83307,32.33718,32.59875,32.54256,31.9834
23988,2014-09-08 10:00:00,32.464584258423784,33.53039,34.83307,32.33718,32.59875,32.54256
23989,2014-09-08 10:15:00,32.65871457850984,33.25278,33.53039,34.83307,32.33718,32.59875
23990,2014-09-08 10:30:00,32.76437650053403,35.62099,33.25278,33.53039,34.83307,32.33718
23991,2014-09-08 10:45:00,33.40292269549992,36.16585,35.62099,33.25278,33.53039,34.83307
23992,2014-09-08 11:00:00,33.705427345489774,34.05953,36.16585,35.62099,33.25278,33.53039
23993,2014-09-08 11:15:00,33.777827586021644,35.01755,34.05953,36.16585,35.62099,33.25278
23994,2014-09-08 11:30:00,34.08262505446485,35.39612,35.01755,34.05953,36.16585,35.62099
23995,2014-09-08 11:45:00,34.05339926612861,34.08566,35.39612,35.01755,34.05953,36.16585
23996,2014-09-08 12:00:00,33.65935961251949,36.37601,34.08566,35.39612,35.01755,34.05953
23997,2014-09-08 12:15:00,34.11432583686867,35.72342,36.37601,34.08566,35.39612,35.01755
23998,2014-09-08 12:30:00,34.26105957942515,35.96514,35.72342,36.37601,34.08566,35.39612
23999,2014-09-08 12:45:00,34.376929200278475,36.62113,35.96514,35.72342,36.37601,34.08566
24000,2014-09-08 13:00:00,34.851664773330995,38.89652,36.62113,35.96514,35.72342,36.37601
24001,2014-09-08 13:15:00,35.383195205150244,38.06402,38.89652,36.62113,35.96514,35.72342
24002,2014-09-08 13:30:00,35.837712389636934,35.00195,38.06402,38.89652,36.62113,35.96514
24003,2014-09-08 13:45:00,35.585432429310686,37.97871,35.00195,38.06402,38.89652,36.62113
24004,2014-09-08 14:00:00,35.83772899749002,37.29913,37.97871,35.00195,38.06402,38.89652
24005,2014-09-08 14:15:00,35.56643358058028,38.61,37.29913,37.97871,35.00195,38.06402
24006,2014-09-08 14:30:00,35.71196225755803,38.22587,38.61,37.29913,37.97871,35.00195
24007,2014-09-08 14:45:00,36.30579411866469,40.75469,38.22587,38.61,37.29913,37.97871
24008,2014-09-08 15:00:00,36.877846267956,39.87934,40.75469,38.22587,38.61,37.29913
24009,2014-09-08 15:15:00,37.37059418094436,39.93668,39.87934,40.75469,38.22587,38.61
24010,2014-09-08 15:30:00,37.61592201226391,39.79635,39.93668,39.87934,40.75469,38.22587
24011,2014-09-08 15:45:00,37.8893821921143,39.75299,39.79635,39.93668,39.87934,40.75469
24012,2014-09-08 16:00:00,37.70480960722886,40.60071,39.75299,39.79635,39.93668,39.87934
24013,2014-09-08 16:15:00,37.85541274641583,37.49909,40.60071,39.75299,39.79635,39.93668
24014,2014-09-08 16:30:00,37.35036375842556,40.9594,37.49909,40.60071,39.75299,39.79635
24015,2014-09-08 16:45:00,37.59442040321734,40.12744,40.9594,37.49909,40.60071,39.75299
24016,2014-09-08 17:00:00,37.685173739748834,38.00617,40.12744,40.9594,37.49909,40.60071
24017,2014-09-08 17:15:00,37.17358069273354,38.92065,38.00617,40.12744,40.9594,37.49909
24018,2014-09-08 17:30:00,37.40265287414486,39.89397,38.92065,38.00617,40.12744,40.9594
24019,2014-09-08 17:45:00,37.23623989987536,38.0311,39.89397,38.92065,38.00617,40.12744
24020,2014-09-08 18:00:00,36.836776893643254,37.89392,38.0311,39.89397,38.92065,38.00617
24021,2014-09-08 18:15:00,36.78238821316864,31.35928,37.89392,38.0311,39.89397,38.92065
24022,2014-09-08 18:30:00,35.22387985486341,32.30608,31.35928,37.89392,38.0311,39.89397
24023,2014-09-08 18:45:00,33.73943702918304,30.20314,32.30608,31.35928,37.89392,38.0311
24024,2014-09-08 19:00:00,32.23120827152678,30.8217,30.20314,32.30608,31.35928,37.89392
24025,2014-09-08 19:15:00,30.934002434927507,30.60802,30.8217,30.20314,32.30608,31.35928
24026,2014-09-08 19:30:00,30.786899643904338,29.27738,30.60802,30.8217,30.20314,32.30608
24027,2014-09-08 19:45:00,30.20548667601799,30.55255,29.27738,30.60802,30.8217,30.20314
24028,2014-09-08 20:00:00,30.272494497204946,31.57792,30.55255,29.27738,30.60802,30.8217
24029,2014-09-08 20:15:00,30.45120585566317,27.85802,31.57792,30.55255,29.27738,30.60802
24030,2014-09-08 20:30:00,29.88881673904904,29.84533,27.85802,31.57792,30.55255,29.27738
24031,2014-09-08 20:45:00,29.974975542031892,31.75195,29.84533,27.85802,31.57792,30.55255
24032,2014-09-08 21:00:00,30.25077948796356,29.51226,31.75195,29.84533,27.85802,31.57792
24033,2014-09-08 21:15:00,29.876043124838002,28.65492,29.51226,31.75195,29.84533,27.85802
24034,2014-09-08 21:30:00,29.967255223743987,28.59467,28.65492,29.51226,31.75195,29.84533
24035,2014-09-08 21:45:00,29.70175572378599,28.36484,28.59467,28.65492,29.51226,31.75195
24036,2014-09-08 22:00:00,29.07479920114924,29.29002,28.36484,28.59467,28.65492,29.51226
24037,2014-09-08 22:15:00,29.05375451704643,28.28211,29.29002,28.36484,28.59467,28.65492
24038,2014-09-08 22:30:00,28.977124964289057,29.3004,28.28211,29.29002,28.36484,28.59467
24039,2014-09-08 22:45:00,29.118628920376025,29.69597,29.3004,28.28211,29.29002,28.36484
24040,2014-09-08 23:00:00,29.382029020220422,29.06761,29.69597,29.3004,28.28211,29.29002
24041,2014-09-08 23:15:00,29.342590829107415,24.94043,29.06761,29.69597,29.3004,28.28211
24042,2014-09-08 23:30:00,28.619954726302254,28.13435,24.94043,29.06761,29.69597,29.3004
24043,2014-09-08 23:45:00,28.40146479565001,26.75367,28.13435,24.94043,29.06761,29.69597
24044,2014-09-09 00:00:00,27.863711265899184,27.97169,26.75367,28.13435,24.94043,29.06761
24045,2014-09-09 00:15:00,27.69732717611946,25.7722,27.97169,26.75367,28.13435,24.94043
24046,2014-09-09 00:30:00,27.802734490087055,26.95415,25.7722,27.97169,26.75367,28.13435
24047,2014-09-09 00:45:00,27.585388583309676,28.56986,26.95415,25.7722,27.97169,26.75367
24048,2014-09-09 01:00:00,27.961544456606845,27.71414,28.56986,26.95415,25.7722,27.97169
24049,2014-09-09 01:15:00,27.936832547147105,26.76852,27.71414,28.56986,26.95415,25.7722
24050,2014-09-09 01:30:00,28.088228514683006,26.72715,26.76852,27.71414,28.56986,26.95415
24051,2014-09-09 01:45:00,28.018640721947214,28.13343,26.72715,26.76852,27.71414,28.56986
24052,2014-09-09 02:00:00,27.9677060139876,25.95275,28.13343,26.72715,26.76852,27.71414
24053,2014-09-09 02:15:00,27.620947569494867,27.73155,25.95275,28.13343,26.72715,26.76852
24054,2014-09-09 02:30:00,27.80869978360183,25.74219,27.73155,25.95275,28.13343,26.72715
24055,2014-09-09 02:45:00,27.59608308687167,28.23649,25.74219,27.73155,25.95275,28.13343
24056,2014-09-09 03:00:00,27.654716454024623,25.67516,28.23649,25.74219,27.73155,25.95275
24057,2014-09-09 03:15:00,27.57151093369322,27.42078,25.67516,28.23649,25.74219,27.73155
24058,2014-09-09 03:30:00,27.52991674773263,24.18923,27.42078,25.67516,28.23649,25.74219
24059,2014-09-09 03:45:00,27.17773011931233,28.70862,24.18923,27.42078,25.67516,28.23649
24060,2014-09-09 04:00:00,27.330225409026085,26.13636,28.70862,24.18923,27.42078,25.67516
24061,2014-09-09 04:15:00,27.411710216000255,28.49988,26.13636,28.70862,24.18923,27.42078
24062,2014-09-09 04:30:00,27.655369231729587,27.33497,28.49988,26.13636,28.70862,24.18923
24063,2014-09-09 04:45:00,28.21969912380012,28.15251,27.33497,28.49988,26.13636,28.70862
24064,2014-09-09 05:00:00,28.137399910012565,27.69203,28.15251,27.33497,28.49988,26.13636
24065,2014-09-09 05:15:00,28.413110280273322,28.76357,27.69203,28.15251,27.33497,28.49988
24066,2014-09-09 05:30:00,28.48669835769906,28.30862,28.76357,27.69203,28.15251,27.33497
24067,2014-09-09 05:45:00,28.668998329081713,29.34452,28.30862,28.76357,27.69203,28.15251
24068,2014-09-09 06:00:00,28.911748502315636,26.23199,29.34452,28.30862,28.76357,27.69203
24069,2014-09-09 06:15:00,28.583326930064004,29.42428,26.23199,29.34452,28.30862,28.76357
24070,2014-09-09 06:30:00,28.73097541237674,27.29473,29.42428,26.23199,29.34452,28.30862
24071,2014-09-09 06:45:00,28.530829449413815,30.13539,27.29473,29.42428,26.23199,29.34452
24072,2014-09-09 07:00:00,28.73252804435632,30.33476,30.13539,27.29473,29.42428,26.23199
24073,2014-09-09 07:15:00,29.519826869389476,31.05113,30.33476,30.13539,27.29473,29.42428
24074,2014-09-09 07:30:00,29.862176029631996,30.83141,31.05113,30.33476,30.13539,27.29473
24075,2014-09-09 07:45:00,30.512195920425903,32.74842,30.83141,31.05113,30.33476,30.13539
24076,2014-09-09 08:00:00,31.03678718192957,29.19403,32.74842,30.83141,31.05113,30.33476
24077,2014-09-09 08:15:00,30.77497376511829,30.8752,29.19403,32.74842,30.83141,31.05113
24078,2014-09-09 08:30:00,30.73003883778486,33.72041,30.8752,29.19403,32.74842,30.83141
24079,2014-09-09 08:45:00,31.330989833893863,32.69978,33.72041,30.8752,29.19403,32.74842
24080,2014-09-09 09:00:00,31.369933023805153,33.49129,32.69978,33.72041,30.8752,29.19403
24081,2014-09-09 09:15:00,32.17116988554764,31.39504,33.49129,32.69978,33.72041,30.8752
24082,2014-09-09 09:30:00,32.217191081938104,33.48884,31.39504,33.49129,32.69978,33.72041
24083,2014-09-09 09:45:00,32.1937402551634,34.4467,33.48884,31.39504,33.49129,32.69978
24084,2014-09-09 10:00:00,32.56005349201079,33.14129,34.4467,33.48884,31.39504,33.49129
24085,2014-09-09 10:15:00,32.501032846930855,35.67401,33.14129,34.4467,33.48884,31.39504
24086,2014-09-09 10:30:00,33.32225332191345,35.0751,35.67401,33.14129,34.4467,33.48884
24087,2014-09-09 10:45:00,33.63461309835717,34.15933,35.0751,35.67401,33.14129,34.4467
24088,2014-09-09 11:00:00,33.568414200780694,39.29388,34.15933,35.0751,35.67401,33.14129
24089,2014-09-09 11:15:00,34.791325244237854,39.80181,39.29388,34.15933,35.0751,35.67401
24090,2014-09-09 11:30:00,35.65029905196039,38.74339,39.80181,39.29388,34.15933,35.0751
24091,2014-09-09 11:45:00,36.34143581388764,41.62541,38.74339,39.80181,39.29388,34.15933
24092,2014-09-09 12:00:00,37.748930945919895,43.23029,41.62541,38.74339,39.80181,39.29388
24093,2014-09-09 12:15:00,38.55375002073828,43.9567,43.23029,41.62541,38.74339,39.80181
24094,2014-09-09 12:30:00,39.38302812330974,40.49681,43.9567,43.23029,41.62541,38.74339
24095,2014-09-09 12:45:00,39.637848709720146,42.60384,40.49681,43.9567,43.23029,41.62541
24096,2014-09-09 13:00:00,39.804143186965405,39.84976,42.60384,40.49681,43.9567,43.23029
24097,2014-09-09 13:15:00,39.13398068355038,41.63175,39.84976,42.60384,40.49681,43.9567
24098,2014-09-09 13:30:00,38.72193132349766,40.76729,41.63175,39.84976,42.60384,40.49681
24099,2014-09-09 13:45:00,38.76087145813839,37.9121,40.76729,41.63175,39.84976,42.60384
24100,2014-09-09 14:00:00,37.835327909665395,42.25546,37.9121,40.76729,41.63175,39.84976
24101,2014-09-09 14:15:00,38.317212414253596,40.46899,42.25546,37.9121,40.76729,41.63175
24102,2014-09-09 14:30:00,38.12571634003447,41.97868,40.46899,42.25546,37.9121,40.76729
24103,2014-09-09 14:45:00,38.3856335288775,45.82081,41.97868,40.46899,42.25546,37.9121
24104,2014-09-09 15:00:00,39.93204394694226,40.14366,45.82081,41.97868,40.46899,42.25546
24105,2014-09-09 15:15:00,39.494452624585726,40.47133,40.14366,45.82081,41.97868,40.46899
24106,2014-09-09 15:30:00,39.418451559417804,45.63525,40.47133,40.14366,45.82081,41.97868
24107,2014-09-09 15:45:00,40.17210551216844,46.27004,45.63525,40.47133,40.14366,45.82081
24108,2014-09-09 16:00:00,40.38146866581728,44.39695,46.27004,45.63525,40.47133,40.14366
24109,2014-09-09 16:15:00,41.15967906491069,43.4346,44.39695,46.27004,45.63525,40.47133
24110,2014-09-09 16:30:00,41.635921443730766,45.47483,43.4346,44.39695,46.27004,45.63525
24111,2014-09-09 16:45:00,41.6240268551812,40.53421,45.47483,43.4346,44.39695,46.27004
24112,2014-09-09 17:00:00,40.4912811363112,44.50861,40.53421,45.47483,43.4346,44.39695
24113,2014-09-09 17:15:00,40.53094471450758,43.32152,44.50861,40.53421,45.47483,43.4346
24114,2014-09-09 17:30:00,40.51865742730058,43.64068,43.32152,44.50861,40.53421,45.47483
24115,2014-09-09 17:45:00,40.20612202944682,40.85964,43.64068,43.32152,44.50861,40.53421
24116,2014-09-09 18:00:00,40.18749769480067,37.06882,40.85964,43.64068,43.32152,44.50861
24117,2014-09-09 18:15:00,38.68740628641815,36.07916,37.06882,40.85964,43.64068,43.32152
24118,2014-09-09 18:30:00,37.24829317486525,34.97911,36.07916,37.06882,40.85964,43.64068
24119,2014-09-09 18:45:00,35.59970319614959,32.3165,34.97911,36.07916,37.06882,40.85964
24120,2014-09-09 19:00:00,33.9537759219144,34.75462,32.3165,34.97911,36.07916,37.06882
24121,2014-09-09 19:15:00,33.5344174155232,31.47182,34.75462,32.3165,34.97911,36.07916
24122,2014-09-09 19:30:00,32.642656483917314,29.29155,31.47182,34.75462,32.3165,34.97911
24123,2014-09-09 19:45:00,31.510071808695884,30.74467,29.29155,31.47182,34.75462,32.3165
24124,2014-09-09 20:00:00,31.189504143134442,31.28159,30.74467,29.29155,31.47182,34.75462
24125,2014-09-09 20:15:00,30.58733241024032,29.86023,31.28159,30.74467,29.29155,31.47182
24126,2014-09-09 20:30:00,30.28275702730109,30.96006,29.86023,31.28159,30.74467,29.29155
24127,2014-09-09 20:45:00,30.588233265564252,31.19865,30.96006,29.86023,31.28159,30.74467
24128,2014-09-09 21:00:00,30.687032014162785,29.53056,31.19865,30.96006,29.86023,31.28159
24129,2014-09-09 21:15:00,30.34132524385671,27.77063,29.53056,31.19865,30.96006,29.86023
24130,2014-09-09 21:30:00,29.884297053276683,29.55409,27.77063,29.53056,31.19865,30.96006
24131,2014-09-09 21:45:00,29.62563096725252,29.3456,29.55409,27.77063,29.53056,31.19865
24132,2014-09-09 22:00:00,29.307118506170536,29.59677,29.3456,29.55409,27.77063,29.53056
24133,2014-09-09 22:15:00,29.337211074254366,26.41762,29.59677,29.3456,29.55409,27.77063
24134,2014-09-09 22:30:00,29.012071487992294,30.08054,26.41762,29.59677,29.3456,29.55409
24135,2014-09-09 22:45:00,29.139531067909747,28.09649,30.08054,26.41762,29.59677,29.3456
24136,2014-09-09 23:00:00,28.91002927741159,26.55799,28.09649,30.08054,26.41762,29.59677
24137,2014-09-09 23:15:00,28.311185222979418,26.04159,26.55799,28.09649,30.08054,26.41762
24138,2014-09-09 23:30:00,28.17961107449521,25.3703,26.04159,26.55799,28.09649,30.08054
24139,2014-09-09 23:45:00,27.286270054902243,27.96415,25.3703,26.04159,26.55799,28.09649
24140,2014-09-10 00:00:00,27.312278056908156,26.85603,27.96415,25.3703,26.04159,26.55799
24141,2014-09-10 00:15:00,27.385336878446353,26.25252,26.85603,27.96415,25.3703,26.04159
24142,2014-09-10 00:30:00,27.407277141805395,26.4339,26.25252,26.85603,27.96415,25.3703
24143,2014-09-10 00:45:00,27.581709908358462,25.86139,26.4339,26.25252,26.85603,27.96415
24144,2014-09-10 01:00:00,27.18507954288349,27.9159,25.86139,26.4339,26.25252,26.85603
24145,2014-09-10 01:15:00,27.420511709624126,27.24828,27.9159,25.86139,26.4339,26.25252
24146,2014-09-10 01:30:00,27.620835278983705,26.68196,27.24828,27.9159,25.86139,26.4339
24147,2014-09-10 01:45:00,27.654924527037075,27.56076,26.68196,27.24828,27.9159,25.86139
24148,2014-09-10 02:00:00,27.96737756126177,27.71767,27.56076,26.68196,27.24828,27.9159
24149,2014-09-10 02:15:00,27.94913686820788,27.7315,27.71767,27.56076,26.68196,27.24828
24150,2014-09-10 02:30:00,28.047925347586887,25.84046,27.7315,27.71767,27.56076,26.68196
24151,2014-09-10 02:45:00,27.84754478456903,25.90204,25.84046,27.7315,27.71767,27.56076
24152,2014-09-10 03:00:00,27.50986990773459,26.93924,25.90204,25.84046,27.7315,27.71767
24153,2014-09-10 03:15:00,27.381131562378453,25.67194,26.93924,25.90204,25.84046,27.7315
24154,2014-09-10 03:30:00,26.997823543598646,25.75714,25.67194,26.93924,25.90204,25.84046
24155,2014-09-10 03:45:00,26.967625266515547,27.91811,25.75714,25.67194,26.93924,25.90204
24156,2014-09-10 04:00:00,27.379570614562773,25.84056,27.91811,25.75714,25.67194,26.93924
24157,2014-09-10 04:15:00,27.172260207403326,27.15374,25.84056,27.91811,25.75714,25.67194
24158,2014-09-10 04:30:00,27.450307045030062,27.05081,27.15374,25.84056,27.91811,25.75714
24159,2014-09-10 04:45:00,27.690431697701452,28.49955,27.05081,27.15374,25.84056,27.91811
24160,2014-09-10 05:00:00,27.843330140593544,28.06113,28.49955,27.05081,27.15374,25.84056
24161,2014-09-10 05:15:00,28.262466623050265,28.27372,28.06113,28.49955,27.05081,27.15374
24162,2014-09-10 05:30:00,28.474125850212808,27.19769,28.27372,28.06113,28.49955,27.05081
24163,2014-09-10 05:45:00,28.472765623601134,28.99801,27.19769,28.27372,28.06113,28.49955
24164,2014-09-10 06:00:00,28.589737048403123,27.77376,28.99801,27.19769,28.27372,28.06113
24165,2014-09-10 06:15:00,28.53367994763377,27.14797,27.77376,28.99801,27.19769,28.27372
24166,2014-09-10 06:30:00,28.304020090073053,29.57485,27.14797,27.77376,28.99801,27.19769
24167,2014-09-10 06:45:00,28.77368730124046,30.47366,29.57485,27.14797,27.77376,28.99801
24168,2014-09-10 07:00:00,29.109504144105365,28.90023,30.47366,29.57485,27.14797,27.77376
24169,2014-09-10 07:15:00,29.31188498709829,30.97202,28.90023,30.47366,29.57485,27.14797
24170,2014-09-10 07:30:00,30.032561054817762,29.99068,30.97202,28.90023,30.47366,29.57485
24171,2014-09-10 07:45:00,30.11126261615263,31.79361,29.99068,30.97202,28.90023,30.47366
24172,2014-09-10 08:00:00,30.395258856347482,29.09767,31.79361,29.99068,30.97202,28.90023
24173,2014-09-10 08:15:00,30.388763311986736,31.01261,29.09767,31.79361,29.99068,30.97202
24174,2014-09-10 08:30:00,30.406153634549277,29.2392,31.01261,29.09767,31.79361,29.99068
24175,2014-09-10 08:45:00,30.239711230593365,31.52221,29.2392,31.01261,29.09767,31.79361
24176,2014-09-10 09:00:00,30.230845693827852,32.77434,31.52221,29.2392,31.01261,29.09767
24177,2014-09-10 09:15:00,30.960458291638005,33.07183,32.77434,31.52221,29.2392,31.01261
24178,2014-09-10 09:30:00,31.387003992370243,34.01152,33.07183,32.77434,31.52221,29.2392
24179,2014-09-10 09:45:00,32.29151513071317,37.48705,34.01152,33.07183,32.77434,31.52221
24180,2014-09-10 10:00:00,33.48357237474352,38.36628,37.48705,34.01152,33.07183,32.77434
24181,2014-09-10 10:15:00,34.598561340171614,37.77004,38.36628,37.48705,34.01152,33.07183
24182,2014-09-10 10:30:00,35.481052686571765,39.87639,37.77004,38.36628,37.48705,34.01152
24183,2014-09-10 10:45:00,36.59173457830323,42.86455,39.87639,37.77004,38.36628,37.48705
24184,2014-09-10 11:00:00,37.68133822294156,41.70616,42.86455,39.87639,37.77004,38.36628
24185,2014-09-10 11:15:00,38.335661644701744,45.37781,41.70616,42.86455,39.87639,37.77004
24186,2014-09-10 11:30:00,39.809609544097775,44.99732,45.37781,41.70616,42.86455,39.87639
24187,2014-09-10 11:45:00,40.791628213914265,45.99304,44.99732,45.37781,41.70616,42.86455
24188,2014-09-10 12:00:00,41.407894087746996,49.19442,45.99304,44.99732,45.37781,41.70616
24189,2014-09-10 12:15:00,42.86309697093046,49.30951,49.19442,45.99304,44.99732,45.37781
24190,2014-09-10 12:30:00,43.65263795605036,50.03699,49.30951,49.19442,45.99304,44.99732
24191,2014-09-10 12:45:00,44.6133486926852,50.13,50.03699,49.30951,49.19442,45.99304
24192,2014-09-10 13:00:00,45.379583800096256,50.85247,50.13,50.03699,49.30951,49.19442
24193,2014-09-10 13:15:00,45.70669827580874,50.8994,50.85247,50.13,50.03699,49.30951
24194,2014-09-10 13:30:00,46.01120733944458,51.18437,50.8994,50.85247,50.13,50.03699
24195,2014-09-10 13:45:00,46.23346776095447,50.64276,51.18437,50.8994,50.85247,50.13
24196,2014-09-10 14:00:00,46.318190374460855,48.67936,50.64276,51.18437,50.8994,50.85247
24197,2014-09-10 14:15:00,45.86476991029387,55.99245,48.67936,50.64276,51.18437,50.8994
24198,2014-09-10 14:30:00,46.93237287963939,52.99494,55.99245,48.67936,50.64276,51.18437
24199,2014-09-10 14:45:00,47.31638721760299,59.00367,52.99494,55.99245,48.67936,50.64276
24200,2014-09-10 15:00:00,48.98807278546734,57.25399,59.00367,52.99494,55.99245,48.67936
24201,2014-09-10 15:15:00,50.59062625105602,56.04461,57.25399,59.00367,52.99494,55.99245
24202,2014-09-10 15:30:00,50.584752647092074,49.45151,56.04461,57.25399,59.00367,52.99494
24203,2014-09-10 15:45:00,49.729141534427676,53.62916,49.45151,56.04461,57.25399,59.00367
24204,2014-09-10 16:00:00,48.719313536463375,53.16273,53.62916,49.45151,56.04461,57.25399
24205,2014-09-10 16:15:00,47.99688108404034,50.73768,53.16273,53.62916,49.45151,56.04461
24206,2014-09-10 16:30:00,47.001237400092876,49.24175,50.73768,53.16273,53.62916,49.45151
24207,2014-09-10 16:45:00,46.86866818160138,51.77009,49.24175,50.73768,53.16273,53.62916
24208,2014-09-10 17:00:00,46.546652976500766,50.07197,51.77009,49.24175,50.73768,53.16273
24209,2014-09-10 17:15:00,45.9831025825317,44.75082,50.07197,51.77009,49.24175,50.73768
24210,2014-09-10 17:30:00,44.747448371697935,43.90103,44.75082,50.07197,51.77009,49.24175
24211,2014-09-10 17:45:00,43.633107100529486,47.45177,43.90103,44.75082,50.07197,51.77009
24212,2014-09-10 18:00:00,42.88161101817922,44.53293,47.45177,43.90103,44.75082,50.07197
24213,2014-09-10 18:15:00,41.87064004444893,43.70638,44.53293,47.45177,43.90103,44.75082
24214,2014-09-10 18:30:00,41.630330521025314,38.18969,43.70638,44.53293,47.45177,43.90103
24215,2014-09-10 18:45:00,40.40913758453344,38.00771,38.18969,43.70638,44.53293,47.45177
24216,2014-09-10 19:00:00,38.57471479544878,36.5394,38.00771,38.18969,43.70638,44.53293
24217,2014-09-10 19:15:00,37.038700036316115,37.16427,36.5394,38.00771,38.18969,43.70638
24218,2014-09-10 19:30:00,35.84073292594206,38.67616,37.16427,36.5394,38.00771,38.18969
24219,2014-09-10 19:45:00,35.96868903358207,36.5818,38.67616,37.16427,36.5394,38.00771
24220,2014-09-10 20:00:00,35.69297428267366,37.2187,36.5818,38.67616,37.16427,36.5394
24221,2014-09-10 20:15:00,35.80200789535772,34.6677,37.2187,36.5818,38.67616,37.16427
24222,2014-09-10 20:30:00,35.27819344679398,33.84433,34.6677,37.2187,36.5818,38.67616
24223,2014-09-10 20:45:00,34.33546781180647,32.02202,33.84433,34.6677,37.2187,36.5818
24224,2014-09-10 21:00:00,33.423407228064825,34.04184,32.02202,33.84433,34.6677,37.2187
24225,2014-09-10 21:15:00,32.857232776482334,31.25872,34.04184,32.02202,33.84433,34.6677
24226,2014-09-10 21:30:00,32.19389735630074,31.85893,31.25872,34.04184,32.02202,33.84433
24227,2014-09-10 21:45:00,31.810549936796928,32.27038,31.85893,31.25872,34.04184,32.02202
24228,2014-09-10 22:00:00,31.854159263479595,30.07025,32.27038,31.85893,31.25872,34.04184
24229,2014-09-10 22:15:00,31.092353762173268,31.76339,30.07025,32.27038,31.85893,31.25872
24230,2014-09-10 22:30:00,31.1857647591893,36.02883,31.76339,30.07025,32.27038,31.85893
24231,2014-09-10 22:45:00,32.06801803955067,34.50868,36.02883,31.76339,30.07025,32.27038
24232,2014-09-10 23:00:00,32.53689633778554,33.57414,34.50868,36.02883,31.76339,30.07025
24233,2014-09-10 23:15:00,33.15126679910519,34.25409,33.57414,34.50868,36.02883,31.76339
24234,2014-09-10 23:30:00,33.58611730959002,29.88414,34.25409,33.57414,34.50868,36.02883
24235,2014-09-10 23:45:00,32.3662640878591,34.00943,29.88414,34.25409,33.57414,34.50868
24236,2014-09-11 00:00:00,32.29942803499728,30.96098,34.00943,29.88414,34.25409,33.57414
24237,2014-09-11 00:15:00,31.79443286321894,30.8931,30.96098,34.00943,29.88414,34.25409
24238,2014-09-11 00:30:00,31.15802599480313,30.31643,30.8931,30.96098,34.00943,29.88414
24239,2014-09-11 00:45:00,31.19233241172381,30.85745,30.31643,30.8931,30.96098,34.00943
24240,2014-09-11 01:00:00,30.624424411393576,30.93416,30.85745,30.31643,30.8931,30.96098
24241,2014-09-11 01:15:00,30.627844069327207,28.57952,30.93416,30.85745,30.31643,30.8931
24242,2014-09-11 01:30:00,30.153961898734416,28.89998,28.57952,30.93416,30.85745,30.31643
24243,2014-09-11 01:45:00,29.857728307955625,29.88389,28.89998,28.57952,30.93416,30.85745
24244,2014-09-11 02:00:00,29.693638756380444,28.84662,29.88389,28.89998,28.57952,30.93416
24245,2014-09-11 02:15:00,29.31254380157869,29.26715,28.84662,29.88389,28.89998,28.57952
24246,2014-09-11 02:30:00,29.434870274116445,29.1435,29.26715,28.84662,29.88389,28.89998
24247,2014-09-11 02:45:00,29.475205983436506,30.87546,29.1435,29.26715,28.84662,29.88389
24248,2014-09-11 03:00:00,29.701322700210135,30.3282,30.87546,29.1435,29.26715,28.84662
24249,2014-09-11 03:15:00,29.989824896534657,28.51729,30.3282,30.87546,29.1435,29.26715
24250,2014-09-11 03:30:00,29.810345224552734,28.80289,28.51729,30.3282,30.87546,29.1435
24251,2014-09-11 03:45:00,29.713444985871742,30.23375,28.80289,28.51729,30.3282,30.87546
24252,2014-09-11 04:00:00,29.625242181795638,30.55306,30.23375,28.80289,28.51729,30.3282
24253,2014-09-11 04:15:00,29.70691843330152,29.42631,30.55306,30.23375,28.80289,28.51729
24254,2014-09-11 04:30:00,29.860791293726155,33.40703,29.42631,30.55306,30.23375,28.80289
24255,2014-09-11 04:45:00,30.777141113509945,34.72107,33.40703,29.42631,30.55306,30.23375
24256,2014-09-11 05:00:00,31.696279793647086,32.80955,34.72107,33.40703,29.42631,30.55306
24257,2014-09-11 05:15:00,32.11643581950734,30.51229,32.80955,34.72107,33.40703,29.42631
24258,2014-09-11 05:30:00,32.22341111139258,27.37229,30.51229,32.80955,34.72107,33.40703
24259,2014-09-11 05:45:00,30.984720697513623,30.7723,27.37229,30.51229,32.80955,34.72107
24260,2014-09-11 06:00:00,30.274793056816137,30.52958,30.7723,27.37229,30.51229,32.80955
24261,2014-09-11 06:15:00,29.899924122626985,27.84837,30.52958,30.7723,27.37229,30.51229
24262,2014-09-11 06:30:00,29.372826059980312,30.3024,27.84837,30.52958,30.7723,27.37229
24263,2014-09-11 06:45:00,29.90866797611156,30.10055,30.3024,27.84837,30.52958,30.7723
24264,2014-09-11 07:00:00,29.809661155268728,29.91775,30.10055,30.3024,27.84837,30.52958
24265,2014-09-11 07:15:00,29.711870112009294,31.04139,29.91775,30.10055,30.3024,27.84837
24266,2014-09-11 07:30:00,30.31287399070534,31.87315,31.04139,29.91775,30.10055,30.3024
24267,2014-09-11 07:45:00,30.64066087135331,32.51214,31.87315,31.04139,29.91775,30.10055
24268,2014-09-11 08:00:00,31.120761478785333,32.75289,32.51214,31.87315,31.04139,29.91775
24269,2014-09-11 08:15:00,31.660207956825523,32.96493,32.75289,32.51214,31.87315,31.04139
24270,2014-09-11 08:30:00,32.024105288077386,31.92022,32.96493,32.75289,32.51214,31.87315
24271,2014-09-11 08:45:00,32.01157019362098,33.90805,31.92022,32.96493,32.75289,32.51214
24272,2014-09-11 09:00:00,32.29630655350431,33.62955,33.90805,31.92022,32.96493,32.75289
24273,2014-09-11 09:15:00,32.479803107348374,34.6982,33.62955,33.90805,31.92022,32.96493
24274,2014-09-11 09:30:00,32.83307296940892,34.56066,34.6982,33.62955,33.90805,31.92022
24275,2014-09-11 09:45:00,33.32648382599168,35.90602,34.56066,34.6982,33.62955,33.90805
24276,2014-09-11 10:00:00,33.72968413921883,38.95769,35.90602,34.56066,34.6982,33.62955
24277,2014-09-11 10:15:00,34.8001423936536,39.89921,38.95769,35.90602,34.56066,34.6982
24278,2014-09-11 10:30:00,35.84084973645551,40.27161,39.89921,38.95769,35.90602,34.56066
24279,2014-09-11 10:45:00,36.92948512344949,43.28034,40.27161,39.89921,38.95769,35.90602
24280,2014-09-11 11:00:00,38.35767024870636,45.34907,43.28034,40.27161,39.89921,38.95769
24281,2014-09-11 11:15:00,39.633715048702726,47.88907,45.34907,43.28034,40.27161,39.89921
24282,2014-09-11 11:30:00,41.21474463001247,46.02602,47.88907,45.34907,43.28034,40.27161
24283,2014-09-11 11:45:00,42.27693533622946,49.79736,46.02602,47.88907,45.34907,43.28034
24284,2014-09-11 12:00:00,43.53765231472613,47.5973,49.79736,46.02602,47.88907,45.34907
24285,2014-09-11 12:15:00,43.94832255087705,51.58295,47.5973,49.79736,46.02602,47.88907
24286,2014-09-11 12:30:00,44.708496663283796,49.90765,51.58295,47.5973,49.79736,46.02602
24287,2014-09-11 12:45:00,45.42967623220747,51.17305,49.90765,51.58295,47.5973,49.79736
24288,2014-09-11 13:00:00,45.71197028448748,55.62597,51.17305,49.90765,51.58295,47.5973
24289,2014-09-11 13:15:00,47.29206927916802,54.50259,55.62597,51.17305,49.90765,51.58295
24290,2014-09-11 13:30:00,47.89468183940499,53.77344,54.50259,55.62597,51.17305,49.90765
24291,2014-09-11 13:45:00,48.589877332290314,54.48586,53.77344,54.50259,55.62597,51.17305
24292,2014-09-11 14:00:00,49.18197056218293,49.87646,54.48586,53.77344,54.50259,55.62597
24293,2014-09-11 14:15:00,48.02969361257083,51.60077,49.87646,54.48586,53.77344,54.50259
24294,2014-09-11 14:30:00,47.46050455021301,51.73175,51.60077,49.87646,54.48586,53.77344
24295,2014-09-11 14:45:00,47.09029725829387,50.87665,51.73175,51.60077,49.87646,54.48586
24296,2014-09-11 15:00:00,46.43365489952176,50.812,50.87665,51.73175,51.60077,49.87646
24297,2014-09-11 15:15:00,46.58417873177655,53.56101,50.812,50.87665,51.73175,51.60077
24298,2014-09-11 15:30:00,47.00211108990048,55.10931,53.56101,50.812,50.87665,51.73175
24299,2014-09-11 15:45:00,47.71050636660455,53.19683,55.10931,53.56101,50.812,50.87665
24300,2014-09-11 16:00:00,48.13610885656694,56.58655,53.19683,55.10931,53.56101,50.812
24301,2014-09-11 16:15:00,49.24272037153882,57.63198,56.58655,53.19683,55.10931,53.56101
24302,2014-09-11 16:30:00,50.0601210057973,51.94626,57.63198,56.58655,53.19683,55.10931
24303,2014-09-11 16:45:00,49.39033158340975,50.48515,51.94626,57.63198,56.58655,53.19683
24304,2014-09-11 17:00:00,48.75158180440872,50.36955,50.48515,51.94626,57.63198,56.58655
24305,2014-09-11 17:15:00,47.54395792505724,52.36943,50.36955,50.48515,51.94626,57.63198
24306,2014-09-11 17:30:00,46.63059585338996,52.88299,52.36943,50.36955,50.48515,51.94626
24307,2014-09-11 17:45:00,46.854417061852295,47.98692,52.88299,52.36943,50.36955,50.48515
24308,2014-09-11 18:00:00,46.302098459769,47.31846,47.98692,52.88299,52.36943,50.36955
24309,2014-09-11 18:15:00,45.63485056127632,41.56325,47.31846,47.98692,52.88299,52.36943
24310,2014-09-11 18:30:00,43.472542652839294,40.7816,41.56325,47.31846,47.98692,52.88299
24311,2014-09-11 18:45:00,41.13852462395555,38.23393,40.7816,41.56325,47.31846,47.98692
24312,2014-09-11 19:00:00,39.24133697702991,35.6257,38.23393,40.7816,41.56325,47.31846
24313,2014-09-11 19:15:00,36.9992113205331,36.17584,35.6257,38.23393,40.7816,41.56325
24314,2014-09-11 19:30:00,35.96290523428668,35.38737,36.17584,35.6257,38.23393,40.7816
24315,2014-09-11 19:45:00,34.955771550464455,32.61064,35.38737,36.17584,35.6257,38.23393
24316,2014-09-11 20:00:00,33.85462878754099,34.12462,32.61064,35.38737,36.17584,35.6257
24317,2014-09-11 20:15:00,33.558112630438536,32.03817,34.12462,32.61064,35.38737,36.17584
24318,2014-09-11 20:30:00,32.76242891642347,30.91265,32.03817,34.12462,32.61064,35.38737
24319,2014-09-11 20:45:00,31.893795320384573,29.3427,30.91265,32.03817,34.12462,32.61064
24320,2014-09-11 21:00:00,31.219605319982648,31.25368,29.3427,30.91265,32.03817,34.12462
24321,2014-09-11 21:15:00,30.70843931564759,28.19742,31.25368,29.3427,30.91265,32.03817
24322,2014-09-11 21:30:00,29.959824431306764,31.75639,28.19742,31.25368,29.3427,30.91265
24323,2014-09-11 21:45:00,30.159209626523065,30.62585,31.75639,28.19742,31.25368,29.3427
24324,2014-09-11 22:00:00,30.408724961360953,31.32039,30.62585,31.75639,28.19742,31.25368
24325,2014-09-11 22:15:00,30.447060035649926,28.68447,31.32039,30.62585,31.75639,28.19742
24326,2014-09-11 22:30:00,30.469865601737393,30.69651,28.68447,31.32039,30.62585,31.75639
24327,2014-09-11 22:45:00,30.28239206529286,30.05541,30.69651,28.68447,31.32039,30.62585
24328,2014-09-11 23:00:00,30.181187422688424,30.33615,30.05541,30.69651,28.68447,31.32039
24329,2014-09-11 23:15:00,30.015211321334483,26.1302,30.33615,30.05541,30.69651,28.68447
24330,2014-09-11 23:30:00,29.442638078134138,29.51171,26.1302,30.33615,30.05541,30.69651
24331,2014-09-11 23:45:00,29.232155226572218,33.57046,29.51171,26.1302,30.33615,30.05541
24332,2014-09-12 00:00:00,30.008249633670154,29.52038,33.57046,29.51171,26.1302,30.33615
24333,2014-09-12 00:15:00,29.869069601541312,30.88633,29.52038,33.57046,29.51171,26.1302
24334,2014-09-12 00:30:00,30.71556101425343,28.72226,30.88633,29.52038,33.57046,29.51171
24335,2014-09-12 00:45:00,30.50834377505207,32.46245,28.72226,30.88633,29.52038,33.57046
24336,2014-09-12 01:00:00,30.37377553234029,31.11191,32.46245,28.72226,30.88633,29.52038
24337,2014-09-12 01:15:00,30.68493344069664,29.8817,31.11191,32.46245,28.72226,30.88633
24338,2014-09-12 01:30:00,30.47577236963229,31.55707,29.8817,31.11191,32.46245,28.72226
24339,2014-09-12 01:45:00,30.99442616932287,31.66914,31.55707,29.8817,31.11191,32.46245
24340,2014-09-12 02:00:00,30.878309273546982,29.60664,31.66914,31.55707,29.8817,31.11191
24341,2014-09-12 02:15:00,30.56903491615367,31.57629,29.60664,31.66914,31.55707,29.8817
24342,2014-09-12 02:30:00,30.88498386216429,29.73002,31.57629,29.60664,31.66914,31.55707
24343,2014-09-12 02:45:00,30.52906419992035,29.36357,29.73002,31.57629,29.60664,31.66914
24344,2014-09-12 03:00:00,30.081532865960526,25.42956,29.36357,29.73002,31.57629,29.60664
24345,2014-09-12 03:15:00,29.198625600618826,28.29623,25.42956,29.36357,29.73002,31.57629
24346,2014-09-12 03:30:00,28.5959070556314,29.36218,28.29623,25.42956,29.36357,29.73002
24347,2014-09-12 03:45:00,28.582872752944112,26.79539,29.36218,28.29623,25.42956,29.36357
24348,2014-09-12 04:00:00,28.098849110855124,27.46367,26.79539,29.36218,28.29623,25.42956
24349,2014-09-12 04:15:00,28.439607972555137,26.98666,27.46367,26.79539,29.36218,28.29623
24350,2014-09-12 04:30:00,28.181581754063366,28.67298,26.98666,27.46367,26.79539,29.36218
24351,2014-09-12 04:45:00,28.097589326146302,29.22112,28.67298,26.98666,27.46367,26.79539
24352,2014-09-12 05:00:00,28.581555601103982,30.17898,29.22112,28.67298,26.98666,27.46367
24353,2014-09-12 05:15:00,29.124014641175158,29.37189,30.17898,29.22112,28.67298,26.98666
24354,2014-09-12 05:30:00,29.55862834528061,29.14185,29.37189,30.17898,29.22112,28.67298
24355,2014-09-12 05:45:00,29.628823495938974,28.03758,29.14185,29.37189,30.17898,29.22112
24356,2014-09-12 06:00:00,29.373756640542563,27.10292,28.03758,29.14185,29.37189,30.17898
24357,2014-09-12 06:15:00,28.768002164878318,29.43788,27.10292,28.03758,29.14185,29.37189
24358,2014-09-12 06:30:00,28.812233154594054,30.5715,29.43788,27.10292,28.03758,29.14185
24359,2014-09-12 06:45:00,29.14127139227702,27.67504,30.5715,29.43788,27.10292,28.03758
24360,2014-09-12 07:00:00,29.043734170698094,31.09149,27.67504,30.5715,29.43788,27.10292
24361,2014-09-12 07:15:00,29.8039999529175,31.09781,31.09149,27.67504,30.5715,29.43788
24362,2014-09-12 07:30:00,30.150093236312745,31.55369,31.09781,31.09149,27.67504,30.5715
24363,2014-09-12 07:45:00,30.370140588582725,30.56684,31.55369,31.09781,31.09149,27.67504
24364,2014-09-12 08:00:00,30.87616013872413,33.02788,30.56684,31.55369,31.09781,31.09149
24365,2014-09-12 08:15:00,31.274453392416866,30.05806,33.02788,30.56684,31.55369,31.09781
24366,2014-09-12 08:30:00,31.050954131372812,32.04387,30.05806,33.02788,30.56684,31.55369
24367,2014-09-12 08:45:00,31.151551840159318,34.05727,32.04387,30.05806,33.02788,30.56684
24368,2014-09-12 09:00:00,31.850765655342673,33.76503,34.05727,32.04387,30.05806,33.02788
24369,2014-09-12 09:15:00,32.03618860487754,32.89977,33.76503,34.05727,32.04387,30.05806
24370,2014-09-12 09:30:00,32.538511991350006,35.78697,32.89977,33.76503,34.05727,32.04387
24371,2014-09-12 09:45:00,33.27041480144453,41.77826,35.78697,32.89977,33.76503,34.05727
24372,2014-09-12 10:00:00,34.87689573579216,37.25236,41.77826,35.78697,32.89977,33.76503
24373,2014-09-12 10:15:00,35.53881744648483,41.59663,37.25236,41.77826,35.78697,32.89977
24374,2014-09-12 10:30:00,37.18330324972044,38.46119,41.59663,37.25236,41.77826,35.78697
24375,2014-09-12 10:45:00,37.634545567255415,43.70634,38.46119,41.59663,37.25236,41.77826
24376,2014-09-12 11:00:00,38.09443784988922,44.97311,43.70634,38.46119,41.59663,37.25236
24377,2014-09-12 11:15:00,39.6052384013463,46.80336,44.97311,43.70634,38.46119,41.59663
24378,2014-09-12 11:30:00,40.667682585980074,44.85699,46.80336,44.97311,43.70634,38.46119
24379,2014-09-12 11:45:00,41.821510391219476,46.19944,44.85699,46.80336,44.97311,43.70634
24380,2014-09-12 12:00:00,42.28286740668791,47.9845,46.19944,44.85699,46.80336,44.97311
24381,2014-09-12 12:15:00,42.88507596310116,48.05519,47.9845,46.19944,44.85699,46.80336
24382,2014-09-12 12:30:00,43.162571699306085,50.97851,48.05519,47.9845,46.19944,44.85699
24383,2014-09-12 12:45:00,44.36330661543304,47.27485,50.97851,48.05519,47.9845,46.19944
24384,2014-09-12 13:00:00,44.521682399235075,50.62251,47.27485,50.97851,48.05519,47.9845
24385,2014-09-12 13:15:00,45.03507147779604,48.43941,50.62251,47.27485,50.97851,48.05519
24386,2014-09-12 13:30:00,45.08412538079334,50.64564,48.43941,50.62251,47.27485,50.97851
24387,2014-09-12 13:45:00,45.06626056661791,49.52405,50.64564,48.43941,50.62251,47.27485
24388,2014-09-12 14:00:00,45.46990674237901,50.79354,49.52405,50.64564,48.43941,50.62251
24389,2014-09-12 14:15:00,45.530453902497385,53.35382,50.79354,49.52405,50.64564,48.43941
24390,2014-09-12 14:30:00,46.50281232023535,49.37103,53.35382,50.79354,49.52405,50.64564
24391,2014-09-12 14:45:00,46.232239183517116,53.39317,49.37103,53.35382,50.79354,49.52405
24392,2014-09-12 15:00:00,46.97681407650212,52.62535,53.39317,49.37103,53.35382,50.79354
24393,2014-09-12 15:15:00,47.336545029093,53.95091,52.62535,53.39317,49.37103,53.35382
24394,2014-09-12 15:30:00,47.49914269833253,46.60485,53.95091,52.62535,53.39317,49.37103
24395,2014-09-12 15:45:00,46.826038130029836,53.14128,46.60485,53.95091,52.62535,53.39317
24396,2014-09-12 16:00:00,46.81089629927415,50.76875,53.14128,46.60485,53.95091,52.62535
24397,2014-09-12 16:15:00,46.48465733453991,54.28207,50.76875,53.14128,46.60485,53.95091
24398,2014-09-12 16:30:00,46.64573410969058,56.63632,54.28207,50.76875,53.14128,46.60485
24399,2014-09-12 16:45:00,48.57320663127124,54.57543,56.63632,54.28207,50.76875,53.14128
24400,2014-09-12 17:00:00,48.858526470859346,53.95659,54.57543,56.63632,54.28207,50.76875
24401,2014-09-12 17:15:00,49.39578199655607,50.94671,53.95659,54.57543,56.63632,54.28207
24402,2014-09-12 17:30:00,48.68219165928225,48.62739,50.94671,53.95659,54.57543,56.63632
24403,2014-09-12 17:45:00,47.10504198118299,48.91894,48.62739,50.94671,53.95659,54.57543
24404,2014-09-12 18:00:00,46.015235755635175,43.49127,48.91894,48.62739,50.94671,53.95659
24405,2014-09-12 18:15:00,43.96627060751039,39.36303,43.49127,48.91894,48.62739,50.94671
24406,2014-09-12 18:30:00,41.65268527814365,39.02477,39.36303,43.49127,48.91894,48.62739
24407,2014-09-12 18:45:00,39.7737182654234,39.95313,39.02477,39.36303,43.49127,48.91894
24408,2014-09-12 19:00:00,38.134500113868796,35.55703,39.95313,39.02477,39.36303,43.49127
24409,2014-09-12 19:15:00,36.6011420182558,34.99645,35.55703,39.95313,39.02477,39.36303
24410,2014-09-12 19:30:00,35.713258693685354,32.30573,34.99645,35.55703,39.95313,39.02477
24411,2014-09-12 19:45:00,34.37719694776383,35.33643,32.30573,34.99645,35.55703,39.95313
24412,2014-09-12 20:00:00,33.56170634765297,32.14978,35.33643,32.30573,34.99645,35.55703
24413,2014-09-12 20:15:00,32.901520995689125,31.39774,32.14978,35.33643,32.30573,34.99645
24414,2014-09-12 20:30:00,32.19142355254692,31.38562,31.39774,32.14978,35.33643,32.30573
24415,2014-09-12 20:45:00,31.98070926509716,30.44432,31.38562,31.39774,32.14978,35.33643
24416,2014-09-12 21:00:00,31.0649559617136,30.56144,30.44432,31.38562,31.39774,32.14978
24417,2014-09-12 21:15:00,30.761188831742597,29.57313,30.56144,30.44432,31.38562,31.39774
24418,2014-09-12 21:30:00,30.399460351751166,27.63303,29.57313,30.56144,30.44432,31.38562
24419,2014-09-12 21:45:00,29.650397410770147,31.47196,27.63303,29.57313,30.56144,30.44432
24420,2014-09-12 22:00:00,29.888073071099804,30.75088,31.47196,27.63303,29.57313,30.56144
24421,2014-09-12 22:15:00,29.966619162350575,27.28671,30.75088,31.47196,27.63303,29.57313
24422,2014-09-12 22:30:00,29.480870680106456,27.59672,27.28671,30.75088,31.47196,27.63303
24423,2014-09-12 22:45:00,29.403317543365915,31.024,27.59672,27.28671,30.75088,31.47196
24424,2014-09-12 23:00:00,29.388739215109243,29.10628,31.024,27.59672,27.28671,30.75088
24425,2014-09-12 23:15:00,29.115623680908246,30.59748,29.10628,31.024,27.59672,27.28671
24426,2014-09-12 23:30:00,29.74346153017474,28.10272,30.59748,29.10628,31.024,27.59672
24427,2014-09-12 23:45:00,29.78315947008951,28.22635,28.10272,30.59748,29.10628,31.024
24428,2014-09-13 00:00:00,29.241802868802495,29.00041,28.22635,28.10272,30.59748,29.10628
24429,2014-09-13 00:15:00,29.223554856172676,30.05961,29.00041,28.22635,28.10272,30.59748
24430,2014-09-13 00:30:00,29.171753855163928,29.18043,30.05961,29.00041,28.22635,28.10272
24431,2014-09-13 00:45:00,29.37235624230133,29.59646,29.18043,30.05961,29.00041,28.22635
24432,2014-09-13 01:00:00,29.621865461183567,26.99545,29.59646,29.18043,30.05961,29.00041
24433,2014-09-13 01:15:00,29.19172225230727,28.57317,26.99545,29.59646,29.18043,30.05961
24434,2014-09-13 01:30:00,28.91394427943285,27.80456,28.57317,26.99545,29.59646,29.18043
24435,2014-09-13 01:45:00,28.65502714551819,27.47693,27.80456,28.57317,26.99545,29.59646
24436,2014-09-13 02:00:00,28.261290471100345,28.52559,27.47693,27.80456,28.57317,26.99545
24437,2014-09-13 02:15:00,28.551776594140193,27.88887,28.52559,27.47693,27.80456,28.57317
24438,2014-09-13 02:30:00,28.430410350162465,27.12604,27.88887,28.52559,27.47693,27.80456
24439,2014-09-13 02:45:00,28.283587654153173,28.31459,27.12604,27.88887,28.52559,27.47693
24440,2014-09-13 03:00:00,28.444687017063764,27.83195,28.31459,27.12604,27.88887,28.52559
24441,2014-09-13 03:15:00,28.324776593591814,26.72911,27.83195,28.31459,27.12604,27.88887
24442,2014-09-13 03:30:00,28.08649039693424,27.06082,26.72911,27.83195,28.31459,27.12604
24443,2014-09-13 03:45:00,28.056018179534234,25.50355,27.06082,26.72911,27.83195,28.31459
24444,2014-09-13 04:00:00,27.504081546956456,28.62486,25.50355,27.06082,26.72911,27.83195
24445,2014-09-13 04:15:00,27.700148323547406,24.99942,28.62486,25.50355,27.06082,26.72911
24446,2014-09-13 04:30:00,27.343444274552375,27.23245,24.99942,28.62486,25.50355,27.06082
24447,2014-09-13 04:45:00,27.385125898528656,27.0389,27.23245,24.99942,28.62486,25.50355
24448,2014-09-13 05:00:00,27.67207532893076,28.16831,27.0389,27.23245,24.99942,28.62486
24449,2014-09-13 05:15:00,27.635261153670648,27.58628,28.16831,27.0389,27.23245,24.99942
24450,2014-09-13 05:30:00,28.109265090905176,25.83975,27.58628,28.16831,27.0389,27.23245
24451,2014-09-13 05:45:00,27.809249219995554,27.87341,25.83975,27.58628,28.16831,27.0389
24452,2014-09-13 06:00:00,27.9719554630553,28.23495,27.87341,25.83975,27.58628,28.16831
24453,2014-09-13 06:15:00,28.02074809254119,26.15932,28.23495,27.87341,25.83975,27.58628
24454,2014-09-13 06:30:00,27.733703925523287,27.11167,26.15932,28.23495,27.87341,25.83975
24455,2014-09-13 06:45:00,27.94831707284382,27.43128,27.11167,26.15932,28.23495,27.87341
24456,2014-09-13 07:00:00,27.87843088217506,27.4816,27.43128,27.11167,26.15932,28.23495
24457,2014-09-13 07:15:00,27.758833262002085,28.59297,27.4816,27.43128,27.11167,26.15932
24458,2014-09-13 07:30:00,28.231845856812637,28.48487,28.59297,27.4816,27.43128,27.11167
24459,2014-09-13 07:45:00,28.500892862500113,27.59017,28.48487,28.59297,27.4816,27.43128
24460,2014-09-13 08:00:00,28.513548894712272,29.64863,27.59017,28.48487,28.59297,27.4816
24461,2014-09-13 08:15:00,28.939783468964393,27.96345,29.64863,27.59017,28.48487,28.59297
24462,2014-09-13 08:30:00,28.8167497878327,27.9932,27.96345,29.64863,27.59017,28.48487
24463,2014-09-13 08:45:00,28.711609705732968,26.86797,27.9932,27.96345,29.64863,27.59017
24464,2014-09-13 09:00:00,28.53698991835359,28.11253,26.86797,27.9932,27.96345,29.64863
24465,2014-09-13 09:15:00,28.268994475355946,25.24821,28.11253,26.86797,27.9932,27.96345
24466,2014-09-13 09:30:00,27.718769944881124,28.20862,25.24821,28.11253,26.86797,27.9932
24467,2014-09-13 09:45:00,27.786900146172698,26.52389,28.20862,25.24821,28.11253,26.86797
24468,2014-09-13 10:00:00,27.716879174226342,29.5674,26.52389,28.20862,25.24821,28.11253
24469,2014-09-13 10:15:00,28.05119800423909,30.08408,29.5674,26.52389,28.20862,25.24821
24470,2014-09-13 10:30:00,28.987566278671736,30.46476,30.08408,29.5674,26.52389,28.20862
24471,2014-09-13 10:45:00,29.443206508810597,29.96704,30.46476,30.08408,29.5674,26.52389
24472,2014-09-13 11:00:00,30.064743578520147,31.03758,29.96704,30.46476,30.08408,29.5674
24473,2014-09-13 11:15:00,30.351625523989508,32.57626,31.03758,29.96704,30.46476,30.08408
24474,2014-09-13 11:30:00,30.860680029770588,32.81418,32.57626,31.03758,29.96704,30.46476
24475,2014-09-13 11:45:00,31.33331737444545,33.44235,32.81418,32.57626,31.03758,29.96704
24476,2014-09-13 12:00:00,31.996541202741565,36.70808,33.44235,32.81418,32.57626,31.03758
24477,2014-09-13 12:15:00,33.122792416745035,35.01449,36.70808,33.44235,32.81418,32.57626
24478,2014-09-13 12:30:00,33.59272920484027,35.48747,35.01449,36.70808,33.44235,32.81418
24479,2014-09-13 12:45:00,34.08172316182453,36.79992,35.48747,35.01449,36.70808,33.44235
24480,2014-09-13 13:00:00,34.717959489196375,35.11427,36.79992,35.48747,35.01449,36.70808
24481,2014-09-13 13:15:00,34.41717905489263,36.50704,35.11427,36.79992,35.48747,35.01449
24482,2014-09-13 13:30:00,34.699958666685525,35.14624,36.50704,35.11427,36.79992,35.48747
24483,2014-09-13 13:45:00,34.61657253448317,39.11858,35.14624,36.50704,35.11427,36.79992
24484,2014-09-13 14:00:00,35.12439174066685,34.83557,39.11858,35.14624,36.50704,35.11427
24485,2014-09-13 14:15:00,35.032085109294805,35.84501,34.83557,39.11858,35.14624,36.50704
24486,2014-09-13 14:30:00,34.88452846400411,34.02872,35.84501,34.83557,39.11858,35.14624
24487,2014-09-13 14:45:00,34.617673355846186,35.03446,34.02872,35.84501,34.83557,39.11858
24488,2014-09-13 15:00:00,33.877180062145904,34.60819,35.03446,34.02872,35.84501,34.83557
24489,2014-09-13 15:15:00,33.82979262800202,35.2308,34.60819,35.03446,34.02872,35.84501
24490,2014-09-13 15:30:00,33.73527865993036,34.83805,35.2308,34.60819,35.03446,34.02872
24491,2014-09-13 15:45:00,33.880407404504524,36.43353,34.83805,35.2308,34.60819,35.03446
24492,2014-09-13 16:00:00,34.17268515347865,33.60789,36.43353,34.83805,35.2308,34.60819
24493,2014-09-13 16:15:00,33.947228319780784,31.31118,33.60789,36.43353,34.83805,35.2308
24494,2014-09-13 16:30:00,33.13310373797637,32.1191,31.31118,33.60789,36.43353,34.83805
24495,2014-09-13 16:45:00,32.58982690867452,33.05048,32.1191,31.31118,33.60789,36.43353
24496,2014-09-13 17:00:00,31.999756755994195,32.77964,33.05048,32.1191,31.31118,33.60789
24497,2014-09-13 17:15:00,31.869698232069357,30.4106,32.77964,33.05048,32.1191,31.31118
24498,2014-09-13 17:30:00,31.646907352771077,33.08696,30.4106,32.77964,33.05048,32.1191
24499,2014-09-13 17:45:00,31.840398954017918,31.84917,33.08696,30.4106,32.77964,33.05048
24500,2014-09-13 18:00:00,31.625754881350545,32.3957,31.84917,33.08696,30.4106,32.77964
24501,2014-09-13 18:15:00,31.56864612564969,30.2847,32.3957,31.84917,33.08696,30.4106
24502,2014-09-13 18:30:00,31.49052599967058,28.89513,30.2847,32.3957,31.84917,33.08696
24503,2014-09-13 18:45:00,30.656897861874892,31.54419,28.89513,30.2847,32.3957,31.84917
24504,2014-09-13 19:00:00,30.623897868121354,27.12435,31.54419,28.89513,30.2847,32.3957
24505,2014-09-13 19:15:00,29.597841340602606,28.13835,27.12435,31.54419,28.89513,30.2847
24506,2014-09-13 19:30:00,29.16757142433663,26.35089,28.13835,27.12435,31.54419,28.89513
24507,2014-09-13 19:45:00,28.642577327199003,28.52857,26.35089,28.13835,27.12435,31.54419
24508,2014-09-13 20:00:00,28.12678903585827,28.69191,28.52857,26.35089,28.13835,27.12435
24509,2014-09-13 20:15:00,28.444186887704284,28.28236,28.69191,28.52857,26.35089,28.13835
24510,2014-09-13 20:30:00,28.48217681311278,28.88171,28.28236,28.69191,28.52857,26.35089
24511,2014-09-13 20:45:00,28.94814984314652,28.94674,28.88171,28.28236,28.69191,28.52857
24512,2014-09-13 21:00:00,29.034373602767946,26.84897,28.94674,28.88171,28.28236,28.69191
24513,2014-09-13 21:15:00,28.652595421998726,28.37446,26.84897,28.94674,28.88171,28.28236
24514,2014-09-13 21:30:00,28.66609697052283,27.24555,28.37446,26.84897,28.94674,28.88171
24515,2014-09-13 21:45:00,28.35399888775411,29.01814,27.24555,28.37446,26.84897,28.94674
24516,2014-09-13 22:00:00,28.40364397216197,29.10636,29.01814,27.24555,28.37446,26.84897
24517,2014-09-13 22:15:00,28.841041233031405,27.69998,29.10636,29.01814,27.24555,28.37446
24518,2014-09-13 22:30:00,28.69959469628888,27.1656,27.69998,29.10636,29.01814,27.24555
24519,2014-09-13 22:45:00,28.642251275066933,26.78018,27.1656,27.69998,29.10636,29.01814
24520,2014-09-13 23:00:00,28.203962402187233,29.14293,26.78018,27.1656,27.69998,29.10636
24521,2014-09-13 23:15:00,28.26022162139959,25.92816,29.14293,26.78018,27.1656,27.69998
24522,2014-09-13 23:30:00,27.901257278770736,26.91776,25.92816,29.14293,26.78018,27.1656
24523,2014-09-13 23:45:00,27.83613559104225,27.05842,26.91776,25.92816,29.14293,26.78018
24524,2014-09-14 00:00:00,27.882321076689127,27.88994,27.05842,26.91776,25.92816,29.14293
24525,2014-09-14 00:15:00,27.68968558350751,24.36428,27.88994,27.05842,26.91776,25.92816
24526,2014-09-14 00:30:00,27.332578160922765,25.5794,24.36428,27.88994,27.05842,26.91776
24527,2014-09-14 00:45:00,27.056233516588897,27.37934,25.5794,24.36428,27.88994,27.05842
24528,2014-09-14 01:00:00,27.15599637981175,27.38949,27.37934,25.5794,24.36428,27.88994
24529,2014-09-14 01:15:00,27.11446802709279,25.76569,27.38949,27.37934,25.5794,24.36428
24530,2014-09-14 01:30:00,27.34094556013897,26.98155,25.76569,27.38949,27.37934,25.5794
24531,2014-09-14 01:45:00,27.592425997288267,26.78451,26.98155,25.76569,27.38949,27.37934
24532,2014-09-14 02:00:00,27.49083829990075,25.46687,26.78451,26.98155,25.76569,27.38949
24533,2014-09-14 02:15:00,27.11527924646805,27.22804,25.46687,26.78451,26.98155,25.76569
24534,2014-09-14 02:30:00,27.396650924503813,25.89556,27.22804,25.46687,26.78451,26.98155
24535,2014-09-14 02:45:00,27.19046400633602,26.89032,25.89556,27.22804,25.46687,26.78451
24536,2014-09-14 03:00:00,27.223569820859623,25.5374,26.89032,25.89556,27.22804,25.46687
24537,2014-09-14 03:15:00,27.209569056000056,27.51979,25.5374,26.89032,25.89556,27.22804
24538,2014-09-14 03:30:00,27.295149398243858,25.65952,27.51979,25.5374,26.89032,25.89556
24539,2014-09-14 03:45:00,27.232903612311702,28.68052,25.65952,27.51979,25.5374,26.89032
24540,2014-09-14 04:00:00,27.61482615848208,26.98405,28.68052,25.65952,27.51979,25.5374
24541,2014-09-14 04:15:00,27.878249192047026,27.46695,26.98405,28.68052,25.65952,27.51979
24542,2014-09-14 04:30:00,27.872709946054,25.9757,27.46695,26.98405,28.68052,25.65952
24543,2014-09-14 04:45:00,27.8854422861527,28.09142,25.9757,27.46695,26.98405,28.68052
24544,2014-09-14 05:00:00,27.80793775542204,26.07668,28.09142,25.9757,27.46695,26.98405
24545,2014-09-14 05:15:00,27.621880149396283,26.4991,26.07668,28.09142,25.9757,27.46695
24546,2014-09-14 05:30:00,27.434676843072978,27.24254,26.4991,26.07668,28.09142,25.9757
24547,2014-09-14 05:45:00,27.674188009696145,27.28679,27.24254,26.4991,26.07668,28.09142
24548,2014-09-14 06:00:00,27.54935454344672,27.22515,27.28679,27.24254,26.4991,26.07668
24549,2014-09-14 06:15:00,27.76277312557642,23.80994,27.22515,27.28679,27.24254,26.4991
24550,2014-09-14 06:30:00,27.185649485282013,26.05343,23.80994,27.22515,27.28679,27.24254
24551,2014-09-14 06:45:00,26.957850227326478,24.75419,26.05343,23.80994,27.22515,27.28679
24552,2014-09-14 07:00:00,26.482641852526477,28.06706,24.75419,26.05343,23.80994,27.22515
24553,2014-09-14 07:15:00,26.715057450414275,28.20583,28.06706,24.75419,26.05343,23.80994
24554,2014-09-14 07:30:00,27.57102127372589,29.06457,28.20583,28.06706,24.75419,26.05343
24555,2014-09-14 07:45:00,28.17017816685366,26.2727,29.06457,28.20583,28.06706,24.75419
24556,2014-09-14 08:00:00,28.389964235929106,28.85562,26.2727,29.06457,28.20583,28.06706
24557,2014-09-14 08:15:00,28.54975350615801,28.26684,28.85562,26.2727,29.06457,28.20583
24558,2014-09-14 08:30:00,28.574629784353654,28.88256,28.26684,28.85562,26.2727,29.06457
24559,2014-09-14 08:45:00,28.56863993296391,28.58407,28.88256,28.26684,28.85562,26.2727
24560,2014-09-14 09:00:00,28.986060793852474,28.15546,28.58407,28.88256,28.26684,28.85562
24561,2014-09-14 09:15:00,28.847423903349643,26.1705,28.15546,28.58407,28.88256,28.26684
24562,2014-09-14 09:30:00,28.4044875129902,27.32822,26.1705,28.15546,28.58407,28.88256
24563,2014-09-14 09:45:00,28.10875962158708,25.99314,27.32822,26.1705,28.15546,28.58407
24564,2014-09-14 10:00:00,27.611976567540918,27.18802,25.99314,27.32822,26.1705,28.15546
24565,2014-09-14 10:15:00,27.45103821442298,29.26972,27.18802,25.99314,27.32822,26.1705
24566,2014-09-14 10:30:00,28.079300779663008,30.11072,29.26972,27.18802,25.99314,27.32822
24567,2014-09-14 10:45:00,28.658655123026172,29.9709,30.11072,29.26972,27.18802,25.99314
24568,2014-09-14 11:00:00,29.40984659239487,31.40849,29.9709,30.11072,29.26972,27.18802
24569,2014-09-14 11:15:00,30.214975624924193,32.49632,31.40849,29.9709,30.11072,29.26972
24570,2014-09-14 11:30:00,30.855694049890523,28.61975,32.49632,31.40849,29.9709,30.11072
24571,2014-09-14 11:45:00,30.519399505448803,34.09486,28.61975,32.49632,31.40849,29.9709
24572,2014-09-14 12:00:00,31.337587739907825,33.8209,34.09486,28.61975,32.49632,31.40849
24573,2014-09-14 12:15:00,31.8467563561012,34.3256,33.8209,34.09486,28.61975,32.49632
24574,2014-09-14 12:30:00,32.233572993542765,31.17114,34.3256,33.8209,34.09486,28.61975
24575,2014-09-14 12:45:00,32.61927873139128,31.72904,31.17114,34.3256,33.8209,34.09486
24576,2014-09-14 13:00:00,32.14479773792648,32.52632,31.72904,31.17114,34.3256,33.8209
24577,2014-09-14 13:15:00,31.915642403481407,29.46148,32.52632,31.72904,31.17114,34.3256
24578,2014-09-14 13:30:00,30.97742927427216,29.04904,29.46148,32.52632,31.72904,31.17114
24579,2014-09-14 13:45:00,30.52580046578624,35.3405,29.04904,29.46148,32.52632,31.72904
24580,2014-09-14 14:00:00,31.30882125756421,34.01867,35.3405,29.04904,29.46148,32.52632
24581,2014-09-14 14:15:00,31.672000842203694,33.89777,34.01867,35.3405,29.04904,29.46148
24582,2014-09-14 14:30:00,32.49855108778963,30.73639,33.89777,34.01867,35.3405,29.04904
24583,2014-09-14 14:45:00,32.7054937143269,34.05222,30.73639,33.89777,34.01867,35.3405
24584,2014-09-14 15:00:00,32.492949007918234,34.10028,34.05222,30.73639,33.89777,34.01867
24585,2014-09-14 15:15:00,32.55050447116324,34.4549,34.10028,34.05222,30.73639,33.89777
24586,2014-09-14 15:30:00,32.691054981706834,33.36579,34.4549,34.10028,34.05222,30.73639
24587,2014-09-14 15:45:00,33.14520283616303,34.44718,33.36579,34.4549,34.10028,34.05222
24588,2014-09-14 16:00:00,33.22544437627097,33.69707,34.44718,33.36579,34.4549,34.10028
24589,2014-09-14 16:15:00,33.145779536547344,32.79574,33.69707,34.44718,33.36579,34.4549
24590,2014-09-14 16:30:00,32.81601965627448,33.57809,32.79574,33.69707,34.44718,33.36579
24591,2014-09-14 16:45:00,32.84946493686186,35.05109,33.57809,32.79574,33.69707,34.44718
24592,2014-09-14 17:00:00,33.00596369365505,32.67572,35.05109,33.57809,32.79574,33.69707
24593,2014-09-14 17:15:00,32.796495183461374,34.20946,32.67572,35.05109,33.57809,32.79574
24594,2014-09-14 17:30:00,33.055698821715126,30.77142,34.20946,32.67572,35.05109,33.57809
24595,2014-09-14 17:45:00,32.46873201885067,33.47398,30.77142,34.20946,32.67572,35.05109
24596,2014-09-14 18:00:00,32.1966855758625,33.25922,33.47398,30.77142,34.20946,32.67572
24597,2014-09-14 18:15:00,32.32262483870387,31.8023,33.25922,33.47398,30.77142,34.20946
24598,2014-09-14 18:30:00,31.868687854097757,31.22873,31.8023,33.25922,33.47398,30.77142
24599,2014-09-14 18:45:00,31.90362293277697,34.05558,31.22873,31.8023,33.25922,33.47398
24600,2014-09-14 19:00:00,32.058475658678525,31.26582,34.05558,31.22873,31.8023,33.25922
24601,2014-09-14 19:15:00,31.678795652991084,29.72975,31.26582,34.05558,31.22873,31.8023
24602,2014-09-14 19:30:00,31.230229805518462,29.27979,29.72975,31.26582,34.05558,31.22873
24603,2014-09-14 19:45:00,30.80910285068802,31.67683,29.27979,29.72975,31.26582,34.05558
24604,2014-09-14 20:00:00,30.41960148476111,31.04804,31.67683,29.27979,29.72975,31.26582
24605,2014-09-14 20:15:00,30.409975874487447,30.8085,31.04804,31.67683,29.27979,29.72975
24606,2014-09-14 20:30:00,30.60666181265217,29.4546,30.8085,31.04804,31.67683,29.27979
24607,2014-09-14 20:45:00,30.591805046055338,27.80626,29.4546,30.8085,31.04804,31.67683
24608,2014-09-14 21:00:00,29.818289982056672,30.03665,27.80626,29.4546,30.8085,31.04804
24609,2014-09-14 21:15:00,29.647878981114143,28.88074,30.03665,27.80626,29.4546,30.8085
24610,2014-09-14 21:30:00,29.301187635913934,28.15192,28.88074,30.03665,27.80626,29.4546
24611,2014-09-14 21:45:00,29.04209615375693,28.6822,28.15192,28.88074,30.03665,27.80626
24612,2014-09-14 22:00:00,29.188794280814292,28.99504,28.6822,28.15192,28.88074,30.03665
24613,2014-09-14 22:15:00,29.0135286621342,25.45399,28.99504,28.6822,28.15192,28.88074
24614,2014-09-14 22:30:00,28.31199928778024,29.37434,25.45399,28.99504,28.6822,28.15192
24615,2014-09-14 22:45:00,28.56496230371082,28.19751,29.37434,25.45399,28.99504,28.6822
24616,2014-09-14 23:00:00,28.497118797211606,30.58415,28.19751,29.37434,25.45399,28.99504
24617,2014-09-14 23:15:00,28.857525743004516,26.11676,30.58415,28.19751,29.37434,25.45399
24618,2014-09-14 23:30:00,28.898769325535916,28.45583,26.11676,30.58415,28.19751,29.37434
24619,2014-09-14 23:45:00,28.72206511589605,27.13667,28.45583,26.11676,30.58415,28.19751
24620,2014-09-15 00:00:00,28.504895731346785,27.93574,27.13667,28.45583,26.11676,30.58415
24621,2014-09-15 00:15:00,28.040612369270733,26.41122,27.93574,27.13667,28.45583,26.11676
24622,2014-09-15 00:30:00,28.05853917816214,26.02872,26.41122,27.93574,27.13667,28.45583
24623,2014-09-15 00:45:00,27.584969600315226,27.11632,26.02872,26.41122,27.93574,27.13667
24624,2014-09-15 01:00:00,27.588465502681533,27.06056,27.11632,26.02872,26.41122,27.93574
24625,2014-09-15 01:15:00,27.448309358489304,26.82715,27.06056,27.11632,26.02872,26.41122
24626,2014-09-15 01:30:00,27.525789003314394,26.30944,26.82715,27.06056,27.11632,26.02872
24627,2014-09-15 01:45:00,27.55741462106689,26.56202,26.30944,26.82715,27.06056,27.11632
24628,2014-09-15 02:00:00,27.450992157302675,26.3155,26.56202,26.30944,26.82715,27.06056
24629,2014-09-15 02:15:00,27.310554115250774,26.15746,26.3155,26.56202,26.30944,26.82715
24630,2014-09-15 02:30:00,27.182441419785064,27.27269,26.15746,26.3155,26.56202,26.30944
24631,2014-09-15 02:45:00,27.38047009569847,26.83716,27.27269,26.15746,26.3155,26.56202
24632,2014-09-15 03:00:00,27.44068516763297,26.96589,26.83716,27.27269,26.15746,26.3155
24633,2014-09-15 03:15:00,27.56237416944584,24.16248,26.96589,26.83716,27.27269,26.15746
24634,2014-09-15 03:30:00,27.126590778795492,27.24747,24.16248,26.96589,26.83716,27.27269
24635,2014-09-15 03:45:00,27.1458909226399,28.60196,27.24747,24.16248,26.96589,26.83716
24636,2014-09-15 04:00:00,27.540460000704993,29.25601,28.60196,27.24747,24.16248,26.96589
24637,2014-09-15 04:15:00,28.0274418825418,28.57908,29.25601,28.60196,27.24747,24.16248
24638,2014-09-15 04:30:00,28.833317831439825,30.04453,28.57908,29.25601,28.60196,27.24747
24639,2014-09-15 04:45:00,29.36905445347321,28.63612,30.04453,28.57908,29.25601,28.60196
24640,2014-09-15 05:00:00,29.362734918198097,28.59407,28.63612,30.04453,28.57908,29.25601
24641,2014-09-15 05:15:00,29.225470314584236,27.58165,28.59407,28.63612,30.04453,28.57908
24642,2014-09-15 05:30:00,29.00505978543148,31.16785,27.58165,28.59407,28.63612,30.04453
24643,2014-09-15 05:45:00,29.28124488370766,30.04321,31.16785,27.58165,28.59407,28.63612
24644,2014-09-15 06:00:00,29.572063798970873,30.148,30.04321,31.16785,27.58165,28.59407
24645,2014-09-15 06:15:00,29.86387551760068,29.20497,30.148,30.04321,31.16785,27.58165
24646,2014-09-15 06:30:00,30.124427877116688,30.59669,29.20497,30.148,30.04321,31.16785
24647,2014-09-15 06:45:00,30.039166371256336,28.4758,30.59669,29.20497,30.148,30.04321
24648,2014-09-15 07:00:00,29.720710924099794,29.98746,28.4758,30.59669,29.20497,30.148
24649,2014-09-15 07:15:00,29.699515997520024,28.69061,29.98746,28.4758,30.59669,29.20497
24650,2014-09-15 07:30:00,29.58516626517714,30.89905,28.69061,29.98746,28.4758,30.59669
24651,2014-09-15 07:45:00,29.6844197194798,31.20236,30.89905,28.69061,29.98746,28.4758
24652,2014-09-15 08:00:00,30.219939417789703,31.65911,31.20236,30.89905,28.69061,29.98746
24653,2014-09-15 08:15:00,30.5600746892857,31.61905,31.65911,31.20236,30.89905,28.69061
24654,2014-09-15 08:30:00,31.100420501412454,31.75022,31.61905,31.65911,31.20236,30.89905
24655,2014-09-15 08:45:00,31.26090166360451,29.89181,31.75022,31.61905,31.65911,31.20236
24656,2014-09-15 09:00:00,30.977349137874846,32.00941,29.89181,31.75022,31.61905,31.65911
24657,2014-09-15 09:15:00,31.05878277929836,31.09571,32.00941,29.89181,31.75022,31.61905
24658,2014-09-15 09:30:00,30.968011379004903,33.37455,31.09571,32.00941,29.89181,31.75022
24659,2014-09-15 09:45:00,31.321421118333063,36.25888,33.37455,31.09571,32.00941,29.89181
24660,2014-09-15 10:00:00,32.58787364798327,34.81569,36.25888,33.37455,31.09571,32.00941
24661,2014-09-15 10:15:00,33.1376052178297,35.87015,34.81569,36.25888,33.37455,31.09571
24662,2014-09-15 10:30:00,34.02348548387823,36.07865,35.87015,34.81569,36.25888,33.37455
24663,2014-09-15 10:45:00,34.526893245544926,35.99954,36.07865,35.87015,34.81569,36.25888
24664,2014-09-15 11:00:00,34.49170369172223,38.95555,35.99954,36.07865,35.87015,34.81569
24665,2014-09-15 11:15:00,35.31808427292479,37.00644,38.95555,35.99954,36.07865,35.87015
24666,2014-09-15 11:30:00,35.53322791774924,38.09694,37.00644,38.95555,35.99954,36.07865
24667,2014-09-15 11:45:00,35.91208832117027,38.02199,38.09694,37.00644,38.95555,35.99954
24668,2014-09-15 12:00:00,36.28109364698901,41.81534,38.02199,38.09694,37.00644,38.95555
24669,2014-09-15 12:15:00,36.90627493701533,42.83619,41.81534,38.02199,38.09694,37.00644
24670,2014-09-15 12:30:00,38.065628710349934,47.71929,42.83619,41.81534,38.02199,38.09694
24671,2014-09-15 12:45:00,39.98856515897242,45.2519,47.71929,42.83619,41.81534,38.02199
24672,2014-09-15 13:00:00,41.341267096702566,47.59942,45.2519,47.71929,42.83619,41.81534
24673,2014-09-15 13:15:00,42.440038855119994,46.00303,47.59942,45.2519,47.71929,42.83619
24674,2014-09-15 13:30:00,42.99736374859675,44.78312,46.00303,47.59942,45.2519,47.71929
24675,2014-09-15 13:45:00,42.42192970974885,44.73575,44.78312,46.00303,47.59942,45.2519
24676,2014-09-15 14:00:00,42.28758795680185,43.12585,44.73575,44.78312,46.00303,47.59942
24677,2014-09-15 14:15:00,41.42486710420998,44.2283,43.12585,44.73575,44.78312,46.00303
24678,2014-09-15 14:30:00,41.09912813073953,46.60607,44.2283,43.12585,44.73575,44.78312
24679,2014-09-15 14:45:00,41.50023925863604,46.00119,46.60607,44.2283,43.12585,44.73575
24680,2014-09-15 15:00:00,41.77264012509555,47.30445,46.00119,46.60607,44.2283,43.12585
24681,2014-09-15 15:15:00,42.57055117475098,45.09025,47.30445,46.00119,46.60607,44.2283
24682,2014-09-15 15:30:00,42.689714581409426,46.55142,45.09025,47.30445,46.00119,46.60607
24683,2014-09-15 15:45:00,42.68356897203315,45.19147,46.55142,45.09025,47.30445,46.00119
24684,2014-09-15 16:00:00,42.512293465801754,49.79894,45.19147,46.55142,45.09025,47.30445
24685,2014-09-15 16:15:00,43.0693094015913,45.41104,49.79894,45.19147,46.55142,45.09025
24686,2014-09-15 16:30:00,43.095895118577616,48.71176,45.41104,49.79894,45.19147,46.55142
24687,2014-09-15 16:45:00,43.52234383402151,43.31219,48.71176,45.41104,49.79894,45.19147
24688,2014-09-15 17:00:00,43.07026804889493,43.67789,43.31219,48.71176,45.41104,49.79894
24689,2014-09-15 17:15:00,41.88991233748391,43.74345,43.67789,43.31219,48.71176,45.41104
24690,2014-09-15 17:30:00,41.549994601452106,45.0234,43.74345,43.67789,43.31219,48.71176
24691,2014-09-15 17:45:00,40.92207025686295,43.28284,45.0234,43.74345,43.67789,43.31219
24692,2014-09-15 18:00:00,40.89819719539058,39.95029,43.28284,45.0234,43.74345,43.67789
24693,2014-09-15 18:15:00,40.111354831179284,36.87854,39.95029,43.28284,45.0234,43.74345
24694,2014-09-15 18:30:00,38.70424493230344,38.50205,36.87854,39.95029,43.28284,45.0234
24695,2014-09-15 18:45:00,37.4747321879818,36.48582,38.50205,36.87854,39.95029,43.28284
24696,2014-09-15 19:00:00,36.200090488720505,36.75552,36.48582,38.50205,36.87854,39.95029
24697,2014-09-15 19:15:00,35.6020766403734,31.93273,36.75552,36.48582,38.50205,36.87854
24698,2014-09-15 19:30:00,34.568616640483164,35.96116,31.93273,36.75552,36.48582,38.50205
24699,2014-09-15 19:45:00,34.11717087977833,35.94659,35.96116,31.93273,36.75552,36.48582
24700,2014-09-15 20:00:00,34.061087187813754,34.89558,35.94659,35.96116,31.93273,36.75552
24701,2014-09-15 20:15:00,33.73276047018656,33.61916,34.89558,35.94659,35.96116,31.93273
24702,2014-09-15 20:30:00,33.98148917939021,35.14852,33.61916,34.89558,35.94659,35.96116
24703,2014-09-15 20:45:00,33.83895190411724,34.75376,35.14852,33.61916,34.89558,35.94659
24704,2014-09-15 21:00:00,33.633763610357704,31.85216,34.75376,35.14852,33.61916,34.89558
24705,2014-09-15 21:15:00,33.01243186738232,31.29101,31.85216,34.75376,35.14852,33.61916
24706,2014-09-15 21:30:00,32.51246516481292,30.80917,31.29101,31.85216,34.75376,35.14852
24707,2014-09-15 21:45:00,31.678082035912787,31.63329,30.80917,31.29101,31.85216,34.75376
24708,2014-09-15 22:00:00,31.120960414789348,27.59111,31.63329,30.80917,31.29101,31.85216
24709,2014-09-15 22:15:00,30.257170558435487,30.61329,27.59111,31.63329,30.80917,31.29101
24710,2014-09-15 22:30:00,30.137076094620397,27.12483,30.61329,27.59111,31.63329,30.80917
24711,2014-09-15 22:45:00,29.406640598375922,30.95399,27.12483,30.61329,27.59111,31.63329
24712,2014-09-15 23:00:00,29.338795006117852,28.00484,30.95399,27.12483,30.61329,27.59111
24713,2014-09-15 23:15:00,29.384946377552517,28.34971,28.00484,30.95399,27.12483,30.61329
24714,2014-09-15 23:30:00,28.957190375465643,27.17538,28.34971,28.00484,30.95399,27.12483
24715,2014-09-15 23:45:00,28.916268567545103,28.40253,27.17538,28.34971,28.00484,30.95399
24716,2014-09-16 00:00:00,28.46612876465519,25.262,28.40253,27.17538,28.34971,28.00484
24717,2014-09-16 00:15:00,27.90280819621486,27.84346,25.262,28.40253,27.17538,28.34971
24718,2014-09-16 00:30:00,27.82456453459495,28.73683,27.84346,25.262,28.40253,27.17538
24719,2014-09-16 00:45:00,28.1566163946015,29.43462,28.73683,27.84346,25.262,28.40253
24720,2014-09-16 01:00:00,28.403287048100072,27.81576,29.43462,28.73683,27.84346,25.262
24721,2014-09-16 01:15:00,28.84448403888917,24.76582,27.81576,29.43462,28.73683,27.84346
24722,2014-09-16 01:30:00,28.179930578451586,27.46673,24.76582,27.81576,29.43462,28.73683
24723,2014-09-16 01:45:00,27.943419349960887,27.39255,27.46673,24.76582,27.81576,29.43462
24724,2014-09-16 02:00:00,27.602106496848148,28.47142,27.39255,27.46673,24.76582,27.81576
24725,2014-09-16 02:15:00,27.771579895505027,28.23909,28.47142,27.39255,27.46673,24.76582
24726,2014-09-16 02:30:00,28.414991545737212,26.96301,28.23909,28.47142,27.39255,27.46673
24727,2014-09-16 02:45:00,28.294939120875423,27.23089,26.96301,28.23909,28.47142,27.39255
24728,2014-09-16 03:00:00,28.24394071867242,26.79903,27.23089,26.96301,28.23909,28.47142
24729,2014-09-16 03:15:00,27.92462453812022,27.39985,26.79903,27.23089,26.96301,28.23909
24730,2014-09-16 03:30:00,27.782194248924622,26.92478,27.39985,26.79903,27.23089,26.96301
24731,2014-09-16 03:45:00,27.77150043041898,27.58936,26.92478,27.39985,26.79903,27.23089
24732,2014-09-16 04:00:00,27.84921344446382,26.90985,27.58936,26.92478,27.39985,26.79903
24733,2014-09-16 04:15:00,27.860997025560522,27.17844,26.90985,27.58936,26.92478,27.39985
24734,2014-09-16 04:30:00,27.819733972178902,26.83371,27.17844,26.90985,27.58936,26.92478
24735,2014-09-16 04:45:00,27.793758041175384,29.09118,26.83371,27.17844,26.90985,27.58936
24736,2014-09-16 05:00:00,28.119972106795913,28.03813,29.09118,26.83371,27.17844,26.90985
24737,2014-09-16 05:15:00,28.340333792089943,28.43548,28.03813,29.09118,26.83371,27.17844
24738,2014-09-16 05:30:00,28.57592626087009,27.83238,28.43548,28.03813,29.09118,26.83371
24739,2014-09-16 05:45:00,28.739392238431854,29.60622,27.83238,28.43548,28.03813,29.09118
24740,2014-09-16 06:00:00,28.87023826187467,28.95867,29.60622,27.83238,28.43548,28.03813
24741,2014-09-16 06:15:00,29.051333253948638,28.67809,28.95867,29.60622,27.83238,28.43548
24742,2014-09-16 06:30:00,29.089921421269672,28.74918,28.67809,28.95867,29.60622,27.83238
24743,2014-09-16 06:45:00,29.24579441842447,30.64872,28.74918,28.67809,28.95867,29.60622
24744,2014-09-16 07:00:00,29.48340049928672,29.99395,30.64872,28.74918,28.67809,28.95867
24745,2014-09-16 07:15:00,29.693674153297554,31.29199,29.99395,30.64872,28.74918,28.67809
24746,2014-09-16 07:30:00,30.203434185594354,31.59869,31.29199,29.99395,30.64872,28.74918
24747,2014-09-16 07:45:00,30.747843522079556,31.32096,31.59869,31.29199,29.99395,30.64872
24748,2014-09-16 08:00:00,30.879947909774785,31.3944,31.32096,31.59869,31.29199,29.99395
24749,2014-09-16 08:15:00,31.131817945934664,31.59693,31.3944,31.32096,31.59869,31.29199
24750,2014-09-16 08:30:00,31.191344440398545,32.57472,31.59693,31.3944,31.32096,31.59869
24751,2014-09-16 08:45:00,31.398468018159416,31.20962,32.57472,31.59693,31.3944,31.32096
24752,2014-09-16 09:00:00,31.364583582878105,34.2843,31.20962,32.57472,31.59693,31.3944
24753,2014-09-16 09:15:00,31.948086434998416,34.04696,34.2843,31.20962,32.57472,31.59693
24754,2014-09-16 09:30:00,32.43693225040005,34.7186,34.04696,34.2843,31.20962,32.57472
24755,2014-09-16 09:45:00,32.86442227700257,37.04379,34.7186,34.04696,34.2843,31.20962
24756,2014-09-16 10:00:00,33.99205029252384,41.85649,37.04379,34.7186,34.04696,34.2843
24757,2014-09-16 10:15:00,35.542333168342694,42.31821,41.85649,37.04379,34.7186,34.04696
24758,2014-09-16 10:30:00,37.170794076339945,42.94528,42.31821,41.85649,37.04379,34.7186
24759,2014-09-16 10:45:00,38.72629515640519,44.4258,42.94528,42.31821,41.85649,37.04379
24760,2014-09-16 11:00:00,40.116525393171855,44.02305,44.4258,42.94528,42.31821,41.85649
24761,2014-09-16 11:15:00,40.534008640969034,45.21799,44.02305,44.4258,42.94528,42.31821
24762,2014-09-16 11:30:00,41.09426131631285,41.53078,45.21799,44.02305,44.4258,42.94528
24763,2014-09-16 11:45:00,40.762671306658746,45.95421,41.53078,45.21799,44.02305,44.4258
24764,2014-09-16 12:00:00,41.08900533121883,46.48289,45.95421,41.53078,45.21799,44.02305
24765,2014-09-16 12:15:00,41.607565986467236,46.06326,46.48289,45.95421,41.53078,45.21799
24766,2014-09-16 12:30:00,41.799646659323415,46.40066,46.06326,46.48289,45.95421,41.53078
24767,2014-09-16 12:45:00,42.68435057108871,48.2993,46.40066,46.06326,46.48289,45.95421
24768,2014-09-16 13:00:00,43.161643131543684,45.45483,48.2993,46.40066,46.06326,46.48289
24769,2014-09-16 13:15:00,42.943536967449404,50.82008,45.45483,48.2993,46.40066,46.06326
24770,2014-09-16 13:30:00,43.902060692843165,47.69165,50.82008,45.45483,48.2993,46.40066
24771,2014-09-16 13:45:00,44.13997373028327,50.93489,47.69165,50.82008,45.45483,48.2993
24772,2014-09-16 14:00:00,44.6839716092956,50.15026,50.93489,47.69165,50.82008,45.45483
24773,2014-09-16 14:15:00,45.55189405792352,50.2355,50.15026,50.93489,47.69165,50.82008
24774,2014-09-16 14:30:00,45.460894281473955,53.44,50.2355,50.15026,50.93489,47.69165
24775,2014-09-16 14:45:00,46.57908873340186,50.88876,53.44,50.2355,50.15026,50.93489
24776,2014-09-16 15:00:00,46.571346540374336,48.32172,50.88876,53.44,50.2355,50.15026
24777,2014-09-16 15:15:00,46.14796642343529,49.92936,48.32172,50.88876,53.44,50.2355
24778,2014-09-16 15:30:00,46.05855387450383,50.31775,49.92936,48.32172,50.88876,53.44
24779,2014-09-16 15:45:00,45.51563767364708,54.3326,50.31775,49.92936,48.32172,50.88876
24780,2014-09-16 16:00:00,46.266539501125024,49.48047,54.3326,50.31775,49.92936,48.32172
24781,2014-09-16 16:15:00,46.43535041120137,46.9205,49.48047,54.3326,50.31775,49.92936
24782,2014-09-16 16:30:00,45.75776616656458,49.70717,46.9205,49.48047,54.3326,50.31775
24783,2014-09-16 16:45:00,45.624216613180565,50.71488,49.70717,46.9205,49.48047,54.3326
24784,2014-09-16 17:00:00,45.032995023836094,48.49133,50.71488,49.70717,46.9205,49.48047
24785,2014-09-16 17:15:00,44.841417450892536,48.49657,48.49133,50.71488,49.70717,46.9205
24786,2014-09-16 17:30:00,45.088570849662354,46.45302,48.49657,48.49133,50.71488,49.70717
24787,2014-09-16 17:45:00,44.42688059168283,47.77993,46.45302,48.49657,48.49133,50.71488
24788,2014-09-16 18:00:00,43.88880791036617,45.45378,47.77993,46.45302,48.49657,48.49133
24789,2014-09-16 18:15:00,43.28814551128969,40.48696,45.45378,47.77993,46.45302,48.49657
24790,2014-09-16 18:30:00,41.672511297914994,37.70367,40.48696,45.45378,47.77993,46.45302
24791,2014-09-16 18:45:00,39.893007186295094,38.55122,37.70367,40.48696,45.45378,47.77993
24792,2014-09-16 19:00:00,38.14532285888431,37.52104,38.55122,37.70367,40.48696,45.45378
24793,2014-09-16 19:15:00,36.67782730932309,36.98113,37.52104,38.55122,37.70367,40.48696
24794,2014-09-16 19:30:00,36.01600710255494,34.59564,36.98113,37.52104,38.55122,37.70367
24795,2014-09-16 19:45:00,35.37083547231957,38.90183,34.59564,36.98113,37.52104,38.55122
24796,2014-09-16 20:00:00,35.493177521744116,34.85491,38.90183,34.59564,36.98113,37.52104
24797,2014-09-16 20:15:00,34.973652952928354,37.18539,34.85491,38.90183,34.59564,36.98113
24798,2014-09-16 20:30:00,35.02549382824708,34.16938,37.18539,34.85491,38.90183,34.59564
24799,2014-09-16 20:45:00,34.88165305843515,34.4533,34.16938,37.18539,34.85491,38.90183
24800,2014-09-16 21:00:00,34.042770426082825,30.2032,34.4533,34.16938,37.18539,34.85491
24801,2014-09-16 21:15:00,33.06900287049221,31.12832,30.2032,34.4533,34.16938,37.18539
24802,2014-09-16 21:30:00,31.912317564621816,29.49778,31.12832,30.2032,34.4533,34.16938
24803,2014-09-16 21:45:00,31.006745200092094,31.83096,29.49778,31.12832,30.2032,34.4533
24804,2014-09-16 22:00:00,30.5686344298386,29.60757,31.83096,29.49778,31.12832,30.2032
24805,2014-09-16 22:15:00,30.436712094378414,29.66179,29.60757,31.83096,29.49778,31.12832
24806,2014-09-16 22:30:00,30.147217963237885,31.96501,29.66179,29.60757,31.83096,29.49778
24807,2014-09-16 22:45:00,30.6352858456033,30.45157,31.96501,29.66179,29.60757,31.83096
24808,2014-09-16 23:00:00,30.39489225059718,31.07455,30.45157,31.96501,29.66179,29.60757
24809,2014-09-16 23:15:00,30.665120085544068,28.66851,31.07455,30.45157,31.96501,29.66179
24810,2014-09-16 23:30:00,30.421630620757387,26.43998,28.66851,31.07455,30.45157,31.96501
24811,2014-09-16 23:45:00,29.3194077218522,28.97499,26.43998,28.66851,31.07455,30.45157
24812,2014-09-17 00:00:00,29.051455286632592,28.25318,28.97499,26.43998,28.66851,31.07455
24813,2014-09-17 00:15:00,28.556028065640362,26.51893,28.25318,28.97499,26.43998,28.66851
24814,2014-09-17 00:30:00,28.129151249737532,25.82791,26.51893,28.25318,28.97499,26.43998
24815,2014-09-17 00:45:00,27.957426342410784,27.046,25.82791,26.51893,28.25318,28.97499
24816,2014-09-17 01:00:00,27.61117304324123,28.60421,27.046,25.82791,26.51893,28.25318
24817,2014-09-17 01:15:00,27.735260833823776,26.23981,28.60421,27.046,25.82791,26.51893
24818,2014-09-17 01:30:00,27.66585536433321,28.72203,26.23981,28.60421,27.046,25.82791
24819,2014-09-17 01:45:00,28.21861717730799,25.81223,28.72203,26.23981,28.60421,27.046
24820,2014-09-17 02:00:00,27.949840403382048,27.61954,25.81223,28.72203,26.23981,28.60421
24821,2014-09-17 02:15:00,27.78068919897042,26.71584,27.61954,25.81223,28.72203,26.23981
24822,2014-09-17 02:30:00,27.854876807722544,26.41233,26.71584,27.61954,25.81223,28.72203
24823,2014-09-17 02:45:00,27.426622532171734,27.94845,26.41233,26.71584,27.61954,25.81223
24824,2014-09-17 03:00:00,27.838815349850872,27.3441,27.94845,26.41233,26.71584,27.61954
24825,2014-09-17 03:15:00,27.802633974634336,25.88258,27.3441,27.94845,26.41233,26.71584
24826,2014-09-17 03:30:00,27.61438654218449,27.23141,25.88258,27.3441,27.94845,26.41233
24827,2014-09-17 03:45:00,27.761978001387362,26.09565,27.23141,25.88258,27.3441,27.94845
24828,2014-09-17 04:00:00,27.41250473233558,27.7736,26.09565,27.23141,25.88258,27.3441
24829,2014-09-17 04:15:00,27.522632410479527,27.60729,27.7736,26.09565,27.23141,25.88258
24830,2014-09-17 04:30:00,27.85500246263597,29.07274,27.60729,27.7736,26.09565,27.23141
24831,2014-09-17 04:45:00,28.237893682869878,29.53599,29.07274,27.60729,27.7736,26.09565
24832,2014-09-17 05:00:00,28.901058087595842,29.38291,29.53599,29.07274,27.60729,27.7736
24833,2014-09-17 05:15:00,29.210548223977298,29.09348,29.38291,29.53599,29.07274,27.60729
24834,2014-09-17 05:30:00,29.472322066506894,28.05451,29.09348,29.38291,29.53599,29.07274
24835,2014-09-17 05:45:00,29.25342120201342,28.28211,28.05451,29.09348,29.38291,29.53599
24836,2014-09-17 06:00:00,29.008488095858986,28.15738,28.28211,28.05451,29.09348,29.38291
24837,2014-09-17 06:15:00,28.779298438650578,29.33177,28.15738,28.28211,28.05451,29.09348
24838,2014-09-17 06:30:00,28.852823664871856,28.22756,29.33177,28.15738,28.28211,28.05451
24839,2014-09-17 06:45:00,28.878443418578662,28.60604,28.22756,29.33177,28.15738,28.28211
24840,2014-09-17 07:00:00,28.93423225525965,30.91401,28.60604,28.22756,29.33177,28.15738
24841,2014-09-17 07:15:00,29.491483229789125,31.14206,30.91401,28.60604,28.22756,29.33177
24842,2014-09-17 07:30:00,29.876454786792838,30.7476,31.14206,30.91401,28.60604,28.22756
24843,2014-09-17 07:45:00,30.346664273325757,30.86743,30.7476,31.14206,30.91401,28.60604
24844,2014-09-17 08:00:00,30.752164340289262,31.29694,30.86743,30.7476,31.14206,30.91401
24845,2014-09-17 08:15:00,30.83172267529168,29.8867,31.29694,30.86743,30.7476,31.14206
24846,2014-09-17 08:30:00,30.577687732900362,33.09927,29.8867,31.29694,30.86743,30.7476
24847,2014-09-17 08:45:00,31.06176486527082,32.77013,33.09927,29.8867,31.29694,30.86743
24848,2014-09-17 09:00:00,31.451785870792413,34.36641,32.77013,33.09927,29.8867,31.29694
24849,2014-09-17 09:15:00,32.07026972413712,32.18166,34.36641,32.77013,33.09927,29.8867
24850,2014-09-17 09:30:00,32.45773790239032,36.1853,32.18166,34.36641,32.77013,33.09927
24851,2014-09-17 09:45:00,33.08953379480379,38.29713,36.1853,32.18166,34.36641,32.77013
24852,2014-09-17 10:00:00,34.20869606703674,35.87361,38.29713,36.1853,32.18166,34.36641
24853,2014-09-17 10:15:00,34.49689065651274,39.24509,35.87361,38.29713,36.1853,32.18166
24854,2014-09-17 10:30:00,35.83017159229192,39.06473,39.24509,35.87361,38.29713,36.1853
24855,2014-09-17 10:45:00,36.39492866277021,41.05017,39.06473,39.24509,35.87361,38.29713
24856,2014-09-17 11:00:00,36.97107384134038,37.25588,41.05017,39.06473,39.24509,35.87361
24857,2014-09-17 11:15:00,37.16055845332311,40.17249,37.25588,41.05017,39.06473,39.24509
24858,2014-09-17 11:30:00,37.34322385122732,42.31503,40.17249,37.25588,41.05017,39.06473
24859,2014-09-17 11:45:00,38.01468783359868,46.5269,42.31503,40.17249,37.25588,41.05017
24860,2014-09-17 12:00:00,39.186602195911874,44.20385,46.5269,42.31503,40.17249,37.25588
24861,2014-09-17 12:15:00,40.48805804740098,42.77768,44.20385,46.5269,42.31503,40.17249
24862,2014-09-17 12:30:00,40.9097011268551,46.51539,42.77768,44.20385,46.5269,42.31503
24863,2014-09-17 12:45:00,41.71687056556532,44.89541,46.51539,42.77768,44.20385,46.5269
24864,2014-09-17 13:00:00,41.445076839020146,47.41594,44.89541,46.51539,42.77768,44.20385
24865,2014-09-17 13:15:00,42.091331262712885,47.71818,47.41594,44.89541,46.51539,42.77768
24866,2014-09-17 13:30:00,43.030520166604006,46.33625,47.71818,47.41594,44.89541,46.51539
24867,2014-09-17 13:45:00,42.99036858944398,47.84108,46.33625,47.71818,47.41594,44.89541
24868,2014-09-17 14:00:00,43.536056812627585,48.27184,47.84108,46.33625,47.71818,47.41594
24869,2014-09-17 14:15:00,43.721417562000454,49.64288,48.27184,47.84108,46.33625,47.71818
24870,2014-09-17 14:30:00,44.127878409729185,51.46097,49.64288,48.27184,47.84108,46.33625
24871,2014-09-17 14:45:00,45.13454533156728,49.15149,51.46097,49.64288,48.27184,47.84108
24872,2014-09-17 15:00:00,45.36060991143397,44.89166,49.15149,51.46097,49.64288,48.27184
24873,2014-09-17 15:15:00,44.60484458555648,49.63339,44.89166,49.15149,51.46097,49.64288
24874,2014-09-17 15:30:00,44.618525146765585,47.28137,49.63339,44.89166,49.15149,51.46097
24875,2014-09-17 15:45:00,43.86285849339157,49.23199,47.28137,49.63339,44.89166,49.15149
24876,2014-09-17 16:00:00,43.92177248102871,48.16357,49.23199,47.28137,49.63339,44.89166
24877,2014-09-17 16:15:00,44.50473592652893,49.10706,48.16357,49.23199,47.28137,49.63339
24878,2014-09-17 16:30:00,44.42950320076142,48.3874,49.10706,48.16357,49.23199,47.28137
24879,2014-09-17 16:45:00,44.620620731365186,50.07099,48.3874,49.10706,48.16357,49.23199
24880,2014-09-17 17:00:00,44.81002215305114,47.50907,50.07099,48.3874,49.10706,48.16357
24881,2014-09-17 17:15:00,44.65296379581666,46.74147,47.50907,50.07099,48.3874,49.10706
24882,2014-09-17 17:30:00,44.166396362058435,49.20077,46.74147,47.50907,50.07099,48.3874
24883,2014-09-17 17:45:00,44.33949599320927,44.10598,49.20077,46.74147,47.50907,50.07099
24884,2014-09-17 18:00:00,43.17180036701337,44.7037,44.10598,49.20077,46.74147,47.50907
24885,2014-09-17 18:15:00,42.59557835327854,38.48846,44.7037,44.10598,49.20077,46.74147
24886,2014-09-17 18:30:00,40.907241991155885,37.92209,38.48846,44.7037,44.10598,49.20077
24887,2014-09-17 18:45:00,38.729165463557536,37.74005,37.92209,38.48846,44.7037,44.10598
24888,2014-09-17 19:00:00,37.50696231045682,36.66486,37.74005,37.92209,38.48846,44.7037
24889,2014-09-17 19:15:00,36.017196873718,37.43758,36.66486,37.74005,37.92209,38.48846
24890,2014-09-17 19:30:00,35.82355655699402,36.70103,37.43758,36.66486,37.74005,37.92209
24891,2014-09-17 19:45:00,35.59012001800468,35.57432,36.70103,37.43758,36.66486,37.74005
24892,2014-09-17 20:00:00,35.1604098061829,35.56699,35.57432,36.70103,37.43758,36.66486
24893,2014-09-17 20:15:00,34.93162903902132,35.9196,35.56699,35.57432,36.70103,37.43758
24894,2014-09-17 20:30:00,34.656510531322446,34.75769,35.9196,35.56699,35.57432,36.70103
24895,2014-09-17 20:45:00,34.28199352976469,34.04533,34.75769,35.9196,35.56699,35.57432
24896,2014-09-17 21:00:00,33.96561700666708,38.85554,34.04533,34.75769,35.9196,35.56699
24897,2014-09-17 21:15:00,34.6617375324041,33.71863,38.85554,34.04533,34.75769,35.9196
24898,2014-09-17 21:30:00,34.22289728777331,34.52258,33.71863,38.85554,34.04533,34.75769
24899,2014-09-17 21:45:00,34.1365548286199,37.47523,34.52258,33.71863,38.85554,34.04533
24900,2014-09-17 22:00:00,34.8055704104963,36.85197,37.47523,34.52258,33.71863,38.85554
24901,2014-09-17 22:15:00,34.49626154382062,35.30338,36.85197,37.47523,34.52258,33.71863
24902,2014-09-17 22:30:00,34.75480171149255,34.21925,35.30338,36.85197,37.47523,34.52258
24903,2014-09-17 22:45:00,34.63323816125556,35.04141,34.21925,35.30338,36.85197,37.47523
24904,2014-09-17 23:00:00,34.1786910870018,35.93342,35.04141,34.21925,35.30338,36.85197
24905,2014-09-17 23:15:00,34.0439523089163,31.63906,35.93342,35.04141,34.21925,35.30338
24906,2014-09-17 23:30:00,33.294335414710716,32.20615,31.63906,35.93342,35.04141,34.21925
24907,2014-09-17 23:45:00,32.86332441390958,36.3282,32.20615,31.63906,35.93342,35.04141
24908,2014-09-18 00:00:00,33.17857596319929,34.56007,36.3282,32.20615,31.63906,35.93342
24909,2014-09-18 00:15:00,32.9753105313178,33.16409,34.56007,36.3282,32.20615,31.63906
24910,2014-09-18 00:30:00,33.21344788128141,31.22941,33.16409,34.56007,36.3282,32.20615
24911,2014-09-18 00:45:00,32.940733906250784,34.49682,31.22941,33.16409,34.56007,36.3282
24912,2014-09-18 01:00:00,32.64320953995953,33.1303,34.49682,31.22941,33.16409,34.56007
24913,2014-09-18 01:15:00,32.400163314211184,34.10153,33.1303,34.49682,31.22941,33.16409
24914,2014-09-18 01:30:00,32.595590143403626,31.04795,34.10153,33.1303,34.49682,31.22941
24915,2014-09-18 01:45:00,32.49027428926139,35.12234,31.04795,34.10153,33.1303,34.49682
24916,2014-09-18 02:00:00,32.655562385634084,31.90848,35.12234,31.04795,34.10153,33.1303
24917,2014-09-18 02:15:00,32.40822030312872,32.56699,31.90848,35.12234,31.04795,34.10153
24918,2014-09-18 02:30:00,32.11710458951852,33.12696,32.56699,31.90848,35.12234,31.04795
24919,2014-09-18 02:45:00,32.49279816639798,33.59476,33.12696,32.56699,31.90848,35.12234
24920,2014-09-18 03:00:00,32.246791948050344,31.57861,33.59476,33.12696,32.56699,31.90848
24921,2014-09-18 03:15:00,32.14866632444566,32.16358,31.57861,33.59476,33.12696,32.56699
24922,2014-09-18 03:30:00,32.05305676886247,30.24158,32.16358,31.57861,33.59476,33.12696
24923,2014-09-18 03:45:00,31.475235975352444,33.00742,30.24158,32.16358,31.57861,33.59476
24924,2014-09-18 04:00:00,31.407105730019133,32.61573,33.00742,30.24158,32.16358,31.57861
24925,2014-09-18 04:15:00,31.625140864303674,33.55914,32.61573,33.00742,30.24158,32.16358
24926,2014-09-18 04:30:00,31.918623285527026,35.5013,33.55914,32.61573,33.00742,30.24158
24927,2014-09-18 04:45:00,32.93666356567076,36.58076,35.5013,33.55914,32.61573,33.00742
24928,2014-09-18 05:00:00,33.66004654676398,33.26935,36.58076,35.5013,33.55914,32.61573
24929,2014-09-18 05:15:00,33.73050039443574,36.50341,33.26935,36.58076,35.5013,33.55914
24930,2014-09-18 05:30:00,34.28805739727748,31.68637,36.50341,33.26935,36.58076,35.5013
24931,2014-09-18 05:45:00,33.50983364195024,35.4973,31.68637,36.50341,33.26935,36.58076
24932,2014-09-18 06:00:00,33.3424547808625,34.9951,35.4973,31.68637,36.50341,33.26935
24933,2014-09-18 06:15:00,33.67819057716626,33.65751,34.9951,35.4973,31.68637,36.50341
24934,2014-09-18 06:30:00,33.151959785819756,35.84526,33.65751,34.9951,35.4973,31.68637
24935,2014-09-18 06:45:00,33.9286938274156,35.9335,35.84526,33.65751,34.9951,35.4973
24936,2014-09-18 07:00:00,34.0439041380787,35.01424,35.9335,35.84526,33.65751,34.9951
24937,2014-09-18 07:15:00,34.04436073920909,37.35409,35.01424,35.9335,35.84526,33.65751
24938,2014-09-18 07:30:00,34.75562926128446,33.47962,37.35409,35.01424,35.9335,35.84526
24939,2014-09-18 07:45:00,34.26669188352736,39.27476,33.47962,37.35409,35.01424,35.9335
24940,2014-09-18 08:00:00,34.96310956864227,36.64679,39.27476,33.47962,37.35409,35.01424
24941,2014-09-18 08:15:00,35.27584338380484,38.27343,36.64679,39.27476,33.47962,37.35409
24942,2014-09-18 08:30:00,35.481322511928326,35.52363,38.27343,36.64679,39.27476,33.47962
24943,2014-09-18 08:45:00,35.78868899444097,36.46434,35.52363,38.27343,36.64679,39.27476
24944,2014-09-18 09:00:00,35.262486409615946,38.08937,36.46434,35.52363,38.27343,36.64679
24945,2014-09-18 09:15:00,35.56142111252057,36.5058,38.08937,36.46434,35.52363,38.27343
24946,2014-09-18 09:30:00,35.24266309466756,37.60272,36.5058,38.08937,36.46434,35.52363
24947,2014-09-18 09:45:00,35.628517983080556,42.24654,37.60272,36.5058,38.08937,36.46434
24948,2014-09-18 10:00:00,36.80505047615793,40.79586,42.24654,37.60272,36.5058,38.08937
24949,2014-09-18 10:15:00,37.36300464798447,42.0447,40.79586,42.24654,37.60272,36.5058
24950,2014-09-18 10:30:00,38.407644790569144,43.11283,42.0447,40.79586,42.24654,37.60272
24951,2014-09-18 10:45:00,39.44480056868167,42.81651,43.11283,42.0447,40.79586,42.24654
24952,2014-09-18 11:00:00,39.57349421811017,43.77789,42.81651,43.11283,42.0447,40.79586
24953,2014-09-18 11:15:00,40.14099676937656,46.41362,43.77789,42.81651,43.11283,42.0447
24954,2014-09-18 11:30:00,41.01766027924796,41.85875,46.41362,43.77789,42.81651,43.11283
24955,2014-09-18 11:45:00,40.7345072245321,44.87385,41.85875,46.41362,43.77789,42.81651
24956,2014-09-18 12:00:00,41.11374185047649,41.13764,44.87385,41.85875,46.41362,43.77789
24957,2014-09-18 12:15:00,40.56068940647593,42.48583,41.13764,44.87385,41.85875,46.41362
24958,2014-09-18 12:30:00,39.83500749864038,46.29822,42.48583,41.13764,44.87385,41.85875
24959,2014-09-18 12:45:00,40.73307008296674,45.05978,46.29822,42.48583,41.13764,44.87385
24960,2014-09-18 13:00:00,40.82599094452041,42.9053,45.05978,46.29822,42.48583,41.13764
24961,2014-09-18 13:15:00,41.0962753655977,43.79107,42.9053,45.05978,46.29822,42.48583
24962,2014-09-18 13:30:00,41.29925759784486,46.39504,43.79107,42.9053,45.05978,46.29822
24963,2014-09-18 13:45:00,41.38507800133557,42.52605,46.39504,43.79107,42.9053,45.05978
24964,2014-09-18 14:00:00,40.88752140316684,45.77589,42.52605,46.39504,43.79107,42.9053
24965,2014-09-18 14:15:00,41.434031089980095,43.45959,45.77589,42.52605,46.39504,43.79107
24966,2014-09-18 14:30:00,41.34672262966619,45.71353,43.45959,45.77589,42.52605,46.39504
24967,2014-09-18 14:45:00,41.263458924267866,48.38333,45.71353,43.45959,45.77589,42.52605
24968,2014-09-18 15:00:00,42.41912679103476,47.29006,48.38333,45.71353,43.45959,45.77589
24969,2014-09-18 15:15:00,42.739927542870205,48.14686,47.29006,48.38333,45.71353,43.45959
24970,2014-09-18 15:30:00,43.61027214223908,50.52729,48.14686,47.29006,48.38333,45.71353
24971,2014-09-18 15:45:00,44.551269163683976,51.8556,50.52729,48.14686,47.29006,48.38333
24972,2014-09-18 16:00:00,45.271410861407155,53.06577,51.8556,50.52729,48.14686,47.29006
24973,2014-09-18 16:15:00,46.39606375032659,53.02254,53.06577,51.8556,50.52729,48.14686
24974,2014-09-18 16:30:00,47.313100588626895,49.60499,53.02254,53.06577,51.8556,50.52729
24975,2014-09-18 16:45:00,47.06591060586552,51.4712,49.60499,53.02254,53.06577,51.8556
24976,2014-09-18 17:00:00,46.97364086007627,50.94348,51.4712,49.60499,53.02254,53.06577
24977,2014-09-18 17:15:00,46.585029682083146,46.15944,50.94348,51.4712,49.60499,53.02254
24978,2014-09-18 17:30:00,45.22396322299726,45.49715,46.15944,50.94348,51.4712,49.60499
24979,2014-09-18 17:45:00,44.35903508379712,46.89059,45.49715,46.15944,50.94348,51.4712
24980,2014-09-18 18:00:00,43.51179766485315,39.28794,46.89059,45.49715,46.15944,50.94348
24981,2014-09-18 18:15:00,41.22813799020093,39.33684,39.28794,46.89059,45.49715,46.15944
24982,2014-09-18 18:30:00,39.849393959638476,39.31625,39.33684,39.28794,46.89059,45.49715
24983,2014-09-18 18:45:00,38.66547686230701,39.24438,39.31625,39.33684,39.28794,46.89059
24984,2014-09-18 19:00:00,37.28205851430967,37.89256,39.24438,39.31625,39.33684,39.28794
24985,2014-09-18 19:15:00,36.99248745929938,36.26236,37.89256,39.24438,39.31625,39.33684
24986,2014-09-18 19:30:00,36.36482533069204,37.55516,36.26236,37.89256,39.24438,39.31625
24987,2014-09-18 19:45:00,36.03455543409799,36.93036,37.55516,36.26236,37.89256,39.24438
24988,2014-09-18 20:00:00,35.612587735853296,36.44557,36.93036,37.55516,36.26236,37.89256
24989,2014-09-18 20:15:00,35.336695042938246,37.06797,36.44557,36.93036,37.55516,36.26236
24990,2014-09-18 20:30:00,35.48297437369925,34.04754,37.06797,36.44557,36.93036,37.55516
24991,2014-09-18 20:45:00,34.77807909885084,34.09251,34.04754,37.06797,36.44557,36.93036
24992,2014-09-18 21:00:00,34.2086057105976,33.7243,34.09251,34.04754,37.06797,36.44557
24993,2014-09-18 21:15:00,33.68126054997296,31.36754,33.7243,34.09251,34.04754,37.06797
24994,2014-09-18 21:30:00,32.58162503126936,30.39282,31.36754,33.7243,34.09251,34.04754
24995,2014-09-18 21:45:00,31.84271564010941,31.08687,30.39282,31.36754,33.7243,34.09251
24996,2014-09-18 22:00:00,31.27657215253457,33.43939,31.08687,30.39282,31.36754,33.7243
24997,2014-09-18 22:15:00,31.293236993515194,30.8262,33.43939,31.08687,30.39282,31.36754
24998,2014-09-18 22:30:00,31.181898009783218,31.15895,30.8262,33.43939,31.08687,30.39282
24999,2014-09-18 22:45:00,31.29515238724609,29.74787,31.15895,30.8262,33.43939,31.08687
